# Blender 4.4.3
# www.blender.org
o Doll.Head
v 0.024860 1.208646 0.060989
v 0.040767 1.218554 0.043032
v 0.046356 1.228407 0.042712
v 0.064454 1.318166 0.036715
v 0.053338 1.253896 0.043503
v 0.051095 1.355998 0.030961
v 0.056567 1.346229 0.032995
v 0.061277 1.290763 0.038963
v 0.024900 1.280927 0.066638
v 0.017953 1.264455 0.068001
v 0.007796 1.254930 0.077666
v 0.023193 1.290285 0.076914
v 0.048002 1.265665 0.051789
v 0.045301 1.280490 0.054432
v 0.023897 1.202367 0.048504
v 0.045788 1.221135 0.014838
v 0.054361 1.235559 0.005425
v 0.071461 1.322670 -0.004857
v 0.063103 1.259423 -0.001252
v 0.049648 1.363272 -0.001366
v 0.059405 1.350872 -0.003202
v 0.072080 1.296583 -0.004712
v 0.015495 1.212241 0.069677
v 0.018407 1.218448 0.069524
v 0.008728 1.276044 0.077336
v 0.050318 1.269801 0.049493
v 0.016886 1.273302 0.069962
v 0.058123 1.268859 0.035042
v 0.066459 1.271954 -0.003033
v 0.032209 1.361581 0.046023
v 0.037519 1.314898 0.070036
v 0.037866 1.294295 0.069220
v 0.033122 1.283095 0.062800
v 0.035031 1.346271 0.059260
v 0.028471 1.376924 0.001161
v 0.029989 1.231362 0.068405
v 0.028867 1.217696 0.062158
v 0.030390 1.252846 0.070233
v 0.032687 1.262681 0.061435
v 0.021734 1.212985 0.018595
v 0.024798 1.235358 -0.046841
v 0.036893 1.229830 -0.018993
v 0.028436 1.242988 -0.053653
v 0.045273 1.240751 -0.026421
v 0.034476 1.263309 -0.064478
v 0.054991 1.261730 -0.036385
v 0.058579 1.274324 -0.039964
v 0.037189 1.276790 -0.067951
v 0.062430 1.299092 -0.042411
v 0.040650 1.302517 -0.069348
v 0.062038 1.325898 -0.039426
v 0.040557 1.328955 -0.064392
v 0.051760 1.352823 -0.030301
v 0.033801 1.356434 -0.049614
v 0.022385 1.224445 0.006055
v 0.022385 1.235559 -0.036794
v 0.031503 1.229972 -0.015252
v 0.046095 1.361627 -0.025510
v 0.029803 1.368264 -0.035712
v 0.023529 1.242065 0.074796
v 0.016628 1.363668 0.052041
v 0.004531 1.211940 0.079673
v 0.052633 1.283825 0.048549
v 0.002417 1.256094 0.085325
v 0.016256 1.309491 0.082043
v 0.017612 1.346330 0.067701
v 0.014264 1.381367 0.001837
v 0.008318 1.207240 0.073074
v 0.003533 1.277449 0.082074
v 0.012274 1.201523 0.069278
v 0.015624 1.243315 -0.062356
v 0.013222 1.235855 -0.054290
v 0.010737 1.208120 0.029695
v 0.019295 1.263788 -0.073897
v 0.020947 1.277687 -0.077472
v 0.022999 1.303795 -0.078537
v 0.022765 1.330280 -0.072747
v 0.018617 1.358115 -0.056137
v 0.012150 1.197020 0.060570
v 0.012181 1.237285 -0.043449
v 0.012181 1.222718 0.012716
v 0.016137 1.370861 -0.040148
v -0.000000 1.346501 0.070818
v -0.000000 1.364402 0.054391
v -0.000000 1.277734 0.082992
v -0.000000 1.309537 0.085646
v 0.000000 1.205457 0.075170
v -0.000000 1.199143 0.073492
v 0.000000 1.194745 0.064850
v 0.000000 1.382840 0.002105
v 0.023901 1.286019 0.071538
v 0.000000 1.224728 0.086788
v 0.000000 1.211033 0.081263
v -0.000000 1.230421 0.088109
v -0.000000 1.256258 0.086419
v -0.000000 1.240343 0.096764
v 0.000000 1.236020 -0.056928
v -0.000000 1.243394 -0.065754
v 0.000000 1.206535 0.033397
v 0.000000 1.278077 -0.081502
v -0.000000 1.304331 -0.082536
v -0.000000 1.263967 -0.077883
v 0.000000 1.330950 -0.076290
v -0.000000 1.358866 -0.058391
v 0.000000 1.222105 0.015079
v 0.000000 1.371879 -0.041642
v 0.013279 1.260646 0.073033
v 0.008143 1.232440 0.081093
v 0.009117 1.239006 0.081585
v 0.001066 1.230542 0.087726
v 0.003142 1.239994 0.094975
v 0.026064 1.204112 0.055370
v 0.069760 1.294473 0.017421
v 0.070090 1.320413 0.015995
v 0.059486 1.348596 0.015491
v 0.050856 1.360424 0.017650
v 0.060752 1.257347 0.019638
v 0.044046 1.219715 0.029205
v 0.051937 1.232661 0.024080
v 0.063951 1.270484 0.017786
v 0.029450 1.372917 0.024567
v 0.013018 1.198284 0.066972
v 0.014902 1.376865 0.027980
v 0.000000 1.195804 0.071463
v 0.000000 1.378210 0.029269
v 0.006812 1.265919 0.076707
v 0.015915 1.267910 0.069656
v 0.002619 1.266361 0.081829
v 0.000000 1.266519 0.082701
v 0.050372 1.261243 0.048953
v 0.053822 1.268915 0.043475
v 0.012227 1.274998 0.073041
v 0.036037 1.288805 0.065583
v 0.031830 1.257958 0.066716
v 0.010697 1.266880 0.072926
v 0.008137 1.234563 0.085513
v 0.003846 1.232817 0.085962
v 0.005927 1.234618 0.089656
v 0.042524 1.252816 0.060424
v 0.041747 1.263566 0.056070
v 0.009801 1.234878 0.079781
v 0.027230 1.237655 0.072294
v 0.001346 1.232635 0.092104
v -0.000000 1.232505 0.092585
v 0.042928 1.258578 0.058272
v 0.003192 1.233409 0.088959
v 0.007751 1.233513 0.082754
v 0.064321 1.304417 0.038023
v 0.072718 1.309533 -0.004913
v 0.038205 1.302429 0.070616
v 0.041379 1.315870 -0.067863
v 0.063058 1.312714 -0.041509
v 0.023375 1.317169 -0.076664
v 0.006496 1.241175 0.087965
v 0.004512 1.255706 0.082120
v 0.006454 1.276780 0.079941
v 0.021487 1.297540 0.080067
v -0.000000 1.317795 -0.080459
v 0.070880 1.307161 0.016876
v 0.004704 1.266142 0.079615
v 0.007334 1.234725 0.088102
v 0.002210 1.236030 0.095389
v 0.000000 1.236197 0.096464
v 0.004384 1.234126 0.090187
v 0.003089 1.231043 0.086063
v 0.013993 1.284264 0.078576
v 0.019753 1.277208 0.068629
v 0.006547 1.291149 0.084900
v -0.000000 1.291801 0.086137
v 0.016429 1.281405 0.073347
v 0.011305 1.287760 0.082164
v 0.034188 1.213387 0.051513
v 0.034808 1.210109 0.031527
v 0.041275 1.240095 0.059921
v 0.038205 1.222173 0.054412
v 0.008625 1.246212 0.080347
v 0.032158 1.222093 -0.000671
v 0.029151 1.227004 -0.003809
v 0.027159 1.247141 0.072988
v 0.002580 1.246743 0.090511
v -0.000000 1.246816 0.092097
v 0.035814 1.210656 0.041030
v 0.036300 1.244714 0.066340
v 0.005151 1.246629 0.085415
v 0.007632 1.237674 0.088822
v 0.005428 1.236840 0.092400
v 0.002410 1.232761 0.090985
v 0.009941 1.234977 0.081843
v 0.009472 1.236902 0.084419
v 0.003753 1.235116 0.092964
v 0.004521 1.236398 0.085958
v 0.022393 1.217564 0.066559
v 0.019588 1.230390 0.073779
v 0.018677 1.253182 0.075005
v 0.024009 1.262851 0.065105
v 0.019044 1.210320 0.066384
v 0.016002 1.241014 0.077350
v 0.010268 1.204535 0.071206
v 0.000000 1.202368 0.074303
v 0.021345 1.258486 0.070993
v 0.017248 1.235569 0.076259
v 0.016731 1.246996 0.077294
v 0.061654 1.333149 0.034861
v 0.066816 1.336902 -0.004337
v 0.036687 1.330787 0.066487
v 0.037760 1.342744 -0.058927
v 0.058196 1.339688 -0.035504
v 0.017480 1.329125 0.076635
v 0.020991 1.344063 -0.066693
v 0.000000 1.344702 -0.069653
v 0.000000 1.328388 0.080320
v 0.066114 1.334968 0.015256
v 0.015920 1.224801 0.073309
v 0.051331 1.241175 0.041726
v 0.059826 1.247799 0.000860
v 0.030263 1.225049 0.065027
v 0.031582 1.251909 -0.059337
v 0.050511 1.250585 -0.031917
v 0.017577 1.252243 -0.068485
v -0.000000 1.252348 -0.072232
v 0.057373 1.245479 0.021520
v 0.041270 1.232023 0.056286
v 0.021791 1.224462 0.069838
v 0.048778 1.276142 0.051011
v 0.060259 1.279826 0.035051
v 0.069593 1.284257 -0.004104
v 0.039175 1.289698 -0.069385
v 0.060961 1.286631 -0.041949
v 0.022098 1.290834 -0.078785
v 0.000000 1.291313 -0.082821
v 0.067025 1.282571 0.017444
v 0.054269 1.277399 0.044198
v 0.022170 1.208419 0.031020
v 0.060361 1.261006 -0.017952
v 0.068828 1.297737 -0.024253
v 0.068144 1.324307 -0.022732
v 0.056710 1.351697 -0.017405
v 0.042019 1.225350 0.002492
v 0.050371 1.238562 -0.007934
v 0.064302 1.273133 -0.021339
v 0.047759 1.363228 -0.016041
v 0.028504 1.374856 -0.018423
v 0.010818 1.202572 0.046356
v 0.014771 1.378723 -0.020295
v 0.000000 1.380099 -0.020937
v 0.000000 1.200290 0.050955
v 0.069320 1.311127 -0.023869
v 0.032770 1.214877 0.017001
v 0.063843 1.338208 -0.020305
v 0.055888 1.249772 -0.013705
v 0.067185 1.285350 -0.023520
v 0.012888 1.214006 0.072326
v 0.016067 1.219104 0.071262
v 0.009314 1.226123 0.080415
v 0.006219 1.209998 0.076206
v 0.001830 1.227254 0.086011
v -0.000000 1.227091 0.086522
v 0.000000 1.208598 0.077712
v 0.004844 1.227104 0.084197
v 0.013482 1.223278 0.075431
v 0.009358 1.219165 0.078364
v 0.004986 1.219160 0.082662
v 0.002176 1.218777 0.084321
v 0.000000 1.218516 0.084848
v 0.011523 1.221335 0.079380
v 0.012591 1.221696 0.076816
v 0.009660 1.223861 0.081102
v 0.005501 1.225142 0.084365
v 0.002145 1.225259 0.086153
v 0.009084 1.220579 0.081574
v 0.011702 1.220469 0.078435
v 0.005081 1.220751 0.084706
v 0.002137 1.220378 0.086141
v 0.000000 1.222477 0.087183
v 0.000000 1.220126 0.086529
v 0.009170 1.222333 0.082418
v 0.005290 1.222962 0.085327
v 0.002220 1.222766 0.086794
v 0.010585 1.215251 0.075207
v 0.014303 1.219780 0.072329
v 0.000000 1.219209 0.083826
v 0.005803 1.219412 0.080787
v 0.009019 1.215445 0.079534
v 0.009681 1.216770 0.079424
v 0.000000 1.211696 0.082776
v 0.004990 1.213861 0.082421
v 0.005609 1.216007 0.082808
v 0.000000 1.217445 0.084517
v 0.010007 1.215351 0.077413
v 0.011399 1.218017 0.076865
v 0.004592 1.212534 0.081169
v 0.000000 1.213207 0.083979
v 0.005898 1.217952 0.082037
v 0.000000 1.215444 0.084643
v 0.053928 1.316804 0.054488
v 0.051554 1.293968 0.056232
v 0.039882 1.282627 0.058484
v 0.048549 1.346226 0.047216
v 0.044076 1.358865 0.038382
v 0.039777 1.370983 0.000039
v 0.033456 1.233953 -0.035179
v 0.038465 1.242177 -0.041751
v 0.049958 1.275538 -0.055094
v 0.046682 1.262515 -0.051843
v 0.053725 1.300733 -0.057059
v 0.053595 1.327376 -0.053053
v 0.044773 1.354545 -0.040904
v 0.029151 1.232985 -0.026871
v 0.039779 1.365164 -0.030227
v 0.041272 1.367502 0.020984
v 0.046377 1.287583 0.057029
v 0.054518 1.314245 -0.055908
v 0.053629 1.303730 0.055821
v 0.050167 1.341158 -0.048240
v 0.052246 1.332212 0.051852
v 0.042781 1.251274 -0.047186
v 0.052119 1.288110 -0.056776
v 0.038964 1.370018 -0.016853
v 0.041121 1.276828 0.058243
v 0.033185 1.276766 0.063738
v 0.024711 1.275344 0.067534
v 0.041914 1.270128 0.057359
v 0.033160 1.269907 0.063207
v 0.024374 1.269157 0.066952
v 0.000000 1.237893 -0.045794
v -0.024860 1.208646 0.060989
v -0.040767 1.218554 0.043032
v -0.046356 1.228407 0.042712
v -0.064454 1.318166 0.036715
v -0.053338 1.253896 0.043503
v -0.051095 1.355998 0.030961
v -0.056567 1.346229 0.032995
v -0.061277 1.290762 0.038963
v -0.024900 1.280927 0.066638
v -0.017953 1.264455 0.068001
v -0.007796 1.254930 0.077666
v -0.023193 1.290285 0.076914
v -0.048002 1.265665 0.051789
v -0.045301 1.280490 0.054432
v -0.023897 1.202367 0.048504
v -0.045788 1.221135 0.014838
v -0.054361 1.235559 0.005425
v -0.071461 1.322670 -0.004857
v -0.063103 1.259423 -0.001252
v -0.049648 1.363272 -0.001366
v -0.059405 1.350873 -0.003202
v -0.072080 1.296583 -0.004712
v -0.015495 1.212241 0.069677
v -0.018407 1.218448 0.069524
v -0.008728 1.276044 0.077336
v -0.050318 1.269801 0.049493
v -0.016886 1.273302 0.069962
v -0.058123 1.268859 0.035042
v -0.066459 1.271954 -0.003033
v -0.032209 1.361581 0.046023
v -0.037519 1.314898 0.070036
v -0.037866 1.294295 0.069220
v -0.033122 1.283095 0.062800
v -0.035031 1.346271 0.059260
v -0.028471 1.376924 0.001161
v -0.029989 1.231362 0.068405
v -0.028867 1.217696 0.062158
v -0.030390 1.252846 0.070233
v -0.032687 1.262681 0.061435
v -0.021734 1.212985 0.018595
v -0.024798 1.235358 -0.046841
v -0.036893 1.229830 -0.018993
v -0.028436 1.242988 -0.053653
v -0.045273 1.240751 -0.026421
v -0.034476 1.263309 -0.064478
v -0.054991 1.261730 -0.036385
v -0.058579 1.274324 -0.039964
v -0.037189 1.276790 -0.067951
v -0.062430 1.299092 -0.042411
v -0.040650 1.302517 -0.069348
v -0.062038 1.325898 -0.039426
v -0.040557 1.328955 -0.064392
v -0.051760 1.352823 -0.030301
v -0.033801 1.356434 -0.049614
v -0.022385 1.224445 0.006055
v -0.022385 1.235559 -0.036794
v -0.031503 1.229972 -0.015252
v -0.046095 1.361627 -0.025510
v -0.029803 1.368264 -0.035712
v -0.023529 1.242065 0.074796
v -0.016628 1.363668 0.052041
v -0.004531 1.211940 0.079673
v -0.052633 1.283826 0.048549
v -0.002417 1.256094 0.085325
v -0.016256 1.309490 0.082043
v -0.017612 1.346330 0.067701
v -0.014264 1.381367 0.001837
v -0.008318 1.207240 0.073074
v -0.003533 1.277449 0.082074
v -0.012274 1.201523 0.069278
v -0.015624 1.243315 -0.062356
v -0.013222 1.235855 -0.054290
v -0.010737 1.208120 0.029695
v -0.019295 1.263788 -0.073897
v -0.020947 1.277687 -0.077472
v -0.022999 1.303795 -0.078537
v -0.022765 1.330280 -0.072747
v -0.018617 1.358115 -0.056137
v -0.012150 1.197020 0.060570
v -0.012181 1.237285 -0.043449
v -0.012181 1.222718 0.012716
v -0.016137 1.370861 -0.040148
v -0.023901 1.286019 0.071538
v -0.013279 1.260646 0.073033
v -0.008143 1.232440 0.081093
v -0.009117 1.239006 0.081585
v -0.001066 1.230542 0.087726
v -0.003142 1.239995 0.094975
v -0.026064 1.204112 0.055370
v -0.069760 1.294473 0.017421
v -0.070090 1.320413 0.015995
v -0.059486 1.348596 0.015491
v -0.050856 1.360424 0.017650
v -0.060752 1.257347 0.019638
v -0.044046 1.219715 0.029205
v -0.051937 1.232661 0.024080
v -0.063951 1.270484 0.017786
v -0.029450 1.372917 0.024567
v -0.013018 1.198284 0.066972
v -0.014902 1.376865 0.027980
v -0.006812 1.265918 0.076707
v -0.015915 1.267910 0.069656
v -0.002619 1.266361 0.081829
v -0.050372 1.261243 0.048953
v -0.053822 1.268915 0.043475
v -0.012227 1.274998 0.073041
v -0.036037 1.288805 0.065582
v -0.031830 1.257958 0.066716
v -0.010697 1.266880 0.072926
v -0.008166 1.234465 0.085523
v -0.003846 1.232817 0.085962
v -0.005881 1.234738 0.089634
v -0.042524 1.252816 0.060424
v -0.041747 1.263566 0.056070
v -0.009801 1.234878 0.079781
v -0.027230 1.237655 0.072294
v -0.001346 1.232635 0.092104
v -0.042928 1.258578 0.058272
v -0.003189 1.233423 0.088956
v -0.007759 1.233477 0.082754
v -0.064321 1.304417 0.038023
v -0.072718 1.309533 -0.004913
v -0.038205 1.302429 0.070616
v -0.041379 1.315870 -0.067863
v -0.063058 1.312714 -0.041509
v -0.023375 1.317169 -0.076664
v -0.006496 1.241175 0.087965
v -0.004512 1.255706 0.082120
v -0.006454 1.276780 0.079941
v -0.021487 1.297540 0.080067
v -0.070880 1.307161 0.016876
v -0.004704 1.266142 0.079615
v -0.007280 1.234862 0.088068
v -0.002210 1.236030 0.095389
v -0.004360 1.234229 0.090156
v -0.003089 1.231043 0.086063
v -0.013993 1.284264 0.078576
v -0.019753 1.277208 0.068629
v -0.006547 1.291149 0.084899
v -0.016429 1.281405 0.073347
v -0.011305 1.287760 0.082164
v -0.034188 1.213387 0.051513
v -0.034808 1.210109 0.031527
v -0.041275 1.240095 0.059921
v -0.038205 1.222173 0.054412
v -0.008625 1.246212 0.080347
v -0.032158 1.222093 -0.000671
v -0.029151 1.227004 -0.003809
v -0.027159 1.247141 0.072988
v -0.002580 1.246743 0.090511
v -0.035814 1.210656 0.041030
v -0.036300 1.244714 0.066340
v -0.005151 1.246629 0.085415
v -0.007632 1.237674 0.088822
v -0.005428 1.236840 0.092400
v -0.002410 1.232761 0.090985
v -0.009941 1.234977 0.081843
v -0.009472 1.236902 0.084419
v -0.003753 1.235116 0.092964
v -0.004521 1.236398 0.085958
v -0.022393 1.217564 0.066559
v -0.019588 1.230390 0.073779
v -0.018677 1.253182 0.075005
v -0.024009 1.262851 0.065105
v -0.019044 1.210320 0.066384
v -0.016002 1.241014 0.077350
v -0.010268 1.204535 0.071206
v -0.021345 1.258486 0.070993
v -0.017248 1.235569 0.076259
v -0.016731 1.246996 0.077294
v -0.061654 1.333150 0.034861
v -0.066816 1.336902 -0.004337
v -0.036687 1.330787 0.066487
v -0.037760 1.342744 -0.058927
v -0.058196 1.339688 -0.035504
v -0.017480 1.329125 0.076635
v -0.020991 1.344063 -0.066693
v -0.066114 1.334968 0.015256
v -0.015920 1.224801 0.073309
v -0.051331 1.241175 0.041726
v -0.059826 1.247799 0.000860
v -0.030263 1.225049 0.065027
v -0.031582 1.251909 -0.059337
v -0.050511 1.250585 -0.031917
v -0.017577 1.252243 -0.068485
v -0.057373 1.245479 0.021520
v -0.041270 1.232023 0.056286
v -0.021791 1.224462 0.069838
v -0.048778 1.276142 0.051011
v -0.060259 1.279826 0.035051
v -0.069593 1.284257 -0.004104
v -0.039175 1.289698 -0.069385
v -0.060961 1.286631 -0.041949
v -0.022098 1.290834 -0.078785
v -0.067025 1.282571 0.017444
v -0.054269 1.277399 0.044198
v -0.022170 1.208419 0.031020
v -0.060361 1.261006 -0.017952
v -0.068828 1.297737 -0.024253
v -0.068144 1.324307 -0.022732
v -0.056710 1.351697 -0.017405
v -0.042019 1.225351 0.002492
v -0.050371 1.238561 -0.007934
v -0.064302 1.273133 -0.021339
v -0.047759 1.363228 -0.016041
v -0.028504 1.374856 -0.018423
v -0.010818 1.202572 0.046356
v -0.014771 1.378723 -0.020295
v -0.069320 1.311127 -0.023869
v -0.032770 1.214877 0.017001
v -0.063843 1.338208 -0.020305
v -0.055888 1.249772 -0.013705
v -0.067185 1.285350 -0.023520
v -0.012888 1.214006 0.072326
v -0.016067 1.219104 0.071262
v -0.009314 1.226123 0.080415
v -0.006219 1.209998 0.076206
v -0.001830 1.227254 0.086011
v -0.004844 1.227104 0.084197
v -0.013482 1.223278 0.075431
v -0.009358 1.219165 0.078364
v -0.004986 1.219160 0.082662
v -0.002176 1.218777 0.084321
v -0.011523 1.221335 0.079380
v -0.012591 1.221696 0.076816
v -0.009660 1.223861 0.081102
v -0.005501 1.225142 0.084365
v -0.002145 1.225259 0.086153
v -0.009084 1.220579 0.081574
v -0.011702 1.220469 0.078435
v -0.005081 1.220751 0.084706
v -0.002137 1.220378 0.086141
v -0.009170 1.222333 0.082418
v -0.005290 1.222962 0.085327
v -0.002220 1.222766 0.086794
v -0.010585 1.215251 0.075207
v -0.014303 1.219780 0.072329
v -0.005803 1.219412 0.080787
v -0.009019 1.215445 0.079534
v -0.009681 1.216770 0.079424
v -0.004990 1.213861 0.082421
v -0.005609 1.216007 0.082808
v -0.010007 1.215351 0.077413
v -0.011399 1.218017 0.076865
v -0.004592 1.212534 0.081169
v -0.005898 1.217952 0.082037
v -0.053928 1.316804 0.054488
v -0.051554 1.293968 0.056232
v -0.039882 1.282627 0.058484
v -0.048549 1.346226 0.047216
v -0.044076 1.358865 0.038382
v -0.039778 1.370983 0.000039
v -0.033456 1.233953 -0.035179
v -0.038465 1.242177 -0.041751
v -0.049958 1.275538 -0.055094
v -0.046682 1.262515 -0.051843
v -0.053725 1.300733 -0.057059
v -0.053595 1.327376 -0.053053
v -0.044773 1.354545 -0.040904
v -0.029151 1.232985 -0.026871
v -0.039779 1.365165 -0.030227
v -0.041272 1.367502 0.020984
v -0.046377 1.287583 0.057029
v -0.054518 1.314245 -0.055908
v -0.053629 1.303730 0.055821
v -0.050167 1.341158 -0.048240
v -0.052246 1.332212 0.051852
v -0.042781 1.251274 -0.047186
v -0.052119 1.288110 -0.056776
v -0.038964 1.370018 -0.016853
v -0.041121 1.276828 0.058243
v -0.033185 1.276766 0.063738
v -0.024711 1.275344 0.067534
v -0.041914 1.270128 0.057359
v -0.033160 1.269907 0.063207
v -0.024374 1.269157 0.066952
v 0.017642 1.215284 0.069068
v 0.064730 1.311088 0.037504
v 0.013339 1.227968 0.076277
v 0.053533 1.351997 0.032008
v 0.059342 1.339954 0.033926
v 0.059892 1.317436 0.045928
v 0.025234 1.202528 0.052812
v 0.052765 1.246998 0.041843
v 0.037820 1.215935 0.047046
v 0.021952 1.210702 0.024808
v 0.029407 1.205927 0.040323
v 0.020156 1.218019 0.068177
v 0.014732 1.230964 0.076497
v 0.017902 1.287498 0.078365
v 0.047267 1.278663 0.052598
v 0.056758 1.292724 0.048263
v 0.035557 1.234907 0.064838
v 0.033409 1.219439 0.058694
v 0.013162 1.253511 0.076359
v 0.021904 1.279117 0.067792
v 0.061151 1.284959 0.036034
v 0.042782 1.281767 0.056408
v 0.020529 1.263460 0.066652
v 0.015605 1.262634 0.070612
v 0.023562 1.288069 0.074318
v 0.048937 1.281974 0.051626
v 0.051931 1.258661 0.046771
v 0.053265 1.346042 0.040435
v 0.072427 1.316009 -0.004927
v 0.054666 1.357524 -0.002299
v 0.063453 1.343965 -0.003873
v 0.050482 1.228361 0.009154
v 0.061806 1.253536 -0.000630
v 0.071005 1.290356 -0.004460
v 0.071684 1.295726 0.006253
v 0.067810 1.319201 0.026630
v 0.059766 1.349910 0.005839
v 0.051092 1.358106 0.025732
v 0.062481 1.258448 0.008801
v 0.045260 1.220488 0.021647
v 0.049533 1.230809 0.033906
v 0.011294 1.222785 0.079036
v 0.009476 1.224754 0.080731
v 0.007391 1.271179 0.076810
v 0.049688 1.267387 0.050251
v 0.016113 1.270604 0.070017
v 0.056653 1.262319 0.037303
v 0.064763 1.265631 -0.002195
v 0.065801 1.271286 0.007262
v 0.055741 1.268689 0.040055
v 0.010327 1.275588 0.075152
v 0.043055 1.222342 0.043240
v 0.038685 1.360278 0.042333
v 0.030167 1.292706 0.073833
v 0.028905 1.282323 0.064901
v 0.034474 1.374070 0.000639
v 0.028758 1.375829 0.012606
v 0.033723 1.354106 0.053645
v 0.036011 1.338576 0.063428
v 0.037117 1.291449 0.067463
v 0.038201 1.297904 0.070194
v 0.036622 1.252811 0.065971
v 0.037382 1.262996 0.058813
v 0.031277 1.255472 0.068657
v 0.009196 1.242904 0.080973
v 0.027354 1.213483 0.061235
v 0.017113 1.211281 0.068121
v 0.030388 1.228245 0.066642
v 0.029596 1.234874 -0.041594
v 0.026659 1.239094 -0.050354
v 0.042197 1.241548 -0.034666
v 0.041837 1.235528 -0.022572
v 0.057970 1.261426 -0.027156
v 0.044037 1.276183 -0.061809
v 0.065896 1.298369 -0.033621
v 0.065339 1.325107 -0.031319
v 0.054466 1.352166 -0.024008
v 0.035893 1.269970 -0.066477
v 0.039974 1.296042 -0.069529
v 0.041213 1.322390 -0.066358
v 0.062836 1.319314 -0.040661
v 0.035892 1.349670 -0.054842
v 0.055175 1.346501 -0.033020
v 0.033040 1.257263 -0.062024
v 0.043917 1.223076 0.009356
v 0.035514 1.226379 -0.010139
v 0.047970 1.239769 -0.016978
v 0.051302 1.262095 -0.044580
v 0.061800 1.273725 -0.030807
v 0.047752 1.301648 -0.063493
v 0.047678 1.328168 -0.059009
v 0.039834 1.355489 -0.045463
v 0.056928 1.267963 -0.038339
v 0.061791 1.292733 -0.042363
v 0.052826 1.255919 -0.034220
v 0.026271 1.234356 -0.032154
v 0.030910 1.228459 -0.009418
v 0.023591 1.235458 -0.041817
v 0.022060 1.218715 0.012325
v 0.034198 1.229901 -0.017122
v 0.046728 1.362528 -0.021580
v 0.031599 1.362834 -0.043196
v 0.048420 1.358199 -0.027533
v 0.028854 1.372202 -0.027358
v 0.035250 1.366780 -0.033021
v 0.020146 1.241622 0.075992
v 0.009691 1.236945 0.080160
v 0.025155 1.244236 0.074125
v 0.025218 1.240305 0.073865
v 0.008751 1.346439 0.070013
v 0.017279 1.355150 0.060937
v 0.001809 1.277658 0.082745
v 0.010113 1.299503 0.084654
v 0.006099 1.199738 0.072298
v 0.009290 1.205886 0.072056
v 0.017634 1.337732 0.072795
v 0.006093 1.195372 0.063766
v 0.012867 1.199892 0.068316
v 0.014408 1.380196 0.014644
v 0.011317 1.263292 0.073117
v 0.013194 1.267399 0.071235
v 0.002078 1.211219 0.080897
v 0.032276 1.260345 0.064235
v 0.005327 1.211054 0.077941
v 0.001411 1.228928 0.086505
v 0.001248 1.256205 0.086152
v 0.002950 1.271707 0.081412
v 0.001396 1.240288 0.096399
v 0.002460 1.251153 0.087841
v 0.008040 1.243376 -0.064861
v 0.014461 1.239489 -0.058508
v 0.005354 1.206954 0.032432
v 0.011496 1.199165 0.054140
v 0.011942 1.304183 -0.081429
v 0.021574 1.284383 -0.078368
v 0.020160 1.270651 -0.075978
v 0.016653 1.247514 -0.065592
v 0.011784 1.330755 -0.075319
v 0.023282 1.310486 -0.077842
v 0.009566 1.358660 -0.057840
v 0.021992 1.337084 -0.070115
v 0.012701 1.236570 -0.048870
v 0.006221 1.222261 0.014478
v 0.011459 1.215419 0.021206
v 0.008237 1.371618 -0.041287
v 0.017303 1.364898 -0.048768
v 0.015314 1.375456 -0.030530
v 0.002584 1.237795 0.095958
v 0.026558 1.346271 0.064050
v 0.024722 1.362750 0.049355
v 0.021573 1.379439 0.001554
v 0.012232 1.209454 0.071215
v 0.034661 1.286009 0.064067
v 0.003647 1.225323 0.085441
v 0.008004 1.240436 0.084420
v 0.003467 1.255962 0.083935
v 0.005096 1.277139 0.081094
v 0.019736 1.302663 0.081088
v 0.027500 1.313197 0.076400
v 0.001827 1.230647 0.087214
v 0.023390 1.369680 -0.038194
v 0.018521 1.204455 0.065276
v 0.018120 1.199390 0.055385
v 0.019292 1.235658 -0.051103
v 0.022400 1.243197 -0.058513
v 0.027358 1.263590 -0.069691
v 0.017632 1.236548 -0.040607
v 0.016180 1.209999 0.025264
v 0.017632 1.223456 0.009869
v 0.029618 1.277293 -0.073240
v 0.032503 1.303238 -0.074424
v 0.032322 1.329667 -0.069028
v 0.026724 1.357339 -0.053286
v 0.008343 1.364222 0.053779
v 0.007355 1.309745 0.084755
v 0.004193 1.205897 0.074566
v 0.007070 1.382488 0.002031
v 0.000980 1.225017 0.086565
v 0.000492 1.230460 0.088010
v 0.006723 1.235977 -0.056258
v 0.010878 1.277968 -0.080397
v 0.010004 1.263919 -0.076795
v -0.000000 1.365761 -0.050652
v -0.000000 1.337733 -0.073402
v -0.000000 1.311065 -0.081748
v -0.000000 1.284834 -0.082400
v 0.000000 1.270934 -0.080004
v 0.000000 1.214320 0.024238
v -0.000000 1.247598 -0.069200
v -0.000000 1.239601 -0.061565
v 0.000000 1.243173 0.094860
v 0.000000 1.238152 0.097237
v 0.000000 1.228817 0.086945
v 0.014458 1.274209 0.071370
v 0.052047 1.269321 0.046520
v 0.000000 1.382221 -0.009872
v 0.000000 1.196916 0.058519
v 0.000000 1.197429 0.072785
v -0.000000 1.203899 0.074609
v -0.000000 1.209888 0.079430
v -0.000000 1.284298 0.084614
v -0.000000 1.261339 0.084164
v 0.000000 1.381659 0.015406
v 0.000000 1.355616 0.063711
v -0.000000 1.319003 0.083507
v 0.049090 1.263491 0.050527
v 0.056512 1.286435 0.044810
v 0.024360 1.283601 0.069001
v 0.010848 1.258264 0.075200
v 0.004519 1.238225 0.093797
v 0.025693 1.205964 0.058069
v 0.066352 1.292770 0.028045
v 0.071357 1.321610 0.005299
v 0.058529 1.347202 0.024656
v 0.050361 1.362211 0.008099
v 0.058033 1.255991 0.030654
v 0.042146 1.218779 0.037346
v 0.053484 1.234182 0.014505
v 0.061114 1.269561 0.027405
v 0.030682 1.368037 0.036062
v 0.012720 1.196988 0.064670
v 0.015736 1.371162 0.040793
v 0.000000 1.194603 0.069037
v 0.000000 1.372226 0.042630
v 0.007428 1.377881 0.028949
v 0.006429 1.196461 0.070295
v 0.019771 1.200995 0.061815
v 0.022377 1.375159 0.026414
v 0.048156 1.225914 0.025986
v 0.068517 1.288447 0.017474
v 0.059186 1.251347 0.020573
v 0.063098 1.341931 0.015172
v 0.062346 1.263875 0.018608
v 0.035735 1.370322 0.022751
v 0.055332 1.354973 0.016348
v 0.070810 1.313639 0.016452
v 0.039967 1.214685 0.034409
v 0.006839 1.260451 0.077068
v 0.016460 1.265876 0.068994
v 0.002458 1.261181 0.083221
v -0.000000 1.271899 0.082289
v 0.001360 1.266467 0.082472
v 0.008573 1.266346 0.074804
v 0.003710 1.266259 0.080844
v 0.047205 1.259398 0.053416
v 0.029737 1.287806 0.069032
v 0.011071 1.270971 0.072888
v 0.053865 1.280945 0.045880
v 0.026385 1.258093 0.069284
v 0.041667 1.288636 0.061504
v 0.052549 1.264625 0.045475
v 0.014021 1.278479 0.073287
v 0.009425 1.238063 0.083149
v 0.006499 1.237405 0.090901
v 0.009912 1.235888 0.082789
v 0.047682 1.252906 0.053630
v 0.045334 1.264430 0.053724
v 0.009448 1.233400 0.080007
v 0.028901 1.234569 0.070371
v 0.001064 1.231604 0.089785
v 0.000000 1.231455 0.090153
v 0.037576 1.258130 0.062909
v 0.002996 1.233911 0.092317
v 0.001914 1.232717 0.091629
v 0.009986 1.234961 0.080933
v 0.042358 1.261089 0.057273
v 0.000696 1.232547 0.092448
v 0.013256 1.235205 0.078018
v 0.031998 1.240692 0.069542
v 0.043260 1.255939 0.059059
v 0.063307 1.297910 0.038251
v 0.072624 1.303021 -0.004852
v 0.037922 1.308087 0.070620
v 0.041153 1.309191 -0.068830
v 0.062881 1.305865 -0.042105
v 0.023219 1.323707 -0.074938
v 0.004907 1.240935 0.091556
v 0.005668 1.255232 0.080042
v 0.007599 1.276417 0.078740
v 0.022550 1.293444 0.078746
v -0.000000 1.324368 -0.078632
v 0.070538 1.300746 0.017215
v 0.005688 1.265986 0.078240
v 0.008668 1.237520 0.086538
v 0.004479 1.260876 0.080629
v 0.068120 1.305639 0.027780
v 0.007172 1.239366 0.088622
v 0.012126 1.317615 -0.079411
v 0.033076 1.316578 -0.072739
v 0.015508 1.293070 0.081965
v 0.005766 1.243506 0.086865
v 0.071550 1.310371 -0.014659
v 0.059221 1.313474 -0.049099
v 0.059546 1.303905 0.047318
v 0.072470 1.308482 0.005760
v 0.005299 1.271426 0.079365
v 0.029446 1.300604 0.076202
v 0.001773 1.234202 0.094043
v 0.000000 1.234190 0.094809
v 0.004539 1.236090 0.093045
v 0.001152 1.236175 0.096172
v 0.003091 1.235672 0.094261
v 0.007623 1.224660 0.082900
v 0.005625 1.231744 0.083278
v 0.004054 1.228985 0.084711
v 0.010944 1.280424 0.078101
v 0.018105 1.275400 0.069419
v 0.004550 1.283853 0.083629
v 0.000000 1.300327 0.086543
v 0.019556 1.283884 0.072889
v 0.008381 1.282254 0.081171
v 0.009214 1.289684 0.083646
v 0.018006 1.279449 0.070910
v 0.003401 1.291732 0.085794
v 0.012816 1.285900 0.080528
v 0.015133 1.282906 0.076013
v 0.030202 1.211116 0.055944
v 0.040429 1.214853 0.022853
v 0.047079 1.246050 0.053110
v 0.042568 1.225366 0.049353
v 0.007915 1.250002 0.079163
v 0.027300 1.217304 0.009436
v 0.026271 1.225647 0.001423
v 0.028980 1.250058 0.071667
v 0.002784 1.243178 0.093044
v 0.000000 1.251296 0.089161
v 0.031323 1.207257 0.048237
v 0.040033 1.248950 0.063041
v 0.004734 1.250811 0.083779
v 0.006540 1.246357 0.082659
v 0.039427 1.242768 0.062882
v 0.034732 1.211482 0.046686
v 0.001291 1.246784 0.091751
v 0.021879 1.247318 0.075450
v 0.032098 1.246221 0.069847
v 0.003865 1.246732 0.088232
v 0.030654 1.224548 -0.002240
v 0.033668 1.211940 0.024969
v 0.035732 1.217219 0.053710
v 0.041775 1.236430 0.057784
v 0.035726 1.210005 0.036349
v 0.006689 1.234698 0.089014
v 0.008222 1.234248 0.083913
v 0.003690 1.233693 0.089865
v 0.007877 1.234619 0.086976
v 0.005158 1.234412 0.090117
v 0.002239 1.231899 0.088869
v 0.005905 1.235465 0.091053
v 0.007718 1.235917 0.088640
v 0.002845 1.232831 0.090111
v 0.009060 1.235458 0.085188
v 0.009408 1.234130 0.082033
v 0.004188 1.234424 0.091643
v 0.008038 1.232760 0.081800
v 0.003600 1.231888 0.086086
v 0.003110 1.232946 0.087689
v 0.005578 1.232944 0.084083
v 0.006547 1.235441 0.085448
v 0.006029 1.234928 0.084058
v 0.003972 1.234546 0.085705
v 0.004222 1.235367 0.088250
v 0.005206 1.235618 0.087927
v 0.003499 1.234894 0.087519
v 0.006073 1.235635 0.087012
v 0.025221 1.217248 0.064670
v 0.024635 1.230168 0.071242
v 0.024383 1.252982 0.073120
v 0.028138 1.262612 0.063462
v 0.021404 1.209401 0.064388
v 0.012422 1.240299 0.078908
v 0.011330 1.203083 0.070256
v -0.000000 1.200794 0.073962
v 0.016790 1.259181 0.072282
v 0.022096 1.236143 0.074449
v 0.012174 1.246515 0.078745
v 0.017586 1.250133 0.076406
v 0.018359 1.233009 0.075235
v 0.022691 1.260738 0.068205
v 0.005163 1.202921 0.073411
v 0.016151 1.243941 0.077542
v 0.016406 1.238224 0.076933
v 0.015127 1.207096 0.068481
v 0.021398 1.213895 0.065844
v 0.019970 1.255976 0.073233
v 0.020785 1.227554 0.071883
v 0.063400 1.325705 0.035807
v 0.069545 1.329711 -0.004662
v 0.037141 1.322693 0.068672
v 0.039363 1.335779 -0.062006
v 0.060503 1.332734 -0.037680
v 0.017206 1.320091 0.079599
v 0.019860 1.351106 -0.062091
v 0.000000 1.351779 -0.064704
v -0.000000 1.337482 0.076202
v 0.068493 1.327655 0.015567
v 0.064402 1.333957 0.025308
v 0.008504 1.328585 0.079374
v 0.010830 1.344519 -0.068882
v 0.029954 1.343458 -0.063291
v 0.027142 1.329913 0.072266
v 0.065742 1.337587 -0.012613
v 0.054607 1.340418 -0.042191
v 0.066929 1.336000 0.005129
v 0.045188 1.331587 0.059558
v 0.017697 1.221645 0.071012
v 0.049203 1.234920 0.042099
v 0.057396 1.241957 0.002819
v 0.029788 1.221552 0.063483
v 0.030065 1.247201 -0.056596
v 0.048066 1.245654 -0.029449
v 0.018441 1.257637 -0.071314
v -0.000000 1.257764 -0.075196
v 0.055006 1.239257 0.022662
v 0.040104 1.227213 0.055173
v 0.022418 1.221116 0.067983
v 0.018463 1.224820 0.071712
v 0.035612 1.227796 0.061291
v 0.054895 1.243877 0.032025
v 0.009093 1.252321 -0.071227
v 0.047041 1.250915 -0.040065
v 0.053418 1.250275 -0.022707
v 0.025005 1.252112 -0.064401
v 0.014350 1.224185 0.074526
v 0.058936 1.246702 0.011023
v 0.025682 1.224208 0.067733
v 0.046669 1.236897 0.049822
v 0.049903 1.272951 0.049844
v 0.059245 1.274586 0.034570
v 0.068066 1.278155 -0.003648
v 0.038268 1.283342 -0.068891
v 0.059909 1.280539 -0.041162
v 0.022584 1.297262 -0.078839
v -0.000000 1.297766 -0.082874
v 0.065502 1.276672 0.017459
v 0.054305 1.273304 0.043223
v 0.063837 1.281267 0.027226
v 0.051516 1.276668 0.047643
v 0.011468 1.291180 -0.081709
v 0.031262 1.290338 -0.074592
v 0.068957 1.284816 -0.014031
v 0.056952 1.287345 -0.049769
v 0.057097 1.278481 0.040382
v 0.068978 1.283549 0.006650
v 0.022894 1.204656 0.040797
v 0.062184 1.260311 -0.009661
v 0.071014 1.297193 -0.014757
v 0.070296 1.323533 -0.014057
v 0.058376 1.351372 -0.010731
v 0.040190 1.227929 -0.006937
v 0.052525 1.237118 -0.000761
v 0.065913 1.272554 -0.012324
v 0.048770 1.363546 -0.009400
v 0.028400 1.376496 -0.009067
v 0.010777 1.205346 0.038025
v 0.014408 1.380768 -0.009675
v -0.000000 1.376667 -0.031606
v -0.000000 1.203412 0.042176
v 0.066430 1.311917 -0.032952
v 0.032350 1.218356 0.008374
v 0.061283 1.338926 -0.028055
v 0.058033 1.248897 -0.006091
v 0.064431 1.285958 -0.033008
v 0.065897 1.279260 -0.022603
v 0.058176 1.255266 -0.015923
v 0.066394 1.331206 -0.021668
v 0.027534 1.211293 0.023884
v 0.069223 1.304390 -0.024161
v 0.007414 1.379762 -0.020792
v 0.005334 1.200852 0.050036
v 0.016519 1.205339 0.039259
v 0.021939 1.377001 -0.019418
v 0.052304 1.357941 -0.016438
v 0.043391 1.367106 -0.016260
v 0.037505 1.219593 0.009512
v 0.053418 1.244381 -0.011210
v 0.060595 1.345068 -0.018789
v 0.069044 1.317693 -0.023429
v 0.068155 1.291440 -0.024058
v 0.062429 1.267004 -0.019772
v 0.046446 1.231963 -0.003382
v 0.014122 1.213172 0.071025
v 0.017054 1.218803 0.070553
v 0.009134 1.228393 0.080268
v 0.007257 1.208670 0.074511
v 0.002056 1.226085 0.085971
v 0.000000 1.225733 0.086591
v -0.000000 1.207074 0.076235
v 0.005281 1.225906 0.084160
v 0.012966 1.222431 0.076138
v 0.011487 1.224921 0.077992
v 0.003129 1.227242 0.085324
v 0.000837 1.227166 0.086389
v 0.003003 1.208943 0.077362
v 0.007001 1.226796 0.082531
v 0.009703 1.211746 0.074270
v 0.015210 1.221328 0.072983
v 0.015131 1.216549 0.071202
v 0.002181 1.221505 0.086652
v 0.000000 1.221239 0.087021
v 0.005177 1.221813 0.085242
v 0.009070 1.221448 0.082335
v 0.006976 1.219145 0.080880
v 0.003431 1.219011 0.083724
v 0.001059 1.218590 0.084702
v 0.007077 1.220714 0.083300
v 0.003447 1.220606 0.085617
v 0.001022 1.220197 0.086433
v 0.010709 1.220473 0.079792
v 0.010654 1.221774 0.080741
v 0.003607 1.222936 0.086236
v 0.001053 1.222571 0.087092
v 0.007259 1.222756 0.084011
v 0.011686 1.220860 0.078929
v 0.009195 1.219832 0.080152
v 0.005022 1.219893 0.083787
v 0.002141 1.219501 0.085315
v -0.000000 1.219249 0.085762
v 0.000000 1.223687 0.087028
v 0.009383 1.223128 0.081917
v 0.012030 1.221460 0.078286
v 0.002202 1.224022 0.086574
v 0.005399 1.224071 0.084969
v 0.011573 1.216933 0.076365
v 0.002154 1.211876 0.082376
v 0.007417 1.213769 0.079284
v 0.002834 1.217603 0.083900
v 0.009143 1.218243 0.079205
v 0.000000 1.214299 0.084398
v 0.005307 1.214890 0.082760
v 0.012921 1.217441 0.073359
v 0.002597 1.219266 0.083118
v 0.010023 1.219607 0.076733
v 0.010301 1.215311 0.076301
v 0.012226 1.218602 0.075222
v 0.005879 1.218721 0.081435
v 0.000000 1.218340 0.084210
v 0.009579 1.216171 0.079365
v 0.002487 1.213358 0.083559
v 0.007397 1.214698 0.080836
v 0.002833 1.215605 0.084155
v 0.008139 1.216492 0.080914
v 0.009561 1.215412 0.078580
v 0.010576 1.217381 0.078298
v -0.000000 1.212326 0.083430
v 0.004744 1.213076 0.081861
v 0.005811 1.217045 0.082534
v -0.000000 1.216492 0.084675
v 0.011696 1.214692 0.073742
v 0.015653 1.219490 0.071364
v 0.007539 1.213357 0.077567
v 0.013734 1.220716 0.074427
v 0.012030 1.219420 0.075210
v 0.012585 1.220205 0.076367
v -0.000000 1.211300 0.082041
v 0.004535 1.212186 0.080430
v 0.046420 1.316009 0.062623
v 0.045170 1.294623 0.063287
v 0.036744 1.283134 0.060629
v 0.042436 1.346296 0.053555
v 0.048352 1.357352 0.034307
v 0.044736 1.367591 -0.000603
v 0.036066 1.232326 -0.027488
v 0.033838 1.242653 -0.048051
v 0.054723 1.274922 -0.047960
v 0.040989 1.262937 -0.058484
v 0.058496 1.299878 -0.050141
v 0.058254 1.326637 -0.046610
v 0.048637 1.353636 -0.035905
v 0.030910 1.231502 -0.021152
v 0.043471 1.363340 -0.027489
v 0.046230 1.364421 0.019245
v 0.050103 1.285999 0.052469
v 0.048553 1.315066 -0.062194
v 0.046439 1.303361 0.063687
v 0.044532 1.341953 -0.053849
v 0.057681 1.332648 0.043663
v 0.037564 1.251619 -0.053585
v 0.046160 1.288924 -0.063361
v 0.034114 1.372537 -0.017570
v 0.038937 1.368230 -0.023879
v 0.051148 1.281905 -0.056120
v 0.040699 1.246529 -0.044592
v 0.053354 1.324477 0.053365
v 0.052191 1.334204 -0.050913
v 0.053992 1.309847 0.055304
v 0.054273 1.307469 -0.056678
v 0.042442 1.363810 0.030632
v 0.043203 1.285020 0.057703
v 0.039290 1.370965 -0.008998
v 0.041915 1.360454 -0.035950
v 0.031304 1.233469 -0.031025
v 0.044779 1.256593 -0.049638
v 0.047630 1.348014 -0.044959
v 0.054337 1.320806 -0.054708
v 0.052985 1.294319 -0.057088
v 0.048444 1.268957 -0.053671
v 0.036021 1.238021 -0.038566
v 0.052888 1.298434 0.056068
v 0.040416 1.369870 0.010375
v 0.046233 1.352844 0.043680
v 0.050612 1.339412 0.049846
v 0.049252 1.290484 0.056541
v 0.041623 1.273535 0.057880
v 0.037230 1.276949 0.061227
v 0.033213 1.273404 0.063676
v 0.037572 1.270090 0.060580
v 0.028938 1.276195 0.065838
v 0.024556 1.272305 0.067449
v 0.028738 1.269600 0.065285
v 0.040522 1.279821 0.058417
v 0.044959 1.276528 0.054765
v 0.046148 1.270009 0.053579
v 0.041916 1.266811 0.056739
v 0.033151 1.279974 0.063385
v 0.032966 1.266317 0.062409
v 0.024820 1.278193 0.067202
v 0.024190 1.266001 0.066118
v 0.020721 1.274354 0.068851
v 0.020113 1.268573 0.068366
v 0.006221 1.237739 -0.045200
v 0.000000 1.236957 -0.051361
v -0.017642 1.215284 0.069068
v -0.064730 1.311088 0.037504
v -0.013339 1.227968 0.076277
v -0.053533 1.351997 0.032008
v -0.059342 1.339954 0.033926
v -0.059892 1.317436 0.045928
v -0.025234 1.202528 0.052812
v -0.052765 1.246999 0.041843
v -0.037820 1.215935 0.047046
v -0.021952 1.210702 0.024808
v -0.029407 1.205927 0.040323
v -0.020156 1.218019 0.068177
v -0.014732 1.230964 0.076497
v -0.017902 1.287498 0.078365
v -0.047267 1.278663 0.052598
v -0.056758 1.292724 0.048263
v -0.035557 1.234907 0.064838
v -0.033409 1.219439 0.058694
v -0.013162 1.253511 0.076359
v -0.021904 1.279117 0.067792
v -0.061151 1.284959 0.036034
v -0.042782 1.281767 0.056408
v -0.020529 1.263460 0.066652
v -0.015605 1.262634 0.070612
v -0.023562 1.288069 0.074318
v -0.048937 1.281974 0.051626
v -0.051931 1.258661 0.046771
v -0.053265 1.346042 0.040435
v -0.072427 1.316009 -0.004927
v -0.054666 1.357524 -0.002299
v -0.063453 1.343964 -0.003873
v -0.050482 1.228361 0.009154
v -0.061806 1.253536 -0.000630
v -0.071005 1.290356 -0.004460
v -0.071684 1.295726 0.006253
v -0.067810 1.319201 0.026630
v -0.059766 1.349910 0.005839
v -0.051092 1.358106 0.025732
v -0.062481 1.258449 0.008801
v -0.045260 1.220488 0.021647
v -0.049533 1.230809 0.033906
v -0.011294 1.222785 0.079036
v -0.009476 1.224754 0.080731
v -0.007391 1.271179 0.076810
v -0.049688 1.267387 0.050251
v -0.016113 1.270604 0.070017
v -0.056653 1.262319 0.037303
v -0.064763 1.265631 -0.002195
v -0.065801 1.271286 0.007262
v -0.055741 1.268689 0.040055
v -0.010327 1.275588 0.075152
v -0.043055 1.222342 0.043240
v -0.038685 1.360278 0.042333
v -0.030167 1.292706 0.073833
v -0.028905 1.282323 0.064901
v -0.034474 1.374071 0.000639
v -0.028758 1.375829 0.012606
v -0.033723 1.354106 0.053645
v -0.036011 1.338575 0.063428
v -0.037117 1.291449 0.067463
v -0.038201 1.297904 0.070194
v -0.036622 1.252811 0.065971
v -0.037382 1.262996 0.058813
v -0.031277 1.255472 0.068657
v -0.009196 1.242904 0.080973
v -0.027354 1.213483 0.061235
v -0.017113 1.211281 0.068121
v -0.030388 1.228245 0.066642
v -0.029596 1.234874 -0.041594
v -0.026659 1.239094 -0.050354
v -0.042197 1.241547 -0.034666
v -0.041837 1.235528 -0.022572
v -0.057970 1.261426 -0.027156
v -0.044037 1.276183 -0.061809
v -0.065896 1.298369 -0.033621
v -0.065339 1.325107 -0.031319
v -0.054466 1.352166 -0.024008
v -0.035893 1.269970 -0.066477
v -0.039974 1.296042 -0.069529
v -0.041213 1.322390 -0.066358
v -0.062836 1.319314 -0.040661
v -0.035892 1.349670 -0.054842
v -0.055175 1.346500 -0.033020
v -0.033040 1.257263 -0.062024
v -0.043917 1.223076 0.009356
v -0.035514 1.226379 -0.010139
v -0.047970 1.239768 -0.016978
v -0.051302 1.262095 -0.044580
v -0.061800 1.273725 -0.030807
v -0.047752 1.301648 -0.063493
v -0.047678 1.328168 -0.059009
v -0.039834 1.355489 -0.045463
v -0.056928 1.267963 -0.038339
v -0.061791 1.292733 -0.042363
v -0.052826 1.255919 -0.034220
v -0.026271 1.234355 -0.032154
v -0.030910 1.228459 -0.009418
v -0.023591 1.235458 -0.041817
v -0.022060 1.218715 0.012325
v -0.034198 1.229901 -0.017122
v -0.046728 1.362528 -0.021580
v -0.031599 1.362834 -0.043196
v -0.048420 1.358199 -0.027533
v -0.028854 1.372202 -0.027358
v -0.035250 1.366780 -0.033021
v -0.020146 1.241622 0.075992
v -0.009691 1.236945 0.080160
v -0.025155 1.244236 0.074125
v -0.025218 1.240305 0.073865
v -0.008751 1.346439 0.070013
v -0.017279 1.355150 0.060937
v -0.001809 1.277658 0.082745
v -0.010113 1.299503 0.084654
v -0.006099 1.199738 0.072298
v -0.009290 1.205886 0.072056
v -0.017634 1.337732 0.072795
v -0.006093 1.195372 0.063766
v -0.012867 1.199893 0.068316
v -0.014408 1.380196 0.014644
v -0.011317 1.263292 0.073117
v -0.013194 1.267399 0.071235
v -0.002078 1.211219 0.080897
v -0.032276 1.260345 0.064235
v -0.005327 1.211054 0.077941
v -0.001411 1.228928 0.086505
v -0.001248 1.256205 0.086152
v -0.002950 1.271706 0.081412
v -0.001396 1.240288 0.096399
v -0.002460 1.251153 0.087841
v -0.008040 1.243376 -0.064861
v -0.014461 1.239489 -0.058508
v -0.005354 1.206954 0.032432
v -0.011496 1.199165 0.054140
v -0.011942 1.304183 -0.081429
v -0.021574 1.284383 -0.078368
v -0.020160 1.270651 -0.075978
v -0.016653 1.247514 -0.065592
v -0.011784 1.330755 -0.075319
v -0.023282 1.310486 -0.077842
v -0.009566 1.358660 -0.057840
v -0.021992 1.337084 -0.070115
v -0.012701 1.236570 -0.048870
v -0.006221 1.222261 0.014478
v -0.011459 1.215419 0.021206
v -0.008237 1.371618 -0.041287
v -0.017303 1.364898 -0.048768
v -0.015314 1.375456 -0.030530
v -0.002584 1.237795 0.095958
v -0.026558 1.346271 0.064050
v -0.024722 1.362750 0.049355
v -0.021573 1.379439 0.001554
v -0.012232 1.209454 0.071215
v -0.034661 1.286009 0.064067
v -0.003647 1.225323 0.085441
v -0.008004 1.240436 0.084420
v -0.003467 1.255962 0.083935
v -0.005096 1.277139 0.081094
v -0.019736 1.302663 0.081088
v -0.027500 1.313197 0.076400
v -0.001827 1.230647 0.087214
v -0.023390 1.369680 -0.038194
v -0.018521 1.204455 0.065276
v -0.018120 1.199390 0.055385
v -0.019292 1.235658 -0.051103
v -0.022400 1.243197 -0.058513
v -0.027358 1.263590 -0.069691
v -0.017632 1.236548 -0.040607
v -0.016180 1.209999 0.025264
v -0.017632 1.223456 0.009869
v -0.029618 1.277293 -0.073240
v -0.032503 1.303238 -0.074424
v -0.032322 1.329667 -0.069028
v -0.026724 1.357339 -0.053286
v -0.008343 1.364222 0.053779
v -0.007355 1.309745 0.084755
v -0.004193 1.205897 0.074566
v -0.007070 1.382489 0.002031
v -0.000980 1.225017 0.086565
v -0.000492 1.230460 0.088010
v -0.006723 1.235977 -0.056258
v -0.010878 1.277968 -0.080397
v -0.010004 1.263919 -0.076795
v -0.014458 1.274209 0.071370
v -0.052047 1.269320 0.046520
v -0.049090 1.263491 0.050527
v -0.056512 1.286435 0.044810
v -0.024360 1.283601 0.069001
v -0.010848 1.258264 0.075200
v -0.004519 1.238225 0.093797
v -0.025693 1.205964 0.058069
v -0.066352 1.292769 0.028045
v -0.071357 1.321610 0.005299
v -0.058529 1.347202 0.024656
v -0.050361 1.362211 0.008099
v -0.058033 1.255991 0.030654
v -0.042146 1.218779 0.037346
v -0.053484 1.234182 0.014505
v -0.061114 1.269561 0.027405
v -0.030682 1.368037 0.036062
v -0.012720 1.196988 0.064670
v -0.015736 1.371162 0.040793
v -0.007428 1.377881 0.028949
v -0.006429 1.196461 0.070295
v -0.019771 1.200995 0.061815
v -0.022377 1.375159 0.026414
v -0.048156 1.225914 0.025986
v -0.068517 1.288447 0.017474
v -0.059186 1.251347 0.020573
v -0.063098 1.341931 0.015172
v -0.062346 1.263875 0.018608
v -0.035735 1.370322 0.022751
v -0.055332 1.354973 0.016348
v -0.070810 1.313639 0.016452
v -0.039967 1.214685 0.034409
v -0.006839 1.260451 0.077068
v -0.016460 1.265876 0.068994
v -0.002458 1.261181 0.083221
v -0.001360 1.266467 0.082472
v -0.008573 1.266346 0.074804
v -0.003710 1.266259 0.080844
v -0.047205 1.259398 0.053416
v -0.029737 1.287806 0.069032
v -0.011071 1.270971 0.072888
v -0.053865 1.280945 0.045880
v -0.026385 1.258093 0.069284
v -0.041667 1.288636 0.061504
v -0.052549 1.264625 0.045475
v -0.014021 1.278479 0.073287
v -0.009425 1.238063 0.083149
v -0.006499 1.237405 0.090901
v -0.009912 1.235888 0.082789
v -0.047682 1.252906 0.053630
v -0.045334 1.264430 0.053724
v -0.009448 1.233400 0.080007
v -0.028901 1.234569 0.070371
v -0.001064 1.231604 0.089785
v -0.037576 1.258130 0.062909
v -0.002996 1.233911 0.092317
v -0.001914 1.232717 0.091629
v -0.009986 1.234961 0.080933
v -0.042358 1.261088 0.057273
v -0.000696 1.232547 0.092448
v -0.013256 1.235205 0.078018
v -0.031998 1.240692 0.069542
v -0.043260 1.255939 0.059059
v -0.063307 1.297910 0.038251
v -0.072624 1.303021 -0.004852
v -0.037922 1.308087 0.070620
v -0.041153 1.309191 -0.068830
v -0.062881 1.305865 -0.042105
v -0.023219 1.323707 -0.074938
v -0.004907 1.240935 0.091556
v -0.005668 1.255232 0.080042
v -0.007599 1.276417 0.078740
v -0.022550 1.293444 0.078746
v -0.070538 1.300746 0.017215
v -0.005688 1.265986 0.078240
v -0.008668 1.237520 0.086538
v -0.004479 1.260876 0.080629
v -0.068120 1.305639 0.027780
v -0.007172 1.239366 0.088622
v -0.012126 1.317615 -0.079411
v -0.033076 1.316578 -0.072739
v -0.015508 1.293070 0.081965
v -0.005766 1.243506 0.086865
v -0.071550 1.310370 -0.014659
v -0.059221 1.313474 -0.049099
v -0.059546 1.303905 0.047318
v -0.072470 1.308482 0.005760
v -0.005299 1.271426 0.079365
v -0.029446 1.300604 0.076202
v -0.001773 1.234202 0.094043
v -0.004539 1.236090 0.093045
v -0.001152 1.236175 0.096172
v -0.003091 1.235672 0.094261
v -0.007623 1.224660 0.082900
v -0.005625 1.231744 0.083278
v -0.004054 1.228985 0.084711
v -0.010944 1.280425 0.078101
v -0.018105 1.275400 0.069419
v -0.004550 1.283853 0.083629
v -0.019556 1.283884 0.072889
v -0.008381 1.282254 0.081171
v -0.009214 1.289684 0.083646
v -0.018006 1.279449 0.070910
v -0.003401 1.291732 0.085794
v -0.012816 1.285900 0.080528
v -0.015133 1.282906 0.076013
v -0.030202 1.211116 0.055944
v -0.040429 1.214853 0.022853
v -0.047079 1.246050 0.053110
v -0.042568 1.225366 0.049353
v -0.007915 1.250002 0.079163
v -0.027300 1.217304 0.009436
v -0.026271 1.225647 0.001423
v -0.028980 1.250058 0.071667
v -0.002784 1.243178 0.093044
v -0.031323 1.207257 0.048237
v -0.040033 1.248950 0.063041
v -0.004734 1.250811 0.083779
v -0.006540 1.246357 0.082659
v -0.039427 1.242768 0.062882
v -0.034732 1.211482 0.046686
v -0.001291 1.246785 0.091751
v -0.021879 1.247318 0.075450
v -0.032098 1.246221 0.069847
v -0.003865 1.246732 0.088232
v -0.030654 1.224548 -0.002240
v -0.033668 1.211940 0.024969
v -0.035732 1.217218 0.053710
v -0.041775 1.236430 0.057784
v -0.035726 1.210005 0.036349
v -0.006641 1.234823 0.088992
v -0.008273 1.234029 0.083918
v -0.003676 1.233765 0.089847
v -0.007846 1.234713 0.086950
v -0.005124 1.234518 0.090097
v -0.002239 1.231899 0.088869
v -0.005893 1.235495 0.091047
v -0.007704 1.235951 0.088632
v -0.002844 1.232835 0.090110
v -0.009067 1.235434 0.085191
v -0.009411 1.234117 0.082033
v -0.004182 1.234449 0.091636
v -0.008038 1.232760 0.081800
v -0.003600 1.231888 0.086086
v -0.003110 1.232946 0.087689
v -0.005578 1.232944 0.084083
v -0.006554 1.235417 0.085451
v -0.006032 1.234916 0.084058
v -0.003972 1.234546 0.085705
v -0.004216 1.235392 0.088243
v -0.005194 1.235648 0.087922
v -0.003499 1.234898 0.087519
v -0.006059 1.235669 0.087003
v -0.025221 1.217248 0.064670
v -0.024635 1.230168 0.071242
v -0.024383 1.252982 0.073120
v -0.028138 1.262612 0.063462
v -0.021404 1.209401 0.064388
v -0.012422 1.240299 0.078908
v -0.011330 1.203082 0.070256
v -0.016790 1.259181 0.072282
v -0.022096 1.236143 0.074449
v -0.012174 1.246515 0.078745
v -0.017586 1.250133 0.076406
v -0.018359 1.233010 0.075235
v -0.022691 1.260738 0.068205
v -0.005163 1.202921 0.073411
v -0.016151 1.243941 0.077542
v -0.016406 1.238224 0.076933
v -0.015127 1.207096 0.068481
v -0.021398 1.213895 0.065844
v -0.019970 1.255976 0.073233
v -0.020785 1.227554 0.071883
v -0.063400 1.325706 0.035807
v -0.069545 1.329711 -0.004662
v -0.037141 1.322693 0.068672
v -0.039363 1.335779 -0.062006
v -0.060503 1.332734 -0.037680
v -0.017206 1.320091 0.079599
v -0.019860 1.351106 -0.062091
v -0.068493 1.327655 0.015567
v -0.064402 1.333957 0.025308
v -0.008504 1.328585 0.079374
v -0.010830 1.344518 -0.068882
v -0.029954 1.343458 -0.063291
v -0.027142 1.329913 0.072266
v -0.065742 1.337587 -0.012613
v -0.054607 1.340418 -0.042191
v -0.066929 1.336000 0.005129
v -0.045188 1.331587 0.059558
v -0.017697 1.221645 0.071012
v -0.049203 1.234920 0.042099
v -0.057396 1.241957 0.002819
v -0.029788 1.221552 0.063483
v -0.030065 1.247201 -0.056596
v -0.048066 1.245654 -0.029449
v -0.018441 1.257637 -0.071314
v -0.055006 1.239257 0.022662
v -0.040104 1.227213 0.055173
v -0.022418 1.221116 0.067983
v -0.018463 1.224820 0.071712
v -0.035612 1.227796 0.061291
v -0.054895 1.243877 0.032025
v -0.009093 1.252321 -0.071227
v -0.047041 1.250915 -0.040065
v -0.053418 1.250275 -0.022707
v -0.025005 1.252112 -0.064401
v -0.014350 1.224185 0.074526
v -0.058936 1.246702 0.011023
v -0.025682 1.224208 0.067733
v -0.046669 1.236897 0.049822
v -0.049903 1.272951 0.049844
v -0.059245 1.274586 0.034570
v -0.068066 1.278155 -0.003648
v -0.038268 1.283342 -0.068891
v -0.059909 1.280539 -0.041162
v -0.022584 1.297262 -0.078839
v -0.065502 1.276672 0.017459
v -0.054305 1.273304 0.043223
v -0.063837 1.281267 0.027226
v -0.051516 1.276668 0.047643
v -0.011468 1.291180 -0.081709
v -0.031262 1.290338 -0.074592
v -0.068957 1.284816 -0.014031
v -0.056952 1.287345 -0.049769
v -0.057097 1.278481 0.040382
v -0.068978 1.283549 0.006650
v -0.022894 1.204656 0.040797
v -0.062184 1.260311 -0.009661
v -0.071014 1.297193 -0.014757
v -0.070296 1.323533 -0.014057
v -0.058376 1.351372 -0.010731
v -0.040190 1.227929 -0.006937
v -0.052525 1.237118 -0.000761
v -0.065913 1.272554 -0.012324
v -0.048770 1.363546 -0.009400
v -0.028400 1.376496 -0.009067
v -0.010777 1.205346 0.038025
v -0.014408 1.380768 -0.009675
v -0.066430 1.311917 -0.032952
v -0.032350 1.218356 0.008374
v -0.061283 1.338926 -0.028055
v -0.058033 1.248897 -0.006091
v -0.064431 1.285958 -0.033008
v -0.065897 1.279260 -0.022603
v -0.058176 1.255266 -0.015923
v -0.066394 1.331206 -0.021668
v -0.027534 1.211293 0.023884
v -0.069223 1.304389 -0.024161
v -0.007414 1.379762 -0.020792
v -0.005334 1.200852 0.050036
v -0.016519 1.205339 0.039259
v -0.021939 1.377001 -0.019418
v -0.052304 1.357941 -0.016438
v -0.043391 1.367106 -0.016260
v -0.037505 1.219593 0.009512
v -0.053418 1.244381 -0.011210
v -0.060595 1.345068 -0.018789
v -0.069044 1.317693 -0.023429
v -0.068155 1.291440 -0.024058
v -0.062429 1.267004 -0.019772
v -0.046446 1.231963 -0.003382
v -0.014122 1.213172 0.071025
v -0.017054 1.218803 0.070553
v -0.009134 1.228393 0.080268
v -0.007257 1.208670 0.074510
v -0.002056 1.226085 0.085971
v -0.005281 1.225906 0.084160
v -0.012966 1.222431 0.076138
v -0.011487 1.224921 0.077992
v -0.003129 1.227242 0.085324
v -0.000837 1.227166 0.086389
v -0.003003 1.208943 0.077362
v -0.007001 1.226796 0.082531
v -0.009703 1.211746 0.074270
v -0.015210 1.221328 0.072983
v -0.015131 1.216549 0.071202
v -0.002181 1.221505 0.086652
v -0.005177 1.221813 0.085242
v -0.009070 1.221448 0.082335
v -0.006976 1.219145 0.080880
v -0.003431 1.219011 0.083724
v -0.001059 1.218590 0.084702
v -0.007077 1.220714 0.083300
v -0.003447 1.220606 0.085617
v -0.001022 1.220197 0.086433
v -0.010709 1.220473 0.079792
v -0.010654 1.221774 0.080741
v -0.003607 1.222936 0.086236
v -0.001053 1.222571 0.087092
v -0.007259 1.222756 0.084011
v -0.011686 1.220860 0.078929
v -0.009195 1.219832 0.080152
v -0.005022 1.219893 0.083787
v -0.002141 1.219501 0.085315
v -0.009383 1.223128 0.081917
v -0.012030 1.221460 0.078286
v -0.002202 1.224022 0.086574
v -0.005399 1.224071 0.084969
v -0.011573 1.216933 0.076365
v -0.002154 1.211876 0.082376
v -0.007417 1.213769 0.079284
v -0.002834 1.217603 0.083900
v -0.009143 1.218243 0.079205
v -0.005307 1.214890 0.082760
v -0.012921 1.217441 0.073359
v -0.002597 1.219266 0.083118
v -0.010023 1.219607 0.076733
v -0.010301 1.215311 0.076301
v -0.012226 1.218602 0.075222
v -0.005879 1.218721 0.081435
v -0.009579 1.216171 0.079365
v -0.002487 1.213358 0.083559
v -0.007397 1.214698 0.080836
v -0.002833 1.215605 0.084155
v -0.008139 1.216492 0.080914
v -0.009561 1.215411 0.078580
v -0.010576 1.217381 0.078298
v -0.004744 1.213076 0.081861
v -0.005811 1.217045 0.082534
v -0.011696 1.214692 0.073742
v -0.015653 1.219490 0.071364
v -0.007539 1.213357 0.077567
v -0.013734 1.220716 0.074427
v -0.012030 1.219420 0.075210
v -0.012585 1.220205 0.076367
v -0.004535 1.212186 0.080430
v -0.046420 1.316009 0.062623
v -0.045170 1.294623 0.063287
v -0.036744 1.283134 0.060629
v -0.042436 1.346296 0.053555
v -0.048352 1.357353 0.034307
v -0.044736 1.367591 -0.000603
v -0.036066 1.232326 -0.027488
v -0.033838 1.242653 -0.048051
v -0.054723 1.274922 -0.047960
v -0.040989 1.262937 -0.058484
v -0.058496 1.299878 -0.050141
v -0.058254 1.326637 -0.046610
v -0.048637 1.353636 -0.035905
v -0.030910 1.231502 -0.021152
v -0.043471 1.363340 -0.027489
v -0.046230 1.364421 0.019245
v -0.050103 1.285999 0.052469
v -0.048553 1.315066 -0.062194
v -0.046439 1.303361 0.063687
v -0.044532 1.341953 -0.053849
v -0.057681 1.332647 0.043663
v -0.037564 1.251619 -0.053585
v -0.046160 1.288924 -0.063361
v -0.034114 1.372537 -0.017570
v -0.038937 1.368230 -0.023879
v -0.051148 1.281905 -0.056120
v -0.040699 1.246529 -0.044592
v -0.053354 1.324477 0.053365
v -0.052191 1.334204 -0.050913
v -0.053992 1.309847 0.055304
v -0.054273 1.307469 -0.056678
v -0.042442 1.363810 0.030632
v -0.043203 1.285020 0.057703
v -0.039290 1.370965 -0.008998
v -0.041915 1.360454 -0.035950
v -0.031304 1.233469 -0.031025
v -0.044779 1.256593 -0.049638
v -0.047630 1.348014 -0.044959
v -0.054337 1.320806 -0.054708
v -0.052985 1.294319 -0.057088
v -0.048444 1.268957 -0.053671
v -0.036021 1.238021 -0.038566
v -0.052888 1.298434 0.056068
v -0.040416 1.369870 0.010375
v -0.046233 1.352844 0.043680
v -0.050612 1.339412 0.049846
v -0.049252 1.290484 0.056541
v -0.041623 1.273535 0.057880
v -0.037230 1.276949 0.061227
v -0.033213 1.273403 0.063676
v -0.037572 1.270090 0.060580
v -0.028938 1.276195 0.065838
v -0.024556 1.272305 0.067449
v -0.028738 1.269600 0.065285
v -0.040522 1.279821 0.058417
v -0.044959 1.276528 0.054765
v -0.046148 1.270009 0.053579
v -0.041916 1.266811 0.056739
v -0.033151 1.279974 0.063385
v -0.032966 1.266317 0.062409
v -0.024820 1.278193 0.067202
v -0.024190 1.266000 0.066118
v -0.020721 1.274354 0.068851
v -0.020113 1.268573 0.068366
v -0.006221 1.237739 -0.045200
v 0.030701 1.205994 0.044820
v 0.044997 1.231242 0.049429
v 0.029985 1.296155 0.075306
v 0.025690 1.220888 0.066067
v 0.006306 1.271297 0.078179
v 0.018693 1.285680 0.075708
v 0.054350 1.263248 0.042369
v 0.053660 1.288876 0.050254
v 0.014872 1.256597 0.074504
v 0.055695 1.339596 0.042203
v 0.050609 1.352123 0.038118
v 0.072312 1.302060 0.006015
v 0.055221 1.356508 0.006861
v 0.045474 1.366493 0.009269
v 0.064143 1.264814 0.007925
v 0.069546 1.328738 0.005155
v 0.056542 1.240672 0.012545
v 0.016294 1.215952 0.070213
v 0.016232 1.221574 0.072120
v 0.067406 1.277507 0.006874
v 0.056572 1.273801 0.039629
v 0.009052 1.271087 0.074812
v 0.010926 1.210653 0.072693
v 0.006411 1.228972 0.082746
v 0.030037 1.290162 0.071520
v 0.046016 1.298564 0.063683
v 0.045887 1.224283 0.035181
v 0.037432 1.255600 0.064461
v 0.039625 1.219807 0.049162
v 0.024000 1.213340 0.063856
v 0.026188 1.257487 -0.067161
v 0.044256 1.233834 -0.012590
v 0.031762 1.238693 -0.044907
v 0.024924 1.363950 -0.046329
v 0.053156 1.268443 -0.046452
v 0.064109 1.266370 -0.011105
v 0.057798 1.293491 -0.050132
v 0.070148 1.290922 -0.014514
v 0.059022 1.320061 -0.048069
v 0.071253 1.316895 -0.014440
v 0.051793 1.347249 -0.039307
v 0.062404 1.344557 -0.011665
v 0.050933 1.245132 -0.020197
v 0.039303 1.256954 -0.056160
v 0.036472 1.222854 0.000298
v 0.026785 1.221475 0.005430
v 0.033488 1.231914 -0.024320
v 0.037266 1.361673 -0.039707
v 0.034205 1.373840 -0.008961
v 0.050559 1.357924 -0.022327
v 0.003595 1.251036 0.086049
v 0.051044 1.266012 0.047969
v 0.016916 1.289981 0.080371
v 0.046458 1.283729 0.054496
v 0.021651 1.378892 -0.009361
v 0.021768 1.378309 0.013717
v 0.026970 1.338101 0.068766
v 0.020890 1.239341 -0.054954
v 0.028535 1.270358 -0.071746
v 0.031935 1.296733 -0.074675
v 0.032904 1.323100 -0.071112
v 0.028423 1.350444 -0.058924
v 0.018462 1.236103 -0.045855
v 0.016906 1.216727 0.017567
v 0.017249 1.201656 0.048217
v 0.016854 1.205853 0.066967
v 0.034767 1.249631 0.067786
v 0.012794 1.237606 0.078466
v 0.012222 1.243307 0.079046
v 0.019137 1.199484 0.059552
v 0.005664 1.201371 0.072895
v 0.006332 1.195256 0.067909
v 0.007882 1.371967 0.042161
v 0.003598 1.207468 0.075779
v 0.000941 1.225929 0.086379
v 0.007404 1.239573 -0.060773
v 0.005344 1.203903 0.041234
v 0.011723 1.297627 -0.081759
v 0.010464 1.270855 -0.078902
v 0.009552 1.257731 -0.074144
v 0.012033 1.324175 -0.077613
v 0.010226 1.351589 -0.064045
v 0.006472 1.236858 -0.050729
v 0.005788 1.214608 0.023455
v 0.008870 1.365533 -0.050200
v 0.000523 1.231500 0.090051
v 0.025796 1.354665 0.057741
v 0.001254 1.251250 0.088857
v 0.018672 1.261410 0.069603
v 0.052105 1.273060 0.046543
v 0.007758 1.376364 -0.031355
v 0.005315 1.300355 0.085961
v 0.001525 1.271839 0.082052
v 0.008646 1.355489 0.062989
v 0.008675 1.337536 0.075326
v 0.013476 1.270803 0.071339
v 0.029344 1.285166 0.066856
v 0.037512 1.260576 0.060983
v 0.013823 1.264625 0.071078
v 0.003705 1.237053 0.094578
v 0.008450 1.239036 0.085629
v 0.007150 1.381306 0.015216
v 0.006357 1.198058 0.071575
v 0.019529 1.202748 0.063592
v 0.023466 1.369806 0.038644
v 0.049649 1.227216 0.017251
v 0.062491 1.275623 0.027006
v 0.052568 1.237497 0.032858
v 0.066476 1.326595 0.025935
v 0.059627 1.262842 0.028826
v 0.047056 1.361390 0.027892
v 0.054913 1.353210 0.024838
v 0.067429 1.299120 0.028035
v 0.030662 1.208766 0.052309
v 0.001276 1.261287 0.083924
v 0.008990 1.261796 0.075095
v 0.005535 1.260537 0.078922
v 0.020656 1.281645 0.070268
v 0.001640 1.231732 0.089389
v 0.009954 1.236553 0.081618
v 0.046224 1.261947 0.053705
v 0.000930 1.234205 0.094594
v 0.013809 1.233141 0.077521
v 0.044288 1.247982 0.057808
v 0.048130 1.256598 0.052870
v 0.003490 1.261067 0.082095
v 0.068307 1.312258 0.027285
v 0.005774 1.239043 0.091571
v 0.012086 1.310902 -0.080668
v 0.032913 1.309910 -0.073815
v 0.013391 1.296587 0.083342
v 0.005976 1.250404 0.081372
v 0.071470 1.303743 -0.014782
v 0.059004 1.306646 -0.049790
v 0.046570 1.309172 0.063358
v 0.072242 1.314920 0.005512
v 0.004199 1.271564 0.080478
v 0.028501 1.306236 0.076670
v 0.001309 1.238098 0.096904
v 0.002460 1.234113 0.093273
v 0.002459 1.228958 0.085887
v 0.006618 1.283153 0.082513
v 0.015974 1.277049 0.071244
v 0.002314 1.284209 0.084357
v 0.009750 1.281326 0.079749
v 0.012367 1.279549 0.075687
v 0.007250 1.243177 0.083632
v 0.034241 1.237988 0.067094
v 0.038468 1.214639 0.041459
v 0.001356 1.243148 0.094481
v 0.012362 1.249990 0.077788
v 0.028928 1.242897 0.071962
v 0.004285 1.243428 0.090249
v 0.033212 1.227419 -0.009778
v 0.027402 1.214281 0.016683
v 0.031498 1.214960 0.057739
v 0.034801 1.223769 0.059850
v 0.040584 1.214733 0.028299
v 0.006825 1.235778 0.090038
v 0.009350 1.234823 0.083463
v 0.003412 1.233618 0.091193
v 0.009459 1.233687 0.080940
v 0.008497 1.235813 0.086979
v 0.005025 1.235032 0.091592
v 0.002739 1.232185 0.088354
v 0.005718 1.232131 0.083687
v 0.005127 1.234232 0.084461
v 0.004820 1.235231 0.088624
v 0.003751 1.234777 0.088457
v 0.005924 1.235373 0.087867
v 0.003370 1.234218 0.086957
v 0.006745 1.235269 0.086493
v 0.006916 1.234923 0.084330
v 0.023168 1.250198 0.074473
v 0.023480 1.233172 0.072969
v 0.027273 1.260399 0.066542
v 0.004694 1.204400 0.073867
v 0.020695 1.244413 0.075968
v 0.020800 1.238942 0.075475
v 0.013605 1.208277 0.069850
v 0.019314 1.214585 0.067589
v 0.025442 1.255621 0.071440
v 0.019758 1.221459 0.069622
v 0.061726 1.340797 0.024851
v 0.008240 1.319300 0.082511
v 0.011367 1.337545 -0.072519
v 0.031298 1.336483 -0.066533
v 0.027218 1.321432 0.074838
v 0.068424 1.330496 -0.013436
v 0.056786 1.333465 -0.044638
v 0.063674 1.343055 0.005298
v 0.059105 1.325067 0.044893
v 0.016630 1.228042 0.074211
v 0.035936 1.231508 0.062927
v 0.056601 1.249818 0.031442
v 0.008598 1.247578 -0.068242
v 0.035760 1.246903 -0.050911
v 0.055755 1.255671 -0.025002
v 0.023761 1.247398 -0.061590
v 0.011952 1.226562 0.077336
v 0.060853 1.252503 0.009777
v 0.025352 1.227237 0.069477
v 0.047574 1.242021 0.050753
v 0.065164 1.286878 0.027614
v 0.050537 1.279650 0.049347
v 0.011200 1.284708 -0.081293
v 0.030510 1.283926 -0.074152
v 0.067535 1.278708 -0.013300
v 0.055959 1.281207 -0.049057
v 0.057342 1.282781 0.041812
v 0.070493 1.289579 0.006458
v 0.063275 1.279878 -0.032110
v 0.060211 1.254511 -0.008038
v 0.063709 1.331964 -0.029875
v 0.028344 1.207961 0.033003
v 0.066297 1.305101 -0.033408
v 0.007173 1.381872 -0.009836
v 0.005743 1.197511 0.057509
v 0.016349 1.207669 0.032261
v 0.022446 1.373991 -0.029103
v 0.053685 1.357916 -0.009950
v 0.034310 1.370304 -0.025597
v 0.038895 1.216928 0.016814
v 0.055583 1.243272 -0.003801
v 0.058132 1.345737 -0.026021
v 0.066181 1.318510 -0.032301
v 0.065287 1.292042 -0.033502
v 0.060010 1.267510 -0.029124
v 0.048564 1.230118 0.003512
v 0.011327 1.223708 0.078539
v 0.003492 1.226094 0.085258
v 0.000641 1.228860 0.086837
v 0.002508 1.210161 0.079099
v 0.007371 1.225477 0.082632
v 0.008589 1.212619 0.075905
v 0.014477 1.221029 0.073630
v 0.014052 1.217060 0.072196
v 0.003525 1.221712 0.086128
v 0.001040 1.221319 0.086934
v 0.007148 1.221710 0.083920
v 0.010571 1.221120 0.080680
v 0.003643 1.224142 0.085948
v 0.001029 1.223813 0.086916
v 0.007424 1.223734 0.083595
v 0.012675 1.220737 0.076843
v 0.003422 1.219737 0.084762
v 0.001031 1.219319 0.085644
v 0.011215 1.219921 0.077884
v 0.010936 1.222307 0.080073
v 0.007023 1.219878 0.082215
v 0.002687 1.214451 0.083955
v 0.007723 1.215545 0.081081
v 0.012187 1.217196 0.074919
v 0.002093 1.211486 0.081656
v 0.007482 1.213530 0.078415
v 0.002730 1.218458 0.083543
v 0.009529 1.218935 0.078073
v 0.010784 1.216617 0.077827
v 0.002295 1.212491 0.083021
v 0.007353 1.214136 0.080158
v 0.002877 1.216661 0.084124
v 0.008669 1.217418 0.080211
v 0.042968 1.365790 -0.022323
v 0.045196 1.282642 -0.062785
v 0.044736 1.246109 -0.037559
v 0.045979 1.323704 0.061390
v 0.046361 1.334995 -0.056736
v 0.060010 1.310368 0.046766
v 0.048301 1.308346 -0.063055
v 0.037014 1.366008 0.033378
v 0.039305 1.285878 0.060954
v 0.044032 1.367736 -0.009115
v 0.045583 1.359188 -0.031937
v 0.027934 1.234615 -0.036874
v 0.049240 1.256228 -0.042418
v 0.042322 1.348837 -0.050146
v 0.048384 1.321601 -0.060834
v 0.047018 1.295203 -0.063591
v 0.042604 1.269485 -0.060379
v 0.039290 1.236967 -0.031211
v 0.058561 1.297962 0.047591
v 0.034933 1.372970 0.011482
v 0.040581 1.353519 0.048895
v 0.043999 1.339056 0.057009
v 0.043660 1.291461 0.062400
v 0.043933 1.279309 0.055571
v 0.045768 1.273293 0.054041
v 0.045937 1.267085 0.053524
v 0.036988 1.280103 0.061025
v 0.037452 1.273588 0.061081
v 0.037526 1.266550 0.059777
v 0.028935 1.279296 0.065487
v 0.028886 1.272962 0.065768
v 0.028472 1.266134 0.064463
v 0.021270 1.276848 0.068445
v 0.020307 1.271494 0.068814
v 0.020210 1.265916 0.067601
v -0.030701 1.205994 0.044820
v -0.044997 1.231242 0.049429
v -0.029985 1.296155 0.075306
v -0.025690 1.220888 0.066067
v -0.006306 1.271297 0.078179
v -0.018693 1.285681 0.075708
v -0.054350 1.263248 0.042369
v -0.053660 1.288876 0.050254
v -0.014872 1.256597 0.074504
v -0.055695 1.339596 0.042203
v -0.050609 1.352123 0.038118
v -0.072312 1.302060 0.006015
v -0.055221 1.356508 0.006861
v -0.045474 1.366493 0.009269
v -0.064143 1.264814 0.007925
v -0.069546 1.328738 0.005155
v -0.056542 1.240672 0.012545
v -0.016294 1.215952 0.070213
v -0.016232 1.221574 0.072120
v -0.067406 1.277506 0.006874
v -0.056572 1.273801 0.039629
v -0.009052 1.271087 0.074812
v -0.010926 1.210653 0.072693
v -0.006411 1.228972 0.082746
v -0.030037 1.290162 0.071520
v -0.046016 1.298564 0.063683
v -0.045887 1.224283 0.035181
v -0.037432 1.255600 0.064461
v -0.039625 1.219807 0.049162
v -0.024000 1.213340 0.063856
v -0.026188 1.257487 -0.067161
v -0.044256 1.233834 -0.012590
v -0.031762 1.238693 -0.044907
v -0.024924 1.363950 -0.046329
v -0.053156 1.268443 -0.046452
v -0.064109 1.266370 -0.011105
v -0.057798 1.293491 -0.050132
v -0.070148 1.290922 -0.014514
v -0.059022 1.320061 -0.048069
v -0.071253 1.316895 -0.014440
v -0.051793 1.347249 -0.039307
v -0.062404 1.344557 -0.011665
v -0.050933 1.245132 -0.020197
v -0.039303 1.256954 -0.056160
v -0.036472 1.222854 0.000298
v -0.026785 1.221475 0.005430
v -0.033488 1.231914 -0.024320
v -0.037266 1.361673 -0.039707
v -0.034205 1.373840 -0.008961
v -0.050559 1.357924 -0.022327
v -0.003595 1.251036 0.086049
v -0.051044 1.266012 0.047969
v -0.016916 1.289981 0.080371
v -0.046458 1.283729 0.054496
v -0.021651 1.378892 -0.009361
v -0.021768 1.378309 0.013717
v -0.026970 1.338101 0.068766
v -0.020890 1.239341 -0.054954
v -0.028535 1.270358 -0.071746
v -0.031935 1.296732 -0.074675
v -0.032904 1.323100 -0.071112
v -0.028423 1.350444 -0.058924
v -0.018462 1.236103 -0.045855
v -0.016906 1.216727 0.017567
v -0.017249 1.201656 0.048217
v -0.016854 1.205853 0.066967
v -0.034767 1.249631 0.067786
v -0.012794 1.237606 0.078466
v -0.012222 1.243307 0.079046
v -0.019137 1.199484 0.059552
v -0.005664 1.201371 0.072895
v -0.006332 1.195256 0.067909
v -0.007882 1.371967 0.042161
v -0.003598 1.207468 0.075779
v -0.000941 1.225929 0.086379
v -0.007404 1.239573 -0.060773
v -0.005344 1.203903 0.041234
v -0.011723 1.297627 -0.081759
v -0.010464 1.270856 -0.078902
v -0.009552 1.257731 -0.074144
v -0.012033 1.324175 -0.077613
v -0.010226 1.351589 -0.064045
v -0.006472 1.236858 -0.050729
v -0.005788 1.214607 0.023455
v -0.008870 1.365533 -0.050200
v -0.000523 1.231500 0.090051
v -0.025796 1.354665 0.057741
v -0.001254 1.251250 0.088857
v -0.018672 1.261410 0.069603
v -0.052105 1.273059 0.046543
v -0.007758 1.376364 -0.031355
v -0.005315 1.300355 0.085961
v -0.001525 1.271839 0.082052
v -0.008646 1.355489 0.062989
v -0.008675 1.337536 0.075326
v -0.013476 1.270803 0.071339
v -0.029344 1.285166 0.066856
v -0.037512 1.260576 0.060983
v -0.013823 1.264625 0.071078
v -0.003705 1.237053 0.094578
v -0.008450 1.239036 0.085629
v -0.007150 1.381305 0.015216
v -0.006357 1.198058 0.071575
v -0.019529 1.202748 0.063592
v -0.023466 1.369807 0.038644
v -0.049649 1.227216 0.017251
v -0.062491 1.275623 0.027006
v -0.052568 1.237497 0.032858
v -0.066476 1.326595 0.025935
v -0.059627 1.262841 0.028826
v -0.047056 1.361390 0.027892
v -0.054913 1.353210 0.024838
v -0.067429 1.299120 0.028035
v -0.030662 1.208766 0.052309
v -0.001276 1.261287 0.083924
v -0.008990 1.261796 0.075095
v -0.005535 1.260537 0.078922
v -0.020656 1.281645 0.070268
v -0.001640 1.231732 0.089389
v -0.009954 1.236553 0.081618
v -0.046224 1.261947 0.053705
v -0.000930 1.234205 0.094594
v -0.013809 1.233141 0.077521
v -0.044288 1.247982 0.057808
v -0.048130 1.256598 0.052870
v -0.003490 1.261067 0.082095
v -0.068307 1.312258 0.027285
v -0.005774 1.239043 0.091571
v -0.012086 1.310902 -0.080668
v -0.032913 1.309910 -0.073815
v -0.013391 1.296587 0.083342
v -0.005976 1.250404 0.081372
v -0.071470 1.303743 -0.014782
v -0.059004 1.306646 -0.049790
v -0.046570 1.309172 0.063358
v -0.072242 1.314920 0.005512
v -0.004199 1.271564 0.080478
v -0.028501 1.306236 0.076670
v -0.001309 1.238098 0.096904
v -0.002460 1.234113 0.093273
v -0.002459 1.228958 0.085887
v -0.006618 1.283153 0.082513
v -0.015974 1.277049 0.071244
v -0.002314 1.284209 0.084357
v -0.009750 1.281327 0.079749
v -0.012367 1.279549 0.075687
v -0.007250 1.243177 0.083632
v -0.034241 1.237988 0.067094
v -0.038468 1.214638 0.041459
v -0.001356 1.243148 0.094481
v -0.012362 1.249990 0.077788
v -0.028928 1.242897 0.071962
v -0.004285 1.243428 0.090249
v -0.033212 1.227419 -0.009778
v -0.027402 1.214281 0.016683
v -0.031498 1.214960 0.057739
v -0.034801 1.223769 0.059850
v -0.040584 1.214733 0.028299
v -0.006813 1.235809 0.090033
v -0.009363 1.234768 0.083464
v -0.003408 1.233636 0.091188
v -0.009459 1.233687 0.080940
v -0.008489 1.235836 0.086972
v -0.005017 1.235059 0.091587
v -0.002739 1.232185 0.088354
v -0.005718 1.232131 0.083687
v -0.005127 1.234232 0.084461
v -0.004807 1.235271 0.088616
v -0.003746 1.234804 0.088450
v -0.005906 1.235420 0.087858
v -0.003370 1.234218 0.086957
v -0.006733 1.235304 0.086483
v -0.006935 1.234841 0.084331
v -0.023168 1.250199 0.074473
v -0.023480 1.233172 0.072969
v -0.027273 1.260399 0.066542
v -0.004694 1.204400 0.073867
v -0.020695 1.244413 0.075968
v -0.020800 1.238942 0.075475
v -0.013605 1.208277 0.069850
v -0.019314 1.214585 0.067589
v -0.025442 1.255621 0.071440
v -0.019758 1.221459 0.069622
v -0.061726 1.340797 0.024851
v -0.008240 1.319300 0.082511
v -0.011367 1.337545 -0.072519
v -0.031298 1.336483 -0.066534
v -0.027218 1.321432 0.074838
v -0.068424 1.330496 -0.013436
v -0.056786 1.333465 -0.044638
v -0.063674 1.343055 0.005298
v -0.059105 1.325067 0.044893
v -0.016630 1.228042 0.074211
v -0.035936 1.231508 0.062927
v -0.056601 1.249819 0.031442
v -0.008598 1.247578 -0.068242
v -0.035760 1.246903 -0.050911
v -0.055755 1.255671 -0.025002
v -0.023761 1.247398 -0.061590
v -0.011952 1.226562 0.077336
v -0.060853 1.252502 0.009777
v -0.025352 1.227237 0.069477
v -0.047574 1.242021 0.050753
v -0.065164 1.286878 0.027614
v -0.050537 1.279650 0.049347
v -0.011200 1.284708 -0.081293
v -0.030510 1.283926 -0.074152
v -0.067535 1.278708 -0.013300
v -0.055959 1.281208 -0.049057
v -0.057342 1.282781 0.041812
v -0.070493 1.289579 0.006458
v -0.063275 1.279878 -0.032110
v -0.060211 1.254511 -0.008038
v -0.063709 1.331964 -0.029875
v -0.028344 1.207961 0.033003
v -0.066297 1.305101 -0.033408
v -0.007173 1.381872 -0.009836
v -0.005743 1.197511 0.057509
v -0.016349 1.207669 0.032261
v -0.022446 1.373991 -0.029103
v -0.053685 1.357916 -0.009950
v -0.034310 1.370304 -0.025597
v -0.038895 1.216928 0.016814
v -0.055583 1.243272 -0.003801
v -0.058132 1.345737 -0.026021
v -0.066181 1.318510 -0.032301
v -0.065287 1.292042 -0.033502
v -0.060010 1.267510 -0.029124
v -0.048564 1.230118 0.003512
v -0.011327 1.223708 0.078539
v -0.003492 1.226094 0.085258
v -0.000641 1.228860 0.086837
v -0.002508 1.210161 0.079099
v -0.007371 1.225477 0.082632
v -0.008589 1.212619 0.075905
v -0.014477 1.221029 0.073630
v -0.014052 1.217060 0.072196
v -0.003525 1.221712 0.086128
v -0.001040 1.221319 0.086934
v -0.007148 1.221710 0.083920
v -0.010571 1.221120 0.080680
v -0.003643 1.224142 0.085948
v -0.001029 1.223813 0.086916
v -0.007424 1.223734 0.083595
v -0.012675 1.220737 0.076843
v -0.003422 1.219737 0.084762
v -0.001031 1.219319 0.085644
v -0.011215 1.219921 0.077884
v -0.010936 1.222307 0.080073
v -0.007023 1.219878 0.082215
v -0.002687 1.214451 0.083955
v -0.007723 1.215545 0.081081
v -0.012187 1.217196 0.074919
v -0.002093 1.211486 0.081656
v -0.007482 1.213530 0.078415
v -0.002730 1.218458 0.083543
v -0.009529 1.218935 0.078073
v -0.010784 1.216617 0.077827
v -0.002295 1.212491 0.083021
v -0.007353 1.214136 0.080158
v -0.002877 1.216661 0.084124
v -0.008669 1.217418 0.080211
v -0.042968 1.365790 -0.022323
v -0.045196 1.282642 -0.062785
v -0.044736 1.246109 -0.037559
v -0.045979 1.323704 0.061390
v -0.046361 1.334995 -0.056736
v -0.060010 1.310368 0.046766
v -0.048301 1.308346 -0.063055
v -0.037014 1.366008 0.033378
v -0.039305 1.285878 0.060954
v -0.044032 1.367736 -0.009115
v -0.045583 1.359188 -0.031937
v -0.027934 1.234615 -0.036874
v -0.049240 1.256228 -0.042418
v -0.042322 1.348837 -0.050146
v -0.048384 1.321601 -0.060834
v -0.047018 1.295203 -0.063591
v -0.042604 1.269485 -0.060379
v -0.039290 1.236967 -0.031211
v -0.058561 1.297961 0.047591
v -0.034933 1.372970 0.011482
v -0.040581 1.353519 0.048895
v -0.043999 1.339056 0.057009
v -0.043660 1.291461 0.062400
v -0.043933 1.279309 0.055571
v -0.045768 1.273293 0.054041
v -0.045937 1.267085 0.053524
v -0.036988 1.280103 0.061025
v -0.037452 1.273588 0.061081
v -0.037526 1.266549 0.059777
v -0.028935 1.279296 0.065487
v -0.028886 1.272962 0.065768
v -0.028472 1.266134 0.064463
v -0.021270 1.276848 0.068445
v -0.020307 1.271493 0.068814
v -0.020210 1.265916 0.067601
v 0.023090 1.225408 0.006964
v 0.022642 1.237036 -0.036738
v 0.031927 1.231344 -0.014818
v 0.012376 1.238763 -0.043612
v 0.012495 1.223815 0.013689
v 0.000000 1.223246 0.016052
v 0.029990 1.228042 -0.003124
v 0.008731 1.220434 0.077865
v 0.004400 1.220339 0.081943
v 0.001648 1.219905 0.083485
v 0.000000 1.219693 0.083918
v 0.013325 1.220365 0.071353
v -0.000000 1.218536 0.082485
v 0.005085 1.218469 0.079867
v 0.029344 1.234448 -0.026598
v 0.000000 1.239374 -0.046036
v -0.023090 1.225408 0.006964
v -0.022642 1.237036 -0.036738
v -0.031927 1.231344 -0.014818
v -0.012376 1.238763 -0.043612
v -0.012495 1.223815 0.013689
v -0.029990 1.228042 -0.003124
v -0.008731 1.220434 0.077865
v -0.004400 1.220339 0.081943
v -0.001648 1.219905 0.083485
v -0.013325 1.220365 0.071353
v -0.005085 1.218469 0.079867
v -0.029344 1.234448 -0.026598
v 0.026495 1.235828 -0.031976
v 0.031592 1.229671 -0.008857
v 0.006372 1.223391 0.015452
v 0.017883 1.238025 -0.040673
v 0.018135 1.224495 0.010827
v 0.027122 1.226578 0.002235
v 0.006397 1.220383 0.080262
v 0.002839 1.220145 0.082941
v 0.000716 1.219743 0.083806
v 0.002085 1.218503 0.081933
v 0.009108 1.218821 0.075842
v 0.011285 1.220639 0.074752
v 0.031144 1.232943 -0.020808
v 0.006327 1.239219 -0.045421
v -0.026495 1.235828 -0.031976
v -0.031592 1.229671 -0.008857
v -0.006372 1.223391 0.015452
v -0.017883 1.238025 -0.040673
v -0.018135 1.224495 0.010827
v -0.027122 1.226578 0.002235
v -0.006397 1.220383 0.080262
v -0.002839 1.220145 0.082941
v -0.000716 1.219743 0.083806
v -0.002085 1.218503 0.081934
v -0.009108 1.218821 0.075842
v -0.011285 1.220639 0.074752
v -0.031144 1.232943 -0.020808
v -0.006327 1.239219 -0.045422
vn 0.7657 -0.6246 0.1535
vn 0.7468 -0.6252 0.2269
vn 0.5845 -0.8114 0.0101
vn 0.6373 -0.7704 -0.0156
vn 0.7161 -0.6162 0.3277
vn 0.5481 -0.8335 0.0695
vn 0.2759 -0.9405 -0.1983
vn 0.3295 -0.9213 -0.2062
vn 0.4151 -0.8869 -0.2028
vn 0.7930 -0.2947 0.5332
vn 0.7829 -0.3419 0.5198
vn 0.8541 -0.3237 0.4071
vn 0.8627 -0.2637 0.4315
vn 0.7693 -0.4058 0.4934
vn 0.8356 -0.4016 0.3748
vn 0.8761 -0.4055 0.2608
vn 0.8982 -0.3273 0.2935
vn 0.9099 -0.2617 0.3218
vn 0.5930 -0.0237 0.8048
vn 0.4995 -0.0515 0.8648
vn 0.5124 -0.2106 0.8325
vn 0.5928 -0.1653 0.7882
vn 0.4281 -0.1065 0.8974
vn 0.4573 -0.2705 0.8472
vn 0.4838 -0.4991 0.7190
vn 0.5083 -0.4541 0.7317
vn 0.5611 -0.3958 0.7270
vn 0.4232 -0.3899 0.8178
vn 0.4600 -0.3516 0.8153
vn 0.4988 -0.3756 0.7811
vn 0.4733 -0.3966 0.7865
vn 0.5060 -0.3157 0.8027
vn 0.5318 -0.3474 0.7723
vn 0.6105 -0.3793 0.6953
vn 0.5965 -0.3819 0.7059
vn 0.5903 -0.3803 0.7120
vn 0.7958 0.0092 0.6055
vn 0.8081 -0.0140 0.5888
vn 0.7540 -0.1658 0.6356
vn 0.7208 -0.1378 0.6793
vn 0.7618 -0.0085 0.6478
vn 0.7574 -0.1757 0.6289
vn 0.7011 -0.3478 0.6225
vn 0.6594 -0.3268 0.6771
vn 0.6047 -0.2909 0.7414
vn 0.5549 -0.5164 0.6522
vn 0.5184 -0.5884 0.6206
vn 0.5163 -0.6308 0.5793
vn 0.5719 -0.5783 0.5818
vn 0.4805 -0.6302 0.6099
vn 0.4820 -0.6477 0.5901
vn 0.4898 -0.5309 0.6915
vn 0.5367 -0.5341 0.6532
vn 0.8581 -0.0399 0.5119
vn 0.8524 -0.0013 0.5229
vn 0.8852 -0.0270 0.4645
vn 0.8833 -0.0703 0.4635
vn 0.8177 0.0543 0.5731
vn 0.8661 -0.0059 0.4998
vn 0.9065 -0.1130 0.4069
vn 0.9234 -0.0926 0.3726
vn 0.9151 -0.1180 0.3857
vn 0.5762 -0.4764 0.6642
vn 0.6600 -0.3875 0.6436
vn 0.7396 -0.3580 0.5700
vn 0.6517 -0.4316 0.6237
vn 0.7260 -0.2936 0.6219
vn 0.7978 -0.2844 0.5316
vn 0.8715 -0.2268 0.4348
vn 0.8134 -0.2688 0.5158
vn 0.7348 -0.2967 0.6099
vn 0.3030 0.5931 0.7460
vn 0.3414 0.5190 0.7836
vn 0.2970 0.4267 0.8542
vn 0.2878 0.4714 0.8336
vn 0.4339 0.3861 0.8140
vn 0.4123 0.3236 0.8516
vn 0.5629 0.2572 0.7855
vn 0.2750 0.3440 0.8978
vn 0.2769 0.3619 0.8901
vn 0.7459 0.2817 0.6035
vn 0.8309 0.2861 0.4772
vn 0.8057 0.3772 0.4567
vn 0.7186 0.3819 0.5812
vn 0.8874 0.3011 0.3490
vn 0.8622 0.3847 0.3296
vn 0.8329 0.4550 0.3151
vn 0.7732 0.4577 0.4389
vn 0.6827 0.4754 0.5550
vn 0.7272 0.5434 0.4194
vn 0.6332 0.5788 0.5139
vn 0.7956 0.5233 0.3052
vn 0.7425 0.6035 0.2907
vn 0.6655 0.6528 0.3620
vn 0.5739 0.6974 0.4293
vn 0.9811 -0.0143 0.1931
vn 0.9753 -0.0842 0.2041
vn 0.9944 -0.0611 0.0862
vn 0.9965 0.0053 0.0832
vn 0.9645 -0.1581 0.2115
vn 0.9861 -0.1410 0.0884
vn 0.9912 -0.1258 -0.0419
vn 0.9977 -0.0497 -0.0464
vn 0.9988 0.0141 -0.0467
vn 0.7287 0.6721 0.1314
vn 0.8104 0.5732 0.1211
vn 0.7978 0.6005 0.0535
vn 0.7180 0.6934 0.0605
vn 0.8570 0.4993 0.1277
vn 0.8494 0.5247 0.0571
vn 0.8391 0.5433 -0.0273
vn 0.7852 0.6188 -0.0230
vn 0.7087 0.7054 -0.0123
vn 0.5291 0.8252 0.1978
vn 0.6193 0.7682 0.1624
vn 0.6162 0.7835 0.0802
vn 0.5331 0.8399 0.1015
vn 0.6129 0.7901 0.0026
vn 0.5321 0.8466 0.0131
vn 0.9556 -0.2133 0.2033
vn 0.9608 -0.2020 0.1900
vn 0.9672 -0.2370 0.0908
vn 0.9661 -0.2394 0.0966
vn 0.9618 -0.2114 0.1740
vn 0.9679 -0.2350 0.0890
vn 0.9609 -0.2717 -0.0540
vn 0.9620 -0.2712 -0.0308
vn 0.9653 -0.2604 -0.0174
vn 0.9235 0.3522 0.1521
vn 0.9495 0.2657 0.1669
vn 0.9539 0.2900 0.0769
vn 0.9243 0.3754 0.0693
vn 0.9696 0.1675 0.1784
vn 0.9789 0.1876 0.0815
vn 0.9788 0.2012 -0.0375
vn 0.9513 0.3067 -0.0323
vn 0.9195 0.3918 -0.0303
vn 0.9431 -0.3009 0.1415
vn 0.9230 -0.3641 0.1247
vn 0.9217 -0.3833 0.0599
vn 0.9426 -0.3253 0.0749
vn 0.8965 -0.4291 0.1099
vn 0.8966 -0.4401 0.0495
vn 0.8326 -0.5224 -0.1839
vn 0.8770 -0.4557 -0.1524
vn 0.9111 -0.3927 -0.1252
vn 0.5474 -0.2591 0.7957
vn 0.5798 -0.2040 0.7888
vn 0.5672 -0.2345 0.7895
vn 0.5591 -0.2521 0.7898
vn 0.6363 -0.2591 0.7266
vn 0.5981 -0.2494 0.7616
vn 0.5827 -0.2490 0.7736
vn 0.5683 -0.2521 0.7832
vn 0.5500 -0.2575 0.7945
vn 0.7791 -0.0580 0.6242
vn 0.6336 -0.3001 0.7131
vn 0.6177 -0.2396 0.7490
vn 0.6986 -0.1372 0.7022
vn 0.5497 -0.2687 0.7910
vn 0.5724 -0.2649 0.7760
vn 0.9473 -0.2408 0.2112
vn 0.9496 -0.2328 0.2098
vn 0.9649 -0.2437 0.0979
vn 0.9658 -0.2412 0.0948
vn 0.9684 -0.2490 -0.0140
vn 0.9721 -0.2335 -0.0201
vn 0.8036 -0.1542 0.5748
vn 0.8378 -0.0936 0.5379
vn 0.8654 -0.1393 0.4814
vn 0.8419 -0.1948 0.5032
vn 0.8985 -0.1779 0.4012
vn 0.8842 -0.2179 0.4132
vn 0.6119 0.0295 0.7904
vn 0.6183 -0.1338 0.7744
vn 0.7176 -0.1628 0.6772
vn 0.6885 0.0140 0.7251
vn 0.6064 -0.2808 0.7439
vn 0.6921 -0.3368 0.6384
vn 0.6229 -0.3719 0.6882
vn 0.5902 -0.3205 0.7409
vn 0.5228 -0.5286 0.6687
vn 0.5040 -0.4405 0.7429
vn 0.4892 -0.3317 0.8066
vn 0.5675 -0.2704 0.7777
vn 0.5905 0.1090 0.7997
vn 0.6561 0.1596 0.7376
vn 0.6652 0.0445 0.7453
vn 0.6398 -0.0390 0.7676
vn 0.7313 0.1550 0.6643
vn 0.6956 0.0417 0.7172
vn 0.6903 -0.3611 0.6270
vn 0.6914 -0.3259 0.6448
vn 0.7029 -0.3886 0.5957
vn 0.4576 -0.6349 0.6225
vn 0.4735 -0.6300 0.6155
vn 0.4615 -0.6046 0.6492
vn 0.4958 -0.5792 0.6471
vn 0.7817 -0.0393 0.6224
vn 0.6924 -0.0206 0.7212
vn 0.6868 -0.1407 0.7131
vn 0.7761 -0.1460 0.6135
vn 0.6420 -0.3366 0.6889
vn 0.8342 -0.5420 0.1016
vn 0.8669 -0.4880 0.1017
vn 0.8616 -0.4824 0.1580
vn 0.8329 -0.5294 0.1611
vn 0.8915 -0.4176 0.1757
vn 0.8464 -0.4787 0.2332
vn 0.8203 -0.5301 0.2149
vn 0.6425 0.3328 0.6903
vn 0.5193 0.4693 0.7142
vn 0.5874 0.3124 0.7466
vn 0.7169 0.1879 0.6714
vn 0.4088 0.5571 0.7229
vn 0.4602 0.4040 0.7906
vn 0.4892 0.2541 0.8343
vn 0.6190 0.1590 0.7692
vn 0.7400 0.0543 0.6705
vn 0.7663 -0.5285 0.3654
vn 0.7925 -0.5435 0.2768
vn 0.8076 -0.4832 0.3382
vn 0.7572 -0.4793 0.4438
vn 0.5467 -0.2772 0.7901
vn 0.5698 -0.3165 0.7584
vn 0.5743 -0.2226 0.7878
vn 0.6006 -0.2528 0.7585
vn 0.6798 -0.3687 0.6340
vn 0.6411 -0.3873 0.6626
vn 0.5463 -0.5180 -0.6582
vn 0.4612 -0.5125 -0.7244
vn 0.4716 -0.4479 -0.7596
vn 0.5611 -0.4548 -0.6916
vn 0.3352 -0.5096 -0.7924
vn 0.3427 -0.4423 -0.8288
vn 0.3485 -0.3585 -0.8661
vn 0.4805 -0.3709 -0.7947
vn 0.5751 -0.3821 -0.7234
vn 0.7371 -0.6012 -0.3085
vn 0.6586 -0.6749 -0.3328
vn 0.6739 -0.6810 -0.2867
vn 0.7386 -0.6150 -0.2762
vn 0.5381 -0.7650 -0.3539
vn 0.5618 -0.7708 -0.3003
vn 0.2469 -0.9147 -0.3200
vn 0.6674 -0.6869 -0.2877
vn 0.7159 -0.6318 -0.2972
vn 0.6188 -0.6502 -0.4409
vn 0.5920 -0.6916 -0.4138
vn 0.5292 -0.6958 -0.4855
vn 0.5572 -0.6505 -0.5161
vn 0.2976 -0.9077 -0.2957
vn 0.2563 -0.9177 -0.3036
vn 0.2011 -0.9328 -0.2992
vn 0.4562 -0.7062 -0.5414
vn 0.4919 -0.6531 -0.5758
vn 0.4506 0.6670 -0.5934
vn 0.3525 0.6828 -0.6399
vn 0.3285 0.7637 -0.5557
vn 0.4174 0.7466 -0.5181
vn 0.2360 0.6951 -0.6791
vn 0.2205 0.7774 -0.5891
vn 0.2077 0.8553 -0.4747
vn 0.3067 0.8399 -0.4479
vn 0.3862 0.8212 -0.4201
vn 0.7245 -0.3992 -0.5619
vn 0.7400 -0.3326 -0.5847
vn 0.8117 -0.3418 -0.4736
vn 0.7956 -0.4044 -0.4511
vn 0.7510 -0.2705 -0.6023
vn 0.8231 -0.2818 -0.4931
vn 0.8750 -0.2940 -0.3846
vn 0.8632 -0.3498 -0.3640
vn 0.8469 -0.4057 -0.3438
vn 0.8891 -0.3904 -0.2388
vn 0.9086 -0.3496 -0.2284
vn 0.9362 -0.3166 -0.1524
vn 0.9210 -0.3409 -0.1888
vn 0.9248 -0.3064 -0.2255
vn 0.9485 -0.2870 -0.1340
vn 0.7647 -0.1604 -0.6241
vn 0.7699 -0.1101 -0.6286
vn 0.8461 -0.1195 -0.5195
vn 0.8386 -0.1710 -0.5172
vn 0.7753 -0.0547 -0.6292
vn 0.8538 -0.0651 -0.5165
vn 0.9071 -0.0691 -0.4153
vn 0.9002 -0.1236 -0.4177
vn 0.8924 -0.1797 -0.4139
vn 0.9488 -0.2051 -0.2402
vn 0.9563 -0.1458 -0.2535
vn 0.9733 -0.1709 -0.1529
vn 0.9658 -0.2202 -0.1368
vn 0.9607 -0.0852 -0.2642
vn 0.9801 -0.1053 -0.1683
vn 0.9802 -0.1956 -0.0317
vn 0.7775 0.0896 -0.6225
vn 0.7671 0.1866 -0.6138
vn 0.8517 0.1570 -0.5000
vn 0.8598 0.0650 -0.5064
vn 0.7488 0.2864 -0.5978
vn 0.8333 0.2613 -0.4872
vn 0.8895 0.2394 -0.3893
vn 0.9063 0.1337 -0.4008
vn 0.9125 0.0475 -0.4064
vn 0.9631 0.0280 -0.2675
vn 0.9589 0.1079 -0.2623
vn 0.9801 0.1002 -0.1711
vn 0.9842 0.0208 -0.1758
vn 0.9438 0.2157 -0.2506
vn 0.9646 0.2092 -0.1607
vn 0.9947 0.0930 -0.0436
vn 0.7007 0.4638 -0.5422
vn 0.6692 0.5456 -0.5045
vn 0.7453 0.5286 -0.4063
vn 0.7784 0.4494 -0.4383
vn 0.6316 0.6233 -0.4610
vn 0.7086 0.5985 -0.3738
vn 0.7572 0.5788 -0.3027
vn 0.7942 0.5148 -0.3228
vn 0.8302 0.4362 -0.3471
vn 0.8833 0.4139 -0.2201
vn 0.8454 0.4911 -0.2099
vn 0.8671 0.4804 -0.1316
vn 0.9045 0.4035 -0.1381
vn 0.8058 0.5570 -0.2013
vn 0.8242 0.5524 -0.1244
vn 0.8830 0.4685 -0.0291
vn 0.8349 -0.4787 -0.2717
vn 0.7946 -0.5345 -0.2881
vn 0.7896 -0.5511 -0.2699
vn 0.8263 -0.4962 -0.2665
vn 0.7622 -0.5705 -0.3059
vn 0.7983 -0.5132 -0.3151
vn 0.6813 -0.5292 -0.5057
vn 0.6120 -0.5252 -0.5913
vn 0.6311 -0.4618 -0.6233
vn 0.7043 -0.4668 -0.5348
vn 0.6491 -0.3914 -0.6523
vn 0.2084 -0.9050 -0.3709
vn 0.1986 -0.9070 -0.3714
vn 0.3714 -0.8640 -0.3401
vn 0.3682 -0.8538 -0.3680
vn -0.1618 -0.8615 -0.4813
vn 0.0362 -0.9175 -0.3962
vn -0.2062 -0.8322 -0.5146
vn -0.5322 -0.6270 -0.5689
vn -0.5481 -0.6735 -0.4959
vn -0.1568 -0.8450 -0.5113
vn -0.4400 -0.6539 -0.6155
vn -0.4702 -0.6418 -0.6059
vn -0.5670 -0.6205 -0.5417
vn -0.5594 -0.6918 -0.4567
vn 0.3076 -0.9076 -0.2859
vn -0.1474 -0.9636 -0.2230
vn -0.1135 -0.9804 -0.1611
vn -0.2633 -0.9167 -0.3005
vn -0.2827 -0.9147 -0.2888
vn -0.1558 -0.9608 -0.2292
vn -0.1284 -0.9748 -0.1824
vn 0.5405 0.6474 -0.5374
vn 0.5008 0.7245 -0.4735
vn 0.5908 0.6935 -0.4122
vn 0.4629 0.7964 -0.3893
vn 0.5509 0.7580 -0.3492
vn 0.5169 0.8387 -0.1712
vn 0.4378 0.8796 -0.1861
vn 0.4510 0.8883 -0.0867
vn 0.5239 0.8481 -0.0791
vn 0.3658 0.9082 -0.2035
vn 0.3746 0.9221 -0.0974
vn 0.3842 0.9230 0.0191
vn 0.4636 0.8859 0.0175
vn 0.6986 0.6937 -0.1754
vn 0.7619 0.6192 -0.1900
vn 0.7473 0.6182 -0.2436
vn 0.6934 0.6804 -0.2370
vn 0.7855 0.5652 -0.2521
vn 0.7215 0.6290 -0.2895
vn 0.6890 0.6691 -0.2786
vn 0.8707 0.2928 0.3951
vn 0.8777 0.2217 0.4247
vn 0.8470 0.2561 0.4658
vn 0.8432 0.3209 0.4312
vn 0.8682 0.1698 0.4663
vn 0.8244 0.2153 0.5235
vn 0.6833 0.3036 0.6641
vn 0.7190 0.3472 0.6020
vn 0.7235 0.4023 0.5609
vn 0.8515 -0.0141 0.5242
vn 0.8175 -0.0620 0.5726
vn 0.8339 -0.0307 0.5511
vn 0.8520 -0.0234 0.5231
vn 0.7199 0.0042 0.6941
vn 0.7644 0.0291 0.6441
vn 0.3965 -0.3131 0.8630
vn 0.4603 -0.4221 0.7810
vn 0.4342 -0.3495 0.8303
vn 0.3875 -0.2004 0.8998
vn 0.4899 -0.4482 0.7478
vn 0.5468 -0.3368 0.7665
vn 0.5971 -0.3425 0.7254
vn 0.5235 -0.4487 0.7243
vn 0.6242 -0.2035 0.7543
vn 0.6714 -0.2366 0.7023
vn 0.2915 0.9310 -0.2195
vn 0.2939 0.9499 -0.1066
vn 0.2009 0.9513 -0.2340
vn 0.2019 0.9728 -0.1138
vn 0.2046 0.9787 0.0193
vn 0.2983 0.9543 0.0194
vn 0.2162 0.9263 0.3084
vn 0.3088 0.9068 0.2871
vn 0.3043 0.9408 0.1495
vn 0.2103 0.9647 0.1587
vn 0.3882 0.8839 0.2607
vn 0.3892 0.9109 0.1368
vn 0.3126 0.3353 0.8887
vn 0.4212 0.3161 0.8501
vn 0.3965 0.4215 0.8156
vn 0.2905 0.4373 0.8511
vn 0.5317 0.2995 0.7922
vn 0.5043 0.4066 0.7618
vn 0.4731 0.5141 0.7154
vn 0.3717 0.5289 0.7630
vn 0.2703 0.5426 0.7953
vn 0.1462 -0.9460 -0.2892
vn 0.3658 -0.7247 -0.5839
vn 0.0932 -0.9554 -0.2802
vn 0.2536 -0.7446 -0.6175
vn 0.2904 -0.6740 -0.6792
vn 0.4072 -0.6622 -0.6290
vn 0.3497 -0.2724 -0.8964
vn 0.4852 -0.2919 -0.8242
vn 0.3469 -0.1950 -0.9174
vn 0.4852 -0.2186 -0.8466
vn 0.5909 -0.2408 -0.7700
vn 0.5854 -0.3088 -0.7496
vn 0.3385 -0.0622 -0.9389
vn 0.3335 -0.0066 -0.9427
vn 0.4718 -0.0344 -0.8810
vn 0.4775 -0.0891 -0.8741
vn 0.3273 0.0524 -0.9435
vn 0.4650 0.0229 -0.8850
vn 0.5829 -0.0083 -0.8125
vn 0.5873 -0.0647 -0.8068
vn 0.5909 -0.1182 -0.7981
vn 0.3108 0.2040 -0.9283
vn 0.3026 0.2844 -0.9097
vn 0.4348 0.2671 -0.8600
vn 0.4460 0.1792 -0.8769
vn 0.2949 0.3476 -0.8901
vn 0.4245 0.3372 -0.8403
vn 0.5423 0.3247 -0.7749
vn 0.5556 0.2442 -0.7948
vn 0.5683 0.1494 -0.8092
vn 0.2701 0.5074 -0.8183
vn 0.2529 0.6058 -0.7543
vn 0.3762 0.5948 -0.7104
vn 0.3975 0.4986 -0.7703
vn 0.4823 0.5810 -0.6556
vn 0.5092 0.4892 -0.7081
vn -0.1336 -0.9893 0.0583
vn -0.1058 -0.9877 0.1148
vn -0.1355 -0.9907 -0.0144
vn -0.1712 -0.9845 -0.0372
vn -0.1671 -0.9849 0.0441
vn -0.1303 -0.9855 0.1083
vn -0.0979 -0.8642 -0.4936
vn -0.3206 -0.6985 -0.6398
vn -0.0565 -0.8727 -0.4850
vn -0.2058 -0.7332 -0.6481
vn -0.2097 -0.7317 -0.6486
vn -0.3351 -0.6929 -0.6385
vn 0.0408 -0.9368 -0.3475
vn 0.0773 -0.9403 -0.3315
vn 0.0482 -0.9373 -0.3452
vn 0.0248 -0.9375 -0.3470
vn 0.2390 -0.9525 -0.1890
vn 0.2005 -0.9632 -0.1792
vn 0.0524 -0.9326 -0.3572
vn 0.0277 -0.9322 -0.3608
vn 0.5667 -0.1855 0.8027
vn 0.5890 -0.1952 0.7842
vn 0.4956 -0.1846 0.8487
vn 0.5184 -0.1934 0.8330
vn 0.5460 -0.2482 0.8002
vn 0.6373 -0.2705 0.7215
vn 0.6751 -0.0728 0.7341
vn 0.7183 -0.0273 0.6952
vn 0.6137 0.0560 0.7875
vn 0.5878 -0.0016 0.8090
vn 0.4942 0.1410 0.8579
vn 0.4787 0.0622 0.8757
vn 0.3920 -0.1524 0.9072
vn 0.3735 -0.1062 0.9215
vn 0.4729 -0.1185 0.8731
vn 0.4473 -0.0906 0.8898
vn 0.3631 -0.0738 0.9288
vn 0.4982 -0.0588 0.8651
vn 0.7134 0.0176 0.7005
vn 0.5403 -0.1491 0.8281
vn 0.4770 -0.0678 0.8763
vn 0.3054 0.1217 0.9444
vn 0.3418 0.1850 0.9214
vn 0.4393 0.0623 0.8962
vn 0.3394 -0.0072 0.9406
vn 0.5853 0.2736 0.7632
vn 0.6850 0.1788 0.7062
vn 0.6559 -0.6184 0.4329
vn 0.4969 -0.8579 0.1305
vn 0.5439 -0.6566 0.5225
vn 0.4086 -0.8953 0.1776
vn -0.0000 -0.2267 0.9740
vn -0.0000 -0.2598 0.9657
vn 0.3368 -0.2320 0.9125
vn 0.3165 -0.2087 0.9254
vn -0.0000 -0.3301 0.9440
vn 0.3527 -0.2921 0.8890
vn -0.0000 -0.7726 0.6349
vn -0.0000 -0.9723 0.2339
vn 0.2479 -0.9446 0.2150
vn 0.3324 -0.7294 0.5978
vn -0.0000 -0.9865 -0.1638
vn 0.1268 -0.9774 -0.1691
vn -0.0000 0.9450 0.3272
vn -0.0000 0.8751 0.4840
vn 0.1143 0.8712 0.4774
vn 0.1101 0.9402 0.3224
vn -0.0000 0.7814 0.6241
vn 0.1226 0.7772 0.6172
vn 0.2319 0.7676 0.5975
vn 0.2213 0.8610 0.4580
vn -0.0000 -0.7504 0.6610
vn -0.0000 -0.6312 0.7756
vn 0.3039 -0.5708 0.7628
vn 0.3060 -0.6842 0.6620
vn -0.0000 -0.4592 0.8883
vn 0.3055 -0.4146 0.8572
vn -0.0000 -0.0985 0.9951
vn -0.0000 0.1274 0.9919
vn 0.2529 0.1182 0.9602
vn 0.2784 -0.0914 0.9561
vn -0.0000 0.2342 0.9722
vn 0.2049 0.2445 0.9478
vn 0.3351 0.2808 0.8994
vn 0.3848 0.1453 0.9115
vn 0.4222 -0.0503 0.9051
vn -0.0000 -0.9625 -0.2712
vn -0.0000 -0.7635 -0.6458
vn 0.1292 -0.7585 -0.6387
vn 0.0445 -0.9609 -0.2735
vn -0.0000 -0.6859 -0.7277
vn 0.1512 -0.6827 -0.7149
vn -0.0000 -0.9270 -0.3750
vn -0.0000 -0.9435 -0.3313
vn 0.0460 -0.9441 -0.3263
vn 0.0329 -0.9272 -0.3731
vn -0.0000 -0.8779 -0.4789
vn -0.0208 -0.8764 -0.4811
vn 0.0623 -0.9458 -0.3187
vn -0.0000 -0.0379 -0.9993
vn -0.0000 0.0199 -0.9998
vn 0.1777 0.0128 -0.9840
vn 0.1802 -0.0442 -0.9826
vn -0.0000 0.0815 -0.9967
vn 0.1741 0.0736 -0.9820
vn -0.0000 -0.3455 -0.9384
vn -0.0000 -0.2505 -0.9681
vn 0.1869 -0.2564 -0.9483
vn 0.1865 -0.3488 -0.9185
vn -0.0000 -0.1706 -0.9853
vn 0.1848 -0.1772 -0.9667
vn -0.0000 -0.5088 -0.8609
vn -0.0000 -0.4387 -0.8986
vn 0.1827 -0.4392 -0.8796
vn 0.1778 -0.5086 -0.8424
vn -0.0000 0.2263 -0.9741
vn -0.0000 0.3001 -0.9539
vn 0.1603 0.2957 -0.9417
vn 0.1647 0.2203 -0.9614
vn -0.0000 0.3610 -0.9326
vn 0.1553 0.3567 -0.9212
vn -0.0000 0.5207 -0.8537
vn -0.0000 0.6177 -0.7864
vn 0.1250 0.6141 -0.7792
vn 0.1366 0.5163 -0.8455
vn -0.0000 0.7056 -0.7086
vn 0.1149 0.7029 -0.7020
vn -0.0580 -0.9871 0.1494
vn -0.0000 -0.9870 0.1610
vn -0.0705 -0.9865 0.1478
vn -0.0000 -0.9870 0.1609
vn -0.0000 -0.7609 -0.6489
vn -0.1015 -0.7539 -0.6492
vn -0.0000 -0.7609 -0.6488
vn -0.1008 -0.7537 -0.6494
vn -0.0000 0.7879 -0.6158
vn 0.1068 0.7855 -0.6096
vn -0.0000 0.8671 -0.4981
vn 0.1010 0.8644 -0.4925
vn -0.0000 -0.8597 0.5109
vn -0.0000 -0.9073 0.4206
vn 0.2433 -0.8818 0.4040
vn 0.2490 -0.8398 0.4823
vn 0.0001 -0.7692 0.6390
vn 0.2853 -0.7305 0.6204
vn 0.4324 -0.6695 0.6040
vn 0.3758 -0.8447 0.3812
vn 0.3954 -0.8098 0.4335
vn 0.3463 0.6416 0.6844
vn 0.2503 0.6537 0.7142
vn 0.4376 0.6278 0.6438
vn 0.4038 0.7456 0.5301
vn 0.3235 0.7571 0.5675
vn 0.4245 0.4637 0.7777
vn 0.4337 0.5208 0.7353
vn 0.3946 0.4020 0.8262
vn -0.0000 0.4441 0.8960
vn -0.0000 0.5163 0.8564
vn -0.0000 0.5779 0.8161
vn 0.3104 0.7144 0.6272
vn 0.4093 0.6148 0.6742
vn 0.4023 0.5723 0.7146
vn 0.3202 0.6757 0.6640
vn 0.5302 0.4079 0.7433
vn 0.5008 0.3901 0.7726
vn 0.7677 -0.0365 0.6398
vn 0.8225 0.0086 0.5687
vn 0.8287 -0.0328 0.5587
vn 0.7844 -0.0810 0.6149
vn 0.2013 0.9150 -0.3495
vn 0.0987 0.9260 -0.3643
vn 0.0992 0.9646 -0.2442
vn -0.0000 0.9294 -0.3692
vn -0.0000 0.9689 -0.2476
vn 0.2843 -0.1655 0.9443
vn 0.3006 -0.0156 0.9536
vn 0.1900 0.0153 0.9817
vn 0.1740 -0.1322 0.9758
vn 0.3474 0.1180 0.9303
vn 0.2035 0.1451 0.9683
vn -0.0000 0.1583 0.9874
vn -0.0000 0.0271 0.9996
vn -0.0000 -0.1214 0.9926
vn 0.5751 0.1087 0.8108
vn 0.5005 -0.0618 0.8635
vn 0.2802 -0.0354 0.9593
vn 0.3228 0.1549 0.9337
vn 0.4032 -0.2158 0.8893
vn 0.2261 -0.1932 0.9548
vn -0.0000 -0.1858 0.9826
vn -0.0000 -0.0268 0.9996
vn -0.0000 0.1722 0.9851
vn 0.1356 0.6655 0.7340
vn 0.1489 0.5563 0.8175
vn -0.0000 0.6711 0.7414
vn -0.0000 0.5629 0.8265
vn 0.1616 0.4534 0.8766
vn 0.1764 0.3549 0.9181
vn -0.0000 0.4610 0.8874
vn -0.0000 0.3642 0.9313
vn 0.5236 -0.0525 0.8504
vn 0.4634 -0.1153 0.8786
vn 0.5081 -0.1167 0.8533
vn 0.5453 -0.0093 0.8382
vn 0.4801 -0.1472 0.8648
vn 0.5120 -0.1955 0.8365
vn 0.4999 -0.5081 0.7014
vn 0.4658 -0.5424 0.6991
vn 0.4617 -0.5725 0.6776
vn 0.4918 -0.5468 0.6776
vn 0.4530 -0.5411 0.7085
vn 0.4548 -0.5620 0.6909
vn 0.4920 0.4416 0.7503
vn 0.4028 0.5991 0.6920
vn 0.4383 0.5759 0.6901
vn 0.5448 0.4248 0.7230
vn 0.3280 0.6887 0.6466
vn 0.3493 0.6625 0.6626
vn 0.5820 0.1341 0.8021
vn 0.5590 0.1740 0.8107
vn 0.5499 0.2140 0.8073
vn 0.5961 -0.5882 0.5464
vn 0.6806 -0.4116 0.6061
vn 0.7100 -0.2365 0.6633
vn 0.6073 -0.5146 0.6053
vn 0.7875 -0.1701 0.5924
vn 0.7937 0.0746 0.6037
vn 0.7111 0.2892 0.6409
vn 0.6450 -0.1116 0.7560
vn 0.5368 -0.4784 0.6950
vn 0.8881 0.1358 0.4391
vn 0.9245 0.1547 0.3484
vn 0.8844 0.3869 0.2611
vn 0.8513 0.3610 0.3807
vn 0.9606 0.0841 0.2650
vn 0.9353 0.3312 0.1249
vn 0.9252 0.3776 0.0375
vn 0.8670 0.4558 0.2014
vn 0.8379 0.4190 0.3499
vn -0.0000 0.9998 0.0191
vn -0.0000 0.9861 0.1663
vn 0.1060 0.9807 0.1644
vn 0.1021 0.9946 0.0192
vn -0.0000 -0.5045 0.8634
vn 0.3574 -0.4606 0.8125
vn 0.5697 -0.4026 0.7165
vn 0.6772 -0.4098 0.6112
vn 0.7364 -0.4575 0.4983
vn 0.3121 0.8478 0.4287
vn 0.3879 0.8335 0.3936
vn 0.6554 -0.7214 -0.2237
vn 0.7620 -0.6104 -0.2163
vn 0.8649 -0.5001 0.0431
vn 0.8132 -0.5812 0.0300
vn 0.9258 -0.2103 0.3141
vn 0.9184 -0.2328 0.3200
vn 0.9382 -0.1703 0.3012
vn 0.9171 -0.3450 0.1998
vn 0.9344 -0.2784 0.2223
vn 0.9041 0.2149 0.3694
vn 0.9360 0.2388 0.2585
vn 0.9147 0.3252 0.2398
vn 0.9139 0.1268 0.3857
vn 0.9508 0.1450 0.2736
vn 0.9473 -0.1514 0.2822
vn 0.9486 -0.1698 0.2670
vn 0.6274 0.7342 0.2594
vn 0.5355 0.7852 0.3111
vn 0.7376 0.6413 0.2114
vn 0.8169 0.5414 0.1989
vn 0.8564 0.4724 0.2086
vn 0.9145 -0.0687 0.3987
vn 0.9003 -0.1610 0.4044
vn 0.9425 -0.1254 0.3097
vn 0.9547 -0.0456 0.2942
vn 0.9276 -0.1858 0.3241
vn 0.7369 -0.4735 0.4825
vn 0.7719 -0.5130 0.3755
vn 0.7895 -0.5498 0.2728
vn 0.6328 0.2350 0.7378
vn 0.3585 0.3084 0.8811
vn -0.0000 0.3381 0.9411
vn 0.5805 0.1805 0.7940
vn 0.6965 0.1422 0.7033
vn 0.8211 0.1778 0.5424
vn 0.8243 0.1054 0.5563
vn 0.8414 0.1107 0.5290
vn 0.5565 -0.3344 0.7606
vn 0.5397 -0.4337 0.7216
vn 0.5279 -0.4841 0.6979
vn 0.5464 -0.3966 0.7377
vn 0.6079 -0.7217 0.3313
vn 0.4650 -0.8073 0.3634
vn 0.5577 -0.5758 0.5979
vn 0.5415 -0.7744 0.3271
vn 0.4757 -0.7893 0.3883
vn 0.9781 -0.0678 0.1967
vn 0.9860 0.1667 -0.0090
vn 0.9550 -0.2537 0.1537
vn 0.9872 -0.1586 -0.0175
vn 0.9873 -0.1279 -0.0942
vn 0.9751 0.1964 -0.1025
vn 0.6013 0.2126 0.7702
vn 0.6602 0.2105 0.7210
vn 0.7494 0.1714 0.6395
vn -0.0000 -0.4977 0.8673
vn 0.0001 -0.7149 0.6992
vn 0.2882 -0.6957 0.6580
vn 0.3435 -0.4839 0.8049
vn 0.4605 -0.6694 0.5829
vn 0.4148 -0.3394 0.8442
vn 0.4140 -0.2369 0.8789
vn 0.4783 -0.1083 0.8715
vn 0.4789 -0.2564 0.8396
vn 0.5167 -0.0460 0.8549
vn 0.7841 -0.1975 0.5884
vn 0.8523 -0.1537 0.5001
vn 0.8010 -0.1002 0.5902
vn 0.7433 -0.1401 0.6542
vn 0.8360 -0.0446 0.5470
vn 0.8175 0.0593 0.5729
vn 0.7847 0.1591 0.5991
vn 0.7288 0.0530 0.6827
vn 0.9182 0.0303 0.3949
vn 0.9578 0.0454 0.2837
vn 0.9804 0.0669 0.1852
vn 0.8513 0.0260 0.5240
vn 0.8297 0.2625 0.4927
vn 0.7983 0.3916 0.4576
vn -0.0000 0.1497 -0.9887
vn 0.1694 0.1420 -0.9753
vn 0.3194 0.1212 -0.9398
vn 0.4564 0.0920 -0.8850
vn 0.5771 0.0602 -0.8144
vn 0.3448 -0.2260 0.9111
vn 0.3485 -0.0896 0.9330
vn 0.3981 0.0112 0.9173
vn 0.5502 0.2857 0.7846
vn 0.8152 0.2413 0.5265
vn 0.8133 0.2967 0.5004
vn 0.9629 -0.0290 -0.2684
vn 0.9837 -0.0392 -0.1756
vn 0.7791 0.0092 -0.6269
vn 0.8594 -0.0063 -0.5113
vn 0.9117 -0.0155 -0.4106
vn 0.7703 0.1175 0.6268
vn 0.6759 0.1256 0.7262
vn 0.6859 0.0593 0.7253
vn 0.7769 0.0445 0.6280
vn 0.5693 0.1365 0.8107
vn 0.5831 0.0658 0.8098
vn 0.9931 0.0833 0.0820
vn 0.6451 -0.1000 0.7575
vn 0.5260 -0.2508 0.8127
vn 0.4592 0.1397 0.8773
vn 0.4806 0.0551 0.8752
vn -0.0000 0.3860 0.9225
vn -0.0000 -0.0716 0.9974
vn 0.4192 -0.0736 0.9049
vn 0.4428 0.3537 0.8239
vn 0.5637 -0.6948 0.4465
vn 0.5423 -0.6658 0.5125
vn 0.5176 0.0261 0.8552
vn 0.5603 -0.1984 0.8041
vn 0.4518 -0.3171 0.8339
vn 0.4060 -0.3057 0.8612
vn 0.3164 -0.2595 0.9124
vn 0.4750 -0.3640 0.8011
vn 0.5339 -0.2255 0.8150
vn 0.5382 -0.2941 0.7899
vn 0.5847 -0.4149 0.6971
vn 0.1828 -0.2306 0.9557
vn -0.0000 -0.2209 0.9753
vn 0.5441 -0.4258 0.7230
vn 0.6158 -0.4773 0.6269
vn 0.6360 -0.4830 0.6019
vn 0.8499 0.2972 0.4351
vn 0.8813 0.2716 0.3867
vn 0.8559 0.3653 0.3659
vn 0.5728 -0.3131 0.7576
vn 0.6951 -0.2541 0.6725
vn 0.6623 -0.1921 0.7242
vn 0.5454 -0.2543 0.7987
vn 0.6108 -0.1238 0.7821
vn 0.5034 -0.1884 0.8433
vn 0.8064 -0.5564 0.2006
vn 0.7953 -0.5954 0.1139
vn 0.7030 0.4379 0.5604
vn 0.4324 0.5272 0.7315
vn -0.0000 0.5794 0.8150
vn 0.2800 0.2790 0.9186
vn 0.2811 0.2557 0.9250
vn 0.5401 -0.0538 0.8399
vn 0.4482 -0.1184 0.8860
vn 0.4425 -0.0044 0.8968
vn 0.3900 -0.0647 0.9185
vn 0.8148 0.3917 0.4274
vn -0.4365 -0.8068 -0.3982
vn -0.4549 -0.8081 -0.3742
vn 0.0639 -0.9350 -0.3488
vn 0.1005 -0.9222 -0.3734
vn 0.0949 -0.9273 -0.3621
vn 0.7051 -0.4455 0.5516
vn 0.6939 -0.4012 0.5979
vn 0.6965 -0.3684 0.6158
vn 0.7038 -0.3423 0.6225
vn 0.7238 -0.6900 0.0020
vn 0.5331 -0.8208 -0.2051
vn 0.2990 -0.9537 0.0319
vn 0.3025 -0.9461 0.1156
vn 0.7847 -0.3420 0.5170
vn 0.6918 -0.4909 0.5296
vn 0.2934 -0.9401 0.1738
vn 0.8556 -0.2355 0.4610
vn 0.1941 -0.9535 0.2307
vn 0.2030 -0.8866 0.4157
vn 0.7792 -0.5358 0.3251
vn 0.8694 -0.3801 0.3156
vn 0.4691 -0.6192 0.6298
vn 0.7391 -0.5858 0.3325
vn 0.8987 -0.4342 -0.0610
vn 0.7082 -0.6934 -0.1328
vn 0.6023 -0.7526 0.2662
vn 0.7020 -0.6930 0.1644
vn 0.5263 -0.8450 -0.0948
vn 0.5554 -0.7263 0.4051
vn 0.8148 -0.5391 0.2135
vn 0.8609 -0.4950 0.1172
vn 0.6041 -0.6447 0.4685
vn 0.2717 -0.9411 0.2013
vn 0.8933 -0.2495 0.3738
vn 0.3802 -0.9247 -0.0212
vn 0.5900 -0.6359 0.4975
vn 0.7943 -0.3616 0.4882
vn 0.8345 -0.4773 0.2752
vn 0.8372 -0.0637 0.5431
vn 0.9550 -0.1852 0.2316
vn 0.6596 -0.4696 0.5869
vn 0.6603 -0.1635 0.7329
vn 0.6469 -0.1298 0.7514
vn 0.8194 -0.1728 0.5466
vn 0.2137 -0.6022 0.7692
vn 0.3482 -0.9053 0.2432
vn 0.0862 -0.8702 -0.4851
vn -0.1068 -0.9187 -0.3803
vn 0.4283 -0.8147 -0.3908
vn 0.7309 -0.5844 -0.3524
vn 0.8816 -0.4702 -0.0406
vn -0.3086 -0.8947 -0.3230
vn -0.3911 -0.9039 -0.1731
vn 0.9530 -0.1618 0.2562
vn -0.4740 -0.8781 -0.0653
vn -0.3954 -0.9024 0.1713
vn -0.3115 -0.8568 0.4109
vn 0.3644 0.3289 0.8712
vn 0.3716 0.2124 0.9038
vn 0.3692 0.0968 0.9243
vn 0.4330 -0.2812 0.8564
vn 0.4509 -0.3490 0.8215
vn 0.3986 -0.2061 0.8937
vn 0.2823 0.7309 0.6214
vn 0.2990 0.6996 0.6489
vn 0.3278 0.6014 0.7286
vn -0.0000 -0.2852 0.9585
vn 0.3064 -0.2624 0.9150
vn 0.4842 -0.2287 0.8446
vn 0.3530 -0.0065 0.9356
vn 0.3409 -0.0780 0.9369
vn 0.3587 -0.1356 0.9235
vn 0.5613 -0.2192 0.7981
vn 0.5789 -0.2388 0.7796
vn 0.5630 -0.2660 0.7825
vn 0.5295 -0.2830 0.7997
vn 0.3511 0.4611 0.8149
vn 0.4904 -0.3119 0.8138
vn 0.4644 -0.3522 0.8126
vn 0.8868 0.4052 0.2223
vn 0.8919 0.4304 0.1387
vn 0.3352 0.2353 0.9123
vn 0.1944 0.2559 0.9470
vn -0.0000 0.2679 0.9635
vn -0.0000 0.4294 -0.9031
vn 0.1474 0.4247 -0.8933
vn 0.2846 0.4157 -0.8638
vn 0.4135 0.4083 -0.8138
vn 0.5284 0.4014 -0.7481
vn 0.4423 0.2218 0.8690
vn 0.5531 0.2085 0.8066
vn 0.9169 0.3230 -0.2345
vn 0.9371 0.3161 -0.1478
vn 0.7264 0.3784 -0.5738
vn 0.8078 0.3606 -0.4662
vn 0.8629 0.3437 -0.3706
vn 0.8897 0.4523 0.0628
vn 0.8520 0.1175 0.5101
vn 0.8452 0.1983 0.4963
vn 0.7619 0.1915 0.6187
vn 0.5934 -0.2084 0.7775
vn 0.4615 -0.3530 0.8139
vn 0.4095 -0.3966 0.8216
vn 0.5858 -0.3590 0.7266
vn 0.7071 -0.3066 0.6372
vn 0.7966 -0.2493 0.5506
vn 0.9153 -0.1976 0.3509
vn 0.9451 -0.2145 0.2466
vn 0.9563 -0.2460 0.1581
vn -0.0000 -0.5853 -0.8108
vn 0.1691 -0.5845 -0.7936
vn 0.3206 -0.5828 -0.7467
vn 0.5885 -0.5878 -0.5552
vn 0.6528 -0.5908 -0.4742
vn 0.5255 -0.5826 -0.6200
vn 0.8649 -0.4325 -0.2548
vn 0.8522 -0.4503 -0.2662
vn 0.8734 -0.4041 -0.2718
vn 0.8250 -0.4609 -0.3270
vn 0.4426 -0.5812 -0.6829
vn 0.7845 0.0834 0.6145
vn 0.7216 -0.0211 0.6920
vn 0.9598 -0.2671 0.0864
vn 0.9438 -0.3162 -0.0958
vn 0.4596 -0.3919 0.7970
vn 0.8649 -0.2086 0.4565
vn 0.8778 -0.2267 0.4220
vn 0.9195 -0.2211 0.3252
vn 0.9527 -0.2178 0.2121
vn 0.7015 -0.1086 0.7043
vn 0.7322 -0.1515 0.6640
vn 0.7683 -0.2167 0.6022
vn -0.0000 -0.0999 -0.9950
vn 0.1824 -0.1060 -0.9775
vn 0.3430 -0.1236 -0.9312
vn 0.4824 -0.1494 -0.8631
vn 0.5926 -0.1760 -0.7860
vn 0.9383 -0.2586 -0.2297
vn 0.9581 -0.2557 -0.1291
vn 0.7591 -0.2121 -0.6155
vn 0.8316 -0.2239 -0.5082
vn 0.8844 -0.2367 -0.4024
vn 0.8230 -0.2325 0.5183
vn 0.9733 -0.2108 0.0907
vn 0.9159 -0.2508 -0.3134
vn 0.9041 -0.3061 -0.2981
vn 0.9258 -0.1910 -0.3262
vn 0.8914 -0.3838 -0.2410
vn 0.8455 -0.4514 -0.2853
vn 0.8951 0.3313 -0.2983
vn 0.9219 0.2246 -0.3157
vn 0.8611 0.4247 -0.2795
vn 0.1463 -0.9341 -0.3258
vn 0.2290 -0.9109 -0.3432
vn 0.9418 -0.0217 -0.3355
vn 0.9388 -0.0735 -0.3366
vn 0.9423 0.0362 -0.3328
vn 0.1000 0.9879 -0.1186
vn -0.0000 0.9928 -0.1201
vn -0.0000 -0.9323 -0.3617
vn 0.0468 -0.9312 -0.3615
vn 0.0633 -0.9442 -0.3234
vn 0.2937 0.8976 -0.3286
vn 0.3669 0.8778 -0.3079
vn 0.7738 0.6233 -0.1124
vn 0.7027 0.7051 -0.0956
vn 0.4388 0.8517 -0.2866
vn 0.5235 0.8102 -0.2636
vn 0.3418 -0.8593 -0.3804
vn 0.4949 -0.7694 -0.4037
vn 0.7980 -0.5130 -0.3161
vn 0.7333 -0.5819 -0.3517
vn 0.8233 0.5028 -0.2633
vn 0.9375 0.1182 -0.3274
vn 0.9336 -0.1300 -0.3340
vn 0.8904 -0.3563 -0.2832
vn 0.6363 -0.6659 -0.3894
vn 0.7593 0.3509 0.5480
vn 0.8505 0.2532 0.4609
vn 0.8242 0.1765 0.5381
vn 0.7480 0.2884 0.5977
vn 0.8911 0.0766 0.4473
vn 0.8350 -0.0270 0.5496
vn 0.4497 0.3263 0.8315
vn 0.4861 0.2049 0.8495
vn 0.5442 0.3703 0.7528
vn 0.5674 0.2720 0.7773
vn -0.0000 -0.4190 0.9080
vn 0.2971 -0.3858 0.8734
vn -0.0000 -0.9052 0.4250
vn -0.0000 -0.8235 0.5674
vn 0.3128 -0.7554 0.5758
vn 0.2868 -0.8604 0.4212
vn 0.5414 -0.5893 0.5997
vn 0.5082 -0.7561 0.4125
vn 0.6429 0.3891 0.6598
vn 0.6502 0.3134 0.6921
vn 0.7380 -0.4885 0.4655
vn 0.6429 -0.6406 0.4198
vn 0.6513 -0.4183 0.6331
vn 0.6806 -0.2778 0.6779
vn 0.7764 -0.2919 0.5586
vn 0.6622 -0.4060 0.6299
vn 0.5813 -0.4256 0.6935
vn 0.5195 -0.3686 0.7709
vn 0.6809 -0.1774 0.7106
vn 0.6319 -0.1650 0.7573
vn 0.3446 -0.5256 0.7778
vn 0.4208 -0.5293 0.7367
vn 0.4302 -0.2573 0.8653
vn 0.3320 -0.2592 0.9070
vn 0.4561 -0.5586 0.6928
vn 0.4998 -0.2730 0.8220
vn 0.5196 0.0550 0.8527
vn 0.4260 0.0482 0.9034
vn 0.3123 0.0296 0.9495
vn -0.0000 -0.5416 0.8406
vn 0.2058 -0.5344 0.8198
vn 0.1894 -0.2684 0.9445
vn -0.0000 -0.2746 0.9616
vn 0.1703 0.0073 0.9854
vn -0.0000 -0.0043 1.0000
vn 0.4695 -0.6139 0.6346
vn 0.5543 -0.3059 0.7741
vn 0.4918 -0.6739 0.5514
vn 0.6190 -0.3436 0.7063
vn 0.7001 0.0469 0.7125
vn 0.6041 0.0523 0.7952
vn 0.6518 -0.6491 0.3923
vn 0.8125 -0.3304 0.4803
vn 0.6950 -0.3832 0.6083
vn 0.5516 -0.6951 0.4611
vn 0.8628 -0.0045 0.5055
vn 0.7977 0.0249 0.6025
vn 0.4232 0.2793 0.8619
vn 0.3035 0.2484 0.9199
vn 0.5236 0.2993 0.7976
vn 0.1672 0.2106 0.9632
vn -0.0000 0.1906 0.9817
vn 0.6207 0.3064 0.7218
vn 0.7319 0.2968 0.6133
vn 0.8899 -0.2029 0.4086
vn 0.9022 0.1075 0.4178
vn 0.6832 -0.6357 0.3593
vn 0.6950 -0.6242 0.3569
vn 0.8504 -0.3528 0.3903
vn 0.4017 -0.7017 0.5884
vn 0.4095 -0.7308 0.5462
vn 0.3469 -0.6991 0.6252
vn 0.1274 -0.9855 -0.1120
vn 0.0843 -0.9910 -0.1041
vn -0.0278 -0.9950 -0.0962
vn 0.2162 -0.7138 0.6661
vn -0.0000 -0.7254 0.6884
vn -0.0000 -0.9986 -0.0523
vn 0.0936 -0.9923 -0.0806
vn 0.4672 -0.8196 0.3316
vn 0.4140 -0.8189 0.3976
vn -0.1236 -0.9799 -0.1564
vn 0.4965 -0.8126 0.3051
vn 0.8341 0.2608 0.4861
vn 0.4010 -0.7788 0.4824
vn -0.1124 -0.9867 -0.1176
vn -0.0000 -0.4541 0.8910
vn 0.3128 -0.4712 0.8247
vn 0.3118 -0.2877 0.9055
vn -0.0000 -0.2837 0.9589
vn 0.5172 -0.5049 0.6911
vn 0.5228 -0.2949 0.7998
vn 0.5272 -0.0315 0.8491
vn 0.3167 -0.0817 0.9450
vn -0.0000 -0.1055 0.9944
vn 0.7402 0.0019 0.6724
vn 0.6513 0.0015 0.7588
vn 0.6469 -0.2959 0.7028
vn 0.7526 -0.3224 0.5741
vn 0.6266 -0.5237 0.5771
vn 0.6893 -0.5193 0.5052
vn 0.7028 -0.6618 0.2609
vn 0.6989 -0.6811 0.2180
vn 0.8514 -0.3896 0.3511
vn 0.8698 -0.3474 0.3503
vn 0.8477 -0.3190 0.4237
vn 0.8380 0.0053 0.5456
vn 0.8134 0.1830 0.5522
vn 0.8103 0.2584 0.5260
vn -0.0000 -0.8094 0.5873
vn -0.0000 -0.9142 0.4053
vn 0.2796 -0.8851 0.3719
vn 0.2985 -0.7962 0.5264
vn 0.4740 -0.8280 0.2994
vn 0.4923 -0.7710 0.4039
vn 0.5832 -0.7786 0.2317
vn 0.5949 -0.7450 0.3019
vn 0.4923 0.4617 0.7379
vn 0.4764 0.5806 0.6603
vn 0.3271 0.4636 0.8235
vn 0.3206 0.3403 0.8840
vn 0.0794 0.9856 0.1491
vn 0.1059 0.9492 0.2963
vn -0.0000 0.9138 0.4062
vn -0.0000 0.4034 0.9150
vn -0.0000 0.2789 0.9603
vn 0.5624 0.6058 0.5628
vn 0.5857 0.5230 0.6192
vn 0.6101 0.5244 0.5940
vn 0.7079 -0.5994 0.3736
vn 0.8363 -0.3314 0.4367
vn 0.7826 0.1534 0.6033
vn -0.0000 -0.6383 0.7698
vn 0.3117 -0.6473 0.6956
vn 0.5088 -0.6656 0.5460
vn 0.6091 -0.6735 0.4188
vn 0.5161 0.2500 0.8192
vn 0.3205 0.1456 0.9360
vn -0.0000 0.0946 0.9955
vn 0.6218 0.3246 0.7128
vn 0.6330 0.7105 -0.3076
vn 0.6130 0.7516 -0.2437
vn 0.6086 0.7758 -0.1665
vn 0.6793 -0.1972 -0.7068
vn 0.6732 -0.2576 -0.6931
vn 0.6820 -0.1430 -0.7173
vn 0.6741 -0.6449 -0.3601
vn 0.7144 -0.5855 -0.3832
vn 0.7479 -0.5256 -0.4053
vn 0.6631 0.1958 0.7224
vn 0.6436 0.2869 0.7096
vn 0.6306 0.3922 -0.6697
vn 0.6486 0.3082 -0.6959
vn 0.6080 0.4774 -0.6343
vn 0.8563 0.0313 0.5156
vn 0.8570 -0.0636 0.5114
vn 0.6822 0.0318 -0.7305
vn 0.6831 -0.0353 -0.7295
vn 0.6770 0.1187 -0.7263
vn 0.4854 0.7275 0.4849
vn 0.4596 0.8144 0.3542
vn 0.4603 0.8574 0.2301
vn 0.4604 -0.5119 0.7253
vn 0.4742 -0.5222 0.7088
vn 0.5018 -0.5486 0.6688
vn 0.6093 0.7888 -0.0817
vn 0.6698 0.6575 -0.3449
vn -0.1211 -0.9884 -0.0918
vn -0.1493 -0.9816 -0.1187
vn 0.7739 -0.4671 -0.4276
vn 0.5775 0.5640 -0.5902
vn 0.6649 0.2169 -0.7147
vn 0.6828 -0.0913 -0.7249
vn 0.6634 -0.3218 -0.6755
vn 0.6408 -0.6890 -0.3386
vn 0.8479 -0.1640 0.5041
vn 0.4663 0.8764 0.1203
vn 0.5788 0.4959 0.6474
vn 0.5334 0.6077 0.5884
vn 0.6147 0.3928 0.6840
vn 0.5585 -0.5065 0.6569
vn 0.6001 0.1132 0.7919
vn 0.6173 0.0883 0.7818
vn 0.6535 0.0283 0.7564
vn 0.6286 0.0594 0.7754
vn 0.6373 0.0398 0.7696
vn 0.6824 0.0146 0.7309
vn 0.7012 0.0031 0.7129
vn 0.6787 -0.0023 0.7345
vn 0.6441 -0.0083 0.7649
vn 0.6404 -0.0268 0.7676
vn 0.6911 -0.0082 0.7227
vn 0.6255 -0.0990 0.7739
vn 0.6777 -0.0380 0.7344
vn 0.6942 -0.0063 0.7197
vn 0.7065 0.0004 0.7077
vn 0.5944 -0.1581 0.7884
vn 0.6412 -0.0664 0.7645
vn 0.5743 -0.1822 0.7981
vn 0.6106 -0.1024 0.7853
vn 0.6333 -0.0240 0.7735
vn 0.6703 -0.0139 0.7420
vn 0.4685 0.1651 0.8679
vn 0.4690 0.1343 0.8729
vn 0.5548 0.1194 0.8234
vn 0.5469 0.1462 0.8244
vn 0.4795 0.0449 0.8764
vn 0.5647 0.0461 0.8240
vn 0.4806 -0.0680 0.8743
vn 0.5638 -0.0487 0.8245
vn 0.4697 -0.1706 0.8662
vn 0.5507 -0.1422 0.8225
vn 0.4537 -0.2411 0.8579
vn 0.5311 -0.2120 0.8204
vn 0.4462 -0.2647 0.8549
vn 0.5212 -0.2362 0.8201
vn 0.3098 0.1858 0.9325
vn 0.3088 0.1455 0.9399
vn 0.3846 0.1413 0.9122
vn 0.3843 0.1771 0.9061
vn 0.3354 0.0290 0.9416
vn 0.4004 0.0388 0.9155
vn 0.3486 -0.1014 0.9318
vn 0.4059 -0.0860 0.9098
vn 0.3509 -0.2060 0.9135
vn 0.3980 -0.1924 0.8970
vn 0.3468 -0.2757 0.8965
vn 0.3825 -0.2625 0.8859
vn 0.3432 -0.2990 0.8904
vn 0.3746 -0.2854 0.8822
vn 0.1731 0.2411 0.9549
vn 0.2402 0.1212 0.9631
vn 0.2381 0.1647 0.9572
vn 0.2386 0.2031 0.9496
vn 0.2797 -0.0161 0.9599
vn 0.2872 0.0241 0.9576
vn 0.3011 -0.1197 0.9460
vn 0.3114 -0.1081 0.9441
vn 0.3189 -0.1950 0.9275
vn 0.3265 -0.2020 0.9234
vn 0.3337 -0.2479 0.9095
vn 0.3387 -0.2694 0.9015
vn 0.3442 -0.2870 0.8940
vn 0.3415 -0.2978 0.8914
vn -0.7657 -0.6246 0.1535
vn -0.6373 -0.7704 -0.0156
vn -0.5844 -0.8114 0.0101
vn -0.7468 -0.6252 0.2268
vn -0.4151 -0.8869 -0.2028
vn -0.3295 -0.9213 -0.2062
vn -0.2759 -0.9405 -0.1983
vn -0.5481 -0.8335 0.0695
vn -0.7161 -0.6162 0.3277
vn -0.7930 -0.2947 0.5332
vn -0.8627 -0.2637 0.4315
vn -0.8541 -0.3237 0.4071
vn -0.7829 -0.3419 0.5198
vn -0.9099 -0.2617 0.3218
vn -0.8982 -0.3273 0.2935
vn -0.8761 -0.4055 0.2608
vn -0.8356 -0.4016 0.3748
vn -0.7693 -0.4058 0.4934
vn -0.5930 -0.0237 0.8048
vn -0.5928 -0.1653 0.7882
vn -0.5124 -0.2106 0.8325
vn -0.4995 -0.0515 0.8648
vn -0.5611 -0.3958 0.7270
vn -0.5083 -0.4541 0.7317
vn -0.4838 -0.4991 0.7189
vn -0.4573 -0.2705 0.8472
vn -0.4281 -0.1065 0.8974
vn -0.4232 -0.3899 0.8178
vn -0.4733 -0.3966 0.7865
vn -0.4988 -0.3756 0.7811
vn -0.4600 -0.3516 0.8153
vn -0.5903 -0.3803 0.7120
vn -0.5965 -0.3819 0.7060
vn -0.6105 -0.3793 0.6953
vn -0.5318 -0.3475 0.7723
vn -0.5060 -0.3157 0.8027
vn -0.7958 0.0092 0.6055
vn -0.7208 -0.1378 0.6793
vn -0.7540 -0.1658 0.6356
vn -0.8081 -0.0140 0.5888
vn -0.6047 -0.2909 0.7414
vn -0.6594 -0.3268 0.6771
vn -0.7011 -0.3478 0.6225
vn -0.7574 -0.1757 0.6289
vn -0.7618 -0.0085 0.6478
vn -0.5549 -0.5164 0.6522
vn -0.5719 -0.5783 0.5818
vn -0.5163 -0.6308 0.5793
vn -0.5184 -0.5883 0.6206
vn -0.5367 -0.5341 0.6532
vn -0.4898 -0.5310 0.6915
vn -0.4820 -0.6477 0.5901
vn -0.4805 -0.6302 0.6099
vn -0.8581 -0.0399 0.5119
vn -0.8833 -0.0703 0.4635
vn -0.8852 -0.0270 0.4645
vn -0.8524 -0.0013 0.5229
vn -0.9151 -0.1180 0.3857
vn -0.9234 -0.0926 0.3726
vn -0.9065 -0.1130 0.4069
vn -0.8661 -0.0059 0.4998
vn -0.8177 0.0543 0.5731
vn -0.5762 -0.4764 0.6642
vn -0.6517 -0.4316 0.6237
vn -0.7396 -0.3580 0.5700
vn -0.6600 -0.3875 0.6436
vn -0.7348 -0.2967 0.6099
vn -0.8134 -0.2688 0.5158
vn -0.8715 -0.2268 0.4348
vn -0.7978 -0.2844 0.5316
vn -0.7260 -0.2936 0.6219
vn -0.3030 0.5931 0.7460
vn -0.2878 0.4714 0.8336
vn -0.2970 0.4267 0.8542
vn -0.3414 0.5190 0.7836
vn -0.2769 0.3619 0.8901
vn -0.2750 0.3440 0.8978
vn -0.5629 0.2572 0.7855
vn -0.4123 0.3236 0.8516
vn -0.4339 0.3861 0.8140
vn -0.7459 0.2818 0.6035
vn -0.7186 0.3819 0.5812
vn -0.8057 0.3772 0.4567
vn -0.8309 0.2861 0.4772
vn -0.6827 0.4754 0.5550
vn -0.7732 0.4577 0.4389
vn -0.8329 0.4550 0.3151
vn -0.8622 0.3847 0.3296
vn -0.8874 0.3011 0.3490
vn -0.6332 0.5788 0.5139
vn -0.7272 0.5434 0.4194
vn -0.5739 0.6974 0.4293
vn -0.6655 0.6528 0.3619
vn -0.7425 0.6034 0.2906
vn -0.7956 0.5233 0.3052
vn -0.9811 -0.0143 0.1931
vn -0.9965 0.0053 0.0832
vn -0.9944 -0.0611 0.0862
vn -0.9753 -0.0842 0.2041
vn -0.9988 0.0141 -0.0467
vn -0.9977 -0.0497 -0.0464
vn -0.9912 -0.1258 -0.0419
vn -0.9861 -0.1410 0.0884
vn -0.9645 -0.1581 0.2115
vn -0.7287 0.6721 0.1315
vn -0.7180 0.6934 0.0605
vn -0.7978 0.6005 0.0535
vn -0.8104 0.5732 0.1211
vn -0.7087 0.7054 -0.0123
vn -0.7852 0.6188 -0.0230
vn -0.8391 0.5433 -0.0273
vn -0.8494 0.5247 0.0571
vn -0.8570 0.4993 0.1277
vn -0.5291 0.8252 0.1978
vn -0.5331 0.8399 0.1015
vn -0.6162 0.7835 0.0802
vn -0.6193 0.7682 0.1624
vn -0.5321 0.8466 0.0131
vn -0.6129 0.7901 0.0026
vn -0.9556 -0.2133 0.2033
vn -0.9661 -0.2394 0.0966
vn -0.9672 -0.2370 0.0908
vn -0.9608 -0.2020 0.1900
vn -0.9653 -0.2604 -0.0174
vn -0.9620 -0.2712 -0.0308
vn -0.9609 -0.2717 -0.0540
vn -0.9679 -0.2350 0.0890
vn -0.9618 -0.2114 0.1740
vn -0.9235 0.3522 0.1521
vn -0.9243 0.3754 0.0693
vn -0.9539 0.2900 0.0769
vn -0.9495 0.2657 0.1669
vn -0.9195 0.3919 -0.0303
vn -0.9513 0.3067 -0.0323
vn -0.9788 0.2011 -0.0375
vn -0.9789 0.1876 0.0815
vn -0.9696 0.1675 0.1784
vn -0.9431 -0.3009 0.1415
vn -0.9426 -0.3253 0.0749
vn -0.9217 -0.3833 0.0599
vn -0.9230 -0.3641 0.1247
vn -0.9111 -0.3928 -0.1252
vn -0.8770 -0.4557 -0.1524
vn -0.8326 -0.5224 -0.1839
vn -0.8966 -0.4401 0.0495
vn -0.8965 -0.4291 0.1099
vn -0.5474 -0.2591 0.7957
vn -0.5591 -0.2521 0.7898
vn -0.5672 -0.2345 0.7895
vn -0.5798 -0.2040 0.7888
vn -0.5500 -0.2575 0.7945
vn -0.5683 -0.2521 0.7832
vn -0.5827 -0.2490 0.7736
vn -0.5981 -0.2494 0.7616
vn -0.6363 -0.2591 0.7266
vn -0.7791 -0.0580 0.6242
vn -0.6986 -0.1372 0.7022
vn -0.6177 -0.2396 0.7490
vn -0.6336 -0.3001 0.7131
vn -0.5724 -0.2649 0.7760
vn -0.5497 -0.2687 0.7910
vn -0.9473 -0.2408 0.2112
vn -0.9658 -0.2412 0.0948
vn -0.9649 -0.2437 0.0979
vn -0.9496 -0.2328 0.2098
vn -0.9721 -0.2335 -0.0201
vn -0.9684 -0.2490 -0.0140
vn -0.8036 -0.1542 0.5748
vn -0.8419 -0.1948 0.5032
vn -0.8654 -0.1393 0.4814
vn -0.8378 -0.0936 0.5379
vn -0.8842 -0.2179 0.4132
vn -0.8985 -0.1779 0.4012
vn -0.6119 0.0295 0.7904
vn -0.6885 0.0140 0.7251
vn -0.7176 -0.1628 0.6772
vn -0.6183 -0.1338 0.7744
vn -0.6921 -0.3368 0.6384
vn -0.6064 -0.2808 0.7439
vn -0.5902 -0.3205 0.7410
vn -0.6229 -0.3720 0.6882
vn -0.5675 -0.2704 0.7777
vn -0.4892 -0.3317 0.8066
vn -0.5040 -0.4405 0.7430
vn -0.5228 -0.5286 0.6687
vn -0.5905 0.1090 0.7997
vn -0.6398 -0.0390 0.7676
vn -0.6652 0.0445 0.7453
vn -0.6561 0.1595 0.7376
vn -0.7029 -0.3886 0.5957
vn -0.6915 -0.3259 0.6447
vn -0.6903 -0.3611 0.6270
vn -0.6956 0.0418 0.7172
vn -0.7313 0.1550 0.6642
vn -0.4735 -0.6300 0.6155
vn -0.4576 -0.6349 0.6225
vn -0.4958 -0.5792 0.6471
vn -0.4615 -0.6046 0.6492
vn -0.7817 -0.0393 0.6224
vn -0.7761 -0.1460 0.6135
vn -0.6868 -0.1407 0.7131
vn -0.6924 -0.0206 0.7212
vn -0.6420 -0.3366 0.6889
vn -0.8342 -0.5420 0.1016
vn -0.8329 -0.5294 0.1611
vn -0.8616 -0.4824 0.1580
vn -0.8669 -0.4880 0.1017
vn -0.8203 -0.5301 0.2149
vn -0.8464 -0.4787 0.2332
vn -0.8915 -0.4176 0.1757
vn -0.6425 0.3328 0.6903
vn -0.7169 0.1879 0.6714
vn -0.5874 0.3124 0.7466
vn -0.5193 0.4693 0.7142
vn -0.7400 0.0543 0.6705
vn -0.6190 0.1590 0.7692
vn -0.4892 0.2541 0.8343
vn -0.4602 0.4040 0.7906
vn -0.4088 0.5571 0.7229
vn -0.7663 -0.5285 0.3654
vn -0.7572 -0.4793 0.4438
vn -0.8076 -0.4832 0.3381
vn -0.7925 -0.5435 0.2768
vn -0.5698 -0.3165 0.7584
vn -0.5467 -0.2772 0.7901
vn -0.6411 -0.3873 0.6626
vn -0.6798 -0.3687 0.6340
vn -0.6007 -0.2528 0.7585
vn -0.5743 -0.2226 0.7878
vn -0.5463 -0.5180 -0.6582
vn -0.5611 -0.4548 -0.6916
vn -0.4716 -0.4479 -0.7596
vn -0.4612 -0.5125 -0.7244
vn -0.5751 -0.3821 -0.7234
vn -0.4805 -0.3709 -0.7947
vn -0.3485 -0.3585 -0.8661
vn -0.3427 -0.4423 -0.8288
vn -0.3352 -0.5096 -0.7924
vn -0.7371 -0.6012 -0.3085
vn -0.7386 -0.6150 -0.2762
vn -0.6739 -0.6810 -0.2867
vn -0.6586 -0.6749 -0.3327
vn -0.7159 -0.6317 -0.2972
vn -0.6674 -0.6869 -0.2877
vn -0.2469 -0.9147 -0.3200
vn -0.5618 -0.7708 -0.3003
vn -0.5381 -0.7650 -0.3538
vn -0.6188 -0.6502 -0.4409
vn -0.5572 -0.6505 -0.5161
vn -0.5292 -0.6958 -0.4855
vn -0.5920 -0.6916 -0.4138
vn -0.4919 -0.6531 -0.5758
vn -0.4562 -0.7062 -0.5414
vn -0.2011 -0.9328 -0.2992
vn -0.2563 -0.9177 -0.3036
vn -0.2976 -0.9077 -0.2957
vn -0.4506 0.6670 -0.5934
vn -0.4174 0.7466 -0.5181
vn -0.3285 0.7637 -0.5557
vn -0.3525 0.6828 -0.6399
vn -0.3862 0.8212 -0.4201
vn -0.3067 0.8399 -0.4479
vn -0.2077 0.8553 -0.4747
vn -0.2205 0.7774 -0.5891
vn -0.2360 0.6951 -0.6791
vn -0.7245 -0.3992 -0.5619
vn -0.7956 -0.4044 -0.4511
vn -0.8117 -0.3418 -0.4736
vn -0.7400 -0.3326 -0.5847
vn -0.8469 -0.4057 -0.3438
vn -0.8632 -0.3498 -0.3640
vn -0.8750 -0.2940 -0.3846
vn -0.8231 -0.2818 -0.4931
vn -0.7510 -0.2705 -0.6023
vn -0.8892 -0.3904 -0.2388
vn -0.9209 -0.3409 -0.1888
vn -0.9362 -0.3166 -0.1524
vn -0.9086 -0.3496 -0.2284
vn -0.9485 -0.2870 -0.1340
vn -0.9248 -0.3064 -0.2255
vn -0.7647 -0.1604 -0.6241
vn -0.8386 -0.1710 -0.5172
vn -0.8461 -0.1195 -0.5195
vn -0.7699 -0.1101 -0.6286
vn -0.8924 -0.1797 -0.4139
vn -0.9001 -0.1236 -0.4177
vn -0.9071 -0.0691 -0.4153
vn -0.8538 -0.0651 -0.5165
vn -0.7753 -0.0547 -0.6292
vn -0.9488 -0.2051 -0.2402
vn -0.9658 -0.2202 -0.1368
vn -0.9733 -0.1709 -0.1529
vn -0.9563 -0.1458 -0.2535
vn -0.9802 -0.1956 -0.0317
vn -0.9801 -0.1053 -0.1683
vn -0.9607 -0.0852 -0.2642
vn -0.7775 0.0896 -0.6225
vn -0.8598 0.0650 -0.5065
vn -0.8517 0.1570 -0.5000
vn -0.7671 0.1866 -0.6138
vn -0.9125 0.0475 -0.4064
vn -0.9063 0.1337 -0.4008
vn -0.8895 0.2394 -0.3893
vn -0.8333 0.2613 -0.4871
vn -0.7488 0.2864 -0.5978
vn -0.9631 0.0280 -0.2675
vn -0.9842 0.0208 -0.1758
vn -0.9801 0.1002 -0.1711
vn -0.9589 0.1079 -0.2623
vn -0.9947 0.0930 -0.0436
vn -0.9646 0.2092 -0.1607
vn -0.9438 0.2157 -0.2506
vn -0.7007 0.4638 -0.5422
vn -0.7784 0.4494 -0.4383
vn -0.7454 0.5286 -0.4063
vn -0.6692 0.5456 -0.5045
vn -0.8302 0.4362 -0.3471
vn -0.7942 0.5148 -0.3228
vn -0.7572 0.5788 -0.3027
vn -0.7086 0.5985 -0.3738
vn -0.6316 0.6233 -0.4610
vn -0.8833 0.4139 -0.2201
vn -0.9045 0.4035 -0.1381
vn -0.8671 0.4804 -0.1316
vn -0.8454 0.4911 -0.2099
vn -0.8830 0.4685 -0.0291
vn -0.8242 0.5524 -0.1244
vn -0.8058 0.5570 -0.2013
vn -0.8349 -0.4787 -0.2717
vn -0.8263 -0.4962 -0.2665
vn -0.7896 -0.5511 -0.2699
vn -0.7946 -0.5345 -0.2881
vn -0.7983 -0.5132 -0.3151
vn -0.7622 -0.5705 -0.3059
vn -0.6813 -0.5292 -0.5057
vn -0.7043 -0.4668 -0.5348
vn -0.6311 -0.4618 -0.6233
vn -0.6120 -0.5252 -0.5913
vn -0.6491 -0.3914 -0.6523
vn -0.2084 -0.9050 -0.3710
vn -0.3682 -0.8538 -0.3680
vn -0.3714 -0.8640 -0.3401
vn -0.1986 -0.9070 -0.3714
vn -0.0362 -0.9175 -0.3962
vn 0.1618 -0.8615 -0.4813
vn 0.5481 -0.6735 -0.4959
vn 0.5322 -0.6270 -0.5689
vn 0.2062 -0.8322 -0.5146
vn 0.5594 -0.6918 -0.4567
vn 0.5670 -0.6205 -0.5417
vn 0.4702 -0.6418 -0.6059
vn 0.4400 -0.6539 -0.6155
vn 0.1568 -0.8450 -0.5113
vn 0.1135 -0.9804 -0.1611
vn 0.1474 -0.9636 -0.2230
vn -0.3076 -0.9076 -0.2859
vn 0.1284 -0.9748 -0.1824
vn 0.1558 -0.9608 -0.2292
vn 0.2827 -0.9147 -0.2888
vn 0.2633 -0.9167 -0.3005
vn -0.5908 0.6935 -0.4122
vn -0.5008 0.7245 -0.4735
vn -0.5405 0.6474 -0.5374
vn -0.5509 0.7580 -0.3492
vn -0.4629 0.7964 -0.3893
vn -0.5169 0.8387 -0.1712
vn -0.5239 0.8481 -0.0791
vn -0.4510 0.8883 -0.0867
vn -0.4378 0.8796 -0.1861
vn -0.4636 0.8859 0.0175
vn -0.3842 0.9230 0.0191
vn -0.3746 0.9221 -0.0974
vn -0.3658 0.9082 -0.2035
vn -0.6986 0.6937 -0.1754
vn -0.6934 0.6804 -0.2370
vn -0.7473 0.6182 -0.2436
vn -0.7619 0.6192 -0.1900
vn -0.6890 0.6691 -0.2786
vn -0.7215 0.6290 -0.2895
vn -0.7855 0.5652 -0.2521
vn -0.8707 0.2928 0.3951
vn -0.8432 0.3210 0.4313
vn -0.8470 0.2561 0.4658
vn -0.8777 0.2217 0.4247
vn -0.7235 0.4023 0.5609
vn -0.7190 0.3472 0.6021
vn -0.6832 0.3036 0.6641
vn -0.8244 0.2153 0.5235
vn -0.8682 0.1698 0.4663
vn -0.8515 -0.0141 0.5242
vn -0.8520 -0.0234 0.5231
vn -0.8339 -0.0307 0.5511
vn -0.8175 -0.0620 0.5726
vn -0.7644 0.0291 0.6441
vn -0.7199 0.0042 0.6941
vn -0.3965 -0.3131 0.8630
vn -0.3875 -0.2004 0.8998
vn -0.4342 -0.3495 0.8303
vn -0.4603 -0.4221 0.7810
vn -0.4899 -0.4482 0.7478
vn -0.5235 -0.4487 0.7243
vn -0.5971 -0.3425 0.7254
vn -0.5469 -0.3368 0.7665
vn -0.6714 -0.2366 0.7023
vn -0.6242 -0.2035 0.7543
vn -0.2939 0.9499 -0.1066
vn -0.2915 0.9310 -0.2195
vn -0.2984 0.9543 0.0194
vn -0.2046 0.9787 0.0193
vn -0.2019 0.9728 -0.1138
vn -0.2009 0.9513 -0.2340
vn -0.2162 0.9263 0.3084
vn -0.2103 0.9647 0.1587
vn -0.3043 0.9408 0.1495
vn -0.3088 0.9068 0.2871
vn -0.3892 0.9109 0.1368
vn -0.3882 0.8839 0.2607
vn -0.3126 0.3353 0.8887
vn -0.2905 0.4373 0.8511
vn -0.3965 0.4215 0.8156
vn -0.4212 0.3161 0.8501
vn -0.2703 0.5426 0.7953
vn -0.3717 0.5289 0.7630
vn -0.4731 0.5141 0.7154
vn -0.5043 0.4066 0.7618
vn -0.5317 0.2995 0.7922
vn -0.3658 -0.7247 -0.5839
vn -0.1463 -0.9460 -0.2892
vn -0.4072 -0.6622 -0.6290
vn -0.2904 -0.6740 -0.6792
vn -0.2536 -0.7446 -0.6175
vn -0.0932 -0.9554 -0.2802
vn -0.4852 -0.2919 -0.8242
vn -0.3497 -0.2724 -0.8964
vn -0.5854 -0.3088 -0.7496
vn -0.5909 -0.2408 -0.7700
vn -0.4852 -0.2186 -0.8466
vn -0.3469 -0.1950 -0.9174
vn -0.3385 -0.0622 -0.9389
vn -0.4775 -0.0891 -0.8741
vn -0.4718 -0.0344 -0.8811
vn -0.3335 -0.0066 -0.9427
vn -0.5909 -0.1182 -0.7981
vn -0.5873 -0.0647 -0.8068
vn -0.5829 -0.0083 -0.8125
vn -0.4650 0.0229 -0.8850
vn -0.3273 0.0524 -0.9435
vn -0.3108 0.2040 -0.9283
vn -0.4460 0.1792 -0.8769
vn -0.4348 0.2671 -0.8600
vn -0.3026 0.2844 -0.9097
vn -0.5683 0.1494 -0.8092
vn -0.5556 0.2442 -0.7948
vn -0.5423 0.3247 -0.7749
vn -0.4245 0.3372 -0.8403
vn -0.2949 0.3476 -0.8901
vn -0.2701 0.5074 -0.8183
vn -0.3975 0.4986 -0.7703
vn -0.3762 0.5948 -0.7104
vn -0.2529 0.6058 -0.7543
vn -0.5092 0.4892 -0.7081
vn -0.4823 0.5810 -0.6556
vn 0.1057 -0.9877 0.1148
vn 0.1336 -0.9893 0.0583
vn 0.1303 -0.9855 0.1084
vn 0.1671 -0.9849 0.0441
vn 0.1712 -0.9845 -0.0373
vn 0.1355 -0.9907 -0.0144
vn 0.3206 -0.6985 -0.6398
vn 0.0979 -0.8641 -0.4936
vn 0.3351 -0.6929 -0.6385
vn 0.2097 -0.7317 -0.6486
vn 0.2058 -0.7332 -0.6481
vn 0.0565 -0.8727 -0.4850
vn -0.0408 -0.9368 -0.3475
vn -0.0248 -0.9375 -0.3470
vn -0.0482 -0.9373 -0.3452
vn -0.0772 -0.9403 -0.3315
vn -0.0277 -0.9322 -0.3608
vn -0.0524 -0.9326 -0.3572
vn -0.2005 -0.9632 -0.1792
vn -0.2390 -0.9525 -0.1890
vn -0.5891 -0.1952 0.7842
vn -0.5667 -0.1855 0.8027
vn -0.6374 -0.2705 0.7215
vn -0.5460 -0.2482 0.8002
vn -0.5184 -0.1934 0.8330
vn -0.4956 -0.1846 0.8487
vn -0.6751 -0.0728 0.7341
vn -0.5878 -0.0016 0.8090
vn -0.6137 0.0560 0.7875
vn -0.7183 -0.0273 0.6952
vn -0.4787 0.0622 0.8757
vn -0.4942 0.1410 0.8578
vn -0.3920 -0.1524 0.9072
vn -0.4473 -0.0906 0.8898
vn -0.4729 -0.1185 0.8731
vn -0.3735 -0.1062 0.9215
vn -0.4770 -0.0678 0.8763
vn -0.5403 -0.1491 0.8281
vn -0.7134 0.0176 0.7005
vn -0.4982 -0.0588 0.8651
vn -0.3631 -0.0738 0.9288
vn -0.3054 0.1217 0.9444
vn -0.3394 -0.0072 0.9406
vn -0.4393 0.0623 0.8962
vn -0.3418 0.1850 0.9214
vn -0.6850 0.1788 0.7062
vn -0.5853 0.2736 0.7632
vn -0.4969 -0.8579 0.1305
vn -0.6559 -0.6184 0.4329
vn -0.4086 -0.8953 0.1776
vn -0.5439 -0.6566 0.5225
vn -0.3165 -0.2087 0.9254
vn -0.3368 -0.2320 0.9125
vn -0.3527 -0.2921 0.8890
vn -0.3324 -0.7294 0.5978
vn -0.2479 -0.9446 0.2150
vn -0.1268 -0.9774 -0.1691
vn -0.1101 0.9402 0.3224
vn -0.1143 0.8712 0.4774
vn -0.2213 0.8610 0.4580
vn -0.2319 0.7676 0.5975
vn -0.1226 0.7772 0.6172
vn -0.3060 -0.6842 0.6620
vn -0.3039 -0.5708 0.7628
vn -0.3055 -0.4146 0.8572
vn -0.2784 -0.0914 0.9561
vn -0.2529 0.1182 0.9602
vn -0.4222 -0.0503 0.9051
vn -0.3848 0.1453 0.9115
vn -0.3351 0.2808 0.8994
vn -0.2049 0.2445 0.9478
vn -0.0445 -0.9609 -0.2735
vn -0.1292 -0.7585 -0.6387
vn -0.1512 -0.6827 -0.7149
vn -0.0329 -0.9272 -0.3731
vn -0.0460 -0.9441 -0.3263
vn -0.0623 -0.9458 -0.3187
vn 0.0208 -0.8764 -0.4811
vn -0.1802 -0.0442 -0.9826
vn -0.1777 0.0128 -0.9840
vn -0.1741 0.0736 -0.9820
vn -0.1865 -0.3488 -0.9185
vn -0.1869 -0.2564 -0.9483
vn -0.1848 -0.1772 -0.9667
vn -0.1778 -0.5086 -0.8424
vn -0.1827 -0.4392 -0.8796
vn -0.1646 0.2203 -0.9614
vn -0.1603 0.2957 -0.9417
vn -0.1553 0.3567 -0.9212
vn -0.1366 0.5163 -0.8455
vn -0.1250 0.6141 -0.7792
vn -0.1149 0.7029 -0.7020
vn 0.0580 -0.9871 0.1494
vn 0.0705 -0.9865 0.1478
vn 0.1015 -0.7539 -0.6492
vn 0.1008 -0.7537 -0.6494
vn -0.1068 0.7855 -0.6096
vn -0.1010 0.8644 -0.4925
vn -0.2490 -0.8399 0.4823
vn -0.2432 -0.8818 0.4041
vn -0.3954 -0.8098 0.4335
vn -0.3759 -0.8446 0.3812
vn -0.4325 -0.6695 0.6040
vn -0.2853 -0.7305 0.6204
vn -0.2503 0.6537 0.7142
vn -0.3462 0.6416 0.6844
vn -0.3235 0.7571 0.5675
vn -0.4038 0.7456 0.5301
vn -0.4376 0.6278 0.6438
vn -0.4337 0.5208 0.7353
vn -0.4246 0.4637 0.7777
vn -0.3946 0.4020 0.8262
vn -0.3104 0.7144 0.6272
vn -0.3202 0.6757 0.6640
vn -0.4023 0.5722 0.7146
vn -0.4092 0.6148 0.6742
vn -0.5008 0.3901 0.7727
vn -0.5302 0.4079 0.7433
vn -0.7677 -0.0365 0.6398
vn -0.7844 -0.0810 0.6149
vn -0.8287 -0.0328 0.5587
vn -0.8225 0.0086 0.5687
vn -0.0992 0.9646 -0.2442
vn -0.0987 0.9260 -0.3643
vn -0.2013 0.9150 -0.3495
vn -0.2843 -0.1655 0.9443
vn -0.1740 -0.1322 0.9758
vn -0.1900 0.0153 0.9817
vn -0.3006 -0.0157 0.9536
vn -0.2035 0.1451 0.9683
vn -0.3474 0.1180 0.9303
vn -0.5751 0.1087 0.8108
vn -0.3228 0.1549 0.9337
vn -0.2802 -0.0354 0.9593
vn -0.5005 -0.0618 0.8635
vn -0.2261 -0.1932 0.9548
vn -0.4032 -0.2158 0.8893
vn -0.1489 0.5563 0.8175
vn -0.1356 0.6655 0.7340
vn -0.1764 0.3549 0.9181
vn -0.1616 0.4534 0.8766
vn -0.5236 -0.0525 0.8504
vn -0.5453 -0.0093 0.8382
vn -0.5081 -0.1167 0.8533
vn -0.4634 -0.1153 0.8786
vn -0.5120 -0.1955 0.8365
vn -0.4801 -0.1472 0.8648
vn -0.4998 -0.5081 0.7014
vn -0.4918 -0.5468 0.6776
vn -0.4617 -0.5725 0.6776
vn -0.4658 -0.5424 0.6991
vn -0.4548 -0.5620 0.6909
vn -0.4530 -0.5411 0.7085
vn -0.4920 0.4416 0.7503
vn -0.5448 0.4248 0.7230
vn -0.4383 0.5759 0.6901
vn -0.4028 0.5991 0.6920
vn -0.3493 0.6625 0.6626
vn -0.3280 0.6887 0.6466
vn -0.5590 0.1740 0.8107
vn -0.5820 0.1341 0.8021
vn -0.5499 0.2140 0.8073
vn -0.5997 -0.5896 0.5410
vn -0.6073 -0.5146 0.6053
vn -0.7101 -0.2365 0.6632
vn -0.6823 -0.4147 0.6021
vn -0.5368 -0.4784 0.6950
vn -0.6450 -0.1116 0.7560
vn -0.7111 0.2893 0.6409
vn -0.7937 0.0746 0.6037
vn -0.7884 -0.1744 0.5899
vn -0.8886 0.1319 0.4393
vn -0.8513 0.3610 0.3807
vn -0.8844 0.3869 0.2611
vn -0.9241 0.1535 0.3499
vn -0.8379 0.4190 0.3499
vn -0.8670 0.4558 0.2014
vn -0.9252 0.3776 0.0376
vn -0.9353 0.3312 0.1249
vn -0.9602 0.0874 0.2653
vn -0.1021 0.9946 0.0192
vn -0.1060 0.9807 0.1645
vn -0.3574 -0.4606 0.8125
vn -0.5697 -0.4025 0.7166
vn -0.7364 -0.4575 0.4983
vn -0.6772 -0.4098 0.6112
vn -0.3121 0.8478 0.4287
vn -0.3879 0.8335 0.3935
vn -0.6555 -0.7213 -0.2237
vn -0.8132 -0.5812 0.0300
vn -0.8649 -0.5001 0.0431
vn -0.7620 -0.6104 -0.2163
vn -0.9184 -0.2328 0.3200
vn -0.9258 -0.2103 0.3141
vn -0.9382 -0.1703 0.3012
vn -0.9344 -0.2784 0.2223
vn -0.9171 -0.3450 0.1998
vn -0.9147 0.3252 0.2398
vn -0.9360 0.2388 0.2585
vn -0.9041 0.2149 0.3694
vn -0.9508 0.1450 0.2736
vn -0.9139 0.1268 0.3857
vn -0.9473 -0.1514 0.2822
vn -0.9486 -0.1698 0.2670
vn -0.5355 0.7852 0.3111
vn -0.6274 0.7342 0.2594
vn -0.7376 0.6413 0.2114
vn -0.8169 0.5414 0.1989
vn -0.8564 0.4724 0.2086
vn -0.9145 -0.0687 0.3987
vn -0.9547 -0.0456 0.2942
vn -0.9425 -0.1254 0.3097
vn -0.9003 -0.1610 0.4044
vn -0.9276 -0.1858 0.3241
vn -0.7895 -0.5498 0.2728
vn -0.7719 -0.5130 0.3755
vn -0.7369 -0.4735 0.4825
vn -0.3585 0.3084 0.8811
vn -0.6328 0.2350 0.7378
vn -0.5805 0.1805 0.7940
vn -0.6965 0.1422 0.7034
vn -0.8414 0.1107 0.5290
vn -0.8243 0.1054 0.5563
vn -0.8211 0.1778 0.5424
vn -0.5565 -0.3344 0.7606
vn -0.5464 -0.3966 0.7377
vn -0.5279 -0.4841 0.6979
vn -0.5397 -0.4337 0.7216
vn -0.5577 -0.5758 0.5978
vn -0.4650 -0.8073 0.3633
vn -0.6086 -0.7211 0.3312
vn -0.4757 -0.7892 0.3883
vn -0.5459 -0.7722 0.3253
vn -0.9860 0.1668 -0.0090
vn -0.9793 -0.0624 0.1924
vn -0.9751 0.1965 -0.1025
vn -0.9873 -0.1279 -0.0942
vn -0.9873 -0.1579 -0.0187
vn -0.9570 -0.2500 0.1471
vn -0.6602 0.2105 0.7210
vn -0.6013 0.2126 0.7702
vn -0.7494 0.1714 0.6396
vn -0.3435 -0.4839 0.8049
vn -0.2881 -0.6958 0.6580
vn -0.4606 -0.6694 0.5829
vn -0.4148 -0.3394 0.8442
vn -0.4789 -0.2564 0.8396
vn -0.4782 -0.1083 0.8715
vn -0.4140 -0.2369 0.8789
vn -0.5167 -0.0460 0.8549
vn -0.7841 -0.1975 0.5883
vn -0.7433 -0.1401 0.6542
vn -0.8010 -0.1002 0.5902
vn -0.8522 -0.1537 0.5001
vn -0.8360 -0.0446 0.5470
vn -0.8175 0.0593 0.5729
vn -0.7847 0.1591 0.5991
vn -0.7288 0.0530 0.6827
vn -0.9578 0.0454 0.2837
vn -0.9182 0.0303 0.3949
vn -0.9804 0.0669 0.1852
vn -0.8297 0.2626 0.4927
vn -0.8520 0.0212 0.5231
vn -0.7983 0.3916 0.4576
vn -0.1694 0.1420 -0.9753
vn -0.3194 0.1212 -0.9398
vn -0.4564 0.0920 -0.8850
vn -0.5771 0.0602 -0.8144
vn -0.3485 -0.0896 0.9330
vn -0.3448 -0.2260 0.9111
vn -0.3981 0.0112 0.9173
vn -0.8133 0.2967 0.5004
vn -0.8152 0.2413 0.5265
vn -0.5502 0.2857 0.7846
vn -0.9837 -0.0392 -0.1756
vn -0.9629 -0.0290 -0.2684
vn -0.8594 -0.0063 -0.5113
vn -0.7791 0.0092 -0.6269
vn -0.9117 -0.0155 -0.4106
vn -0.7703 0.1175 0.6268
vn -0.7769 0.0445 0.6280
vn -0.6859 0.0593 0.7253
vn -0.6759 0.1256 0.7262
vn -0.5831 0.0658 0.8098
vn -0.5693 0.1365 0.8107
vn -0.9931 0.0833 0.0820
vn -0.6451 -0.1000 0.7575
vn -0.5260 -0.2508 0.8127
vn -0.4806 0.0551 0.8752
vn -0.4592 0.1397 0.8773
vn -0.4428 0.3537 0.8239
vn -0.4192 -0.0736 0.9049
vn -0.5423 -0.6658 0.5125
vn -0.5693 -0.6935 0.4416
vn -0.4518 -0.3171 0.8339
vn -0.5603 -0.1984 0.8042
vn -0.5176 0.0261 0.8552
vn -0.3164 -0.2595 0.9124
vn -0.4060 -0.3057 0.8612
vn -0.4750 -0.3640 0.8011
vn -0.5382 -0.2941 0.7899
vn -0.5339 -0.2255 0.8150
vn -0.5847 -0.4149 0.6971
vn -0.1828 -0.2306 0.9557
vn -0.5441 -0.4258 0.7230
vn -0.6158 -0.4773 0.6269
vn -0.6360 -0.4830 0.6019
vn -0.8813 0.2716 0.3867
vn -0.8499 0.2972 0.4351
vn -0.8559 0.3653 0.3659
vn -0.5728 -0.3131 0.7576
vn -0.5454 -0.2543 0.7987
vn -0.6623 -0.1921 0.7242
vn -0.6951 -0.2541 0.6725
vn -0.5034 -0.1884 0.8432
vn -0.6108 -0.1238 0.7821
vn -0.8064 -0.5564 0.2006
vn -0.7953 -0.5954 0.1139
vn -0.4324 0.5272 0.7315
vn -0.7030 0.4379 0.5604
vn -0.2811 0.2557 0.9250
vn -0.2800 0.2790 0.9186
vn -0.4482 -0.1184 0.8860
vn -0.5401 -0.0538 0.8399
vn -0.3900 -0.0647 0.9185
vn -0.4425 -0.0044 0.8968
vn -0.8148 0.3917 0.4274
vn 0.4365 -0.8068 -0.3982
vn 0.4549 -0.8081 -0.3742
vn -0.0949 -0.9273 -0.3621
vn -0.1005 -0.9222 -0.3734
vn -0.0639 -0.9350 -0.3488
vn -0.7051 -0.4456 0.5516
vn -0.6939 -0.4012 0.5979
vn -0.7038 -0.3423 0.6225
vn -0.6965 -0.3684 0.6158
vn -0.7238 -0.6900 0.0020
vn -0.5331 -0.8208 -0.2050
vn -0.2951 -0.9553 0.0175
vn -0.6904 -0.5144 0.5086
vn -0.7791 -0.3741 0.5030
vn -0.2932 -0.9504 0.1036
vn -0.8480 -0.2671 0.4579
vn -0.2754 -0.9455 0.1739
vn -0.1965 -0.9337 0.2993
vn -0.8753 -0.3521 0.3315
vn -0.8007 -0.5180 0.3010
vn -0.2115 -0.8918 0.4001
vn -0.7497 -0.5872 0.3052
vn -0.4625 -0.6445 0.6089
vn -0.9042 -0.4239 -0.0530
vn -0.7149 -0.6800 0.1625
vn -0.6247 -0.7401 0.2489
vn -0.7297 -0.6707 -0.1332
vn -0.5709 -0.7288 0.3782
vn -0.5392 -0.8346 -0.1126
vn -0.8609 -0.4950 0.1172
vn -0.8155 -0.5396 0.2090
vn -0.6038 -0.6488 0.4630
vn -0.8831 -0.2582 0.3917
vn -0.2506 -0.9347 0.2521
vn -0.5952 -0.6503 0.4720
vn -0.3847 -0.9223 -0.0365
vn -0.8354 -0.4755 0.2756
vn -0.7943 -0.3616 0.4882
vn -0.9550 -0.1842 0.2326
vn -0.8372 -0.0637 0.5431
vn -0.6583 -0.4727 0.5858
vn -0.6591 -0.1658 0.7336
vn -0.8189 -0.1730 0.5472
vn -0.6459 -0.1308 0.7521
vn -0.3467 -0.9035 0.2518
vn -0.1900 -0.6112 0.7683
vn 0.0920 -0.9259 -0.3665
vn -0.1061 -0.8792 -0.4645
vn -0.4398 -0.8161 -0.3750
vn -0.7427 -0.5811 -0.3327
vn -0.8844 -0.4657 -0.0322
vn 0.3785 -0.9129 -0.1527
vn 0.2859 -0.9079 -0.3066
vn -0.9528 -0.1613 0.2572
vn 0.4106 -0.8896 0.2000
vn 0.4720 -0.8814 -0.0208
vn 0.3590 -0.8430 0.4005
vn -0.3716 0.2124 0.9038
vn -0.3644 0.3289 0.8712
vn -0.3692 0.0968 0.9243
vn -0.4509 -0.3490 0.8215
vn -0.4330 -0.2812 0.8564
vn -0.3986 -0.2061 0.8937
vn -0.2990 0.6996 0.6489
vn -0.2823 0.7309 0.6214
vn -0.3278 0.6014 0.7286
vn -0.3064 -0.2624 0.9150
vn -0.4842 -0.2287 0.8446
vn -0.3530 -0.0065 0.9356
vn -0.3409 -0.0780 0.9369
vn -0.3587 -0.1356 0.9235
vn -0.5789 -0.2388 0.7796
vn -0.5613 -0.2192 0.7981
vn -0.5296 -0.2830 0.7997
vn -0.5630 -0.2660 0.7825
vn -0.3510 0.4611 0.8149
vn -0.4644 -0.3522 0.8126
vn -0.4904 -0.3119 0.8138
vn -0.8868 0.4052 0.2223
vn -0.8919 0.4304 0.1387
vn -0.1944 0.2559 0.9470
vn -0.3352 0.2353 0.9123
vn -0.1474 0.4247 -0.8933
vn -0.2846 0.4157 -0.8638
vn -0.4135 0.4083 -0.8138
vn -0.5284 0.4014 -0.7481
vn -0.4423 0.2218 0.8690
vn -0.5531 0.2085 0.8066
vn -0.9371 0.3161 -0.1478
vn -0.9169 0.3230 -0.2345
vn -0.8078 0.3606 -0.4662
vn -0.7264 0.3784 -0.5738
vn -0.8629 0.3437 -0.3706
vn -0.8897 0.4523 0.0628
vn -0.7619 0.1915 0.6187
vn -0.8452 0.1983 0.4963
vn -0.8520 0.1175 0.5101
vn -0.4615 -0.3530 0.8139
vn -0.5934 -0.2084 0.7775
vn -0.4095 -0.3966 0.8216
vn -0.7071 -0.3066 0.6372
vn -0.5858 -0.3590 0.7266
vn -0.7967 -0.2493 0.5506
vn -0.9451 -0.2145 0.2466
vn -0.9153 -0.1976 0.3509
vn -0.9563 -0.2460 0.1581
vn -0.1691 -0.5845 -0.7936
vn -0.3206 -0.5828 -0.7467
vn -0.6528 -0.5908 -0.4742
vn -0.5884 -0.5878 -0.5552
vn -0.5255 -0.5826 -0.6200
vn -0.8734 -0.4041 -0.2718
vn -0.8522 -0.4503 -0.2662
vn -0.8649 -0.4325 -0.2548
vn -0.8250 -0.4609 -0.3270
vn -0.4426 -0.5812 -0.6829
vn -0.7216 -0.0211 0.6919
vn -0.7845 0.0834 0.6144
vn -0.9598 -0.2671 0.0864
vn -0.9438 -0.3162 -0.0958
vn -0.4596 -0.3919 0.7970
vn -0.8649 -0.2086 0.4565
vn -0.9195 -0.2211 0.3252
vn -0.8778 -0.2267 0.4220
vn -0.9527 -0.2178 0.2121
vn -0.7322 -0.1515 0.6640
vn -0.7015 -0.1086 0.7043
vn -0.7683 -0.2167 0.6023
vn -0.1824 -0.1060 -0.9775
vn -0.3430 -0.1236 -0.9312
vn -0.4824 -0.1494 -0.8631
vn -0.5926 -0.1760 -0.7860
vn -0.9581 -0.2557 -0.1291
vn -0.9383 -0.2586 -0.2297
vn -0.8316 -0.2239 -0.5082
vn -0.7591 -0.2121 -0.6155
vn -0.8844 -0.2367 -0.4024
vn -0.8230 -0.2325 0.5183
vn -0.9733 -0.2108 0.0907
vn -0.9041 -0.3061 -0.2981
vn -0.9159 -0.2508 -0.3134
vn -0.9258 -0.1910 -0.3262
vn -0.8914 -0.3838 -0.2410
vn -0.8455 -0.4514 -0.2853
vn -0.9219 0.2246 -0.3157
vn -0.8951 0.3313 -0.2982
vn -0.8611 0.4247 -0.2795
vn -0.1463 -0.9341 -0.3258
vn -0.2290 -0.9109 -0.3432
vn -0.9388 -0.0735 -0.3366
vn -0.9418 -0.0217 -0.3355
vn -0.9423 0.0362 -0.3328
vn -0.1000 0.9879 -0.1186
vn -0.0468 -0.9312 -0.3615
vn -0.0633 -0.9442 -0.3233
vn -0.3669 0.8778 -0.3079
vn -0.2937 0.8976 -0.3286
vn -0.7027 0.7051 -0.0956
vn -0.7738 0.6233 -0.1124
vn -0.5235 0.8102 -0.2636
vn -0.4388 0.8517 -0.2866
vn -0.3418 -0.8593 -0.3804
vn -0.4949 -0.7694 -0.4038
vn -0.7980 -0.5130 -0.3161
vn -0.7333 -0.5819 -0.3517
vn -0.8233 0.5028 -0.2633
vn -0.9375 0.1182 -0.3274
vn -0.9336 -0.1300 -0.3340
vn -0.8904 -0.3563 -0.2832
vn -0.6363 -0.6659 -0.3894
vn -0.7593 0.3510 0.5480
vn -0.7480 0.2884 0.5977
vn -0.8242 0.1765 0.5381
vn -0.8505 0.2532 0.4609
vn -0.8350 -0.0270 0.5496
vn -0.8911 0.0766 0.4472
vn -0.4862 0.2049 0.8495
vn -0.4497 0.3263 0.8314
vn -0.5674 0.2720 0.7773
vn -0.5442 0.3703 0.7528
vn -0.2971 -0.3858 0.8735
vn -0.2868 -0.8604 0.4212
vn -0.3128 -0.7554 0.5758
vn -0.5082 -0.7560 0.4125
vn -0.5414 -0.5893 0.5997
vn -0.6502 0.3134 0.6921
vn -0.6429 0.3891 0.6598
vn -0.7380 -0.4885 0.4655
vn -0.6806 -0.2778 0.6779
vn -0.6513 -0.4183 0.6331
vn -0.6429 -0.6406 0.4199
vn -0.6621 -0.4060 0.6299
vn -0.7764 -0.2919 0.5586
vn -0.5195 -0.3686 0.7709
vn -0.5813 -0.4256 0.6935
vn -0.6319 -0.1650 0.7573
vn -0.6809 -0.1773 0.7106
vn -0.3445 -0.5256 0.7778
vn -0.3320 -0.2592 0.9070
vn -0.4302 -0.2573 0.8653
vn -0.4208 -0.5293 0.7367
vn -0.3123 0.0296 0.9495
vn -0.4260 0.0482 0.9034
vn -0.5196 0.0550 0.8527
vn -0.4998 -0.2730 0.8220
vn -0.4561 -0.5586 0.6928
vn -0.1894 -0.2684 0.9445
vn -0.2058 -0.5344 0.8198
vn -0.1703 0.0073 0.9854
vn -0.5543 -0.3059 0.7741
vn -0.4695 -0.6139 0.6346
vn -0.6041 0.0523 0.7952
vn -0.7001 0.0469 0.7125
vn -0.6190 -0.3436 0.7063
vn -0.4918 -0.6739 0.5514
vn -0.6518 -0.6490 0.3924
vn -0.5516 -0.6951 0.4611
vn -0.6950 -0.3833 0.6083
vn -0.8125 -0.3304 0.4803
vn -0.7977 0.0249 0.6025
vn -0.8628 -0.0045 0.5055
vn -0.3035 0.2484 0.9199
vn -0.4232 0.2793 0.8619
vn -0.5236 0.2993 0.7976
vn -0.1672 0.2106 0.9632
vn -0.6207 0.3064 0.7218
vn -0.7319 0.2969 0.6133
vn -0.9022 0.1075 0.4178
vn -0.8899 -0.2030 0.4086
vn -0.8504 -0.3527 0.3903
vn -0.6951 -0.6241 0.3569
vn -0.6832 -0.6357 0.3593
vn -0.4095 -0.7308 0.5462
vn -0.4018 -0.7017 0.5884
vn 0.0278 -0.9950 -0.0961
vn -0.0843 -0.9910 -0.1040
vn -0.1275 -0.9855 -0.1120
vn -0.3469 -0.6991 0.6252
vn -0.2162 -0.7138 0.6661
vn -0.0936 -0.9923 -0.0806
vn -0.4672 -0.8196 0.3316
vn -0.4965 -0.8126 0.3051
vn 0.1236 -0.9799 -0.1564
vn -0.4140 -0.8189 0.3976
vn -0.8341 0.2608 0.4861
vn -0.4011 -0.7788 0.4824
vn 0.1123 -0.9867 -0.1176
vn -0.3118 -0.2877 0.9055
vn -0.3128 -0.4712 0.8247
vn -0.3167 -0.0817 0.9450
vn -0.5273 -0.0315 0.8491
vn -0.5228 -0.2949 0.7998
vn -0.5172 -0.5049 0.6911
vn -0.7402 0.0019 0.6724
vn -0.7526 -0.3224 0.5741
vn -0.6469 -0.2959 0.7028
vn -0.6514 0.0015 0.7588
vn -0.6893 -0.5193 0.5052
vn -0.6266 -0.5237 0.5771
vn -0.7028 -0.6618 0.2609
vn -0.8698 -0.3474 0.3504
vn -0.8514 -0.3896 0.3511
vn -0.6989 -0.6812 0.2181
vn -0.8103 0.2584 0.5260
vn -0.8134 0.1830 0.5523
vn -0.8380 0.0053 0.5456
vn -0.8478 -0.3190 0.4237
vn -0.2984 -0.7962 0.5263
vn -0.2796 -0.8852 0.3719
vn -0.4923 -0.7711 0.4039
vn -0.4740 -0.8281 0.2994
vn -0.5948 -0.7450 0.3019
vn -0.5833 -0.7785 0.2317
vn -0.4922 0.4617 0.7379
vn -0.3206 0.3403 0.8840
vn -0.3272 0.4636 0.8235
vn -0.4764 0.5806 0.6603
vn -0.1059 0.9492 0.2963
vn -0.0795 0.9856 0.1491
vn -0.5857 0.5230 0.6193
vn -0.5624 0.6058 0.5628
vn -0.6100 0.5244 0.5940
vn -0.8363 -0.3314 0.4367
vn -0.7079 -0.5995 0.3736
vn -0.7826 0.1534 0.6033
vn -0.3117 -0.6473 0.6956
vn -0.5088 -0.6656 0.5460
vn -0.6091 -0.6735 0.4188
vn -0.3205 0.1456 0.9360
vn -0.5160 0.2501 0.8193
vn -0.6218 0.3246 0.7127
vn -0.6130 0.7516 -0.2437
vn -0.6330 0.7105 -0.3076
vn -0.6086 0.7758 -0.1665
vn -0.6732 -0.2576 -0.6931
vn -0.6793 -0.1972 -0.7068
vn -0.6820 -0.1430 -0.7173
vn -0.7144 -0.5855 -0.3832
vn -0.6741 -0.6449 -0.3601
vn -0.7479 -0.5256 -0.4053
vn -0.6631 0.1958 0.7224
vn -0.6436 0.2869 0.7096
vn -0.6486 0.3082 -0.6959
vn -0.6306 0.3922 -0.6697
vn -0.6080 0.4774 -0.6343
vn -0.8563 0.0313 0.5156
vn -0.8570 -0.0636 0.5114
vn -0.6831 -0.0353 -0.7295
vn -0.6822 0.0318 -0.7305
vn -0.6770 0.1187 -0.7263
vn -0.4596 0.8144 0.3542
vn -0.4854 0.7275 0.4849
vn -0.4603 0.8574 0.2301
vn -0.4742 -0.5222 0.7089
vn -0.4604 -0.5119 0.7253
vn -0.5018 -0.5486 0.6688
vn -0.6093 0.7888 -0.0817
vn -0.6698 0.6575 -0.3449
vn 0.1211 -0.9884 -0.0918
vn 0.1493 -0.9816 -0.1187
vn -0.7740 -0.4671 -0.4276
vn -0.5775 0.5640 -0.5902
vn -0.6649 0.2169 -0.7147
vn -0.6828 -0.0913 -0.7249
vn -0.6634 -0.3217 -0.6755
vn -0.6408 -0.6890 -0.3386
vn -0.8479 -0.1640 0.5041
vn -0.4663 0.8764 0.1203
vn -0.5334 0.6077 0.5884
vn -0.5788 0.4959 0.6474
vn -0.6147 0.3928 0.6840
vn -0.5585 -0.5065 0.6569
vn -0.6001 0.1132 0.7919
vn -0.6286 0.0594 0.7754
vn -0.6535 0.0283 0.7564
vn -0.6173 0.0883 0.7818
vn -0.6441 -0.0083 0.7649
vn -0.6787 -0.0023 0.7345
vn -0.7012 0.0031 0.7129
vn -0.6824 0.0146 0.7309
vn -0.6373 0.0398 0.7696
vn -0.6911 -0.0082 0.7227
vn -0.6404 -0.0268 0.7676
vn -0.7065 0.0004 0.7077
vn -0.6942 -0.0063 0.7197
vn -0.6777 -0.0380 0.7344
vn -0.6255 -0.0990 0.7739
vn -0.6412 -0.0664 0.7645
vn -0.5944 -0.1581 0.7884
vn -0.6703 -0.0139 0.7420
vn -0.6333 -0.0240 0.7735
vn -0.6106 -0.1024 0.7853
vn -0.5743 -0.1822 0.7981
vn -0.4685 0.1651 0.8679
vn -0.5469 0.1462 0.8244
vn -0.5548 0.1194 0.8234
vn -0.4690 0.1343 0.8729
vn -0.5647 0.0461 0.8240
vn -0.4795 0.0449 0.8764
vn -0.5638 -0.0487 0.8245
vn -0.4806 -0.0680 0.8743
vn -0.5507 -0.1422 0.8225
vn -0.4696 -0.1706 0.8662
vn -0.5311 -0.2120 0.8204
vn -0.4537 -0.2411 0.8579
vn -0.5212 -0.2362 0.8201
vn -0.4462 -0.2647 0.8549
vn -0.3098 0.1858 0.9325
vn -0.3842 0.1771 0.9061
vn -0.3846 0.1413 0.9122
vn -0.3088 0.1455 0.9399
vn -0.4004 0.0388 0.9155
vn -0.3354 0.0290 0.9416
vn -0.4059 -0.0860 0.9098
vn -0.3486 -0.1014 0.9318
vn -0.3980 -0.1924 0.8970
vn -0.3509 -0.2060 0.9135
vn -0.3825 -0.2625 0.8859
vn -0.3468 -0.2757 0.8965
vn -0.3746 -0.2854 0.8822
vn -0.3432 -0.2990 0.8904
vn -0.1731 0.2411 0.9549
vn -0.2386 0.2031 0.9496
vn -0.2381 0.1647 0.9572
vn -0.2402 0.1212 0.9631
vn -0.2872 0.0241 0.9576
vn -0.2797 -0.0161 0.9599
vn -0.3114 -0.1081 0.9441
vn -0.3011 -0.1197 0.9460
vn -0.3265 -0.2020 0.9234
vn -0.3189 -0.1950 0.9275
vn -0.3387 -0.2694 0.9015
vn -0.3337 -0.2479 0.9095
vn -0.3416 -0.2978 0.8914
vn -0.3442 -0.2870 0.8940
vn -0.8226 0.0615 0.5652
vn -0.9152 0.0617 0.3982
vn -0.9145 0.0615 0.3998
vn -0.8207 0.0619 0.5680
vn -0.6924 0.0907 0.7158
vn -0.6897 0.0914 0.7183
vn -0.8739 0.4856 -0.0217
vn -0.7460 0.6536 -0.1274
vn -0.7432 0.6564 -0.1295
vn -0.8688 0.4944 -0.0265
vn -0.9544 0.2819 0.0984
vn -0.9529 0.2881 0.0944
vn -0.1703 0.6613 -0.7305
vn -0.0000 0.6541 -0.7564
vn -0.1716 0.6614 -0.7301
vn -0.3257 0.6827 -0.6541
vn -0.3278 0.6831 -0.6527
vn -0.5349 0.1225 0.8360
vn -0.5324 0.1229 0.8375
vn -0.3616 0.1441 0.9211
vn -0.3600 0.1442 0.9218
vn -0.4524 0.7155 -0.5323
vn -0.4544 0.7162 -0.5297
vn -0.5457 0.7455 -0.3828
vn -0.5471 0.7459 -0.3800
vn -0.6317 0.7370 -0.2405
vn -0.6321 0.7368 -0.2400
vn -0.5636 -0.5703 -0.5976
vn -0.6089 -0.5518 -0.5699
vn -0.4545 -0.6135 -0.6458
vn -0.3008 -0.6369 -0.7098
vn -0.1867 -0.6361 -0.7487
vn -0.1114 -0.6282 -0.7701
vn -0.0000 -0.6229 -0.7823
vn -0.3888 0.8173 -0.4254
vn -0.2398 0.8500 -0.4690
vn -0.0000 0.8806 -0.4739
vn -0.3008 0.9379 -0.1726
vn -0.8821 0.1881 -0.4319
vn -0.8540 0.3337 -0.3991
vn -0.3110 0.9315 -0.1884
vn -0.5722 -0.6759 -0.4645
vn -0.5742 -0.6717 -0.4681
vn -0.9629 0.1279 0.2376
vn -0.9631 0.1286 0.2366
vn -0.1818 0.1547 0.9711
vn -0.1810 0.1547 0.9712
vn -0.0000 0.1577 0.9875
vn 0.9152 0.0617 0.3982
vn 0.8226 0.0614 0.5652
vn 0.8207 0.0618 0.5681
vn 0.9145 0.0615 0.3998
vn 0.6924 0.0907 0.7158
vn 0.6897 0.0914 0.7183
vn 0.7460 0.6536 -0.1274
vn 0.8740 0.4855 -0.0217
vn 0.8689 0.4943 -0.0265
vn 0.7432 0.6564 -0.1295
vn 0.9544 0.2819 0.0984
vn 0.9529 0.2881 0.0944
vn 0.1703 0.6613 -0.7305
vn 0.1716 0.6614 -0.7301
vn 0.3257 0.6827 -0.6541
vn 0.3278 0.6831 -0.6527
vn 0.5348 0.1225 0.8360
vn 0.5324 0.1229 0.8375
vn 0.3616 0.1441 0.9211
vn 0.3599 0.1442 0.9218
vn 0.4524 0.7155 -0.5323
vn 0.4544 0.7162 -0.5297
vn 0.5456 0.7455 -0.3828
vn 0.5470 0.7459 -0.3800
vn 0.6317 0.7370 -0.2405
vn 0.6320 0.7368 -0.2400
vn 0.6089 -0.5518 -0.5699
vn 0.5636 -0.5703 -0.5976
vn 0.4545 -0.6136 -0.6457
vn 0.3008 -0.6369 -0.7098
vn 0.1867 -0.6361 -0.7487
vn 0.1114 -0.6282 -0.7701
vn 0.2398 0.8500 -0.4690
vn 0.3888 0.8173 -0.4254
vn 0.8821 0.1882 -0.4319
vn 0.3007 0.9380 -0.1726
vn 0.3110 0.9316 -0.1884
vn 0.8540 0.3338 -0.3991
vn 0.5722 -0.6759 -0.4645
vn 0.5742 -0.6717 -0.4681
vn 0.9629 0.1278 0.2376
vn 0.9631 0.1286 0.2366
vn 0.1818 0.1547 0.9711
vn 0.1810 0.1547 0.9712
vt 0.804737 0.337137
vt 0.773822 0.324992
vt 0.781985 0.317707
vt 0.818821 0.332151
vt 0.740224 0.313662
vt 0.744138 0.305175
vt 0.742296 0.294069
vt 0.786508 0.308895
vt 0.830720 0.323721
vt 0.775517 0.411289
vt 0.775262 0.395647
vt 0.799044 0.410718
vt 0.801479 0.429251
vt 0.772571 0.378662
vt 0.794229 0.390842
vt 0.818921 0.402131
vt 0.825629 0.424392
vt 0.830273 0.445237
vt 0.729897 0.626837
vt 0.701437 0.618198
vt 0.704957 0.606060
vt 0.731845 0.614122
vt 0.677310 0.606970
vt 0.682331 0.595921
vt 0.687142 0.586701
vt 0.708438 0.595980
vt 0.733720 0.603363
vt 0.701240 0.379490
vt 0.705287 0.368372
vt 0.717489 0.369025
vt 0.715035 0.380116
vt 0.706900 0.356599
vt 0.718219 0.356855
vt 0.732887 0.360021
vt 0.733063 0.373019
vt 0.731672 0.384669
vt 0.634626 0.512328
vt 0.640400 0.512058
vt 0.640857 0.527050
vt 0.635575 0.527416
vt 0.646744 0.511975
vt 0.646665 0.526665
vt 0.648892 0.540674
vt 0.643178 0.541946
vt 0.637845 0.543080
vt 0.676910 0.555770
vt 0.685654 0.563687
vt 0.678525 0.570233
vt 0.668865 0.561060
vt 0.698576 0.571208
vt 0.692713 0.578791
vt 0.687142 0.586701
vt 0.671948 0.576863
vt 0.661489 0.566124
vt 0.827479 0.533516
vt 0.820782 0.519099
vt 0.831910 0.516142
vt 0.839479 0.534416
vt 0.808670 0.506894
vt 0.817229 0.499766
vt 0.828463 0.485983
vt 0.848969 0.515206
vt 0.856333 0.537215
vt 0.777279 0.585840
vt 0.795231 0.583523
vt 0.806346 0.595140
vt 0.783533 0.596914
vt 0.809713 0.578740
vt 0.824828 0.590024
vt 0.845436 0.608152
vt 0.815364 0.609465
vt 0.787772 0.609273
vt 0.697998 0.488946
vt 0.683823 0.491847
vt 0.676399 0.483976
vt 0.691939 0.480749
vt 0.672789 0.496843
vt 0.663853 0.490040
vt 0.653250 0.481026
vt 0.670371 0.475071
vt 0.686911 0.472310
vt 0.777113 0.724614
vt 0.802768 0.733864
vt 0.795798 0.755545
vt 0.771847 0.746865
vt 0.827554 0.744620
vt 0.818695 0.766184
vt 0.808475 0.786090
vt 0.788041 0.776138
vt 0.766146 0.768807
vt 0.788041 0.776138
vt 0.780209 0.796527
vt 0.760540 0.791628
vt 0.808475 0.786090
vt 0.797456 0.804496
vt 0.789229 0.817960
vt 0.775748 0.817279
vt 0.757506 0.816350
vt 0.906849 0.677922
vt 0.909553 0.655661
vt 0.941953 0.667608
vt 0.938218 0.690935
vt 0.911371 0.633726
vt 0.944505 0.644427
vt 0.979473 0.653927
vt 0.975049 0.678900
vt 0.970625 0.703872
vt 0.806728 0.853644
vt 0.827555 0.837846
vt 0.844773 0.859951
vt 0.821123 0.878278
vt 0.847237 0.818399
vt 0.867547 0.838491
vt 0.890654 0.860299
vt 0.863299 0.883814
vt 0.835945 0.907328
vt 0.766376 0.872685
vt 0.786627 0.864708
vt 0.799216 0.891895
vt 0.777632 0.902693
vt 0.813948 0.920558
vt 0.791951 0.933788
vt 0.911477 0.549102
vt 0.908254 0.526052
vt 0.941639 0.531483
vt 0.944311 0.554726
vt 0.904115 0.503409
vt 0.937959 0.508737
vt 0.972508 0.512583
vt 0.975608 0.536201
vt 0.978707 0.559818
vt 0.877315 0.773331
vt 0.888448 0.748396
vt 0.915321 0.764060
vt 0.902330 0.790142
vt 0.897025 0.723578
vt 0.925687 0.738280
vt 0.956108 0.752327
vt 0.942455 0.780222
vt 0.928802 0.808116
vt 0.895056 0.462404
vt 0.888711 0.440656
vt 0.920409 0.445429
vt 0.927601 0.467024
vt 0.880440 0.417195
vt 0.911065 0.422072
vt 0.943015 0.428193
vt 0.951697 0.449582
vt 0.960380 0.470972
vt 0.681085 0.359664
vt 0.677447 0.350585
vt 0.682335 0.349075
vt 0.685062 0.358964
vt 0.667877 0.342034
vt 0.673427 0.339654
vt 0.679533 0.337110
vt 0.688063 0.347410
vt 0.690581 0.358133
vt 0.669119 0.375584
vt 0.676930 0.368041
vt 0.681430 0.368673
vt 0.673496 0.377927
vt 0.687390 0.368904
vt 0.679981 0.379575
vt 0.913036 0.591648
vt 0.912915 0.570821
vt 0.945685 0.577281
vt 0.946108 0.599436
vt 0.979704 0.582993
vt 0.980700 0.606168
vt 0.824825 0.560231
vt 0.828193 0.547572
vt 0.841026 0.551085
vt 0.838879 0.566040
vt 0.839479 0.534416
vt 0.856333 0.537215
vt 0.858195 0.556248
vt 0.857143 0.573536
vt 0.663927 0.514654
vt 0.664144 0.525810
vt 0.655060 0.526208
vt 0.654974 0.513132
vt 0.666501 0.536909
vt 0.657394 0.538872
vt 0.648892 0.540674
vt 0.646665 0.526665
vt 0.646744 0.511975
vt 0.667877 0.342034
vt 0.653709 0.335019
vt 0.659481 0.331455
vt 0.673427 0.339654
vt 0.638239 0.329945
vt 0.643270 0.325275
vt 0.648190 0.320668
vt 0.665455 0.327810
vt 0.679533 0.337110
vt 0.632329 0.389123
vt 0.641206 0.388495
vt 0.640000 0.394104
vt 0.629963 0.393752
vt 0.650862 0.386444
vt 0.651488 0.392666
vt 0.648717 0.404763
vt 0.637792 0.401389
vt 0.626165 0.399758
vt 0.716691 0.578509
vt 0.712621 0.587114
vt 0.737420 0.584022
vt 0.735895 0.593588
vt 0.733720 0.603363
vt 0.708439 0.595980
vt 0.788860 0.639566
vt 0.759486 0.633687
vt 0.760264 0.619682
vt 0.789118 0.623479
vt 0.760444 0.607576
vt 0.787772 0.609273
vt 0.853983 0.370002
vt 0.869556 0.392702
vt 0.839259 0.387493
vt 0.826829 0.367453
vt 0.880440 0.417195
vt 0.848674 0.410850
vt 0.818921 0.402131
vt 0.811515 0.380707
vt 0.807976 0.366941
vt 0.772947 0.493935
vt 0.751941 0.489992
vt 0.749371 0.481408
vt 0.772711 0.485370
vt 0.731575 0.487577
vt 0.727638 0.479001
vt 0.723439 0.470661
vt 0.745262 0.472403
vt 0.768906 0.475246
vt 0.771110 0.347610
vt 0.791032 0.357293
vt 0.788714 0.371299
vt 0.768623 0.361289
vt 0.811515 0.380707
vt 0.818921 0.402131
vt 0.794229 0.390842
vt 0.772571 0.378662
vt 0.706899 0.356599
vt 0.704543 0.344341
vt 0.715710 0.343702
vt 0.718219 0.356855
vt 0.695576 0.332243
vt 0.706188 0.330244
vt 0.723273 0.329088
vt 0.730301 0.345657
vt 0.732887 0.360021
vt 0.219159 0.153079
vt 0.223800 0.162352
vt 0.217556 0.166499
vt 0.212442 0.157136
vt 0.229293 0.171509
vt 0.223479 0.175789
vt 0.217166 0.180578
vt 0.210819 0.171146
vt 0.205254 0.161679
vt 0.230783 0.081458
vt 0.246512 0.078288
vt 0.241992 0.090382
vt 0.228167 0.093654
vt 0.263347 0.074879
vt 0.256813 0.086667
vt 0.251624 0.102061
vt 0.238014 0.103302
vt 0.226431 0.106269
vt 0.226732 0.127503
vt 0.234590 0.124720
vt 0.235575 0.134292
vt 0.228714 0.137122
vt 0.242656 0.122010
vt 0.242520 0.131550
vt 0.244252 0.140488
vt 0.237920 0.143446
vt 0.231659 0.146450
vt 0.113348 0.248286
vt 0.121325 0.255833
vt 0.113345 0.265515
vt 0.105857 0.258059
vt 0.129727 0.264190
vt 0.121324 0.273741
vt 0.112119 0.283562
vt 0.104529 0.275138
vt 0.097567 0.267354
vt 0.195606 0.141909
vt 0.187163 0.146655
vt 0.182864 0.136608
vt 0.191781 0.131708
vt 0.178950 0.151640
vt 0.174236 0.141810
vt 0.169848 0.131309
vt 0.179003 0.125820
vt 0.188492 0.120698
vt 0.183498 0.096224
vt 0.172349 0.101497
vt 0.170207 0.090034
vt 0.182498 0.084962
vt 0.161560 0.107321
vt 0.158209 0.095686
vt 0.154791 0.084173
vt 0.168575 0.079078
vt 0.182358 0.073983
vt 0.164290 0.161816
vt 0.157387 0.167056
vt 0.151544 0.157870
vt 0.158796 0.152405
vt 0.150447 0.172636
vt 0.144247 0.163744
vt 0.137894 0.154523
vt 0.145632 0.148284
vt 0.153346 0.142505
vt 0.141814 0.119973
vt 0.132706 0.126651
vt 0.126220 0.115548
vt 0.136278 0.108462
vt 0.123768 0.133843
vt 0.116482 0.123215
vt 0.108946 0.112206
vt 0.119760 0.104421
vt 0.130575 0.096636
vt 0.136433 0.185122
vt 0.129922 0.191681
vt 0.122774 0.184091
vt 0.129500 0.177079
vt 0.123615 0.198777
vt 0.116302 0.191626
vt 0.108595 0.184477
vt 0.115280 0.176378
vt 0.122293 0.168824
vt 0.106237 0.150301
vt 0.098436 0.159155
vt 0.089821 0.150305
vt 0.097971 0.140747
vt 0.091153 0.168799
vt 0.082241 0.160791
vt 0.073140 0.151805
vt 0.081190 0.141364
vt 0.089239 0.130922
vt 0.110943 0.215751
vt 0.104795 0.225427
vt 0.097372 0.219846
vt 0.103361 0.209552
vt 0.098735 0.235526
vt 0.091809 0.230402
vt 0.084551 0.225846
vt 0.089576 0.214634
vt 0.095412 0.203644
vt 0.077626 0.191652
vt 0.072129 0.204457
vt 0.063390 0.200168
vt 0.068618 0.186087
vt 0.068095 0.217964
vt 0.059545 0.215024
vt 0.050368 0.212040
vt 0.054668 0.196197
vt 0.058969 0.180355
vt 0.206016 0.087775
vt 0.217601 0.084499
vt 0.216523 0.096747
vt 0.206151 0.100033
vt 0.230783 0.081458
vt 0.228167 0.093654
vt 0.216445 0.109258
vt 0.207238 0.112453
vt 0.211657 0.133760
vt 0.215075 0.143552
vt 0.207822 0.147492
vt 0.203810 0.137583
vt 0.200145 0.151905
vt 0.195606 0.141909
vt 0.294936 0.068207
vt 0.285618 0.077274
vt 0.271071 0.081852
vt 0.279600 0.071305
vt 0.275795 0.086611
vt 0.261805 0.093617
vt 0.275795 0.086611
vt 0.292671 0.081064
vt 0.288444 0.087259
vt 0.275843 0.090835
vt 0.309301 0.077662
vt 0.301151 0.085470
vt 0.292953 0.092360
vt 0.284160 0.093275
vt 0.275368 0.094190
vt 0.242656 0.122010
vt 0.245434 0.111856
vt 0.251678 0.110543
vt 0.248789 0.119168
vt 0.251624 0.102061
vt 0.257018 0.102557
vt 0.261553 0.102277
vt 0.257736 0.109114
vt 0.253918 0.115951
vt 0.105847 0.241495
vt 0.098959 0.251396
vt 0.092580 0.245496
vt 0.091403 0.260343
vt 0.085949 0.253971
vt 0.069833 0.264059
vt 0.073466 0.272953
vt 0.063132 0.278094
vt 0.059990 0.267701
vt 0.078264 0.282287
vt 0.067532 0.288871
vt 0.055419 0.294849
vt 0.052175 0.283024
vt 0.048932 0.271199
vt 0.065618 0.244544
vt 0.065910 0.231804
vt 0.073665 0.233607
vt 0.072932 0.244072
vt 0.076543 0.221624
vt 0.084551 0.225846
vt 0.080534 0.236220
vt 0.078095 0.243236
vt 0.637668 0.456583
vt 0.636518 0.468728
vt 0.629128 0.468649
vt 0.629557 0.456260
vt 0.635243 0.482707
vt 0.628604 0.482780
vt 0.622833 0.482506
vt 0.622683 0.468229
vt 0.622441 0.455566
vt 0.805999 0.533415
vt 0.803252 0.525536
vt 0.811646 0.522297
vt 0.816626 0.533332
vt 0.796301 0.519473
vt 0.801978 0.513228
vt 0.649106 0.576517
vt 0.655376 0.571243
vt 0.666230 0.584288
vt 0.660234 0.592729
vt 0.661489 0.566124
vt 0.761197 0.566303
vt 0.772306 0.565470
vt 0.783818 0.573958
vt 0.769612 0.575793
vt 0.782463 0.563235
vt 0.795877 0.570308
vt 0.084508 0.292306
vt 0.073720 0.300374
vt 0.091793 0.302462
vt 0.081017 0.311757
vt 0.069760 0.321940
vt 0.062590 0.308394
vt 0.667489 0.891614
vt 0.694413 0.888983
vt 0.700759 0.926912
vt 0.671523 0.932052
vt 0.720625 0.884982
vt 0.729189 0.920171
vt 0.742170 0.955115
vt 0.709024 0.964556
vt 0.675878 0.973997
vt 0.663049 0.694229
vt 0.691272 0.700075
vt 0.691095 0.724790
vt 0.663800 0.719972
vt 0.720844 0.707445
vt 0.719109 0.731150
vt 0.717334 0.756052
vt 0.690866 0.751072
vt 0.664453 0.747391
vt 0.247200 0.149022
vt 0.241248 0.152257
vt 0.237920 0.143446
vt 0.251198 0.157110
vt 0.245570 0.160706
vt 0.240063 0.164249
vt 0.235391 0.155488
vt 0.217166 0.180578
vt 0.210393 0.185734
vt 0.203640 0.176129
vt 0.210819 0.171146
vt 0.203645 0.190930
vt 0.196509 0.181162
vt 0.190172 0.171489
vt 0.197668 0.166544
vt 0.205254 0.161679
vt 0.191429 0.200698
vt 0.185560 0.205557
vt 0.177481 0.195608
vt 0.183623 0.190769
vt 0.179645 0.210605
vt 0.171324 0.200664
vt 0.163878 0.191187
vt 0.170277 0.186031
vt 0.176671 0.181123
vt 0.167652 0.221457
vt 0.161789 0.227131
vt 0.152913 0.217379
vt 0.158916 0.211606
vt 0.156010 0.233214
vt 0.147050 0.223651
vt 0.138824 0.214846
vt 0.144828 0.208360
vt 0.150996 0.202423
vt 0.144049 0.247391
vt 0.137276 0.255419
vt 0.128556 0.246821
vt 0.135140 0.238487
vt 0.129727 0.264190
vt 0.121325 0.255833
vt 0.113348 0.248286
vt 0.120255 0.239006
vt 0.126713 0.230330
vt 0.251198 0.157110
vt 0.247200 0.149022
vt 0.251956 0.144782
vt 0.255744 0.152829
vt 0.244252 0.140488
vt 0.249333 0.136416
vt 0.253513 0.132330
vt 0.256552 0.140565
vt 0.259591 0.148800
vt 0.322789 0.076975
vt 0.312342 0.085951
vt 0.333402 0.078457
vt 0.321984 0.088230
vt 0.310891 0.097138
vt 0.301922 0.094749
vt 0.322758 0.065289
vt 0.333698 0.054511
vt 0.347248 0.053035
vt 0.337562 0.063139
vt 0.346233 0.042558
vt 0.357158 0.042725
vt 0.368083 0.042892
vt 0.359221 0.052896
vt 0.350993 0.062003
vt 0.678381 0.321210
vt 0.686095 0.317862
vt 0.656546 0.312714
vt 0.661115 0.308497
vt 0.665333 0.303879
vt 0.694105 0.313983
vt 0.744569 0.448099
vt 0.758812 0.462335
vt 0.738214 0.462195
vt 0.728764 0.451286
vt 0.768906 0.475246
vt 0.723439 0.470661
vt 0.718181 0.462080
vt 0.711974 0.453197
vt 0.681110 0.417059
vt 0.678445 0.426053
vt 0.666983 0.424696
vt 0.668134 0.415924
vt 0.677428 0.435288
vt 0.666194 0.434212
vt 0.653834 0.431633
vt 0.656645 0.423448
vt 0.656554 0.415126
vt 0.680099 0.453920
vt 0.666622 0.454206
vt 0.666206 0.444145
vt 0.678110 0.444578
vt 0.655163 0.454913
vt 0.655793 0.444387
vt 0.666194 0.434212
vt 0.705104 0.302239
vt 0.708171 0.294068
vt 0.671095 0.292653
vt 0.674157 0.284991
vt 0.677748 0.275210
vt 0.710022 0.284639
vt 0.611837 0.306664
vt 0.611806 0.302172
vt 0.636197 0.303483
vt 0.634125 0.307979
vt 0.611773 0.297310
vt 0.638014 0.298628
vt 0.665332 0.303879
vt 0.661115 0.308497
vt 0.656546 0.312714
vt 0.611692 0.285386
vt 0.611636 0.277292
vt 0.642258 0.279317
vt 0.640359 0.287025
vt 0.611557 0.265639
vt 0.644652 0.270424
vt 0.671095 0.292653
vt 0.615846 0.893736
vt 0.615558 0.851599
vt 0.640325 0.851489
vt 0.641363 0.893142
vt 0.615286 0.811724
vt 0.639952 0.811983
vt 0.664924 0.812801
vt 0.665502 0.851273
vt 0.667489 0.891613
vt 0.611970 0.326123
vt 0.611933 0.320692
vt 0.627369 0.321732
vt 0.624465 0.327010
vt 0.611898 0.315558
vt 0.630129 0.316675
vt 0.648190 0.320668
vt 0.643270 0.325275
vt 0.638239 0.329945
vt 0.612403 0.389611
vt 0.612380 0.386188
vt 0.615939 0.386486
vt 0.615755 0.389656
vt 0.612362 0.383628
vt 0.615856 0.384191
vt 0.620124 0.384633
vt 0.620255 0.386696
vt 0.619812 0.389646
vt 0.262071 0.171519
vt 0.257299 0.176114
vt 0.250950 0.168720
vt 0.256189 0.164647
vt 0.252659 0.180589
vt 0.245848 0.172699
vt 0.240063 0.164249
vt 0.366845 0.068115
vt 0.357749 0.077156
vt 0.351253 0.072632
vt 0.360509 0.063784
vt 0.348653 0.086198
vt 0.341998 0.081480
vt 0.333402 0.078457
vt 0.342198 0.070230
vt 0.210211 0.221808
vt 0.204891 0.226982
vt 0.194789 0.216168
vt 0.200371 0.211194
vt 0.199440 0.232285
vt 0.189119 0.221304
vt 0.233059 0.199592
vt 0.227092 0.205391
vt 0.218256 0.195624
vt 0.224619 0.190187
vt 0.221123 0.211195
vt 0.211904 0.201084
vt 0.243615 0.189343
vt 0.238593 0.194217
vt 0.230529 0.185148
vt 0.235933 0.180617
vt 0.223479 0.175789
vt 0.188038 0.243378
vt 0.182295 0.248966
vt 0.171686 0.237831
vt 0.177461 0.232220
vt 0.176395 0.254706
vt 0.165889 0.243731
vt 0.163323 0.267425
vt 0.155831 0.274715
vt 0.146394 0.264874
vt 0.153492 0.257193
vt 0.147519 0.282802
vt 0.138474 0.273335
vt 0.256189 0.164647
vt 0.260724 0.160349
vt 0.266594 0.167247
vt 0.265149 0.156123
vt 0.270706 0.163446
vt 0.337245 0.097492
vt 0.330296 0.092135
vt 0.326496 0.108141
vt 0.318693 0.102639
vt 0.138335 0.291737
vt 0.129671 0.282625
vt 0.128523 0.301284
vt 0.120139 0.292394
vt 0.112119 0.283562
vt 0.121324 0.273741
vt 0.612571 0.414223
vt 0.612523 0.407148
vt 0.614294 0.407063
vt 0.614442 0.414120
vt 0.612477 0.400370
vt 0.614543 0.400290
vt 0.617022 0.400035
vt 0.616248 0.406829
vt 0.616301 0.413858
vt 0.690388 0.780549
vt 0.664743 0.778135
vt 0.715512 0.783683
vt 0.714664 0.814731
vt 0.690211 0.813787
vt 0.664924 0.812801
vt 0.617457 0.468014
vt 0.617107 0.455214
vt 0.617753 0.482378
vt 0.613037 0.482386
vt 0.612939 0.467995
vt 0.612851 0.455164
vt 0.712224 0.505784
vt 0.700694 0.506905
vt 0.692039 0.499418
vt 0.704891 0.497300
vt 0.691781 0.509108
vt 0.682061 0.503066
vt 0.798434 0.552227
vt 0.803912 0.543010
vt 0.816060 0.545052
vt 0.811590 0.555848
vt 0.805999 0.533415
vt 0.816626 0.533332
vt 0.091793 0.302462
vt 0.102214 0.293135
vt 0.110077 0.302263
vt 0.099645 0.312141
vt 0.120139 0.292394
vt 0.128523 0.301284
vt 0.118364 0.311168
vt 0.107994 0.321256
vt 0.633072 0.585562
vt 0.642607 0.609514
vt 0.628800 0.611270
vt 0.623632 0.587015
vt 0.659853 0.638448
vt 0.634449 0.637364
vt 0.614088 0.636340
vt 0.613915 0.610995
vt 0.613752 0.587181
vt 0.623777 0.512522
vt 0.624652 0.528153
vt 0.619030 0.528507
vt 0.618500 0.512668
vt 0.625950 0.545074
vt 0.619732 0.545711
vt 0.613471 0.545972
vt 0.613353 0.528692
vt 0.613244 0.512775
vt 0.664453 0.747391
vt 0.664743 0.778135
vt 0.639671 0.776566
vt 0.639240 0.745166
vt 0.664924 0.812801
vt 0.639952 0.811983
vt 0.615286 0.811724
vt 0.615043 0.776092
vt 0.614827 0.744513
vt 0.663800 0.719972
vt 0.638566 0.717003
vt 0.637822 0.690471
vt 0.614633 0.716083
vt 0.614449 0.689233
vt 0.683170 0.518036
vt 0.682729 0.525348
vt 0.673388 0.525540
vt 0.673394 0.516305
vt 0.684509 0.532801
vt 0.675529 0.534876
vt 0.666501 0.536909
vt 0.663927 0.514654
vt 0.709887 0.555322
vt 0.722711 0.560561
vt 0.719958 0.569634
vt 0.704292 0.563364
vt 0.736707 0.564392
vt 0.737505 0.574275
vt 0.737419 0.584022
vt 0.716691 0.578509
vt 0.698576 0.571208
vt 0.772960 0.511226
vt 0.757261 0.508380
vt 0.754514 0.499016
vt 0.772862 0.502496
vt 0.740884 0.506442
vt 0.736039 0.496805
vt 0.686038 0.512652
vt 0.676015 0.508689
vt 0.683170 0.518036
vt 0.673394 0.516305
vt 0.666413 0.504657
vt 0.622941 0.422573
vt 0.625228 0.425822
vt 0.622343 0.428610
vt 0.620646 0.424663
vt 0.628324 0.428169
vt 0.625367 0.431804
vt 0.621434 0.436510
vt 0.619003 0.430763
vt 0.618040 0.426088
vt 0.638135 0.430188
vt 0.643630 0.428966
vt 0.645241 0.433116
vt 0.638080 0.434777
vt 0.648227 0.425835
vt 0.650884 0.429015
vt 0.653834 0.431633
vt 0.647086 0.437193
vt 0.638154 0.440071
vt 0.616436 0.980156
vt 0.616136 0.936213
vt 0.643477 0.935015
vt 0.646157 0.977076
vt 0.615846 0.893736
vt 0.641363 0.893142
vt 0.667489 0.891613
vt 0.671523 0.932052
vt 0.611736 0.291866
vt 0.639179 0.293307
vt 0.611692 0.285386
vt 0.671095 0.292653
vt 0.668433 0.298774
vt 0.700386 0.308721
vt 0.732233 0.320488
vt 0.668433 0.298774
vt 0.691160 0.850618
vt 0.665502 0.851273
vt 0.716020 0.849175
vt 0.720625 0.884982
vt 0.694413 0.888983
vt 0.907830 0.370310
vt 0.925422 0.399252
vt 0.897955 0.396401
vt 0.879258 0.371426
vt 0.911065 0.422073
vt 0.882806 0.563319
vt 0.882487 0.582559
vt 0.881102 0.542670
vt 0.912915 0.570821
vt 0.913036 0.591648
vt 0.856292 0.434134
vt 0.862048 0.455867
vt 0.848674 0.410850
vt 0.880440 0.417195
vt 0.888711 0.440656
vt 0.895056 0.462404
vt 0.827554 0.744620
vt 0.835010 0.721109
vt 0.861599 0.733846
vt 0.852391 0.757917
vt 0.840636 0.697296
vt 0.868592 0.709598
vt 0.897025 0.723578
vt 0.888448 0.748396
vt 0.877315 0.773331
vt 0.876196 0.519784
vt 0.869752 0.496516
vt 0.778270 0.839744
vt 0.759427 0.843611
vt 0.795733 0.832518
vt 0.797456 0.804496
vt 0.812321 0.818724
vt 0.808475 0.786090
vt 0.827893 0.800470
vt 0.846255 0.653467
vt 0.847412 0.632301
vt 0.878068 0.642999
vt 0.876090 0.664802
vt 0.879493 0.621565
vt 0.771110 0.347610
vt 0.750018 0.338826
vt 0.760749 0.330815
vt 0.785863 0.340780
vt 0.623179 0.497351
vt 0.618087 0.497337
vt 0.613139 0.497386
vt 0.657401 0.500445
vt 0.648663 0.496782
vt 0.635243 0.482707
vt 0.642785 0.481854
vt 0.641250 0.496800
vt 0.634555 0.497385
vt 0.693681 0.543984
vt 0.700473 0.549586
vt 0.693012 0.556763
vt 0.685230 0.550018
vt 0.704292 0.563364
vt 0.621007 0.406063
vt 0.618535 0.406457
vt 0.620417 0.399620
vt 0.619966 0.412602
vt 0.618143 0.413420
vt 0.616301 0.413858
vt 0.616247 0.406829
vt 0.617022 0.400035
vt 0.651056 0.420982
vt 0.653733 0.422757
vt 0.652217 0.416630
vt 0.654168 0.416062
vt 0.656645 0.423448
vt 0.786119 0.514832
vt 0.788897 0.506915
vt 0.772960 0.511226
vt 0.772862 0.502496
vt 0.772947 0.493935
vt 0.792327 0.498983
vt 0.612659 0.427008
vt 0.612618 0.421064
vt 0.614877 0.420907
vt 0.615358 0.426809
vt 0.617058 0.420438
vt 0.618040 0.426088
vt 0.690341 0.399513
vt 0.685216 0.408386
vt 0.669834 0.408402
vt 0.673387 0.400674
vt 0.654548 0.409058
vt 0.767986 0.436247
vt 0.794575 0.457641
vt 0.778609 0.461743
vt 0.758075 0.443514
vt 0.794061 0.478739
vt 0.758812 0.462335
vt 0.744569 0.448099
vt 0.796027 0.490498
vt 0.772711 0.485370
vt 0.794061 0.478739
vt 0.622833 0.482506
vt 0.628604 0.482780
vt 0.628584 0.497472
vt 0.635243 0.482707
vt 0.634555 0.497385
vt 0.634626 0.512328
vt 0.629113 0.512444
vt 0.623777 0.512522
vt 0.844153 0.674831
vt 0.873182 0.686737
vt 0.846255 0.653467
vt 0.876090 0.664802
vt 0.906850 0.677922
vt 0.902931 0.700284
vt 0.632777 0.429760
vt 0.631020 0.434086
vt 0.629576 0.439390
vt 0.193785 0.237787
vt 0.183306 0.226688
vt 0.173641 0.215932
vt 0.165095 0.206023
vt 0.157399 0.196683
vt 0.633072 0.585562
vt 0.641658 0.581721
vt 0.652780 0.602043
vt 0.642607 0.609514
vt 0.670866 0.620546
vt 0.655163 0.454913
vt 0.653765 0.466623
vt 0.644456 0.467984
vt 0.645959 0.455938
vt 0.635243 0.482707
vt 0.636518 0.468727
vt 0.637668 0.456583
vt 0.114811 0.141802
vt 0.106985 0.131699
vt 0.099092 0.121564
vt 0.143365 0.178723
vt 0.136773 0.170227
vt 0.129967 0.161458
vt 0.785490 0.678566
vt 0.755952 0.670148
vt 0.758083 0.650446
vt 0.787741 0.657877
vt 0.724995 0.661646
vt 0.727504 0.642572
vt 0.729897 0.626837
vt 0.788860 0.639566
vt 0.902931 0.700284
vt 0.932981 0.714195
vt 0.963366 0.728100
vt 0.630174 0.527781
vt 0.635575 0.527416
vt 0.637845 0.543080
vt 0.632054 0.544158
vt 0.625950 0.545074
vt 0.724994 0.661646
vt 0.693285 0.652429
vt 0.697252 0.633406
vt 0.727504 0.642572
vt 0.670866 0.620546
vt 0.612728 0.437178
vt 0.612692 0.431828
vt 0.615722 0.431655
vt 0.616172 0.437104
vt 0.612659 0.427008
vt 0.618040 0.426088
vt 0.619003 0.430763
vt 0.619966 0.412602
vt 0.620962 0.418186
vt 0.619092 0.419591
vt 0.622941 0.422573
vt 0.620646 0.424662
vt 0.618040 0.426088
vt 0.617058 0.420438
vt 0.616301 0.413858
vt 0.625214 0.389454
vt 0.623065 0.393829
vt 0.618487 0.394155
vt 0.620417 0.399620
vt 0.617022 0.400035
vt 0.635360 0.562195
vt 0.628167 0.564134
vt 0.642042 0.559653
vt 0.649106 0.576517
vt 0.641658 0.581721
vt 0.633072 0.585562
vt 0.684509 0.532801
vt 0.688307 0.538748
vt 0.679498 0.542931
vt 0.675529 0.534876
vt 0.670705 0.546922
vt 0.628167 0.564134
vt 0.620886 0.565147
vt 0.633072 0.585562
vt 0.623632 0.587015
vt 0.613752 0.587181
vt 0.613604 0.565442
vt 0.647882 0.556897
vt 0.642042 0.559653
vt 0.653791 0.553973
vt 0.661951 0.550591
vt 0.653791 0.553973
vt 0.655793 0.444387
vt 0.646802 0.446047
vt 0.638095 0.447207
vt 0.725506 0.405189
vt 0.745339 0.417942
vt 0.738350 0.427063
vt 0.719778 0.415175
vt 0.767986 0.436247
vt 0.758075 0.443514
vt 0.729001 0.434715
vt 0.712801 0.424557
vt 0.791032 0.357293
vt 0.808353 0.352336
vt 0.826829 0.367453
vt 0.832007 0.351672
vt 0.853983 0.370002
vt 0.621894 0.445373
vt 0.616647 0.444891
vt 0.616172 0.437104
vt 0.617107 0.455214
vt 0.612851 0.455164
vt 0.612780 0.444834
vt 0.612728 0.437178
vt 0.667610 0.464739
vt 0.683008 0.463279
vt 0.653765 0.466623
vt 0.712801 0.424557
vt 0.729001 0.434715
vt 0.717825 0.440723
vt 0.705630 0.432491
vt 0.728764 0.451286
vt 0.711974 0.453197
vt 0.705360 0.444366
vt 0.700189 0.437770
vt 0.629436 0.446634
vt 0.629575 0.439390
vt 0.629557 0.456260
vt 0.261805 0.093617
vt 0.265202 0.096008
vt 0.268460 0.098234
vt 0.322758 0.065289
vt 0.316029 0.071475
vt 0.300863 0.073848
vt 0.308991 0.066658
vt 0.750018 0.338826
vt 0.748840 0.352193
vt 0.730301 0.345657
vt 0.751618 0.367715
vt 0.732887 0.360021
vt 0.752816 0.382317
vt 0.752023 0.395526
vt 0.751617 0.367715
vt 0.851931 0.350056
vt 0.879258 0.371426
vt 0.869275 0.347015
vt 0.631925 0.421053
vt 0.634962 0.421776
vt 0.634124 0.425679
vt 0.630419 0.424604
vt 0.638049 0.421543
vt 0.638229 0.425770
vt 0.643677 0.417814
vt 0.645690 0.413647
vt 0.648648 0.417315
vt 0.646012 0.421792
vt 0.645461 0.408157
vt 0.650507 0.412865
vt 0.624371 0.410463
vt 0.624768 0.414122
vt 0.622704 0.416144
vt 0.621867 0.411353
vt 0.626593 0.417254
vt 0.624754 0.419956
vt 0.654168 0.416062
vt 0.652483 0.410450
vt 0.654548 0.409058
vt 0.650507 0.412865
vt 0.647213 0.405863
vt 0.648717 0.404763
vt 0.641086 0.420424
vt 0.642385 0.424604
vt 0.629039 0.419625
vt 0.627327 0.422736
vt 0.628120 0.402212
vt 0.623095 0.405941
vt 0.629607 0.403924
vt 0.625369 0.406398
vt 0.624371 0.410463
vt 0.637642 0.402605
vt 0.628120 0.402212
vt 0.648717 0.404763
vt 0.647213 0.405863
vt 0.637230 0.404267
vt 0.629607 0.403924
vt 0.629607 0.403924
vt 0.636401 0.406452
vt 0.631617 0.407023
vt 0.640114 0.409360
vt 0.637230 0.404267
vt 0.634325 0.412889
vt 0.631617 0.407023
vt 0.640114 0.409359
vt 0.629039 0.419625
vt 0.630671 0.417306
vt 0.633009 0.417577
vt 0.626593 0.417254
vt 0.629576 0.415172
vt 0.633009 0.417577
vt 0.629576 0.415172
vt 0.626593 0.417254
vt 0.624768 0.414121
vt 0.627514 0.413302
vt 0.629576 0.415172
vt 0.628138 0.410821
vt 0.628138 0.410821
vt 0.638049 0.421543
vt 0.634962 0.421776
vt 0.634984 0.418804
vt 0.636821 0.417787
vt 0.631925 0.421053
vt 0.634962 0.421776
vt 0.633010 0.417577
vt 0.624371 0.410463
vt 0.625369 0.406398
vt 0.627973 0.407792
vt 0.631617 0.407023
vt 0.625368 0.406398
vt 0.643677 0.417814
vt 0.639266 0.417690
vt 0.640236 0.415159
vt 0.638049 0.421543
vt 0.636821 0.417787
vt 0.641086 0.420424
vt 0.640236 0.415159
vt 0.645690 0.413647
vt 0.642345 0.412422
vt 0.640236 0.415159
vt 0.640114 0.409359
vt 0.704210 0.470746
vt 0.699757 0.462406
vt 0.718181 0.462080
vt 0.686911 0.472310
vt 0.683008 0.463279
vt 0.680099 0.453920
vt 0.695442 0.453837
vt 0.711974 0.453197
vt 0.725506 0.405189
vt 0.719778 0.415175
vt 0.701925 0.409715
vt 0.707350 0.399965
vt 0.696375 0.419227
vt 0.681110 0.417059
vt 0.685216 0.408386
vt 0.690341 0.399513
vt 0.725706 0.505601
vt 0.719496 0.496328
vt 0.704891 0.497300
vt 0.697998 0.488946
vt 0.713744 0.487378
vt 0.611866 0.310988
vt 0.632243 0.312218
vt 0.652420 0.316608
vt 0.711974 0.453197
vt 0.695442 0.453837
vt 0.691647 0.445104
vt 0.689893 0.436550
vt 0.705629 0.432491
vt 0.691906 0.428133
vt 0.696375 0.419227
vt 0.689893 0.436550
vt 0.671623 0.324442
vt 0.686865 0.334594
vt 0.652420 0.316608
vt 0.678381 0.321210
vt 0.695576 0.332243
vt 0.690581 0.358133
vt 0.688063 0.347410
vt 0.695415 0.345751
vt 0.697786 0.357246
vt 0.704543 0.344341
vt 0.708751 0.478951
vt 0.691939 0.480750
vt 0.679981 0.379575
vt 0.687390 0.368904
vt 0.695316 0.368650
vt 0.689395 0.379825
vt 0.808475 0.786090
vt 0.818695 0.766184
vt 0.841245 0.780144
vt 0.827893 0.800470
vt 0.863764 0.796784
vt 0.662280 0.668297
vt 0.636955 0.664024
vt 0.663049 0.694229
vt 0.637821 0.690471
vt 0.614449 0.689233
vt 0.614267 0.662602
vt 0.170127 0.260805
vt 0.159908 0.250161
vt 0.150194 0.239974
vt 0.141215 0.230719
vt 0.132845 0.222214
vt 0.693285 0.652429
vt 0.691759 0.675557
vt 0.662280 0.668297
vt 0.724995 0.661646
vt 0.722769 0.683818
vt 0.720844 0.707445
vt 0.691272 0.700075
vt 0.663049 0.694229
vt 0.084116 0.179679
vt 0.075088 0.172877
vt 0.066055 0.166080
vt 0.117258 0.206810
vt 0.109762 0.200096
vt 0.101880 0.193542
vt 0.863764 0.796783
vt 0.886509 0.815051
vt 0.909728 0.834208
vt 0.785491 0.678566
vt 0.813331 0.687253
vt 0.808779 0.710580
vt 0.781819 0.701362
vt 0.835010 0.721109
vt 0.669243 0.390344
vt 0.681358 0.390694
vt 0.673387 0.400674
vt 0.689395 0.379825
vt 0.701240 0.379490
vt 0.695949 0.389896
vt 0.690341 0.399513
vt 0.725506 0.405189
vt 0.729315 0.395180
vt 0.749707 0.407411
vt 0.745339 0.417942
vt 0.773469 0.425212
vt 0.767986 0.436247
vt 0.832246 0.464259
vt 0.865975 0.475833
vt 0.830273 0.445237
vt 0.862048 0.455867
vt 0.899910 0.482698
vt 0.248197 0.184903
vt 0.240936 0.176567
vt 0.234724 0.167755
vt 0.228714 0.137122
vt 0.221957 0.140147
vt 0.219188 0.130454
vt 0.225482 0.149584
vt 0.183498 0.096224
vt 0.194737 0.091649
vt 0.195903 0.103912
vt 0.185607 0.108497
vt 0.197953 0.116232
vt 0.188492 0.120698
vt 0.229656 0.158763
vt 0.234724 0.167755
vt 0.660255 0.381974
vt 0.663334 0.386417
vt 0.933287 0.487657
vt 0.966444 0.491778
vt 0.690341 0.399513
vt 0.711692 0.390251
vt 0.707350 0.399965
vt 0.773469 0.425212
vt 0.801025 0.445601
vt 0.794576 0.457641
vt 0.775517 0.411289
vt 0.801479 0.429251
vt 0.854440 0.590292
vt 0.881348 0.601660
vt 0.857143 0.573536
vt 0.882487 0.582559
vt 0.912498 0.612461
vt 0.791190 0.558985
vt 0.804967 0.564332
vt 0.824825 0.560231
vt 0.819117 0.570842
vt 0.215541 0.216623
vt 0.205991 0.206236
vt 0.197372 0.195884
vt 0.189882 0.186010
vt 0.183217 0.176323
vt 0.151389 0.113520
vt 0.146932 0.101869
vt 0.142683 0.090404
vt 0.171381 0.156699
vt 0.166266 0.147080
vt 0.161336 0.136879
vt 0.834553 0.579510
vt 0.838879 0.566040
vt 0.945741 0.621752
vt 0.980087 0.630048
vt 0.156285 0.125457
vt 0.165523 0.119514
vt 0.147597 0.131521
vt 0.141814 0.119973
vt 0.151389 0.113520
vt 0.195340 0.070429
vt 0.194707 0.080655
vt 0.182498 0.084962
vt 0.208322 0.066875
vt 0.206949 0.077026
vt 0.206016 0.087775
vt 0.194737 0.091649
vt 0.093199 0.186660
vt 0.100085 0.176782
vt 0.086695 0.197592
vt 0.077626 0.191652
vt 0.084116 0.179679
vt 0.333698 0.054511
vt 0.319181 0.056685
vt 0.329567 0.046619
vt 0.303673 0.059316
vt 0.312900 0.050680
vt 0.122571 0.151870
vt 0.130997 0.144430
vt 0.114447 0.159795
vt 0.106237 0.150301
vt 0.123768 0.133843
vt 0.081017 0.311757
vt 0.088966 0.322046
vt 0.078101 0.332082
vt 0.091793 0.302462
vt 0.099645 0.312141
vt 0.097463 0.331502
vt 0.086442 0.342225
vt 0.385363 0.049679
vt 0.375369 0.059628
vt 0.368511 0.055153
vt 0.376723 0.046285
vt 0.366845 0.068115
vt 0.360509 0.063784
vt 0.359221 0.052896
vt 0.316029 0.071475
vt 0.330176 0.070057
vt 0.337562 0.063139
vt 0.350993 0.062003
vt 0.342198 0.070230
vt 0.094849 0.284011
vt 0.088319 0.275301
vt 0.102214 0.293135
vt 0.084508 0.292306
vt 0.078264 0.282287
vt 0.046457 0.247295
vt 0.048412 0.229667
vt 0.057421 0.230543
vt 0.056848 0.245116
vt 0.059545 0.215024
vt 0.082912 0.267325
vt 0.078447 0.259870
vt 0.073466 0.272953
vt 0.069833 0.264059
vt 0.286586 0.062513
vt 0.292653 0.054794
vt 0.268581 0.065839
vt 0.272407 0.058908
vt 0.221937 0.064830
vt 0.219586 0.074086
vt 0.235552 0.062785
vt 0.233729 0.071434
vt 0.217601 0.084499
vt 0.081016 0.209393
vt 0.076543 0.221624
vt 0.068095 0.217964
vt 0.072129 0.204457
vt 0.107056 0.167970
vt 0.098436 0.159155
vt 0.139274 0.137737
vt 0.132706 0.126651
vt 0.175383 0.113777
vt 0.185607 0.108497
vt 0.172349 0.101497
vt 0.253980 0.060846
vt 0.250528 0.068751
vt 0.648760 0.380214
vt 0.656086 0.376282
vt 0.658003 0.378735
vt 0.649854 0.382705
vt 0.662830 0.371628
vt 0.665815 0.373416
vt 0.625777 0.384663
vt 0.625940 0.386621
vt 0.620255 0.386696
vt 0.632762 0.384103
vt 0.633032 0.386132
vt 0.632329 0.389123
vt 0.625214 0.389454
vt 0.619812 0.389646
vt 0.612436 0.394378
vt 0.615165 0.394332
vt 0.614543 0.400290
vt 0.618487 0.394155
vt 0.612043 0.336850
vt 0.612007 0.331516
vt 0.621972 0.332068
vt 0.619770 0.336954
vt 0.633758 0.334153
vt 0.629656 0.338046
vt 0.640726 0.382744
vt 0.641278 0.385016
vt 0.648760 0.380214
vt 0.649854 0.382705
vt 0.650862 0.386444
vt 0.641206 0.388495
vt 0.656672 0.345936
vt 0.642850 0.340988
vt 0.648202 0.338144
vt 0.662235 0.344111
vt 0.629656 0.338046
vt 0.638239 0.329945
vt 0.653709 0.335019
vt 0.669577 0.366556
vt 0.673439 0.367229
vt 0.676931 0.360996
vt 0.679719 0.360444
vt 0.667541 0.352847
vt 0.672753 0.351872
vt 0.618869 0.371418
vt 0.623235 0.371558
vt 0.623281 0.374894
vt 0.618906 0.374717
vt 0.628984 0.371610
vt 0.628928 0.374903
vt 0.629634 0.378106
vt 0.623827 0.378232
vt 0.619225 0.378069
vt 0.612277 0.371194
vt 0.615363 0.371259
vt 0.615388 0.374491
vt 0.612299 0.374388
vt 0.615536 0.377782
vt 0.612321 0.377635
vt 0.636333 0.371491
vt 0.635951 0.374628
vt 0.644215 0.371045
vt 0.643208 0.373916
vt 0.643846 0.376329
vt 0.636650 0.377539
vt 0.656288 0.369400
vt 0.655433 0.371003
vt 0.649582 0.372666
vt 0.651341 0.370197
vt 0.654481 0.372592
vt 0.650091 0.374422
vt 0.643846 0.376329
vt 0.643207 0.373916
vt 0.644215 0.371045
vt 0.624715 0.381478
vt 0.619654 0.381371
vt 0.631015 0.381152
vt 0.612321 0.377635
vt 0.615536 0.377782
vt 0.615698 0.381022
vt 0.612343 0.380801
vt 0.619225 0.378069
vt 0.619654 0.381371
vt 0.638398 0.380209
vt 0.645917 0.378370
vt 0.661982 0.368908
vt 0.658084 0.372138
vt 0.662416 0.366730
vt 0.628984 0.371610
vt 0.623235 0.371558
vt 0.623720 0.368322
vt 0.629628 0.368311
vt 0.619199 0.368272
vt 0.619376 0.365280
vt 0.624360 0.365157
vt 0.629344 0.365034
vt 0.615363 0.371259
vt 0.615540 0.368176
vt 0.612277 0.371194
vt 0.612257 0.368132
vt 0.612236 0.365090
vt 0.615806 0.365185
vt 0.651341 0.370197
vt 0.656030 0.366867
vt 0.644215 0.371045
vt 0.646687 0.367755
vt 0.648840 0.364662
vt 0.662886 0.362829
vt 0.650091 0.374422
vt 0.652593 0.375501
vt 0.645917 0.378370
vt 0.636333 0.371491
vt 0.637587 0.368191
vt 0.639092 0.364848
vt 0.612108 0.346437
vt 0.619738 0.346421
vt 0.620326 0.349585
vt 0.612130 0.349570
vt 0.628088 0.346894
vt 0.628970 0.349924
vt 0.630285 0.352965
vt 0.620953 0.352739
vt 0.612151 0.352687
vt 0.646467 0.353232
vt 0.639933 0.353235
vt 0.638046 0.350712
vt 0.645969 0.351509
vt 0.628970 0.349924
vt 0.628088 0.346894
vt 0.637189 0.348210
vt 0.643922 0.349548
vt 0.650490 0.347869
vt 0.653583 0.346911
vt 0.662074 0.352493
vt 0.657221 0.352222
vt 0.667541 0.352847
vt 0.662391 0.357459
vt 0.656444 0.355882
vt 0.612072 0.341144
vt 0.612057 0.338928
vt 0.619402 0.338954
vt 0.619212 0.341117
vt 0.628771 0.339861
vt 0.628094 0.341857
vt 0.628771 0.339861
vt 0.641177 0.342524
vt 0.639515 0.344189
vt 0.633360 0.358196
vt 0.634473 0.360528
vt 0.622220 0.360587
vt 0.621929 0.358128
vt 0.632040 0.363076
vt 0.622131 0.363024
vt 0.612221 0.362973
vt 0.612205 0.360548
vt 0.612188 0.358045
vt 0.650389 0.359798
vt 0.646717 0.357716
vt 0.654486 0.362036
vt 0.647061 0.348854
vt 0.652091 0.351970
vt 0.651135 0.354464
vt 0.612108 0.346437
vt 0.612089 0.343622
vt 0.619336 0.343586
vt 0.619738 0.346421
vt 0.627819 0.344188
vt 0.628088 0.346894
vt 0.627818 0.344188
vt 0.637970 0.346075
vt 0.637189 0.348210
vt 0.630285 0.352965
vt 0.631807 0.355717
vt 0.621488 0.355563
vt 0.620953 0.352739
vt 0.621929 0.358128
vt 0.612170 0.355479
vt 0.612151 0.352687
vt 0.643084 0.355556
vt 0.639933 0.353235
vt 0.631807 0.355717
vt 0.081223 0.248067
vt 0.074839 0.252466
vt 0.072932 0.244072
vt 0.067085 0.255002
vt 0.177040 0.166486
vt 0.184292 0.161576
vt 0.170235 0.171419
vt 0.226431 0.106269
vt 0.225942 0.117451
vt 0.217338 0.120385
vt 0.209061 0.123596
vt 0.207238 0.112453
vt 0.755952 0.670148
vt 0.753068 0.692466
vt 0.722769 0.683818
vt 0.749728 0.715772
vt 0.124895 0.214204
vt 0.131059 0.206525
vt 0.118673 0.222706
vt 0.840637 0.697296
vt 0.813331 0.687253
vt 0.816059 0.665552
vt 0.844153 0.674831
vt 0.817493 0.645520
vt 0.846255 0.653467
vt 0.150194 0.187554
vt 0.156952 0.181806
vt 0.143546 0.193573
vt 0.737117 0.815534
vt 0.738782 0.846730
vt 0.757506 0.816350
vt 0.759428 0.843611
vt 0.766376 0.872685
vt 0.744592 0.879439
vt 0.749500 0.566134
vt 0.754176 0.576141
vt 0.761197 0.566303
vt 0.769612 0.575793
vt 0.777279 0.585840
vt 0.757843 0.586267
vt 0.057864 0.257106
vt 0.056848 0.245116
vt 0.047694 0.259247
vt 0.084551 0.225846
vt 0.091809 0.230402
vt 0.086575 0.240348
vt 0.098735 0.235526
vt 0.092580 0.245496
vt 0.242520 0.131550
vt 0.248213 0.127865
vt 0.253716 0.124141
vt 0.200561 0.127353
vt 0.191781 0.131708
vt 0.112362 0.231834
vt 0.105847 0.241495
vt 0.137214 0.199772
vt 0.163602 0.176469
vt 0.192140 0.156663
vt 0.200145 0.151905
vt 0.235382 0.114574
vt 0.225942 0.117451
vt 0.245434 0.111856
vt 0.234590 0.124720
vt 0.226732 0.127503
vt 0.817493 0.645520
vt 0.817971 0.626783
vt 0.847412 0.632301
vt 0.744592 0.879439
vt 0.754546 0.912027
vt 0.767060 0.944452
vt 0.742554 0.762111
vt 0.738958 0.787430
vt 0.760540 0.791628
vt 0.746230 0.738682
vt 0.757843 0.586267
vt 0.759791 0.596649
vt 0.760444 0.607576
vt 0.763743 0.558451
vt 0.777401 0.558872
vt 0.766310 0.550020
vt 0.782096 0.551175
vt 0.782463 0.563235
vt 0.766310 0.550020
vt 0.768833 0.540640
vt 0.786011 0.541895
vt 0.782096 0.551175
vt 0.770898 0.530771
vt 0.788202 0.532167
vt 0.770898 0.530771
vt 0.772169 0.520954
vt 0.787950 0.523191
vt 0.788202 0.532167
vt 0.772960 0.511226
vt 0.786119 0.514832
vt 0.796301 0.519473
vt 0.736778 0.555575
vt 0.750355 0.557534
vt 0.737127 0.546561
vt 0.751444 0.548607
vt 0.763743 0.558451
vt 0.737931 0.537175
vt 0.752901 0.539109
vt 0.738960 0.527330
vt 0.754484 0.529127
vt 0.739948 0.517017
vt 0.755926 0.518832
vt 0.740884 0.506442
vt 0.757261 0.508380
vt 0.772169 0.520954
vt 0.709546 0.547846
vt 0.722761 0.552162
vt 0.709386 0.540100
vt 0.722989 0.543608
vt 0.709564 0.531892
vt 0.723515 0.534750
vt 0.710131 0.523334
vt 0.724222 0.525457
vt 0.711074 0.514599
vt 0.724963 0.515669
vt 0.712224 0.505784
vt 0.693681 0.543984
vt 0.688307 0.538748
vt 0.698292 0.543305
vt 0.696679 0.536463
vt 0.709386 0.540100
vt 0.709546 0.547846
vt 0.682729 0.525348
vt 0.696033 0.528705
vt 0.696679 0.536462
vt 0.696525 0.520806
vt 0.683170 0.518036
vt 0.686038 0.512652
vt 0.698200 0.513590
vt 0.696525 0.520806
vt 0.691781 0.509108
vt 0.700694 0.506905
vt 0.712224 0.505784
vt 0.711074 0.514599
vt 0.710131 0.523334
vt 0.419371 0.339769
vt 0.405220 0.334976
vt 0.441855 0.320030
vt 0.450117 0.327203
vt 0.393207 0.326708
vt 0.437213 0.311280
vt 0.481218 0.295852
vt 0.479527 0.306982
vt 0.483557 0.315415
vt 0.449601 0.413514
vt 0.423887 0.431829
vt 0.426069 0.413265
vt 0.449643 0.397871
vt 0.395314 0.448207
vt 0.399672 0.427301
vt 0.406075 0.404950
vt 0.430612 0.393325
vt 0.452101 0.380851
vt 0.498160 0.628419
vt 0.496039 0.615732
vt 0.522815 0.607304
vt 0.526500 0.619392
vt 0.494017 0.605000
vt 0.519195 0.597272
vt 0.540363 0.587704
vt 0.545300 0.596856
vt 0.550471 0.607837
vt 0.523437 0.380704
vt 0.509651 0.381518
vt 0.507046 0.370463
vt 0.519238 0.369642
vt 0.493078 0.386298
vt 0.491528 0.374669
vt 0.491527 0.361670
vt 0.506150 0.358304
vt 0.517465 0.357893
vt 0.591859 0.512620
vt 0.591115 0.527719
vt 0.585829 0.527426
vt 0.586081 0.512429
vt 0.589060 0.543414
vt 0.583712 0.542352
vt 0.577981 0.541158
vt 0.580016 0.527120
vt 0.579737 0.512432
vt 0.550172 0.556635
vt 0.558289 0.561815
vt 0.548754 0.571119
vt 0.541537 0.564671
vt 0.565732 0.566778
vt 0.555422 0.577658
vt 0.540363 0.587704
vt 0.534684 0.579870
vt 0.528718 0.572368
vt 0.399313 0.536440
vt 0.387327 0.537504
vt 0.394645 0.519128
vt 0.405812 0.521933
vt 0.370513 0.540533
vt 0.377575 0.518425
vt 0.397680 0.488925
vt 0.409101 0.502553
vt 0.417757 0.509564
vt 0.450222 0.588074
vt 0.444121 0.599231
vt 0.421285 0.597769
vt 0.432241 0.586002
vt 0.440050 0.611647
vt 0.412464 0.612216
vt 0.382377 0.611314
vt 0.402735 0.592906
vt 0.417695 0.581417
vt 0.528173 0.490106
vt 0.534120 0.481827
vt 0.549702 0.484842
vt 0.542386 0.492813
vt 0.539032 0.473320
vt 0.555608 0.475855
vt 0.572809 0.481576
vt 0.562329 0.490733
vt 0.553488 0.497658
vt 0.452284 0.726833
vt 0.457854 0.749009
vt 0.434023 0.758016
vt 0.426758 0.736432
vt 0.463853 0.770871
vt 0.442061 0.778501
vt 0.421764 0.788731
vt 0.411274 0.768967
vt 0.402121 0.747525
vt 0.463853 0.770871
vt 0.469771 0.793614
vt 0.450170 0.798781
vt 0.442061 0.778501
vt 0.473143 0.818292
vt 0.454915 0.819470
vt 0.441444 0.820335
vt 0.433034 0.806985
vt 0.421764 0.788731
vt 0.321922 0.681916
vt 0.290734 0.695357
vt 0.286681 0.672083
vt 0.318915 0.659695
vt 0.258507 0.708735
vt 0.253743 0.683826
vt 0.248978 0.658916
vt 0.283812 0.648939
vt 0.316797 0.637787
vt 0.424434 0.856255
vt 0.410377 0.881083
vt 0.386479 0.863081
vt 0.403393 0.840743
vt 0.395952 0.910333
vt 0.368280 0.887194
vt 0.340607 0.864055
vt 0.363414 0.841934
vt 0.383447 0.821567
vt 0.465042 0.874743
vt 0.454197 0.904902
vt 0.432468 0.894400
vt 0.444684 0.867043
vt 0.440305 0.936190
vt 0.418129 0.923261
vt 0.315536 0.553172
vt 0.282781 0.559244
vt 0.285136 0.535967
vt 0.318444 0.530080
vt 0.248458 0.564805
vt 0.251235 0.541148
vt 0.254011 0.517490
vt 0.288504 0.513172
vt 0.322272 0.507382
vt 0.352757 0.776913
vt 0.327974 0.794064
vt 0.314627 0.768162
vt 0.341284 0.752133
vt 0.301749 0.812399
vt 0.287717 0.784693
vt 0.273684 0.756987
vt 0.303910 0.742526
vt 0.332369 0.727434
vt 0.330772 0.466258
vt 0.298292 0.471321
vt 0.305188 0.449631
vt 0.336818 0.444425
vt 0.265570 0.475716
vt 0.273960 0.454211
vt 0.282349 0.432705
vt 0.314213 0.426148
vt 0.344768 0.420853
vt 0.543318 0.360605
vt 0.539333 0.359960
vt 0.541925 0.350034
vt 0.546833 0.351477
vt 0.533803 0.359204
vt 0.536174 0.348448
vt 0.544563 0.338032
vt 0.550703 0.340492
vt 0.556285 0.342796
vt 0.555501 0.376360
vt 0.551157 0.378762
vt 0.543097 0.369618
vt 0.547588 0.368925
vt 0.544695 0.380499
vt 0.537141 0.369930
vt 0.314558 0.595735
vt 0.281595 0.603974
vt 0.281716 0.581816
vt 0.314395 0.574909
vt 0.247098 0.611178
vt 0.247778 0.587992
vt 0.402332 0.563116
vt 0.388359 0.569116
vt 0.386008 0.554192
vt 0.398791 0.550504
vt 0.370198 0.576862
vt 0.368910 0.559589
vt 0.370513 0.540533
vt 0.562592 0.515346
vt 0.571524 0.513702
vt 0.571616 0.526778
vt 0.562528 0.526504
vt 0.579737 0.512432
vt 0.577981 0.541158
vt 0.569455 0.539472
vt 0.560322 0.537634
vt 0.556285 0.342796
vt 0.550703 0.340492
vt 0.564536 0.332104
vt 0.570356 0.335588
vt 0.544563 0.338032
vt 0.558512 0.328540
vt 0.575679 0.321164
vt 0.580660 0.325702
vt 0.585755 0.330304
vt 0.592472 0.389396
vt 0.594902 0.393991
vt 0.584871 0.394480
vt 0.583588 0.388889
vt 0.598781 0.399944
vt 0.587178 0.401735
vt 0.576300 0.405257
vt 0.573364 0.393200
vt 0.573905 0.386969
vt 0.514892 0.588465
vt 0.510705 0.579915
vt 0.519195 0.597272
vt 0.494017 0.605000
vt 0.491709 0.595256
vt 0.490054 0.585711
vt 0.439376 0.641953
vt 0.438899 0.625871
vt 0.467699 0.621680
vt 0.468668 0.635673
vt 0.440050 0.611647
vt 0.467353 0.609578
vt 0.370578 0.373303
vt 0.397695 0.370384
vt 0.385540 0.390591
vt 0.355317 0.396213
vt 0.416539 0.369614
vt 0.413188 0.383428
vt 0.376445 0.414075
vt 0.344768 0.420853
vt 0.453299 0.496118
vt 0.453418 0.487550
vt 0.476702 0.483270
vt 0.474250 0.491888
vt 0.457084 0.477375
vt 0.480687 0.474210
vt 0.502485 0.472170
vt 0.498400 0.480566
vt 0.494581 0.489195
vt 0.453137 0.349781
vt 0.455812 0.363426
vt 0.435858 0.373709
vt 0.433350 0.359735
vt 0.452101 0.380851
vt 0.430612 0.393325
vt 0.413188 0.383428
vt 0.508480 0.345117
vt 0.519654 0.345603
vt 0.491527 0.361670
vt 0.493916 0.347272
vt 0.500718 0.330608
vt 0.517816 0.331530
vt 0.528455 0.333384
vt 0.279103 0.214834
vt 0.274873 0.221423
vt 0.265660 0.216061
vt 0.269973 0.209950
vt 0.270143 0.228470
vt 0.260834 0.222652
vt 0.251590 0.216040
vt 0.256551 0.209876
vt 0.260992 0.204198
vt 0.351016 0.204536
vt 0.338734 0.206928
vt 0.342387 0.193076
vt 0.354695 0.188744
vt 0.326040 0.208467
vt 0.329265 0.196879
vt 0.330835 0.183194
vt 0.346546 0.178211
vt 0.358620 0.171841
vt 0.304807 0.207848
vt 0.295260 0.205692
vt 0.298229 0.198907
vt 0.307736 0.200044
vt 0.286043 0.202546
vt 0.289195 0.196380
vt 0.292298 0.190139
vt 0.301105 0.192032
vt 0.310583 0.192026
vt 0.181086 0.317911
vt 0.171112 0.325130
vt 0.163863 0.317440
vt 0.173760 0.309729
vt 0.161593 0.333161
vt 0.154001 0.325988
vt 0.145788 0.318169
vt 0.155858 0.309237
vt 0.165635 0.301100
vt 0.289660 0.238600
vt 0.299764 0.242655
vt 0.294632 0.251447
vt 0.284694 0.246911
vt 0.310669 0.246201
vt 0.305307 0.255567
vt 0.299589 0.264578
vt 0.289203 0.259937
vt 0.279492 0.254984
vt 0.334904 0.251805
vt 0.346127 0.253053
vt 0.340831 0.265207
vt 0.329399 0.262819
vt 0.357268 0.253340
vt 0.351812 0.267047
vt 0.346355 0.280754
vt 0.334907 0.277067
vt 0.323348 0.273444
vt 0.268919 0.269369
vt 0.278176 0.275120
vt 0.272480 0.282274
vt 0.263481 0.276144
vt 0.287929 0.280827
vt 0.281892 0.288460
vt 0.275412 0.296073
vt 0.266387 0.289441
vt 0.257707 0.282939
vt 0.310183 0.292886
vt 0.321555 0.298702
vt 0.314191 0.308591
vt 0.303243 0.301847
vt 0.333233 0.304707
vt 0.325149 0.315332
vt 0.317065 0.325958
vt 0.306254 0.318138
vt 0.295797 0.310612
vt 0.244863 0.296576
vt 0.252707 0.303739
vt 0.245511 0.310295
vt 0.238127 0.302913
vt 0.260763 0.311171
vt 0.253015 0.318012
vt 0.244566 0.324940
vt 0.237680 0.316894
vt 0.230818 0.309139
vt 0.278862 0.327716
vt 0.288180 0.336281
vt 0.278317 0.344403
vt 0.269770 0.335354
vt 0.297799 0.345181
vt 0.286917 0.353579
vt 0.276036 0.361976
vt 0.267563 0.351869
vt 0.259869 0.342532
vt 0.213355 0.321743
vt 0.218983 0.330497
vt 0.208684 0.335768
vt 0.203567 0.327472
vt 0.224456 0.339207
vt 0.213525 0.344136
vt 0.202542 0.347847
vt 0.198240 0.340316
vt 0.193396 0.333001
vt 0.236534 0.355735
vt 0.242002 0.364477
vt 0.227813 0.369219
vt 0.223643 0.360700
vt 0.247525 0.374121
vt 0.231565 0.377988
vt 0.215604 0.381856
vt 0.212867 0.372617
vt 0.210119 0.364108
vt 0.343918 0.229376
vt 0.331774 0.228938
vt 0.335336 0.218577
vt 0.347548 0.217767
vt 0.319406 0.227599
vt 0.322825 0.218432
vt 0.338734 0.206928
vt 0.298213 0.222771
vt 0.294196 0.230515
vt 0.284390 0.226279
vt 0.288512 0.219143
vt 0.289660 0.238600
vt 0.279779 0.233825
vt 0.366080 0.140126
vt 0.362640 0.155517
vt 0.351842 0.163905
vt 0.356848 0.149325
vt 0.358620 0.171841
vt 0.346546 0.178211
vt 0.339780 0.173008
vt 0.347328 0.159009
vt 0.343263 0.158804
vt 0.347107 0.146214
vt 0.353246 0.142164
vt 0.340287 0.159031
vt 0.341167 0.150313
vt 0.342046 0.141595
vt 0.349008 0.133561
vt 0.356865 0.125578
vt 0.313397 0.185950
vt 0.322134 0.183138
vt 0.320787 0.189340
vt 0.316459 0.180914
vt 0.323570 0.177135
vt 0.330681 0.173355
vt 0.330437 0.177805
vt 0.330835 0.183194
vt 0.193396 0.333001
vt 0.183303 0.338763
vt 0.177583 0.332210
vt 0.187664 0.325612
vt 0.174654 0.345142
vt 0.168433 0.339515
vt 0.164109 0.361090
vt 0.160170 0.371016
vt 0.149749 0.368338
vt 0.155284 0.357430
vt 0.156415 0.381671
vt 0.144362 0.380180
vt 0.132308 0.378689
vt 0.139018 0.364150
vt 0.146064 0.352507
vt 0.183523 0.365723
vt 0.184195 0.358424
vt 0.194661 0.358026
vt 0.196264 0.365796
vt 0.185173 0.353287
vt 0.192230 0.351108
vt 0.202542 0.347847
vt 0.206599 0.355815
vt 0.210119 0.364108
vt 0.588056 0.456922
vt 0.596161 0.456488
vt 0.596760 0.468870
vt 0.589371 0.469049
vt 0.603267 0.455697
vt 0.603198 0.468362
vt 0.603243 0.482640
vt 0.597476 0.482992
vt 0.590837 0.483010
vt 0.420790 0.536046
vt 0.410162 0.536108
vt 0.414991 0.525006
vt 0.423429 0.528130
vt 0.424535 0.515806
vt 0.430296 0.521973
vt 0.578257 0.577001
vt 0.567351 0.593363
vt 0.561240 0.585005
vt 0.571915 0.571813
vt 0.550471 0.607837
vt 0.545300 0.596856
vt 0.540363 0.587704
vt 0.555422 0.577659
vt 0.565732 0.566778
vt 0.466037 0.568319
vt 0.457752 0.577923
vt 0.443522 0.576282
vt 0.454917 0.567637
vt 0.431415 0.572797
vt 0.444731 0.565541
vt 0.127766 0.357142
vt 0.136239 0.345861
vt 0.119285 0.369073
vt 0.106261 0.359457
vt 0.116703 0.348787
vt 0.126319 0.338083
vt 0.564179 0.892319
vt 0.560697 0.932808
vt 0.531393 0.928069
vt 0.537221 0.890056
vt 0.556915 0.974809
vt 0.523644 0.965822
vt 0.490372 0.956834
vt 0.502874 0.921717
vt 0.510957 0.886413
vt 0.565922 0.694893
vt 0.565523 0.720643
vt 0.538297 0.725833
vt 0.537782 0.701123
vt 0.565245 0.748068
vt 0.538884 0.752109
vt 0.512487 0.757451
vt 0.510372 0.732575
vt 0.508314 0.708896
vt 0.289195 0.196380
vt 0.280541 0.192844
vt 0.283941 0.187005
vt 0.286043 0.202546
vt 0.277149 0.198589
vt 0.268564 0.193676
vt 0.272279 0.188300
vt 0.276055 0.182806
vt 0.260834 0.222652
vt 0.255661 0.229678
vt 0.246251 0.222657
vt 0.270143 0.228470
vt 0.265080 0.235909
vt 0.259937 0.243256
vt 0.250439 0.236658
vt 0.240875 0.229250
vt 0.230780 0.241181
vt 0.240490 0.249261
vt 0.235487 0.255263
vt 0.225764 0.246911
vt 0.249946 0.256475
vt 0.244868 0.262726
vt 0.239541 0.268978
vt 0.230267 0.261275
vt 0.220558 0.252681
vt 0.209386 0.264368
vt 0.218995 0.273373
vt 0.213061 0.279214
vt 0.203555 0.270072
vt 0.227961 0.281543
vt 0.221858 0.287543
vt 0.215211 0.293365
vt 0.206632 0.284901
vt 0.197317 0.275680
vt 0.182820 0.287246
vt 0.191477 0.296397
vt 0.182966 0.302749
vt 0.174609 0.293795
vt 0.199402 0.305045
vt 0.190552 0.311261
vt 0.173760 0.309729
vt 0.280529 0.178408
vt 0.288292 0.182344
vt 0.283941 0.187005
vt 0.284780 0.174701
vt 0.292616 0.177841
vt 0.300451 0.180981
vt 0.296398 0.185119
vt 0.348607 0.122414
vt 0.357684 0.112111
vt 0.339705 0.132692
vt 0.337363 0.123790
vt 0.346395 0.112793
vt 0.356286 0.101496
vt 0.369373 0.112264
vt 0.371638 0.097450
vt 0.381803 0.087806
vt 0.380235 0.101370
vt 0.372861 0.084011
vt 0.382014 0.075822
vt 0.392066 0.067000
vt 0.392177 0.077939
vt 0.392287 0.088877
vt 0.537739 0.318875
vt 0.545497 0.322117
vt 0.529676 0.315106
vt 0.558308 0.304610
vt 0.562588 0.309170
vt 0.567214 0.313324
vt 0.481048 0.449898
vt 0.496896 0.452870
vt 0.487595 0.463907
vt 0.467001 0.464328
vt 0.513710 0.454551
vt 0.507625 0.463518
vt 0.480687 0.474209
vt 0.544078 0.417994
vt 0.557037 0.416682
vt 0.558308 0.425438
vt 0.546866 0.426951
vt 0.568605 0.415727
vt 0.568628 0.424049
vt 0.571550 0.432195
vt 0.559226 0.434943
vt 0.548008 0.436172
vt 0.545593 0.454839
vt 0.547453 0.445470
vt 0.559351 0.444874
vt 0.559071 0.454940
vt 0.559226 0.434943
vt 0.569766 0.444974
vt 0.570539 0.455490
vt 0.515340 0.295385
vt 0.518518 0.303513
vt 0.513360 0.285982
vt 0.545502 0.276113
vt 0.549226 0.285844
vt 0.552393 0.293464
vt 0.611837 0.306664
vt 0.589569 0.308283
vt 0.587435 0.303816
vt 0.567214 0.313324
vt 0.558308 0.304610
vt 0.585553 0.298986
vt 0.611773 0.297310
vt 0.583049 0.287416
vt 0.581045 0.279735
vt 0.578530 0.270876
vt 0.590323 0.893491
vt 0.590792 0.851827
vt 0.615558 0.851599
vt 0.564179 0.892319
vt 0.565614 0.851955
vt 0.565667 0.813479
vt 0.590626 0.812319
vt 0.615286 0.811724
vt 0.599488 0.327181
vt 0.596512 0.321942
vt 0.611933 0.320692
vt 0.585755 0.330304
vt 0.580660 0.325702
vt 0.575679 0.321164
vt 0.593684 0.316924
vt 0.611898 0.315558
vt 0.612403 0.389611
vt 0.609053 0.389702
vt 0.608825 0.386535
vt 0.604996 0.389747
vt 0.604513 0.386804
vt 0.604615 0.384739
vt 0.608877 0.384239
vt 0.262071 0.171519
vt 0.268730 0.177610
vt 0.264473 0.182690
vt 0.272279 0.188300
vt 0.268564 0.193676
vt 0.260320 0.187643
vt 0.252659 0.180589
vt 0.371139 0.074478
vt 0.362232 0.083681
vt 0.357749 0.077156
vt 0.364574 0.092754
vt 0.356286 0.101496
vt 0.353325 0.092883
vt 0.210211 0.221808
vt 0.220540 0.231946
vt 0.215415 0.237387
vt 0.204891 0.226982
vt 0.210127 0.242912
vt 0.242207 0.208309
vt 0.236595 0.214510
vt 0.227092 0.205391
vt 0.230962 0.220702
vt 0.221123 0.211195
vt 0.252097 0.197290
vt 0.247411 0.202552
vt 0.238593 0.194217
vt 0.260992 0.204198
vt 0.256551 0.209876
vt 0.198897 0.254263
vt 0.193132 0.259881
vt 0.182294 0.248966
vt 0.187076 0.265513
vt 0.176395 0.254706
vt 0.173281 0.277536
vt 0.165408 0.284420
vt 0.156734 0.292104
vt 0.147519 0.282802
vt 0.266594 0.167247
vt 0.273268 0.173284
vt 0.277743 0.169074
vt 0.353325 0.092883
vt 0.342551 0.104472
vt 0.337245 0.097492
vt 0.356286 0.101496
vt 0.346395 0.112793
vt 0.331930 0.115965
vt 0.147206 0.300649
vt 0.145788 0.318169
vt 0.137180 0.309909
vt 0.128523 0.301284
vt 0.612571 0.414223
vt 0.610700 0.414146
vt 0.610751 0.407087
vt 0.612523 0.407148
vt 0.608837 0.413909
vt 0.608795 0.406880
vt 0.607928 0.400097
vt 0.610410 0.400319
vt 0.612477 0.400370
vt 0.565374 0.778813
vt 0.539765 0.781577
vt 0.540396 0.814810
vt 0.515958 0.816088
vt 0.514686 0.785054
vt 0.608596 0.455272
vt 0.608420 0.468076
vt 0.612851 0.455164
vt 0.612939 0.467995
vt 0.613037 0.482386
vt 0.608321 0.482442
vt 0.514178 0.507136
vt 0.521395 0.498553
vt 0.534275 0.500496
vt 0.525722 0.508100
vt 0.544301 0.504007
vt 0.534665 0.510181
vt 0.428610 0.554753
vt 0.415505 0.558553
vt 0.410888 0.547819
vt 0.423007 0.545611
vt 0.410163 0.536108
vt 0.420790 0.536046
vt 0.116875 0.329868
vt 0.127038 0.319698
vt 0.135945 0.327821
vt 0.107994 0.321256
vt 0.128523 0.301284
vt 0.594413 0.585826
vt 0.603871 0.587150
vt 0.599035 0.611474
vt 0.585205 0.609906
vt 0.614088 0.636340
vt 0.593743 0.637642
vt 0.568357 0.639072
vt 0.602710 0.512666
vt 0.607987 0.512739
vt 0.607674 0.528584
vt 0.602048 0.528307
vt 0.613244 0.512775
vt 0.613471 0.545972
vt 0.607207 0.545796
vt 0.600981 0.545245
vt 0.565245 0.748068
vt 0.590425 0.745500
vt 0.590423 0.776902
vt 0.614827 0.744513
vt 0.615043 0.776092
vt 0.615286 0.811724
vt 0.590626 0.812319
vt 0.565667 0.813479
vt 0.565922 0.694893
vt 0.591096 0.690790
vt 0.590714 0.717330
vt 0.565523 0.720643
vt 0.614449 0.689233
vt 0.543397 0.518990
vt 0.553148 0.517127
vt 0.553281 0.526361
vt 0.543938 0.526296
vt 0.562592 0.515346
vt 0.562528 0.526504
vt 0.560322 0.537634
vt 0.551268 0.535724
vt 0.542260 0.533772
vt 0.517192 0.556638
vt 0.522896 0.564603
vt 0.507317 0.571086
vt 0.504440 0.562051
vt 0.528718 0.572368
vt 0.510705 0.579915
vt 0.490054 0.585711
vt 0.489836 0.575966
vt 0.490498 0.566073
vt 0.453523 0.513408
vt 0.453501 0.504677
vt 0.471800 0.500946
vt 0.469182 0.510347
vt 0.490243 0.498484
vt 0.485530 0.508186
vt 0.550424 0.509547
vt 0.540456 0.513647
vt 0.559969 0.505384
vt 0.553148 0.517127
vt 0.543397 0.518990
vt 0.602316 0.422714
vt 0.604640 0.424772
vt 0.602997 0.428742
vt 0.600074 0.425994
vt 0.607265 0.426162
vt 0.606366 0.430849
vt 0.604014 0.436629
vt 0.600017 0.431977
vt 0.597010 0.428383
vt 0.587228 0.430535
vt 0.587346 0.435123
vt 0.580163 0.433560
vt 0.581717 0.429389
vt 0.587344 0.440418
vt 0.578374 0.437662
vt 0.571550 0.432195
vt 0.574464 0.429537
vt 0.577078 0.426320
vt 0.586676 0.977482
vt 0.588781 0.935389
vt 0.560697 0.932808
vt 0.615846 0.893737
vt 0.584315 0.293681
vt 0.611736 0.291866
vt 0.555138 0.299548
vt 0.552393 0.293464
vt 0.491641 0.322131
vt 0.523324 0.309931
vt 0.555138 0.299548
vt 0.565614 0.851955
vt 0.539950 0.851650
vt 0.564179 0.892319
vt 0.537221 0.890056
vt 0.515073 0.850547
vt 0.316741 0.374346
vt 0.345325 0.375072
vt 0.326971 0.400301
vt 0.299545 0.403526
vt 0.314213 0.426148
vt 0.344980 0.586230
vt 0.344398 0.566996
vt 0.314558 0.595735
vt 0.314395 0.574909
vt 0.315536 0.553172
vt 0.345820 0.546326
vt 0.363687 0.459270
vt 0.369146 0.437460
vt 0.330772 0.466257
vt 0.336818 0.444425
vt 0.344768 0.420853
vt 0.376445 0.414075
vt 0.402121 0.747525
vt 0.377468 0.761160
vt 0.367932 0.737217
vt 0.394344 0.724119
vt 0.352757 0.776913
vt 0.341284 0.752133
vt 0.332369 0.727434
vt 0.360608 0.713067
vt 0.388393 0.700385
vt 0.345820 0.546326
vt 0.350413 0.523375
vt 0.356538 0.500021
vt 0.471593 0.845576
vt 0.452699 0.841967
vt 0.435140 0.834981
vt 0.418365 0.821415
vt 0.433034 0.806985
vt 0.402545 0.803375
vt 0.421764 0.788731
vt 0.382177 0.656637
vt 0.352499 0.668378
vt 0.350223 0.646604
vt 0.380731 0.635488
vt 0.348506 0.625192
vt 0.453137 0.349781
vt 0.438293 0.343154
vt 0.463268 0.332846
vt 0.474107 0.340710
vt 0.608191 0.497405
vt 0.603100 0.497488
vt 0.613139 0.497386
vt 0.568923 0.501049
vt 0.577611 0.497267
vt 0.590837 0.483010
vt 0.591726 0.497677
vt 0.585023 0.497184
vt 0.583284 0.482261
vt 0.577611 0.497267
vt 0.533242 0.545079
vt 0.541774 0.550998
vt 0.534085 0.557848
vt 0.526527 0.550774
vt 0.522896 0.564603
vt 0.517192 0.556638
vt 0.604527 0.399729
vt 0.606502 0.406540
vt 0.604025 0.406179
vt 0.607928 0.400097
vt 0.608795 0.406880
vt 0.608837 0.413909
vt 0.606989 0.413496
vt 0.605155 0.412703
vt 0.571530 0.423318
vt 0.574183 0.421507
vt 0.568628 0.424049
vt 0.568605 0.415727
vt 0.571004 0.416630
vt 0.572962 0.417171
vt 0.437528 0.509315
vt 0.440414 0.517193
vt 0.433990 0.501430
vt 0.453299 0.496118
vt 0.453501 0.504677
vt 0.609957 0.426846
vt 0.610357 0.420937
vt 0.612618 0.421064
vt 0.607265 0.426162
vt 0.608170 0.420499
vt 0.534608 0.400577
vt 0.551576 0.401506
vt 0.555234 0.409185
vt 0.539854 0.409378
vt 0.570528 0.409632
vt 0.457472 0.438368
vt 0.467481 0.445498
vt 0.447198 0.464006
vt 0.431177 0.460122
vt 0.481049 0.449898
vt 0.467001 0.464328
vt 0.457084 0.477375
vt 0.431979 0.481212
vt 0.430175 0.492997
vt 0.457084 0.477375
vt 0.453418 0.487550
vt 0.603099 0.497488
vt 0.597697 0.497683
vt 0.602710 0.512666
vt 0.597372 0.512660
vt 0.591859 0.512620
vt 0.591726 0.497677
vt 0.590837 0.483010
vt 0.355706 0.690271
vt 0.384571 0.677969
vt 0.326146 0.704223
vt 0.352499 0.668378
vt 0.382177 0.656637
vt 0.594396 0.434336
vt 0.592580 0.430034
vt 0.595913 0.439620
vt 0.204587 0.248573
vt 0.193784 0.237787
vt 0.215070 0.258535
vt 0.224743 0.267352
vt 0.233872 0.275302
vt 0.594413 0.585826
vt 0.574931 0.602575
vt 0.585775 0.582103
vt 0.557100 0.621323
vt 0.570539 0.455490
vt 0.579757 0.456390
vt 0.581424 0.468414
vt 0.572097 0.467181
vt 0.588056 0.456922
vt 0.589371 0.469049
vt 0.590837 0.483010
vt 0.583284 0.482261
vt 0.297505 0.327424
vt 0.287597 0.319355
vt 0.307432 0.335569
vt 0.259722 0.296706
vt 0.251436 0.289840
vt 0.268290 0.303769
vt 0.443278 0.680903
vt 0.440745 0.660246
vt 0.470300 0.652411
vt 0.472699 0.672082
vt 0.439376 0.641953
vt 0.468668 0.635673
vt 0.498160 0.628419
vt 0.500769 0.644121
vt 0.503538 0.663158
vt 0.296288 0.718543
vt 0.326146 0.704223
vt 0.266096 0.732861
vt 0.602048 0.528307
vt 0.596522 0.528011
vt 0.600981 0.545245
vt 0.594865 0.544412
vt 0.589060 0.543414
vt 0.591115 0.527719
vt 0.503538 0.663158
vt 0.500769 0.644121
vt 0.530892 0.634542
vt 0.535119 0.653509
vt 0.609283 0.437151
vt 0.609659 0.431697
vt 0.612692 0.431828
vt 0.606366 0.430849
vt 0.607265 0.426162
vt 0.609957 0.426846
vt 0.605155 0.412703
vt 0.606989 0.413496
vt 0.606124 0.419680
vt 0.604236 0.418300
vt 0.608837 0.413909
vt 0.608170 0.420499
vt 0.607265 0.426162
vt 0.604640 0.424772
vt 0.602316 0.422714
vt 0.604996 0.389747
vt 0.606382 0.394237
vt 0.601800 0.393975
vt 0.599592 0.389629
vt 0.604527 0.399729
vt 0.599025 0.564333
vt 0.591805 0.562493
vt 0.594413 0.585826
vt 0.585775 0.582103
vt 0.578257 0.577001
vt 0.585090 0.560041
vt 0.542260 0.533772
vt 0.547409 0.543833
vt 0.538544 0.539771
vt 0.556255 0.547703
vt 0.606318 0.565246
vt 0.599025 0.564333
vt 0.613604 0.565442
vt 0.603871 0.587150
vt 0.594413 0.585826
vt 0.585090 0.560041
vt 0.579212 0.557366
vt 0.573264 0.554523
vt 0.565059 0.551252
vt 0.573264 0.554523
vt 0.578779 0.446511
vt 0.569766 0.444974
vt 0.587500 0.447553
vt 0.499524 0.406733
vt 0.505388 0.416639
vt 0.486980 0.428780
vt 0.479867 0.419755
vt 0.512493 0.425925
vt 0.496433 0.436303
vt 0.467481 0.445498
vt 0.457472 0.438367
vt 0.397695 0.370384
vt 0.415962 0.355015
vt 0.433350 0.359735
vt 0.370578 0.373303
vt 0.392302 0.354675
vt 0.609283 0.437151
vt 0.608915 0.444943
vt 0.603675 0.445497
vt 0.608596 0.455272
vt 0.603267 0.455697
vt 0.542811 0.464236
vt 0.558228 0.465486
vt 0.572098 0.467181
vt 0.512492 0.425925
vt 0.519771 0.433760
vt 0.507690 0.442158
vt 0.496433 0.436303
vt 0.525284 0.438965
vt 0.520203 0.445631
vt 0.513710 0.454551
vt 0.496896 0.452870
vt 0.596150 0.446861
vt 0.596161 0.456488
vt 0.337545 0.169532
vt 0.339780 0.173008
vt 0.335484 0.166193
vt 0.367856 0.126051
vt 0.360565 0.134077
vt 0.363119 0.118921
vt 0.353246 0.142164
vt 0.475468 0.354060
vt 0.474107 0.340710
vt 0.491527 0.361670
vt 0.472903 0.369618
vt 0.472877 0.397432
vt 0.471904 0.384236
vt 0.372357 0.353331
vt 0.354974 0.350528
vt 0.593334 0.421324
vt 0.594872 0.424849
vt 0.591190 0.425978
vt 0.590335 0.422106
vt 0.587089 0.426127
vt 0.587258 0.421922
vt 0.581457 0.418122
vt 0.579222 0.422218
vt 0.576509 0.417722
vt 0.579320 0.413757
vt 0.574613 0.413362
vt 0.579581 0.408547
vt 0.600709 0.410638
vt 0.603234 0.411483
vt 0.602451 0.416297
vt 0.600313 0.414349
vt 0.604236 0.418300
vt 0.600451 0.420133
vt 0.598524 0.417489
vt 0.570528 0.409632
vt 0.572612 0.410995
vt 0.571004 0.416630
vt 0.576300 0.405257
vt 0.577819 0.406337
vt 0.574613 0.413362
vt 0.582911 0.425020
vt 0.584179 0.420853
vt 0.597929 0.422943
vt 0.596161 0.419877
vt 0.604025 0.406179
vt 0.601935 0.406085
vt 0.596860 0.402426
vt 0.605155 0.412703
vt 0.600709 0.410638
vt 0.599668 0.406573
vt 0.595397 0.404157
vt 0.596860 0.402426
vt 0.587344 0.402949
vt 0.587779 0.404604
vt 0.595397 0.404157
vt 0.593429 0.407284
vt 0.588638 0.406778
vt 0.590801 0.413186
vt 0.584958 0.409715
vt 0.593429 0.407284
vt 0.584958 0.409715
vt 0.593334 0.421324
vt 0.592186 0.417858
vt 0.594509 0.417563
vt 0.596161 0.419877
vt 0.595564 0.415415
vt 0.598524 0.417489
vt 0.596161 0.419877
vt 0.595564 0.415415
vt 0.598524 0.417489
vt 0.595564 0.415415
vt 0.597594 0.413529
vt 0.600314 0.414349
vt 0.596957 0.411037
vt 0.600313 0.414349
vt 0.587258 0.421922
vt 0.588388 0.418126
vt 0.590242 0.419119
vt 0.590335 0.422106
vt 0.592186 0.417858
vt 0.588388 0.418126
vt 0.592186 0.417858
vt 0.600709 0.410638
vt 0.596957 0.411037
vt 0.597083 0.408003
vt 0.599668 0.406573
vt 0.596957 0.411037
vt 0.599668 0.406573
vt 0.593429 0.407284
vt 0.581457 0.418122
vt 0.584907 0.415508
vt 0.585940 0.418069
vt 0.584179 0.420853
vt 0.588388 0.418126
vt 0.587258 0.421922
vt 0.584179 0.420853
vt 0.588388 0.418126
vt 0.584958 0.409715
vt 0.582728 0.412700
vt 0.579320 0.413757
vt 0.584958 0.409715
vt 0.581457 0.418122
vt 0.507625 0.463518
vt 0.526052 0.463592
vt 0.521713 0.471992
vt 0.530250 0.454965
vt 0.545593 0.454839
vt 0.542811 0.464236
vt 0.499524 0.406733
vt 0.517607 0.401261
vt 0.523164 0.410935
vt 0.505388 0.416639
vt 0.534607 0.400577
vt 0.539854 0.409378
vt 0.544078 0.417994
vt 0.528844 0.420371
vt 0.506778 0.497781
vt 0.500695 0.507138
vt 0.512407 0.488753
vt 0.528173 0.490106
vt 0.521395 0.498553
vt 0.514178 0.507136
vt 0.591508 0.312496
vt 0.611866 0.310988
vt 0.571394 0.317161
vt 0.513710 0.454551
vt 0.520203 0.445631
vt 0.533925 0.446181
vt 0.530250 0.454965
vt 0.535562 0.437604
vt 0.528844 0.420371
vt 0.533434 0.429215
vt 0.519771 0.433760
vt 0.537197 0.335616
vt 0.552299 0.325256
vt 0.528455 0.333384
vt 0.545497 0.322117
vt 0.526587 0.358415
vt 0.528800 0.346888
vt 0.536174 0.348447
vt 0.519654 0.345603
vt 0.517284 0.480258
vt 0.534120 0.481827
vt 0.544695 0.380499
vt 0.535285 0.380877
vt 0.529212 0.369784
vt 0.537141 0.369930
vt 0.421764 0.788731
vt 0.402545 0.803375
vt 0.388916 0.783233
vt 0.411274 0.768967
vt 0.383447 0.821567
vt 0.366627 0.800179
vt 0.591601 0.664334
vt 0.566338 0.668952
vt 0.614267 0.662602
vt 0.591096 0.690790
vt 0.180485 0.271315
vt 0.170127 0.260805
vt 0.190401 0.281307
vt 0.199408 0.290539
vt 0.207683 0.299139
vt 0.566338 0.668952
vt 0.536960 0.676614
vt 0.535119 0.653509
vt 0.506066 0.685298
vt 0.255320 0.358573
vt 0.248717 0.349485
vt 0.261780 0.368048
vt 0.228770 0.323923
vt 0.222522 0.315525
vt 0.234953 0.332413
vt 0.344133 0.818755
vt 0.366627 0.800178
vt 0.321178 0.838227
vt 0.443278 0.680903
vt 0.447261 0.703647
vt 0.420429 0.713232
vt 0.415559 0.689969
vt 0.394344 0.724119
vt 0.551576 0.401506
vt 0.543470 0.391635
vt 0.555578 0.391120
vt 0.534608 0.400577
vt 0.528870 0.391037
vt 0.523437 0.380704
vt 0.499523 0.406733
vt 0.479866 0.419755
vt 0.475355 0.409284
vt 0.495579 0.396776
vt 0.457472 0.438368
vt 0.451839 0.427409
vt 0.360032 0.479288
vt 0.393600 0.467254
vt 0.326194 0.486616
vt 0.363687 0.459270
vt 0.395314 0.448207
vt 0.256296 0.192420
vt 0.248197 0.184903
vt 0.264900 0.198893
vt 0.304807 0.207848
vt 0.301695 0.215324
vt 0.292084 0.212362
vt 0.295260 0.205692
vt 0.282758 0.208622
vt 0.322742 0.249391
vt 0.327606 0.239162
vt 0.339740 0.240639
vt 0.310669 0.246201
vt 0.315384 0.236827
vt 0.273718 0.204213
vt 0.264900 0.198893
vt 0.561434 0.387113
vt 0.564452 0.382628
vt 0.292889 0.492030
vt 0.259791 0.496603
vt 0.513133 0.391606
vt 0.431177 0.460122
vt 0.424564 0.448172
vt 0.451839 0.427409
vt 0.423887 0.431829
vt 0.346380 0.605314
vt 0.373130 0.593579
vt 0.315380 0.616539
vt 0.344980 0.586230
vt 0.370198 0.576862
vt 0.422243 0.566946
vt 0.435946 0.561411
vt 0.408184 0.573648
vt 0.402332 0.563116
vt 0.415505 0.558553
vt 0.428610 0.554753
vt 0.225650 0.226468
vt 0.215541 0.216623
vt 0.235753 0.235378
vt 0.245415 0.243141
vt 0.254919 0.250068
vt 0.328437 0.288199
vt 0.316899 0.283459
vt 0.339794 0.292731
vt 0.283718 0.267770
vt 0.274232 0.262413
vt 0.293793 0.272950
vt 0.392868 0.582526
vt 0.388359 0.569116
vt 0.282267 0.626283
vt 0.248038 0.635047
vt 0.311262 0.269189
vt 0.305086 0.278276
vt 0.323348 0.273445
vt 0.310183 0.292886
vt 0.298772 0.286836
vt 0.346127 0.253053
vt 0.350567 0.240987
vt 0.360590 0.240681
vt 0.334904 0.251805
vt 0.339740 0.240639
vt 0.343918 0.229376
vt 0.354408 0.228818
vt 0.363911 0.228022
vt 0.252080 0.333519
vt 0.241752 0.340854
vt 0.259869 0.342532
vt 0.248717 0.349485
vt 0.236534 0.355735
vt 0.230487 0.347484
vt 0.388113 0.105571
vt 0.377935 0.115912
vt 0.380235 0.101370
vt 0.383940 0.122265
vt 0.375111 0.131466
vt 0.285353 0.303185
vt 0.277703 0.311383
vt 0.295797 0.310612
vt 0.287597 0.319355
vt 0.269588 0.319246
vt 0.096351 0.350841
vt 0.106678 0.340286
vt 0.116703 0.348787
vt 0.097463 0.331502
vt 0.107994 0.321256
vt 0.116875 0.329868
vt 0.388715 0.058339
vt 0.379808 0.066513
vt 0.382014 0.075822
vt 0.372861 0.084011
vt 0.371139 0.074478
vt 0.356865 0.125578
vt 0.357684 0.112111
vt 0.364661 0.104780
vt 0.363119 0.118921
vt 0.356286 0.101496
vt 0.364574 0.092754
vt 0.371638 0.097450
vt 0.369373 0.112264
vt 0.153386 0.342244
vt 0.144860 0.335461
vt 0.146064 0.352507
vt 0.136239 0.345860
vt 0.126319 0.338083
vt 0.135945 0.327821
vt 0.180247 0.384801
vt 0.182711 0.374473
vt 0.197297 0.374301
vt 0.197926 0.383328
vt 0.212867 0.372617
vt 0.168549 0.352493
vt 0.161214 0.347852
vt 0.164109 0.361090
vt 0.379455 0.142652
vt 0.371602 0.148637
vt 0.374971 0.163040
vt 0.367850 0.166745
vt 0.357835 0.216100
vt 0.366892 0.214104
vt 0.347548 0.217767
vt 0.361099 0.201818
vt 0.369873 0.200186
vt 0.218690 0.352402
vt 0.223643 0.360700
vt 0.210119 0.364108
vt 0.206599 0.355815
vt 0.261205 0.326449
vt 0.269770 0.335354
vt 0.292294 0.295051
vt 0.303243 0.301847
vt 0.322742 0.249391
vt 0.317222 0.259488
vt 0.329399 0.262819
vt 0.364388 0.184904
vt 0.372422 0.181613
vt 0.367850 0.166745
vt 0.575921 0.380711
vt 0.574862 0.383217
vt 0.566659 0.379358
vt 0.568542 0.376880
vt 0.558775 0.374147
vt 0.561736 0.372319
vt 0.604615 0.384739
vt 0.604513 0.386804
vt 0.598827 0.386806
vt 0.598963 0.384846
vt 0.604996 0.389747
vt 0.599592 0.389629
vt 0.591729 0.386414
vt 0.591971 0.384382
vt 0.612477 0.400370
vt 0.609706 0.394369
vt 0.612436 0.394378
vt 0.607928 0.400097
vt 0.612043 0.336850
vt 0.604318 0.337059
vt 0.602050 0.332204
vt 0.594448 0.338286
vt 0.590293 0.334450
vt 0.583469 0.385411
vt 0.583989 0.383131
vt 0.583588 0.388889
vt 0.573905 0.386969
vt 0.574862 0.383217
vt 0.575921 0.380711
vt 0.567542 0.346544
vt 0.561955 0.344795
vt 0.575905 0.338638
vt 0.581296 0.341408
vt 0.570356 0.335588
vt 0.585755 0.330304
vt 0.590293 0.334450
vt 0.594448 0.338286
vt 0.551068 0.368064
vt 0.554919 0.367339
vt 0.544696 0.361366
vt 0.547490 0.361880
vt 0.551543 0.352700
vt 0.556769 0.353604
vt 0.605690 0.371508
vt 0.605698 0.374807
vt 0.601326 0.375044
vt 0.601326 0.371708
vt 0.605424 0.378164
vt 0.600826 0.378389
vt 0.595017 0.378342
vt 0.595679 0.375130
vt 0.595578 0.371838
vt 0.612278 0.371194
vt 0.609213 0.374533
vt 0.609194 0.371302
vt 0.612321 0.377635
vt 0.609109 0.377825
vt 0.588654 0.374951
vt 0.588228 0.371819
vt 0.587994 0.377871
vt 0.580782 0.376760
vt 0.581388 0.374338
vt 0.580341 0.371482
vt 0.568247 0.370001
vt 0.573204 0.370731
vt 0.574997 0.373176
vt 0.569124 0.371593
vt 0.581388 0.374338
vt 0.580782 0.376760
vt 0.574512 0.374938
vt 0.570097 0.373168
vt 0.605041 0.381471
vt 0.599981 0.381647
vt 0.593677 0.381407
vt 0.608991 0.381068
vt 0.609109 0.377825
vt 0.605041 0.381471
vt 0.605424 0.378164
vt 0.586282 0.380565
vt 0.578739 0.378829
vt 0.566488 0.372763
vt 0.562546 0.369587
vt 0.569124 0.371593
vt 0.562082 0.367415
vt 0.595578 0.371838
vt 0.594890 0.368548
vt 0.600797 0.368478
vt 0.601326 0.371708
vt 0.595128 0.365268
vt 0.600114 0.365322
vt 0.605099 0.365377
vt 0.605317 0.368367
vt 0.605690 0.371508
vt 0.608974 0.368221
vt 0.609193 0.371302
vt 0.608667 0.365234
vt 0.612257 0.368132
vt 0.612277 0.371194
vt 0.568470 0.367465
vt 0.573204 0.370731
vt 0.561560 0.363521
vt 0.575629 0.365162
vt 0.577824 0.368225
vt 0.572024 0.376052
vt 0.574512 0.374938
vt 0.586929 0.368537
vt 0.585379 0.365215
vt 0.612130 0.349570
vt 0.603934 0.349697
vt 0.604480 0.346525
vt 0.603350 0.352859
vt 0.594022 0.353213
vt 0.595296 0.350154
vt 0.596137 0.347112
vt 0.577846 0.353701
vt 0.578321 0.351971
vt 0.586231 0.351066
vt 0.584379 0.353614
vt 0.580340 0.349983
vt 0.587054 0.348553
vt 0.596137 0.347112
vt 0.595296 0.350154
vt 0.594022 0.353213
vt 0.573750 0.348393
vt 0.567079 0.352838
vt 0.562230 0.353175
vt 0.570644 0.347477
vt 0.567906 0.356487
vt 0.561981 0.358145
vt 0.556769 0.353604
vt 0.604933 0.341215
vt 0.604713 0.339054
vt 0.612057 0.338928
vt 0.596062 0.342076
vt 0.595358 0.340089
vt 0.596062 0.342076
vt 0.584674 0.344563
vt 0.582990 0.342921
vt 0.595358 0.340089
vt 0.581296 0.341408
vt 0.591020 0.358485
vt 0.602448 0.358261
vt 0.602191 0.360724
vt 0.589938 0.360833
vt 0.612188 0.358045
vt 0.612205 0.360548
vt 0.602314 0.363160
vt 0.592406 0.363347
vt 0.577657 0.358188
vt 0.574014 0.360320
vt 0.569948 0.362613
vt 0.578321 0.351971
vt 0.572205 0.352516
vt 0.577192 0.349331
vt 0.573195 0.354997
vt 0.604480 0.346525
vt 0.604843 0.343685
vt 0.612089 0.343622
vt 0.596369 0.344402
vt 0.587054 0.348553
vt 0.586244 0.346428
vt 0.603350 0.352859
vt 0.602854 0.355690
vt 0.592539 0.355985
vt 0.612170 0.355479
vt 0.612188 0.358045
vt 0.584379 0.353614
vt 0.581260 0.355979
vt 0.592539 0.355985
vt 0.184195 0.358424
vt 0.175855 0.356290
vt 0.180428 0.350027
vt 0.183523 0.365723
vt 0.173104 0.363984
vt 0.168549 0.352493
vt 0.174654 0.345142
vt 0.269694 0.249394
vt 0.264592 0.256503
vt 0.259477 0.263168
vt 0.326040 0.208467
vt 0.322825 0.218432
vt 0.311716 0.217352
vt 0.314831 0.208792
vt 0.319406 0.227599
vt 0.308312 0.225565
vt 0.503538 0.663158
vt 0.506066 0.685298
vt 0.475887 0.694359
vt 0.472699 0.672082
vt 0.479545 0.717617
vt 0.223314 0.301371
vt 0.215458 0.307353
vt 0.206782 0.313357
vt 0.388393 0.700385
vt 0.384571 0.677969
vt 0.412535 0.668308
vt 0.415559 0.689969
vt 0.382177 0.656637
vt 0.410827 0.648297
vt 0.248732 0.276159
vt 0.242804 0.282753
vt 0.236608 0.289230
vt 0.492279 0.848413
vt 0.493518 0.817198
vt 0.486917 0.881199
vt 0.465042 0.874743
vt 0.471593 0.845576
vt 0.473143 0.818292
vt 0.473191 0.578059
vt 0.477730 0.567990
vt 0.469663 0.588235
vt 0.450222 0.588074
vt 0.457752 0.577923
vt 0.466037 0.568319
vt 0.182711 0.374473
vt 0.170746 0.373160
vt 0.168331 0.383236
vt 0.188274 0.344938
vt 0.183303 0.338763
vt 0.193396 0.333001
vt 0.304770 0.186394
vt 0.301105 0.192032
vt 0.308455 0.180947
vt 0.315384 0.236827
vt 0.304343 0.233981
vt 0.299764 0.242655
vt 0.197490 0.319396
vt 0.187664 0.325612
vt 0.230239 0.295390
vt 0.254248 0.269659
vt 0.279779 0.233825
vt 0.274813 0.241690
vt 0.314831 0.208792
vt 0.317886 0.199379
vt 0.304807 0.207848
vt 0.380731 0.635488
vt 0.410093 0.629569
vt 0.410827 0.648297
vt 0.412464 0.612216
vt 0.477409 0.913919
vt 0.486917 0.881199
vt 0.465338 0.946512
vt 0.491294 0.789121
vt 0.487352 0.763854
vt 0.469771 0.793614
vt 0.483357 0.740477
vt 0.467856 0.598642
vt 0.469663 0.588235
vt 0.449733 0.561110
vt 0.463384 0.560502
vt 0.444731 0.565541
vt 0.444933 0.553477
vt 0.460702 0.552107
vt 0.460702 0.552107
vt 0.444933 0.553477
vt 0.440892 0.544252
vt 0.458051 0.542762
vt 0.438568 0.534554
vt 0.455851 0.532922
vt 0.455851 0.532922
vt 0.438568 0.534554
vt 0.438698 0.525576
vt 0.454446 0.523124
vt 0.430296 0.521973
vt 0.476757 0.559403
vt 0.490307 0.557258
vt 0.463384 0.560502
vt 0.475547 0.550491
vt 0.489835 0.548250
vt 0.473960 0.541014
vt 0.488903 0.538875
vt 0.472241 0.531055
vt 0.487739 0.529046
vt 0.470659 0.520780
vt 0.486610 0.518747
vt 0.454446 0.523124
vt 0.469182 0.510347
vt 0.504276 0.553654
vt 0.517431 0.549158
vt 0.503931 0.545104
vt 0.517485 0.541410
vt 0.503284 0.536254
vt 0.517194 0.533205
vt 0.502450 0.526971
vt 0.516510 0.524656
vt 0.501576 0.517195
vt 0.515449 0.515935
vt 0.533242 0.545079
vt 0.528622 0.544464
vt 0.538544 0.539771
vt 0.517431 0.549157
vt 0.530141 0.537600
vt 0.542260 0.533772
vt 0.530141 0.537600
vt 0.530681 0.529834
vt 0.530081 0.521943
vt 0.528307 0.514751
vt 0.540456 0.513647
vt 0.516511 0.524656
vt 0.534665 0.510181
s 1
f 182/1/1 928/2/2 1797/3/3 942/4/4
f 928/2/2 112/5/5 608/6/6 1797/3/3
f 1797/3/3 608/6/6 15/7/7 612/8/8
f 942/4/4 1797/3/3 612/8/8 173/9/9
f 222/10/10 1015/11/11 1798/12/12 1027/13/13
f 1015/11/11 175/14/14 921/15/15 1798/12/12
f 1798/12/12 921/15/15 3/16/16 1007/17/17
f 1027/13/13 1798/12/12 1007/17/17 214/18/18
f 150/19/19 898/20/20 1799/21/21 662/22/22
f 898/20/20 157/23/23 881/24/24 1799/21/21
f 1799/21/21 881/24/24 12/25/25 655/26/26
f 662/22/22 1799/21/21 655/26/26 32/27/27
f 223/28/28 1016/29/29 1800/30/30 1026/31/31
f 1016/29/29 192/32/32 966/33/33 1800/30/30
f 1800/30/30 966/33/33 37/34/34 1009/35/35
f 1026/31/31 1800/30/30 1009/35/35 216/36/36
f 160/37/37 884/38/38 1801/39/39 897/40/40
f 884/38/38 126/41/41 645/42/42 1801/39/39
f 1801/39/39 645/42/42 25/43/43 880/44/44
f 897/40/40 1801/39/39 880/44/44 156/45/45
f 170/46/46 911/47/47 1802/48/48 917/49/49
f 911/47/47 91/50/50 626/51/51 1802/48/48
f 1802/48/48 626/51/51 12/52/25 615/53/52
f 917/49/49 1802/48/48 615/53/52 166/54/53
f 131/55/54 852/56/55 1803/57/56 651/58/57
f 852/56/55 130/59/58 628/60/59 1803/57/56
f 1803/57/56 628/60/59 5/61/60 648/62/61
f 651/58/57 1803/57/56 648/62/61 28/63/62
f 311/64/63 1173/65/64 1804/66/65 1203/67/66
f 1173/65/64 63/68/67 808/69/68 1804/66/65
f 1804/66/65 808/69/68 8/70/69 617/71/70
f 1203/67/66 1804/66/65 617/71/70 296/72/71
f 200/73/72 974/74/73 1805/75/74 985/76/75
f 974/74/73 107/77/76 810/78/77 1805/75/74
f 1805/75/74 810/78/77 11/79/78 620/80/79
f 985/76/75 1805/75/74 620/80/79 194/81/80
f 315/82/81 1177/83/82 1806/84/83 1202/85/84
f 1177/83/82 203/86/85 606/87/86 1806/84/83
f 1806/84/83 606/87/86 7/88/87 629/89/88
f 1202/85/84 1806/84/83 629/89/88 298/90/89
f 298/90/89 629/91/88 1807/92/90 1201/93/91
f 629/91/88 7/94/87 605/95/92 1807/92/90
f 1807/92/90 605/95/92 6/96/93 1161/97/94
f 1201/93/91 1807/92/90 1161/97/94 299/98/95
f 159/99/96 883/100/97 1808/101/98 896/102/99
f 883/100/97 113/103/100 636/104/101 1808/101/98
f 1808/101/98 636/104/101 22/105/102 873/106/103
f 896/102/99 1808/101/98 873/106/103 149/107/104
f 116/108/105 836/109/106 1809/110/107 816/111/108
f 836/109/106 115/112/109 638/113/110 1809/110/107
f 1809/110/107 638/113/110 21/114/111 631/115/112
f 816/111/108 1809/110/107 631/115/112 20/116/113
f 310/117/114 1172/118/115 1810/119/116 1200/120/117
f 1172/118/115 116/108/105 816/111/108 1810/119/116
f 1810/119/116 816/111/108 20/116/113 1162/121/118
f 1200/120/117 1810/119/116 1162/121/118 300/122/119
f 120/123/120 834/124/121 1811/125/122 650/126/123
f 834/124/121 117/127/124 640/128/125 1811/125/122
f 1811/125/122 640/128/125 19/129/126 649/130/127
f 650/126/123 1811/125/122 649/130/127 29/131/128
f 212/132/129 996/133/130 1812/134/131 1004/135/132
f 996/133/130 114/136/133 814/137/134 1812/134/131
f 1812/134/131 814/137/134 18/138/135 988/139/136
f 1004/135/132 1812/134/131 988/139/136 204/140/137
f 221/141/138 1014/142/139 1813/143/140 1025/144/141
f 1014/142/139 119/145/142 819/146/143 1813/143/140
f 1813/143/140 819/146/143 17/147/144 1008/148/145
f 1025/144/141 1813/143/140 1008/148/145 215/149/146
f 253/150/147 1098/151/148 1814/152/149 1083/153/150
f 1098/151/148 252/154/151 1082/155/152 1814/152/149
f 1814/152/149 1082/155/152 23/156/153 602/157/154
f 1083/153/150 1814/152/149 602/157/154 24/158/155
f 260/159/156 1097/160/157 1815/161/158 1024/162/159
f 1097/160/157 253/150/147 1083/153/150 1815/161/158
f 1815/161/158 1083/153/150 24/158/155 1006/163/160
f 1024/162/159 1815/161/158 1006/163/160 213/164/161
f 231/165/162 1035/166/163 1816/167/164 1044/168/165
f 1035/166/163 120/123/120 650/126/123 1816/167/164
f 1816/167/164 650/126/123 29/131/128 1030/169/166
f 1044/168/165 1816/167/164 1030/169/166 226/170/167
f 232/171/168 1036/172/169 1817/173/170 1043/174/171
f 1036/172/169 131/55/54 651/175/57 1817/173/170
f 1817/173/170 651/175/57 28/176/62 1029/177/172
f 1043/174/171 1817/173/170 1029/177/172 225/178/173
f 135/179/174 848/180/175 1818/181/176 844/182/177
f 848/180/175 132/183/178 652/184/179 1818/181/176
f 1818/181/176 652/184/179 25/185/43 645/186/42
f 844/182/177 1818/181/176 645/186/42 126/187/41
f 252/188/151 1096/189/180 1819/190/181 1082/191/152
f 1096/189/180 255/192/182 1085/193/183 1819/190/181
f 1819/190/181 1085/193/183 68/194/184 753/195/185
f 1082/191/152 1819/190/181 753/195/185 23/196/153
f 259/197/186 1095/198/187 1820/199/188 906/200/189
f 1095/198/187 254/201/190 1084/202/191 1820/199/188
f 1820/199/188 1084/202/191 108/203/192 905/204/193
f 906/200/189 1820/199/188 905/204/193 165/205/194
f 91/50/50 847/206/195 1821/207/196 626/51/51
f 847/206/195 133/208/197 661/209/198 1821/207/196
f 1821/207/196 661/209/198 32/210/27 655/211/26
f 626/51/51 1821/207/196 655/211/26 12/52/25
f 313/212/199 1175/213/200 1822/214/201 1199/215/202
f 1175/213/200 150/19/19 662/22/22 1822/214/201
f 1822/214/201 662/22/22 32/27/27 1158/216/203
f 1199/215/202 1822/214/201 1158/216/203 296/217/71
f 118/218/204 830/219/205 1823/220/206 818/221/207
f 830/219/205 119/222/142 642/223/208 1823/220/206
f 1823/220/206 642/223/208 3/224/16 653/225/209
f 818/221/207 1823/220/206 653/225/209 2/226/210
f 145/227/211 863/228/212 1824/229/213 871/230/214
f 863/228/212 134/231/215 665/232/216 1824/229/213
f 1824/229/213 665/232/216 38/233/217 663/234/218
f 871/230/214 1824/229/213 663/234/218 139/235/219
f 172/236/220 610/237/221 1825/238/222 940/239/223
f 610/237/221 2/226/210 653/240/209 1825/238/222
f 1825/238/222 653/240/209 3/241/16 921/242/15
f 940/239/223 1825/238/222 921/242/15 175/243/14
f 192/244/32 984/245/224 1826/246/225 966/247/33
f 984/245/224 196/248/226 970/249/227 1826/246/225
f 1826/246/225 970/249/227 1/250/228 667/251/229
f 966/247/33 1826/246/225 667/251/229 37/252/34
f 217/253/230 1023/254/231 1827/255/232 685/256/233
f 1023/254/231 219/257/234 1012/258/235 1827/255/232
f 1827/255/232 1012/258/235 74/259/236 767/260/237
f 685/256/233 1827/255/232 767/260/237 45/261/238
f 239/262/239 1081/263/240 1828/264/241 688/265/242
f 1081/263/240 238/266/243 1050/267/244 1828/264/241
f 1828/264/241 1050/267/244 42/268/245 673/269/246
f 688/265/242 1828/264/241 673/269/246 44/270/247
f 302/271/248 1198/272/249 1829/273/250 1164/274/251
f 1198/272/249 301/275/252 670/276/253 1829/273/250
f 1829/273/250 670/276/253 41/277/254 671/278/255
f 1164/274/251 1829/273/250 671/278/255 43/279/256
f 54/280/257 774/281/258 1830/282/259 703/283/260
f 774/281/258 78/284/261 747/285/262 1830/282/259
f 1830/282/259 747/285/262 82/286/263 762/287/264
f 703/283/260 1830/282/259 762/287/264 59/288/265
f 304/289/266 1197/290/267 1831/291/268 689/292/269
f 1197/290/267 303/293/270 1165/294/271 1831/291/268
f 1831/291/268 1165/294/271 47/295/272 694/296/273
f 689/292/269 1831/291/268 694/296/273 46/297/274
f 234/298/275 1080/299/276 1832/300/277 1046/301/278
f 1080/299/276 240/302/279 1052/303/280 1832/300/277
f 1832/300/277 1052/303/280 29/304/128 649/305/127
f 1046/301/278 1832/300/277 649/305/127 19/306/126
f 317/307/281 1196/308/282 1833/309/283 1042/310/284
f 1196/308/282 305/311/285 1167/312/286 1833/309/283
f 1833/309/283 1167/312/286 49/313/287 695/314/288
f 1042/310/284 1833/309/283 695/314/288 228/315/289
f 251/316/290 1079/317/291 1834/318/292 1041/319/293
f 1079/317/291 235/320/294 1047/321/295 1834/318/292
f 1834/318/292 1047/321/295 22/322/102 635/323/296
f 1041/319/293 1834/318/292 635/323/296 226/324/167
f 312/325/297 1195/326/298 1835/327/299 894/328/300
f 1195/326/298 306/329/301 1168/330/302 1835/327/299
f 1835/327/299 1168/330/302 51/331/303 682/332/304
f 894/328/300 1835/327/299 682/332/304 152/333/305
f 247/334/306 1078/335/307 1836/336/308 893/337/309
f 1078/335/307 236/338/310 1048/339/311 1836/336/308
f 1836/336/308 1048/339/311 18/340/135 630/341/312
f 893/337/309 1836/336/308 630/341/312 149/342/104
f 314/343/313 1194/344/314 1837/345/315 1003/346/316
f 1194/344/314 307/347/317 1169/348/318 1837/345/315
f 1837/345/315 1169/348/318 53/349/319 684/350/320
f 1003/346/316 1837/345/315 684/350/320 207/351/321
f 249/352/322 1077/353/323 1838/354/324 1002/355/325
f 1077/353/323 237/356/326 1049/357/327 1838/354/324
f 1838/354/324 1049/357/327 21/358/111 632/359/328
f 1002/355/325 1838/354/324 632/359/328 204/360/137
f 250/361/329 1076/362/330 1839/363/331 1022/364/332
f 1076/362/330 239/365/239 688/366/242 1839/363/331
f 1839/363/331 688/366/242 44/270/247 1011/367/333
f 1022/364/332 1839/363/331 1011/367/333 218/368/334
f 316/369/335 1178/370/336 1840/371/337 1193/372/338
f 1178/370/336 217/253/230 685/256/233 1840/371/337
f 1840/371/337 685/256/233 45/261/238 1166/373/339
f 1193/372/338 1840/371/337 1166/373/339 304/374/266
f 248/375/340 1060/376/341 1841/377/342 1075/378/343
f 1060/376/341 177/379/344 687/380/345 1841/377/342
f 1841/377/342 687/380/345 42/268/245 1050/267/244
f 1075/378/343 1841/377/342 1050/267/244 238/266/243
f 177/381/344 923/382/346 1842/383/347 938/384/348
f 923/382/346 40/385/349 700/386/350 1842/383/347
f 1842/383/347 700/386/350 55/387/351 924/388/352
f 938/384/348 1842/383/347 924/388/352 178/389/353
f 301/390/252 1163/391/354 1843/392/355 1192/393/356
f 1163/391/354 42/394/245 701/395/357 1843/392/355
f 1843/392/355 701/395/357 57/396/358 1170/397/359
f 1192/393/356 1843/392/355 1170/397/359 308/398/360
f 307/347/317 693/399/361 1844/400/362 1191/401/363
f 693/399/361 54/280/257 703/283/260 1844/400/362
f 1844/400/362 703/283/260 59/288/265 706/402/364
f 1191/401/363 1844/400/362 706/402/364 309/403/365
f 318/404/366 1180/405/367 1845/406/368 1190/407/369
f 1180/405/367 242/408/370 1054/409/371 1845/406/368
f 1845/406/368 1054/409/371 35/410/372 657/411/373
f 1190/407/369 1845/406/368 657/411/373 300/412/119
f 241/413/374 1073/414/375 1846/415/376 702/416/377
f 1073/414/375 237/356/326 678/417/378 1846/415/376
f 1846/415/376 678/417/378 53/418/319 704/419/379
f 702/416/377 1846/415/376 704/419/379 58/420/380
f 184/421/381 930/422/382 1847/423/383 937/424/384
f 930/422/382 155/425/385 757/426/386 1847/423/383
f 1847/423/383 757/426/386 64/427/387 730/428/388
f 937/424/384 1847/423/383 730/428/388 180/429/389
f 26/430/390 646/431/391 1848/432/392 796/433/393
f 646/431/391 13/434/394 807/435/395 1848/432/392
f 1848/432/392 807/435/395 130/59/58 852/56/55
f 796/433/393 1848/432/392 852/56/55 131/55/54
f 171/436/396 916/437/397 1849/438/398 891/439/399
f 916/437/397 166/440/53 615/53/52 1849/438/398
f 1849/438/398 615/53/52 12/52/25 881/24/24
f 891/439/399 1849/438/398 881/24/24 157/23/23
f 297/441/400 623/442/401 1850/443/402 1189/444/403
f 623/442/401 14/445/404 627/446/405 1850/443/402
f 1850/443/402 627/446/405 63/68/67 1173/65/64
f 1189/444/403 1850/443/402 1173/65/64 311/64/63
f 242/408/370 1072/447/406 1851/448/407 1054/409/371
f 1072/447/406 244/449/408 1056/450/409 1851/448/407
f 1851/448/407 1056/450/409 67/451/410 752/452/411
f 1054/409/371 1851/448/407 752/452/411 35/410/372
f 123/453/412 829/454/413 1852/455/414 720/456/415
f 829/454/413 121/457/416 658/458/417 1852/455/414
f 1852/455/414 658/458/417 35/459/372 752/460/411
f 720/456/415 1852/455/414 752/460/411 67/461/410
f 208/462/418 1001/463/419 1853/464/420 717/465/421
f 1001/463/419 205/466/422 660/467/423 1853/464/420
f 1853/464/420 660/467/423 34/468/424 750/469/425
f 717/465/421 1853/464/420 750/469/425 66/470/426
f 41/277/254 765/471/427 1854/472/428 671/473/255
f 765/471/427 72/474/429 732/475/430 1854/472/428
f 1854/472/428 732/475/430 71/476/431 766/477/432
f 671/473/255 1854/472/428 766/477/432 43/279/256
f 74/478/236 737/479/433 1855/480/434 767/481/237
f 737/479/433 75/482/435 771/483/436 1855/480/434
f 1855/480/434 771/483/436 48/484/437 679/485/438
f 767/481/237 1855/480/434 679/485/438 45/486/238
f 229/487/439 1033/488/440 1856/489/441 1040/490/442
f 1033/488/440 76/491/443 772/492/444 1856/489/441
f 1856/489/441 772/492/444 50/493/445 680/494/446
f 1040/490/442 1856/489/441 680/494/446 227/495/447
f 153/496/448 877/497/449 1857/498/450 890/499/451
f 877/497/449 77/500/452 773/501/453 1857/498/450
f 1857/498/450 773/501/453 52/502/454 681/503/455
f 890/499/451 1857/498/450 681/503/455 151/504/456
f 209/505/457 993/506/458 1858/507/459 1000/508/460
f 993/506/458 78/509/261 774/510/258 1858/507/459
f 1858/507/459 774/510/258 54/511/257 683/512/461
f 1000/508/460 1858/507/459 683/512/461 206/513/462
f 72/514/429 765/515/427 1859/516/463 743/517/464
f 765/515/427 41/518/254 699/519/465 1859/516/463
f 1859/516/463 699/519/465 56/520/466 768/521/467
f 743/517/464 1859/516/463 768/521/467 80/522/468
f 40/385/349 769/523/469 1860/524/470 700/386/350
f 769/523/469 73/525/471 745/526/472 1860/524/470
f 1860/524/470 745/526/472 81/527/473 770/528/474
f 700/386/350 1860/524/470 770/528/474 55/387/351
f 233/529/475 1045/530/476 1861/531/477 1071/532/478
f 1045/530/476 15/533/7 764/534/479 1861/531/477
f 1861/531/477 764/534/479 79/535/480 734/536/481
f 1071/532/478 1861/531/477 734/536/481 243/537/482
f 196/248/226 983/538/483 1862/539/484 970/249/227
f 983/538/483 198/540/485 972/541/486 1862/539/484
f 1862/539/484 972/541/486 70/542/487 763/543/488
f 970/249/227 1862/539/484 763/543/488 1/250/228
f 183/544/489 929/545/490 1863/546/491 936/547/492
f 929/545/490 139/548/219 663/234/218 1863/546/491
f 1863/546/491 663/234/218 38/549/217 925/550/493
f 936/547/492 1863/546/491 925/550/493 179/551/494
f 201/552/495 982/553/496 1864/554/497 869/555/498
f 982/553/496 197/556/499 971/557/500 1864/554/497
f 1864/554/497 971/557/500 109/558/501 708/559/502
f 869/555/498 1864/554/497 708/559/502 141/560/503
f 202/561/504 976/562/505 1865/563/506 981/564/507
f 976/562/505 176/565/508 666/566/509 1865/563/506
f 1865/563/506 666/566/509 109/558/501 971/567/500
f 981/564/507 1865/563/506 971/567/500 197/556/499
f 112/5/5 828/568/510 1866/569/511 608/6/6
f 828/568/510 122/570/512 822/571/513 1866/569/511
f 1866/569/511 822/571/513 79/572/480 764/573/479
f 608/6/6 1866/569/511 764/573/479 15/7/7
f 199/574/514 973/575/515 1867/576/516 980/577/517
f 973/575/515 88/578/518 715/579/519 1867/576/516
f 1867/576/516 715/579/519 70/580/487 972/581/486
f 980/577/517 1867/576/516 972/581/486 198/582/485
f 124/583/520 824/584/521 1868/585/522 827/586/523
f 824/584/521 89/587/524 718/588/525 1868/585/522
f 1868/585/522 718/588/525 79/572/480 822/571/513
f 827/586/523 1868/585/522 822/571/513 122/589/512
f 125/590/526 825/591/527 1869/592/528 826/593/529
f 825/591/527 84/594/530 775/595/531 1869/592/528
f 1869/592/528 775/595/531 61/596/532 823/597/533
f 826/593/529 1869/592/528 823/597/533 123/598/412
f 258/599/534 1088/600/535 1870/601/536 1094/602/537
f 1088/600/535 87/603/538 777/604/539 1870/601/536
f 1870/601/536 777/604/539 68/605/184 1085/606/183
f 1094/602/537 1870/601/536 1085/606/183 255/607/182
f 257/608/540 1087/609/541 1871/610/542 1093/611/543
f 1087/609/541 92/612/544 779/613/545 1871/610/542
f 1871/610/542 779/613/545 269/614/546 1086/615/547
f 1093/611/543 1871/610/542 1086/615/547 256/616/548
f 97/617/549 791/618/550 1872/619/551 781/620/552
f 791/618/550 98/621/553 731/622/554 1872/619/551
f 1872/619/551 731/622/554 71/623/431 732/475/430
f 781/620/552 1872/619/551 732/475/430 72/514/429
f 246/624/555 1058/625/556 1873/626/557 1070/627/558
f 1058/625/556 99/628/559 733/629/560 1873/626/557
f 1873/626/557 733/629/560 73/630/471 1055/631/561
f 1070/627/558 1873/626/557 1055/631/561 243/537/482
f 230/632/562 1034/633/563 1874/634/564 1039/635/565
f 1034/633/563 101/636/566 735/637/567 1874/634/564
f 1874/634/564 735/637/567 76/491/443 1033/488/440
f 1039/635/565 1874/634/564 1033/488/440 229/487/439
f 102/638/568 788/639/569 1875/640/570 783/641/571
f 788/639/569 100/642/572 782/643/573 1875/640/570
f 1875/640/570 782/643/573 75/482/435 737/479/433
f 783/641/571 1875/640/570 737/479/433 74/478/236
f 220/644/574 1013/645/575 1876/646/576 1020/647/577
f 1013/645/575 102/638/568 783/641/571 1876/646/576
f 1876/646/576 783/641/571 74/478/236 1012/648/235
f 1020/647/577 1876/646/576 1012/648/235 219/257/234
f 158/649/578 882/650/579 1877/651/580 889/652/581
f 882/650/579 103/653/582 739/654/583 1877/651/580
f 1877/651/580 739/654/583 77/500/452 877/497/449
f 889/652/581 1877/651/580 877/497/449 153/496/448
f 210/655/584 994/656/585 1878/657/586 999/658/587
f 994/656/585 104/659/588 741/660/589 1878/657/586
f 1878/657/586 741/660/589 78/509/261 993/506/458
f 999/658/587 1878/657/586 993/506/458 209/505/457
f 97/617/549 781/661/552 1879/662/590 1222/663/591
f 781/661/552 72/514/429 743/517/464 1879/662/590
f 1879/662/590 743/517/464 80/522/468 1221/664/592
f 1222/663/591 1879/662/590 1221/664/592 325/665/593
f 99/628/559 789/666/594 1880/667/595 733/629/560
f 789/666/594 105/668/596 744/669/597 1880/667/595
f 1880/667/595 744/669/597 81/527/473 745/526/472
f 733/629/560 1880/667/595 745/526/472 73/525/471
f 104/659/588 784/670/598 1881/671/599 741/660/589
f 784/670/598 106/672/600 746/673/601 1881/671/599
f 1881/671/599 746/673/601 82/674/263 747/675/262
f 741/660/589 1881/671/599 747/675/262 78/509/261
f 144/676/602 862/677/603 1882/678/604 868/679/605
f 862/677/603 94/680/606 780/681/607 1882/678/604
f 1882/678/604 780/681/607 110/682/608 861/683/609
f 868/679/605 1882/678/604 861/683/609 143/684/610
f 66/470/426 750/469/425 1883/685/611 712/686/612
f 750/469/425 34/468/424 659/687/613 1883/685/611
f 1883/685/611 659/687/613 30/688/614 751/689/615
f 712/686/612 1883/685/611 751/689/615 61/690/532
f 180/429/389 730/428/388 1884/691/616 934/692/617
f 730/428/388 64/427/387 727/693/618 1884/691/616
f 1884/691/616 727/693/618 95/694/619 927/695/620
f 934/692/617 1884/691/616 927/695/620 181/696/621
f 195/697/622 624/698/623 1885/699/624 979/700/625
f 624/698/623 10/701/626 625/702/627 1885/699/624
f 1885/699/624 625/702/627 107/77/76 974/74/73
f 979/700/625 1885/699/624 974/74/73 200/73/72
f 224/703/628 1028/704/629 1886/705/630 1038/706/631
f 1028/704/629 26/707/390 796/708/393 1886/705/630
f 1886/705/630 796/708/393 131/55/54 1036/172/169
f 1038/706/631 1886/705/630 1036/172/169 232/171/168
f 244/709/408 748/710/632 1887/711/633 1069/712/634
f 748/710/632 82/286/263 746/713/601 1887/711/633
f 1887/711/633 746/713/601 106/714/600 1057/715/635
f 1069/712/634 1887/711/633 1057/715/635 245/716/636
f 168/717/637 714/718/638 1888/719/639 915/720/640
f 714/718/638 65/721/641 776/722/642 1888/719/639
f 1888/719/639 776/722/642 86/723/643 910/724/644
f 915/720/640 1888/719/639 910/724/644 169/725/645
f 128/726/646 728/727/647 1889/728/648 843/729/649
f 728/727/647 69/730/650 713/731/651 1889/728/648
f 1889/728/648 713/731/651 85/732/652 842/733/653
f 843/729/649 1889/728/648 842/733/653 129/734/654
f 66/735/426 712/736/612 1890/737/655 711/738/656
f 712/736/612 61/739/532 775/740/531 1890/737/655
f 1890/737/655 775/740/531 84/741/530 805/742/657
f 711/738/656 1890/737/655 805/742/657 83/743/658
f 208/462/418 717/744/421 1891/745/659 998/746/660
f 717/744/421 66/735/426 711/738/656 1891/745/659
f 1891/745/659 711/738/656 83/743/658 995/747/661
f 998/746/660 1891/745/659 995/747/661 211/748/662
f 127/749/663 647/750/664 1892/751/665 722/752/666
f 647/750/664 27/753/667 795/754/668 1892/751/665
f 1892/751/665 795/754/668 132/755/178 848/180/175
f 722/752/666 1892/751/665 848/180/175 135/756/174
f 9/757/669 656/758/670 1893/759/671 809/760/672
f 656/758/670 33/761/673 754/762/674 1893/759/671
f 1893/759/671 754/762/674 133/763/197 847/764/195
f 809/760/672 1893/759/671 847/764/195 91/765/50
f 140/766/675 664/767/676 1894/768/677 867/769/678
f 664/767/676 39/770/679 724/771/680 1894/768/677
f 1894/768/677 724/771/680 134/231/215 863/228/212
f 867/769/678 1894/768/677 863/228/212 145/227/211
f 10/701/626 840/772/681 1895/773/682 625/702/627
f 840/772/681 127/774/663 722/775/666 1895/773/682
f 1895/773/682 722/775/666 135/179/174 721/776/683
f 625/702/627 1895/773/682 721/776/683 107/77/76
f 190/777/684 901/778/685 1896/779/686 903/780/687
f 901/778/685 186/781/688 811/782/689 1896/779/686
f 1896/779/686 811/782/689 111/783/690 749/784/691
f 903/780/687 1896/779/686 749/784/691 162/785/692
f 185/786/693 885/787/694 1897/788/695 888/789/696
f 885/787/694 189/790/697 854/791/698 1897/788/695
f 1897/788/695 854/791/698 109/792/699 756/793/700
f 888/789/696 1897/788/695 756/793/700 154/794/701
f 90/795/702 804/796/703 1898/797/704 778/798/705
f 804/796/703 125/799/526 826/800/529 1898/797/704
f 1898/797/704 826/800/529 123/801/412 720/802/415
f 778/798/705 1898/797/704 720/802/415 67/461/410
f 88/578/518 799/803/706 1899/804/707 715/579/519
f 799/803/706 124/805/520 827/586/523 1899/804/707
f 1899/804/707 827/586/523 122/806/512 719/807/708
f 715/579/519 1899/804/707 719/807/708 70/580/487
f 1/250/228 763/543/488 1900/808/709 812/809/710
f 763/543/488 70/542/487 719/810/708 1900/808/709
f 1900/808/709 719/810/708 122/570/512 828/568/510
f 812/809/710 1900/808/709 828/568/510 112/5/5
f 61/690/532 751/689/615 1901/811/711 823/812/533
f 751/689/615 30/688/614 821/813/712 1901/811/711
f 1901/811/711 821/813/712 121/814/416 829/815/413
f 823/812/533 1901/811/711 829/815/413 123/453/412
f 16/816/713 633/817/714 1902/818/715 641/819/716
f 633/817/714 17/147/144 819/820/143 1902/818/715
f 1902/818/715 819/820/143 119/222/142 830/219/205
f 641/819/716 1902/818/715 830/219/205 118/218/204
f 225/178/173 1029/177/172 1903/821/717 1037/822/718
f 1029/177/172 28/176/62 820/823/719 1903/821/717
f 1903/821/717 820/823/719 120/123/120 1035/824/163
f 1037/822/718 1903/821/717 1035/824/163 231/825/162
f 214/18/18 1007/17/17 1904/826/720 1019/827/721
f 1007/17/17 3/16/16 642/828/208 1904/826/720
f 1904/826/720 642/828/208 119/829/142 1014/830/139
f 1019/827/721 1904/826/720 1014/830/139 221/831/138
f 203/832/85 987/833/722 1905/834/723 997/835/724
f 987/833/722 4/836/725 637/837/726 1905/834/723
f 1905/834/723 637/837/726 114/838/133 996/839/130
f 997/835/724 1905/834/723 996/839/130 212/840/129
f 28/63/62 648/62/61 1906/841/727 820/823/719
f 648/62/61 5/61/60 817/842/728 1906/841/727
f 1906/841/727 817/842/728 117/127/124 834/124/121
f 820/823/719 1906/841/727 834/124/121 120/123/120
f 299/98/95 1161/97/94 1907/843/729 1188/844/730
f 1161/97/94 6/96/93 639/845/731 1907/843/729
f 1907/843/729 639/845/731 116/108/105 1172/118/115
f 1188/844/730 1907/843/729 1172/118/115 310/117/114
f 6/96/93 605/846/92 1908/847/732 639/845/731
f 605/846/92 7/848/87 815/849/733 1908/847/732
f 1908/847/732 815/849/733 115/112/109 836/109/106
f 639/845/731 1908/847/732 836/109/106 116/108/105
f 148/850/734 872/851/735 1909/852/736 887/853/737
f 872/851/735 8/70/69 813/854/738 1909/852/736
f 1909/852/736 813/854/738 113/103/100 883/100/97
f 887/853/737 1909/852/736 883/100/97 159/99/96
f 172/855/220 918/856/739 1910/857/740 933/858/741
f 918/856/739 1/250/228 812/809/710 1910/857/740
f 1910/857/740 812/809/710 112/5/5 928/2/2
f 933/858/741 1910/857/740 928/2/2 182/1/1
f 64/427/387 841/859/742 1911/860/743 727/693/618
f 841/859/742 128/726/646 843/729/649 1911/860/743
f 1911/860/743 843/729/649 129/734/654 803/861/744
f 727/693/618 1911/860/743 803/861/744 95/694/619
f 107/77/76 721/776/683 1912/862/745 810/78/77
f 721/776/683 135/179/174 844/182/177 1912/862/745
f 1912/862/745 844/182/177 126/187/41 839/863/746
f 810/78/77 1912/862/745 839/863/746 11/79/78
f 155/864/385 879/865/747 1913/866/748 886/867/749
f 879/865/747 11/79/78 839/863/746 1913/866/748
f 1913/866/748 839/863/746 126/41/41 884/38/38
f 886/867/749 1913/866/748 884/38/38 160/37/37
f 167/868/750 621/869/751 1914/870/752 914/871/753
f 621/869/751 9/757/669 809/872/672 1914/870/752
f 1914/870/752 809/872/672 91/50/50 911/47/47
f 914/871/753 1914/870/752 911/47/47 170/46/46
f 165/205/194 948/873/754 1915/874/755 761/875/756
f 948/873/754 187/876/757 865/877/758 1915/874/755
f 1915/874/755 865/877/758 143/878/610 861/879/609
f 761/875/756 1915/874/755 861/879/609 110/880/608
f 189/790/697 856/881/759 1916/882/760 854/791/698
f 856/881/759 188/883/761 866/884/762 1916/882/760
f 1916/882/760 866/884/762 141/560/763 708/885/764
f 854/791/698 1916/882/760 708/885/764 109/792/699
f 13/434/394 858/886/765 1917/887/766 807/435/395
f 858/886/765 140/888/675 867/889/678 1917/887/766
f 1917/887/766 867/889/678 145/890/211 846/891/767
f 807/435/395 1917/887/766 846/891/767 130/59/58
f 163/892/768 900/893/769 1918/894/770 902/895/771
f 900/893/769 144/676/602 868/679/605 1918/894/770
f 1918/894/770 868/679/605 143/684/610 899/896/772
f 902/895/771 1918/894/770 899/896/772 162/897/692
f 193/898/773 978/899/774 1919/900/775 614/901/776
f 978/899/774 201/552/495 869/555/498 1919/900/775
f 1919/900/775 869/555/498 141/560/503 859/902/777
f 614/901/776 1919/900/775 859/902/777 108/203/192
f 174/903/778 920/904/779 1920/905/780 932/906/781
f 920/904/779 5/61/60 857/907/782 1920/905/780
f 1920/905/780 857/907/782 139/548/219 929/908/490
f 932/906/781 1920/905/780 929/908/490 183/909/489
f 130/59/58 846/891/767 1921/910/783 628/60/59
f 846/891/767 145/890/211 871/911/214 1921/910/783
f 1921/910/783 871/911/214 139/548/219 857/912/782
f 628/60/59 1921/910/783 857/912/782 5/61/60
f 64/913/387 757/914/386 1922/915/784 841/859/742
f 757/914/386 155/916/385 886/917/749 1922/915/784
f 1922/915/784 886/917/749 160/918/37 845/919/785
f 841/859/742 1922/915/784 845/919/785 128/920/646
f 4/836/725 603/921/786 1923/922/787 637/837/726
f 603/921/786 148/923/734 887/924/737 1923/922/787
f 1923/922/787 887/924/737 159/925/96 837/926/788
f 637/837/726 1923/922/787 837/926/788 114/838/133
f 186/781/688 855/927/789 1924/928/790 811/782/689
f 855/927/789 185/786/693 888/789/696 1924/928/790
f 1924/928/790 888/789/696 154/794/701 878/929/791
f 811/782/689 1924/928/790 878/929/791 111/783/690
f 101/636/566 786/930/792 1925/931/793 735/637/567
f 786/930/792 158/649/578 889/652/581 1925/931/793
f 1925/931/793 889/652/581 153/496/448 740/932/794
f 735/637/567 1925/931/793 740/932/794 76/491/443
f 76/491/443 740/932/794 1926/933/795 772/492/444
f 740/932/794 153/496/448 890/499/451 1926/933/795
f 1926/933/795 890/499/451 151/504/456 875/934/796
f 772/492/444 1926/933/795 875/934/796 50/493/445
f 168/935/637 913/936/797 1927/937/798 714/938/638
f 913/936/797 171/436/396 891/439/399 1927/937/798
f 1927/937/798 891/439/399 157/23/23 759/939/799
f 714/938/638 1927/937/798 759/939/799 65/721/641
f 176/940/508 922/941/800 1928/942/801 931/943/802
f 922/941/800 11/79/78 879/865/747 1928/942/801
f 1928/942/801 879/865/747 155/944/385 930/945/382
f 931/943/802 1928/942/801 930/945/382 184/946/381
f 235/320/294 1068/947/803 1929/948/804 1047/321/295
f 1068/947/803 247/334/306 893/337/309 1929/948/804
f 1929/948/804 893/337/309 149/342/104 873/949/103
f 1047/321/295 1929/948/804 873/949/103 22/322/102
f 305/311/285 1187/950/805 1930/951/806 1167/312/286
f 1187/950/805 312/325/297 894/328/300 1930/951/806
f 1930/951/806 894/328/300 152/333/305 876/952/807
f 1167/312/286 1930/951/806 876/952/807 49/313/287
f 295/953/808 1157/954/809 1931/955/810 1186/956/811
f 1157/954/809 31/957/812 874/958/813 1931/955/810
f 1931/955/810 874/958/813 150/959/19 1175/213/200
f 1186/956/811 1931/955/810 1175/213/200 313/960/199
f 114/136/133 837/961/788 1932/962/814 814/137/134
f 837/961/788 159/99/96 896/102/99 1932/962/814
f 1932/962/814 896/102/99 149/107/104 630/963/312
f 814/137/134 1932/962/814 630/963/312 18/138/135
f 128/920/646 845/919/785 1933/964/815 728/727/647
f 845/919/785 160/918/37 897/965/40 1933/964/815
f 1933/964/815 897/965/40 156/966/45 758/967/816
f 728/727/647 1933/964/815 758/967/816 69/968/650
f 31/969/812 760/970/817 1934/971/818 874/972/813
f 760/970/817 65/721/641 759/973/799 1934/971/818
f 1934/971/818 759/973/799 157/23/23 898/20/20
f 874/972/813 1934/971/818 898/20/20 150/19/19
f 96/974/819 793/975/820 1935/976/821 729/977/822
f 793/975/820 163/978/768 902/895/771 1935/976/821
f 1935/976/821 902/895/771 162/979/692 749/980/691
f 729/977/822 1935/976/821 749/980/691 111/783/690
f 187/981/757 864/982/823 1936/983/824 865/877/758
f 864/982/823 190/984/684 903/985/687 1936/983/824
f 1936/983/824 903/985/687 162/986/692 899/987/772
f 865/877/758 1936/983/824 899/987/772 143/988/610
f 256/616/548 1092/989/825 1937/990/826 726/991/827
f 1092/989/825 259/197/186 906/200/189 1937/990/826
f 1937/990/826 906/200/189 165/205/194 761/992/756
f 726/991/827 1937/990/826 761/992/756 110/993/608
f 69/968/650 758/967/816 1938/994/828 909/995/829
f 758/967/816 156/966/45 912/996/830 1938/994/828
f 1938/994/828 912/996/830 171/997/396 913/998/797
f 909/995/829 1938/994/828 913/998/797 168/999/637
f 27/1000/667 908/1001/831 1939/1002/832 795/1003/668
f 908/1001/831 167/868/750 914/871/753 1939/1002/832
f 1939/1002/832 914/871/753 170/46/46 853/1004/833
f 795/1003/668 1939/1002/832 853/1004/833 132/183/178
f 69/730/650 909/1005/829 1940/1006/834 713/731/651
f 909/1005/829 168/1007/637 915/1008/640 1940/1006/834
f 1940/1006/834 915/1008/640 169/1009/645 802/1010/835
f 713/731/651 1940/1006/834 802/1010/835 85/732/652
f 156/45/45 880/44/44 1941/1011/836 912/1012/830
f 880/44/44 25/43/43 907/1013/837 1941/1011/836
f 1941/1011/836 907/1013/837 166/440/53 916/437/397
f 912/1012/830 1941/1011/836 916/437/397 171/436/396
f 132/183/178 853/1004/833 1942/1014/838 652/184/179
f 853/1004/833 170/46/46 917/49/49 1942/1014/838
f 1942/1014/838 917/49/49 166/54/53 907/1015/837
f 652/184/179 1942/1014/838 907/1015/837 25/185/43
f 109/558/501 666/1016/509 1943/1017/839 756/793/840
f 666/1016/509 176/940/508 931/943/802 1943/1017/839
f 1943/1017/839 931/943/802 184/946/381 892/1018/841
f 756/793/840 1943/1017/839 892/1018/841 154/794/701
f 36/1019/842 618/1020/843 1944/1021/844 860/1022/845
f 618/1020/843 174/1023/778 932/1024/781 1944/1021/844
f 1944/1021/844 932/1024/781 183/544/489 870/1025/846
f 860/1022/845 1944/1021/844 870/1025/846 142/1026/847
f 2/226/210 610/1027/221 1945/1028/848 818/1029/207
f 610/1027/221 172/855/220 933/858/741 1945/1028/848
f 1945/1028/848 933/858/741 182/1/1 838/1030/849
f 818/1029/207 1945/1028/848 838/1030/849 118/1031/204
f 111/783/690 926/1032/850 1946/1033/851 729/1034/822
f 926/1032/850 180/429/389 934/1035/617 1946/1033/851
f 1946/1033/851 934/1035/617 181/1036/621 792/1037/852
f 729/1034/822 1946/1033/851 792/1037/852 96/1038/819
f 194/81/80 620/80/79 1947/1039/853 977/1040/854
f 620/80/79 11/79/78 922/1041/800 1947/1039/853
f 1947/1039/853 922/1041/800 176/565/508 976/562/505
f 977/1040/854 1947/1039/853 976/562/505 202/561/504
f 142/1042/847 870/1043/846 1948/1044/855 710/1045/856
f 870/1043/846 183/909/489 936/1046/492 1948/1044/855
f 1948/1044/855 936/1046/492 179/1047/494 709/1048/857
f 710/1045/856 1948/1044/855 709/1048/857 60/1049/858
f 154/794/701 892/1018/841 1949/1050/859 878/1051/791
f 892/1018/841 184/946/381 937/1052/384 1949/1050/859
f 1949/1050/859 937/1052/384 180/429/389 926/1032/850
f 878/1051/791 1949/1050/859 926/1032/850 111/783/690
f 42/394/245 687/1053/345 1950/1054/860 701/395/357
f 687/1053/345 177/381/344 938/384/348 1950/1054/860
f 1950/1054/860 938/384/348 178/389/353 698/1055/861
f 701/395/357 1950/1054/860 698/1055/861 57/396/358
f 233/1056/475 611/1057/862 1951/1058/863 1067/1059/864
f 611/1057/862 40/385/349 923/382/346 1951/1058/863
f 1951/1058/863 923/382/346 177/379/344 1060/376/341
f 1067/1059/864 1951/1058/863 1060/376/341 248/375/340
f 1/250/228 918/1060/739 1952/1061/865 667/1062/229
f 918/1060/739 172/236/220 940/239/223 1952/1061/865
f 1952/1061/865 940/239/223 175/243/14 619/1063/866
f 667/1062/229 1952/1061/865 619/1063/866 37/1064/34
f 216/36/36 1009/35/35 1953/1065/867 1018/1066/868
f 1009/35/35 37/34/34 619/1067/866 1953/1065/867
f 1953/1065/867 619/1067/866 175/14/14 1015/11/11
f 1018/1066/868 1953/1065/867 1015/11/11 222/10/10
f 118/1031/204 838/1030/849 1954/1068/869 641/1069/716
f 838/1030/849 182/1/1 942/4/4 1954/1068/869
f 1954/1068/869 942/4/4 173/9/9 919/1070/870
f 641/1069/716 1954/1068/869 919/1070/870 16/816/713
f 138/1071/871 943/1072/872 1955/1073/873 949/1074/874
f 943/1072/872 161/1075/875 950/1076/876 1955/1073/873
f 1955/1073/873 950/1076/876 185/786/693 855/927/789
f 949/1074/874 1955/1073/873 855/927/789 186/781/688
f 136/1077/877 944/1078/878 1956/1079/879 952/1080/880
f 944/1078/878 147/1081/881 953/1082/882 1956/1079/879
f 1956/1079/879 953/1082/882 188/883/761 856/881/759
f 952/1080/880 1956/1079/879 856/881/759 189/790/697
f 146/1083/883 945/1084/884 1957/1085/885 951/1086/886
f 945/1084/884 164/1087/887 954/1088/888 1957/1085/885
f 1957/1085/885 954/1088/888 190/777/684 864/982/823
f 951/1086/886 1957/1085/885 864/982/823 187/876/757
f 141/560/763 866/1089/762 1958/1090/889 859/1091/890
f 866/1089/762 188/883/761 953/1092/882 1958/1090/889
f 1958/1090/889 953/1092/882 147/1081/881 955/1093/891
f 859/1091/890 1958/1090/889 955/1093/891 108/1094/192
f 161/1075/875 946/1095/892 1959/1096/893 950/1076/876
f 946/1095/892 136/1077/877 952/1080/880 1959/1096/893
f 1959/1096/893 952/1080/880 189/790/697 885/787/694
f 950/1076/876 1959/1096/893 885/787/694 185/786/693
f 164/1087/887 947/1097/894 1960/1098/895 954/1088/888
f 947/1097/894 138/1071/871 949/1074/874 1960/1098/895
f 1960/1098/895 949/1074/874 186/781/688 901/778/685
f 954/1088/888 1960/1098/895 901/778/685 190/777/684
f 165/205/194 956/1099/896 1961/1100/897 948/873/754
f 956/1099/896 137/1101/898 957/1102/899 1961/1100/897
f 1961/1100/897 957/1102/899 146/1103/883 951/1086/886
f 948/873/754 1961/1100/897 951/1086/886 187/876/757
f 165/205/194 905/204/193 1962/1104/900 956/1105/896
f 905/204/193 108/1106/192 955/1107/891 1962/1104/900
f 1962/1104/900 955/1107/891 147/1081/881 958/1108/901
f 956/1105/896 1962/1104/900 958/1108/901 137/1109/898
f 137/1110/898 958/1108/901 1963/1111/902 961/1112/903
f 147/1081/881 960/1113/904 1963/1111/902 958/1114/901
f 191/1115/905 961/1116/903 1963/1111/902 960/1117/904
f 138/1071/871 947/1118/894 1964/1119/906 963/1120/907
f 164/1121/887 962/1122/908 1964/1119/906 947/1118/894
f 191/1115/905 963/1123/907 1964/1119/906 962/1124/908
f 164/1125/887 945/1126/884 1965/1127/909 962/1128/908
f 146/1083/883 964/1129/910 1965/1127/909 945/1126/884
f 191/1115/905 962/1124/908 1965/1127/909 964/1130/910
f 161/1131/875 943/1132/872 1966/1133/911 965/1134/912
f 138/1135/871 963/1123/907 1966/1133/911 943/1136/872
f 191/1115/905 965/1134/912 1966/1133/911 963/1137/907
f 146/1138/883 957/1139/899 1967/1140/913 964/1129/910
f 137/1101/898 961/1141/903 1967/1140/913 957/1142/899
f 191/1115/905 964/1129/910 1967/1140/913 961/1112/903
f 136/1143/877 946/1095/892 1968/1144/914 959/1145/915
f 161/1146/875 965/1147/912 1968/1144/914 946/1148/892
f 191/1115/905 959/1149/915 1968/1144/914 965/1134/912
f 147/1081/881 944/1150/878 1969/1151/916 960/1113/904
f 136/1143/877 959/1152/915 1969/1151/916 944/1150/878
f 191/1115/905 960/1153/904 1969/1151/916 959/1145/915
f 38/233/217 968/1154/917 1970/1155/918 925/1156/493
f 968/1154/917 194/1157/80 977/1158/854 1970/1155/918
f 1970/1155/918 977/1158/854 202/1159/504 935/1160/919
f 925/1156/493 1970/1155/918 935/1160/919 179/1161/494
f 36/1162/842 860/1163/845 1971/1164/920 967/1165/921
f 860/1163/845 142/1026/847 975/1166/922 1971/1164/920
f 1971/1164/920 975/1166/922 201/1167/495 978/1168/774
f 967/1165/921 1971/1164/920 978/1168/774 193/1169/773
f 39/770/679 969/1170/923 1972/1171/924 724/771/680
f 969/1170/923 195/697/622 979/1172/625 1972/1171/924
f 1972/1171/924 979/1172/625 200/1173/72 850/1174/925
f 724/771/680 1972/1171/924 850/1174/925 134/231/215
f 87/603/538 800/1175/926 1973/1176/927 777/604/539
f 800/1175/926 199/574/514 980/577/517 1973/1176/927
f 1973/1176/927 980/577/517 198/582/485 716/1177/928
f 777/604/539 1973/1176/927 716/1177/928 68/605/184
f 179/1178/494 935/1179/919 1974/1180/929 709/1048/857
f 935/1179/919 202/561/504 981/564/507 1974/1180/929
f 1974/1180/929 981/564/507 197/556/499 707/1181/930
f 709/1048/857 1974/1180/929 707/1181/930 60/1049/858
f 142/1042/847 710/1182/856 1975/1183/931 975/1184/922
f 710/1182/856 60/1049/858 707/1185/930 1975/1183/931
f 1975/1183/931 707/1185/930 197/556/499 982/553/496
f 975/1184/922 1975/1183/931 982/553/496 201/552/495
f 23/196/153 753/195/185 1976/1186/932 668/1187/933
f 753/195/185 68/194/184 716/1188/928 1976/1186/932
f 1976/1186/932 716/1188/928 198/582/485 983/1189/483
f 668/1187/933 1976/1186/932 983/1189/483 196/1190/226
f 24/1191/155 602/1192/154 1977/1193/934 613/1194/935
f 602/1192/154 23/196/153 668/1187/933 1977/1193/934
f 1977/1193/934 668/1187/933 196/1190/226 984/1195/224
f 613/1194/935 1977/1193/934 984/1195/224 192/32/32
f 134/231/215 850/1174/925 1978/1196/936 665/232/216
f 850/1174/925 200/1173/72 985/1197/75 1978/1196/936
f 1978/1196/936 985/1197/75 194/1157/80 968/1154/917
f 665/232/216 1978/1196/936 968/1154/917 38/233/217
f 213/1198/161 1006/1199/160 1979/1200/937 1017/1201/938
f 1006/1199/160 24/1191/155 613/1194/935 1979/1200/937
f 1979/1200/937 613/1194/935 192/32/32 1016/29/29
f 1017/1201/938 1979/1200/937 1016/29/29 223/28/28
f 7/1202/87 606/1203/86 1980/1204/939 815/1205/733
f 606/1203/86 203/832/85 997/835/724 1980/1204/939
f 1980/1204/939 997/835/724 212/840/129 833/1206/940
f 815/1205/733 1980/1204/939 833/1206/940 115/112/109
f 65/721/641 992/1207/941 1981/1208/942 776/722/642
f 992/1207/941 208/1209/418 998/1210/660 1981/1208/942
f 1981/1208/942 998/1210/660 211/1211/662 806/1212/943
f 776/722/642 1981/1208/942 806/1212/943 86/723/643
f 103/653/582 785/1213/944 1982/1214/945 739/654/583
f 785/1213/944 210/655/584 999/658/587 1982/1214/945
f 1982/1214/945 999/658/587 209/505/457 742/1215/946
f 739/654/583 1982/1214/945 742/1215/946 77/500/452
f 77/500/452 742/1215/946 1983/1216/947 773/501/453
f 742/1215/946 209/505/457 1000/508/460 1983/1216/947
f 1983/1216/947 1000/508/460 206/513/462 990/1217/948
f 773/501/453 1983/1216/947 990/1217/948 52/502/454
f 65/721/641 760/1218/817 1984/1219/949 992/1220/941
f 760/1218/817 31/1221/812 989/1222/950 1984/1219/949
f 1984/1219/949 989/1222/950 205/1223/422 1001/1224/419
f 992/1220/941 1984/1219/949 1001/1224/419 208/1225/418
f 236/338/310 1066/1226/951 1985/1227/952 1048/339/311
f 1066/1226/951 249/352/322 1002/355/325 1985/1227/952
f 1985/1227/952 1002/355/325 204/360/137 988/1228/136
f 1048/339/311 1985/1227/952 988/1228/136 18/340/135
f 306/329/301 1185/1229/953 1986/1230/954 1168/330/302
f 1185/1229/953 314/343/313 1003/346/316 1986/1230/954
f 1986/1230/954 1003/346/316 207/351/321 991/1231/955
f 1168/330/302 1986/1230/954 991/1231/955 51/331/303
f 115/112/109 833/1232/940 1987/1233/956 638/113/110
f 833/1232/940 212/132/129 1004/135/132 1987/1233/956
f 1987/1233/956 1004/135/132 204/140/137 632/1234/328
f 638/113/110 1987/1233/956 632/1234/328 21/114/111
f 295/1235/808 607/1236/957 1988/1237/958 1184/1238/959
f 607/1236/957 4/836/725 987/1239/722 1988/1237/958
f 1988/1237/958 987/1239/722 203/86/85 1177/83/82
f 1184/1238/959 1988/1237/958 1177/83/82 315/82/81
f 108/203/192 604/1240/960 1989/1241/961 614/1242/776
f 604/1240/960 213/164/161 1017/1243/938 1989/1241/961
f 1989/1241/961 1017/1243/938 223/1244/28 986/1245/962
f 614/1242/776 1989/1241/961 986/1245/962 193/1246/773
f 36/1247/842 669/1248/963 1990/1249/964 618/1250/843
f 669/1248/963 216/36/36 1018/1066/868 1990/1249/964
f 1990/1249/964 1018/1066/868 222/10/10 941/1251/965
f 618/1250/843 1990/1249/964 941/1251/965 174/1252/778
f 5/61/60 609/1253/966 1991/1254/967 817/842/728
f 609/1253/966 214/1255/18 1019/1256/721 1991/1254/967
f 1991/1254/967 1019/1256/721 221/141/138 832/1257/968
f 817/842/728 1991/1254/967 832/1257/968 117/127/124
f 98/621/553 790/1258/969 1992/1259/970 731/622/554
f 790/1258/969 220/644/574 1020/647/577 1992/1259/970
f 1992/1259/970 1020/647/577 219/257/234 738/1260/971
f 731/622/554 1992/1259/970 738/1260/971 71/623/431
f 302/271/248 1164/1261/251 1993/1262/972 1183/1263/973
f 1164/1261/251 43/279/256 1010/1264/974 1993/1262/972
f 1993/1262/972 1010/1264/974 217/253/230 1178/370/336
f 1183/1263/973 1993/1262/972 1178/370/336 316/369/335
f 234/1265/275 1065/1266/975 1994/1267/976 674/1268/977
f 1065/1266/975 250/361/329 1022/364/332 1994/1267/976
f 1994/1267/976 1022/364/332 218/368/334 696/1269/978
f 674/1268/977 1994/1267/976 696/1269/978 46/1270/274
f 43/279/256 766/477/432 1995/1271/979 1010/1264/974
f 766/477/432 71/476/431 738/1272/971 1995/1271/979
f 1995/1271/979 738/1272/971 219/257/234 1023/254/231
f 1010/1264/974 1995/1271/979 1023/254/231 217/253/230
f 254/201/190 1091/1273/980 1996/1274/981 1084/202/191
f 1091/1273/980 260/159/156 1024/162/159 1996/1274/981
f 1996/1274/981 1024/162/159 213/164/161 604/1240/960
f 1084/202/191 1996/1274/981 604/1240/960 108/203/192
f 117/127/124 832/1257/968 1997/1275/982 640/128/125
f 832/1257/968 221/141/138 1025/144/141 1997/1275/982
f 1997/1275/982 1025/144/141 215/149/146 634/1276/983
f 640/128/125 1997/1275/982 634/1276/983 19/129/126
f 193/1277/773 986/1245/962 1998/1278/984 967/1279/921
f 986/1245/962 223/28/28 1026/31/31 1998/1278/984
f 1998/1278/984 1026/31/31 216/36/36 669/1248/963
f 967/1279/921 1998/1278/984 669/1248/963 36/1247/842
f 174/903/778 941/1280/965 1999/1281/985 920/1282/779
f 941/1280/965 222/1283/10 1027/1284/13 1999/1281/985
f 1999/1281/985 1027/1284/13 214/1255/18 609/1253/966
f 920/1282/779 1999/1281/985 609/1253/966 5/61/60
f 8/70/69 622/1285/986 2000/1286/987 813/854/738
f 622/1285/986 225/1287/173 1037/1288/718 2000/1286/987
f 2000/1286/987 1037/1288/718 231/165/162 831/1289/988
f 813/854/738 2000/1286/987 831/1289/988 113/103/100
f 14/445/404 616/1290/989 2001/1291/990 627/446/405
f 616/1290/989 224/703/628 1038/706/631 2001/1291/990
f 2001/1291/990 1038/706/631 232/1292/168 849/1293/991
f 627/446/405 2001/1291/990 849/1293/991 63/68/67
f 100/642/572 787/1294/992 2002/1295/993 782/643/573
f 787/1294/992 230/632/562 1039/635/565 2002/1295/993
f 2002/1295/993 1039/635/565 229/487/439 736/1296/994
f 782/643/573 2002/1295/993 736/1296/994 75/482/435
f 75/482/435 736/1296/994 2003/1297/995 771/483/436
f 736/1296/994 229/487/439 1040/490/442 2003/1297/995
f 2003/1297/995 1040/490/442 227/495/447 1031/1298/996
f 771/483/436 2003/1297/995 1031/1298/996 48/484/437
f 240/302/279 1064/1299/997 2004/1300/998 1052/303/280
f 1064/1299/997 251/316/290 1041/319/293 2004/1300/998
f 2004/1300/998 1041/319/293 226/324/167 1030/1301/166
f 1052/303/280 2004/1300/998 1030/1301/166 29/304/128
f 303/293/270 1182/1302/999 2005/1303/1000 1165/294/271
f 1182/1302/999 317/307/281 1042/310/284 2005/1303/1000
f 2005/1303/1000 1042/310/284 228/315/289 1032/1304/1001
f 1165/294/271 2005/1303/1000 1032/1304/1001 47/295/272
f 63/68/67 849/1293/991 2006/1305/1002 808/69/68
f 849/1293/991 232/1292/168 1043/1306/171 2006/1305/1002
f 2006/1305/1002 1043/1306/171 225/1287/173 622/1285/986
f 808/69/68 2006/1305/1002 622/1285/986 8/70/69
f 113/103/100 831/1289/988 2007/1307/1003 636/104/101
f 831/1289/988 231/165/162 1044/168/165 2007/1307/1003
f 2007/1307/1003 1044/168/165 226/170/167 635/1308/296
f 636/104/101 2007/1307/1003 635/1308/296 22/105/102
f 47/295/272 1032/1304/1001 2008/1309/1004 690/1310/1005
f 1032/1304/1001 228/315/289 1063/1311/1006 2008/1309/1004
f 2008/1309/1004 1063/1311/1006 251/1312/290 1064/1313/997
f 690/1310/1005 2008/1309/1004 1064/1313/997 240/302/279
f 19/306/126 634/1314/983 2009/1315/1007 1046/1316/278
f 634/1314/983 215/1317/146 1062/1318/1008 2009/1315/1007
f 2009/1315/1007 1062/1318/1008 250/1319/329 1065/1320/975
f 1046/1316/278 2009/1315/1007 1065/1320/975 234/1265/275
f 51/331/303 991/1231/955 2010/1321/1009 677/1322/1010
f 991/1231/955 207/351/321 1061/1323/1011 2010/1321/1009
f 2010/1321/1009 1061/1323/1011 249/1324/322 1066/1325/951
f 677/1322/1010 2010/1321/1009 1066/1325/951 236/338/310
f 15/533/7 1045/1326/476 2011/1327/1012 612/1328/8
f 1045/1326/476 233/1056/475 1067/1059/864 2011/1327/1012
f 2011/1327/1012 1067/1059/864 248/375/340 939/1329/1013
f 612/1328/8 2011/1327/1012 939/1329/1013 173/1330/9
f 49/313/287 876/952/807 2012/1331/1014 676/1332/1015
f 876/952/807 152/333/305 1059/1333/1016 2012/1331/1014
f 2012/1331/1014 1059/1333/1016 247/1334/306 1068/947/803
f 676/1332/1015 2012/1331/1014 1068/947/803 235/1335/294
f 67/451/410 1056/1336/409 2013/1337/1017 778/1338/705
f 1056/1336/409 244/1339/408 1069/1340/634 2013/1337/1017
f 2013/1337/1017 1069/1340/634 245/716/636 797/1341/1018
f 778/1338/705 2013/1337/1017 797/1341/1018 90/1342/702
f 89/1343/524 798/1344/1019 2014/1345/1020 718/1346/525
f 798/1344/1019 246/1347/555 1070/1348/558 2014/1345/1020
f 2014/1345/1020 1070/1348/558 243/537/482 734/1349/481
f 718/1346/525 2014/1345/1020 734/1349/481 79/535/480
f 40/385/349 611/1350/862 2015/1351/1021 769/523/469
f 611/1350/862 233/529/475 1071/1352/478 2015/1351/1021
f 2015/1351/1021 1071/1352/478 243/1353/482 1055/1354/561
f 769/523/469 2015/1351/1021 1055/1354/561 73/630/471
f 59/288/265 762/287/264 2016/1355/1022 705/1356/1023
f 762/287/264 82/286/263 748/1357/632 2016/1355/1022
f 2016/1355/1022 748/1357/632 244/449/408 1072/1358/406
f 705/1356/1023 2016/1355/1022 1072/1358/406 242/1359/370
f 20/1360/113 631/1361/112 2017/1362/1024 1053/1363/1025
f 631/1361/112 21/358/111 1049/1364/327 2017/1362/1024
f 2017/1362/1024 1049/1364/327 237/356/326 1073/414/375
f 1053/1363/1025 2017/1362/1024 1073/414/375 241/413/374
f 309/403/365 706/402/364 2018/1365/1026 1181/1366/1027
f 706/402/364 59/288/265 705/1356/1023 2018/1365/1026
f 2018/1365/1026 705/1356/1023 242/1359/370 1180/1367/367
f 1181/1366/1027 2018/1365/1026 1180/1367/367 318/1368/366
f 173/1330/9 939/1329/1013 2019/1369/1028 919/1370/870
f 939/1329/1013 248/375/340 1075/378/343 2019/1369/1028
f 2019/1369/1028 1075/378/343 238/266/243 686/1371/1029
f 919/1370/870 2019/1369/1028 686/1371/1029 16/1372/713
f 215/1317/146 1008/1373/145 2020/1374/1030 1062/1318/1008
f 1008/1373/145 17/1375/144 1051/1376/1031 2020/1374/1030
f 2020/1374/1030 1051/1376/1031 239/262/239 1076/1377/330
f 1062/1318/1008 2020/1374/1030 1076/1377/330 250/1319/329
f 207/351/321 684/350/320 2021/1378/1032 1061/1323/1011
f 684/350/320 53/349/319 678/1379/378 2021/1378/1032
f 2021/1378/1032 678/1379/378 237/1380/326 1077/1381/323
f 1061/1323/1011 2021/1378/1032 1077/1381/323 249/1324/322
f 152/333/305 682/332/304 2022/1382/1033 1059/1333/1016
f 682/332/304 51/331/303 677/1322/1010 2022/1382/1033
f 2022/1382/1033 677/1322/1010 236/338/310 1078/1383/307
f 1059/1333/1016 2022/1382/1033 1078/1383/307 247/1334/306
f 228/315/289 695/314/288 2023/1384/1034 1063/1311/1006
f 695/314/288 49/313/287 676/1332/1015 2023/1384/1034
f 2023/1384/1034 676/1332/1015 235/1335/294 1079/1385/291
f 1063/1311/1006 2023/1384/1034 1079/1385/291 251/1312/290
f 46/297/274 694/296/273 2024/1386/1035 674/1387/977
f 694/296/273 47/295/272 690/1310/1005 2024/1386/1035
f 2024/1386/1035 690/1310/1005 240/302/279 1080/1388/276
f 674/1387/977 2024/1386/1035 1080/1388/276 234/1265/275
f 17/1375/144 633/1389/714 2025/1390/1036 1051/1376/1031
f 633/1389/714 16/1372/713 686/1371/1029 2025/1390/1036
f 2025/1390/1036 686/1371/1029 238/266/243 1081/263/240
f 1051/1376/1031 2025/1390/1036 1081/263/240 239/262/239
f 267/1391/1037 643/1392/1038 2026/1393/1039 644/1394/1040
f 643/1392/1038 266/1395/1041 1090/1396/1042 2026/1393/1039
f 2026/1393/1039 1090/1396/1042 260/159/156 1091/1273/980
f 644/1394/1040 2026/1393/1039 1091/1273/980 254/201/190
f 269/614/546 755/1397/1043 2027/1398/1044 1086/1399/547
f 755/1397/1043 268/1400/1045 1089/1401/1046 2027/1398/1044
f 2027/1398/1044 1089/1401/1046 259/1402/186 1092/1403/825
f 1086/1399/547 2027/1398/1044 1092/1403/825 256/1404/548
f 94/680/606 794/1405/1047 2028/1406/1048 780/1407/607
f 794/1405/1047 257/608/540 1093/611/543 2028/1406/1048
f 2028/1406/1048 1093/611/543 256/616/548 726/1408/827
f 780/1407/607 2028/1406/1048 726/1408/827 110/993/608
f 93/1409/1049 801/1410/1050 2029/1411/1051 723/1412/1052
f 801/1410/1050 258/599/534 1094/602/537 2029/1411/1051
f 2029/1411/1051 1094/602/537 255/607/182 725/1413/1053
f 723/1412/1052 2029/1411/1051 725/1413/1053 62/1414/1054
f 268/1400/1045 904/1415/1055 2030/1416/1056 1089/1401/1046
f 904/1415/1055 267/1417/1037 644/1418/1040 2030/1416/1056
f 2030/1416/1056 644/1418/1040 254/1419/190 1095/1420/187
f 1089/1401/1046 2030/1416/1056 1095/1420/187 259/1402/186
f 279/1421/1057 1151/1422/1058 2031/1423/1059 1149/1424/1060
f 1151/1422/1058 62/1425/1054 725/1413/1053 2031/1423/1059
f 2031/1423/1059 725/1413/1053 255/1426/182 1096/1427/180
f 1149/1424/1060 2031/1423/1059 1096/1427/180 252/154/151
f 266/1395/1041 1152/1428/1061 2032/1429/1062 1090/1396/1042
f 1152/1428/1061 280/1430/1063 1150/1431/1064 2032/1429/1062
f 2032/1429/1062 1150/1431/1064 253/150/147 1097/160/157
f 1090/1396/1042 2032/1429/1062 1097/160/157 260/159/156
f 280/1430/1063 1131/1432/1065 2033/1433/1066 1150/1431/1064
f 1131/1432/1065 279/1421/1057 1149/1424/1060 2033/1433/1066
f 2033/1433/1066 1149/1424/1060 252/154/151 1098/151/148
f 1150/1431/1064 2033/1433/1066 1098/151/148 253/150/147
f 273/1434/1067 1107/1435/1068 2034/1436/1069 1099/1437/1070
f 1107/1435/1068 272/1438/1071 1101/1439/1072 2034/1436/1069
f 2034/1436/1069 1101/1439/1072 277/1440/1073 1111/1441/1074
f 1099/1437/1070 2034/1436/1069 1111/1441/1074 278/1442/1075
f 275/1443/1076 1108/1444/1077 2035/1445/1078 1100/1446/1079
f 1108/1444/1077 273/1434/1067 1099/1437/1070 2035/1445/1078
f 2035/1445/1078 1099/1437/1070 278/1442/1075 1112/1447/1080
f 1100/1446/1079 2035/1445/1078 1112/1447/1080 274/1448/1081
f 272/1438/1071 1106/1449/1082 2036/1450/1083 1101/1439/1072
f 1106/1449/1082 270/1451/1084 1102/1452/1085 2036/1450/1083
f 2036/1450/1083 1102/1452/1085 276/1453/1086 1113/1454/1087
f 1101/1439/1072 2036/1450/1083 1113/1454/1087 277/1440/1073
f 271/1455/1088 1114/1456/1089 2037/1457/1090 1109/1458/1091
f 1114/1456/1089 265/1459/1092 1110/1460/1093 2037/1457/1090
f 2037/1457/1090 1110/1460/1093 276/1461/1086 1102/1462/1085
f 1109/1458/1091 2037/1457/1090 1102/1462/1085 270/1463/1084
f 278/1442/1075 1111/1441/1074 2038/1464/1094 1122/1465/1095
f 1111/1441/1074 277/1440/1073 1123/1466/1096 2038/1464/1094
f 2038/1464/1094 1123/1466/1096 268/1400/1045 755/1397/1043
f 1122/1465/1095 2038/1464/1094 755/1397/1043 269/614/546
f 274/1467/1081 1112/1468/1080 2039/1469/1097 1119/1470/1098
f 1112/1468/1080 278/1471/1075 1122/1472/1095 2039/1469/1097
f 2039/1469/1097 1122/1472/1095 269/614/546 779/613/545
f 1119/1470/1098 2039/1469/1097 779/613/545 92/612/544
f 277/1440/1073 1113/1454/1087 2040/1473/1099 1123/1466/1096
f 1113/1454/1087 276/1453/1086 1120/1474/1100 2040/1473/1099
f 2040/1473/1099 1120/1474/1100 267/1417/1037 904/1415/1055
f 1123/1466/1096 2040/1473/1099 904/1415/1055 268/1400/1045
f 265/1459/1092 1114/1456/1089 2041/1475/1101 1121/1476/1102
f 1114/1456/1089 271/1455/1088 1154/1477/1103 2041/1475/1101
f 2041/1475/1101 1154/1477/1103 280/1430/1104 1152/1428/1105
f 1121/1476/1102 2041/1475/1101 1152/1428/1105 266/1395/1041
f 272/1478/1071 1107/1479/1068 2042/1480/1106 1116/1481/1107
f 1107/1479/1068 273/1434/1067 1117/1482/1108 2042/1480/1106
f 2042/1480/1106 1117/1482/1108 263/1483/1109 1104/1484/1110
f 1116/1481/1107 2042/1480/1106 1104/1484/1110 262/1485/1111
f 273/1434/1067 1108/1486/1077 2043/1487/1112 1117/1482/1108
f 1108/1486/1077 275/1488/1076 1118/1489/1113 2043/1487/1112
f 2043/1487/1112 1118/1489/1113 264/1490/1114 1105/1491/1115
f 1117/1482/1108 2043/1487/1112 1105/1491/1115 263/1483/1109
f 271/1455/1088 1109/1492/1091 2044/1493/1116 1154/1477/1103
f 1109/1492/1091 270/1494/1084 1115/1495/1117 2044/1493/1116
f 2044/1493/1116 1115/1495/1117 261/1496/1118 1153/1497/1119
f 1154/1477/1103 2044/1493/1116 1153/1497/1119 280/1430/1104
f 276/1461/1086 1110/1498/1093 2045/1499/1120 1120/1500/1100
f 1110/1498/1093 265/1459/1092 1121/1476/1102 2045/1499/1120
f 2045/1499/1120 1121/1476/1102 266/1395/1041 643/1392/1038
f 1120/1500/1100 2045/1499/1120 643/1392/1038 267/1391/1037
f 270/1494/1084 1106/1501/1082 2046/1502/1121 1115/1495/1117
f 1106/1501/1082 272/1478/1071 1116/1481/1107 2046/1502/1121
f 2046/1502/1121 1116/1481/1107 262/1485/1111 1103/1503/1122
f 1115/1495/1117 2046/1502/1121 1103/1503/1122 261/1496/1118
f 292/1504/1123 1139/1505/1124 2047/1506/1125 1129/1507/1126
f 1139/1505/1124 286/1508/1127 1130/1509/1128 2047/1506/1125
f 2047/1506/1125 1130/1509/1128 287/1510/1129 1141/1511/1130
f 1129/1507/1126 2047/1506/1125 1141/1511/1130 294/1512/1131
f 284/1513/1132 1142/1514/1133 2048/1515/1134 1138/1516/1135
f 1142/1514/1133 287/1510/1129 1130/1517/1128 2048/1515/1134
f 2048/1515/1134 1130/1517/1128 286/1518/1127 1140/1519/1136
f 1138/1516/1135 2048/1515/1134 1140/1519/1136 283/1520/1137
f 289/1521/1138 1134/1522/1139 2049/1523/1140 1124/1524/1141
f 1134/1522/1139 279/1421/1057 1131/1525/1142 2049/1523/1140
f 2049/1523/1140 1131/1525/1142 280/1430/1143 1135/1526/1144
f 1124/1524/1141 2049/1523/1140 1135/1526/1144 290/1527/1145
f 285/1528/1146 1155/1529/1147 2050/1530/1148 1125/1531/1149
f 1155/1529/1147 93/1409/1049 723/1412/1052 2050/1530/1148
f 2050/1530/1148 723/1412/1052 62/1414/1054 1156/1532/1150
f 1125/1531/1149 2050/1530/1148 1156/1532/1150 291/1533/1151
f 291/1533/1151 1156/1534/1150 2051/1535/1152 1126/1536/1153
f 1156/1534/1150 62/1425/1054 1151/1422/1058 2051/1535/1152
f 2051/1535/1152 1151/1422/1058 279/1421/1057 1134/1522/1139
f 1126/1536/1153 2051/1535/1152 1134/1522/1139 289/1521/1138
f 293/1537/1154 1136/1538/1155 2052/1539/1156 1127/1540/1157
f 1136/1538/1155 282/1541/1158 1132/1542/1159 2052/1539/1156
f 2052/1539/1156 1132/1542/1159 281/1543/1160 1137/1544/1161
f 1127/1540/1157 2052/1539/1156 1137/1544/1161 288/1545/1162
f 290/1527/1145 1135/1526/1144 2053/1546/1163 1128/1547/1164
f 1135/1526/1144 280/1430/1143 1133/1548/1165 2053/1546/1163
f 2053/1546/1163 1133/1548/1165 282/1541/1158 1136/1538/1155
f 1128/1547/1164 2053/1546/1163 1136/1538/1155 293/1537/1154
f 283/1520/1137 1143/1549/1166 2054/1550/1167 1138/1516/1135
f 1143/1549/1166 289/1521/1138 1124/1524/1141 2054/1550/1167
f 2054/1550/1167 1124/1524/1141 290/1527/1145 1144/1551/1168
f 1138/1516/1135 2054/1550/1167 1144/1551/1168 284/1513/1132
f 292/1552/1123 1145/1553/1169 2055/1554/1170 1139/1555/1124
f 1145/1553/1169 285/1528/1146 1125/1531/1149 2055/1554/1170
f 2055/1554/1170 1125/1531/1149 291/1533/1151 1146/1556/1171
f 1139/1555/1124 2055/1554/1170 1146/1556/1171 286/1557/1127
f 286/1518/1127 1146/1558/1171 2056/1559/1172 1140/1560/1136
f 1146/1558/1171 291/1533/1151 1126/1536/1153 2056/1559/1172
f 2056/1559/1172 1126/1536/1153 289/1521/1138 1143/1549/1166
f 1140/1560/1136 2056/1559/1172 1143/1549/1166 283/1520/1137
f 287/1561/1129 1147/1562/1173 2057/1563/1174 1141/1564/1130
f 1147/1562/1173 293/1537/1154 1127/1565/1157 2057/1563/1174
f 2057/1563/1174 1127/1565/1157 288/1545/1162 1148/1566/1175
f 1141/1564/1130 2057/1563/1174 1148/1566/1175 294/1567/1131
f 284/1513/1132 1144/1551/1168 2058/1568/1176 1142/1569/1133
f 1144/1551/1168 290/1527/1145 1128/1547/1164 2058/1568/1176
f 2058/1568/1176 1128/1547/1164 293/1537/1154 1147/1570/1173
f 1142/1569/1133 2058/1568/1176 1147/1570/1173 287/1510/1129
f 58/420/380 1171/1571/1177 2059/1572/1178 702/1573/377
f 1171/1571/1177 309/403/365 1181/1366/1027 2059/1572/1178
f 2059/1572/1178 1181/1366/1027 318/404/366 1074/1574/1179
f 702/1573/377 2059/1572/1178 1074/1574/1179 241/413/374
f 48/484/437 1031/1298/996 2060/1575/1180 675/1576/1181
f 1031/1298/996 227/495/447 1179/1577/1182 2060/1575/1180
f 2060/1575/1180 1179/1577/1182 317/307/281 1182/1302/999
f 675/1576/1181 2060/1575/1180 1182/1302/999 303/293/270
f 44/1578/247 672/1579/1183 2061/1580/1184 1011/367/333
f 672/1579/1183 302/271/248 1183/1263/973 2061/1580/1184
f 2061/1580/1184 1183/1263/973 316/369/335 1021/1581/1185
f 1011/367/333 2061/1580/1184 1021/1581/1185 218/1582/334
f 31/1221/812 1157/1583/809 2062/1584/1186 989/1585/950
f 1157/1583/809 295/1235/808 1184/1238/959 2062/1584/1186
f 2062/1584/1186 1184/1238/959 315/82/81 1005/1586/1187
f 989/1585/950 2062/1584/1186 1005/1586/1187 205/466/422
f 52/502/454 990/1217/948 2063/1587/1188 692/1588/1189
f 990/1217/948 206/513/462 1176/1589/1190 2063/1587/1188
f 2063/1587/1188 1176/1589/1190 314/343/313 1185/1229/953
f 692/1588/1189 2063/1587/1188 1185/1229/953 306/329/301
f 4/1590/725 607/1591/957 2064/1592/1191 603/1593/786
f 607/1591/957 295/953/808 1186/956/811 2064/1592/1191
f 2064/1592/1191 1186/956/811 313/960/199 895/1594/1192
f 603/1593/786 2064/1592/1191 895/1594/1192 148/1595/734
f 50/493/445 875/934/796 2065/1596/1193 691/1597/1194
f 875/934/796 151/504/456 1174/1598/1195 2065/1596/1193
f 2065/1596/1193 1174/1598/1195 312/325/297 1187/950/805
f 691/1597/1194 2065/1596/1193 1187/950/805 305/311/285
f 30/688/614 654/1599/1196 2066/1600/1197 821/813/712
f 654/1599/1196 299/1601/95 1188/1602/730 2066/1600/1197
f 2066/1600/1197 1188/1602/730 310/1603/114 835/1604/1198
f 821/813/712 2066/1600/1197 835/1604/1198 121/814/416
f 33/761/673 1159/1605/1199 2067/1606/1200 754/762/674
f 1159/1605/1199 297/1607/400 1189/1608/403 2067/1606/1200
f 2067/1606/1200 1189/1608/403 311/1609/63 851/1610/1201
f 754/762/674 2067/1606/1200 851/1610/1201 133/763/197
f 241/413/374 1074/1574/1179 2068/1611/1202 1053/1612/1025
f 1074/1574/1179 318/404/366 1190/407/369 2068/1611/1202
f 2068/1611/1202 1190/407/369 300/412/119 1162/1613/118
f 1053/1612/1025 2068/1611/1202 1162/1613/118 20/1360/113
f 53/1614/319 1169/1615/318 2069/1616/1203 704/419/379
f 1169/1615/318 307/1617/317 1191/1618/363 2069/1616/1203
f 2069/1616/1203 1191/1618/363 309/403/365 1171/1571/1177
f 704/419/379 2069/1616/1203 1171/1571/1177 58/420/380
f 41/518/254 670/1619/253 2070/1620/1204 699/519/465
f 670/1619/253 301/390/252 1192/393/356 2070/1620/1204
f 2070/1620/1204 1192/393/356 308/398/360 697/1621/1205
f 699/519/465 2070/1620/1204 697/1621/1205 56/520/466
f 218/1582/334 1021/1581/1185 2071/1622/1206 696/1269/978
f 1021/1581/1185 316/369/335 1193/372/338 2071/1622/1206
f 2071/1622/1206 1193/372/338 304/374/266 689/1623/269
f 696/1269/978 2071/1622/1206 689/1623/269 46/1270/274
f 206/513/462 683/512/461 2072/1624/1207 1176/1589/1190
f 683/512/461 54/511/257 693/1625/361 2072/1624/1207
f 2072/1624/1207 693/1625/361 307/347/317 1194/344/314
f 1176/1589/1190 2072/1624/1207 1194/344/314 314/343/313
f 151/504/456 681/503/455 2073/1626/1208 1174/1598/1195
f 681/503/455 52/502/454 692/1588/1189 2073/1626/1208
f 2073/1626/1208 692/1588/1189 306/329/301 1195/326/298
f 1174/1598/1195 2073/1626/1208 1195/326/298 312/325/297
f 227/495/447 680/494/446 2074/1627/1209 1179/1577/1182
f 680/494/446 50/493/445 691/1597/1194 2074/1627/1209
f 2074/1627/1209 691/1597/1194 305/311/285 1196/308/282
f 1179/1577/1182 2074/1627/1209 1196/308/282 317/307/281
f 45/486/238 679/485/438 2075/1628/1210 1166/1629/339
f 679/485/438 48/484/437 675/1576/1181 2075/1628/1210
f 2075/1628/1210 675/1576/1181 303/293/270 1197/290/267
f 1166/1629/339 2075/1628/1210 1197/290/267 304/289/266
f 44/270/247 673/269/246 2076/1630/1211 672/1631/1183
f 673/269/246 42/268/245 1163/1632/354 2076/1630/1211
f 2076/1630/1211 1163/1632/354 301/390/252 1198/1633/249
f 672/1631/1183 2076/1630/1211 1198/1633/249 302/1634/248
f 148/850/734 895/1635/1192 2077/1636/1212 872/1637/735
f 895/1635/1192 313/212/199 1199/215/202 2077/1636/1212
f 2077/1636/1212 1199/215/202 296/217/71 617/71/70
f 872/1637/735 2077/1636/1212 617/71/70 8/70/69
f 121/457/416 835/1638/1198 2078/1639/1213 658/458/417
f 835/1638/1198 310/117/114 1200/120/117 2078/1639/1213
f 2078/1639/1213 1200/120/117 300/122/119 657/1640/373
f 658/458/417 2078/1639/1213 657/1640/373 35/459/372
f 34/468/424 1160/1641/1214 2079/1642/1215 659/687/613
f 1160/1641/1214 298/90/89 1201/1643/91 2079/1642/1215
f 2079/1642/1215 1201/1643/91 299/1601/95 654/1599/1196
f 659/687/613 2079/1642/1215 654/1599/1196 30/688/614
f 205/466/422 1005/1586/1187 2080/1644/1216 660/467/423
f 1005/1586/1187 315/82/81 1202/85/84 2080/1644/1216
f 2080/1644/1216 1202/85/84 298/90/89 1160/1641/1214
f 660/467/423 2080/1644/1216 1160/1641/1214 34/468/424
f 133/208/197 851/1645/1201 2081/1646/1217 661/209/198
f 851/1645/1201 311/64/63 1203/67/66 2081/1646/1217
f 2081/1646/1217 1203/67/66 296/72/71 1158/1647/203
f 661/209/198 2081/1646/1217 1158/1647/203 32/210/27
f 297/441/1218 1211/1648/1219 2082/1649/1220 623/442/1221
f 1211/1648/1219 319/1650/1222 1212/1651/1223 2082/1649/1220
f 2082/1649/1220 1212/1651/1223 224/703/1224 616/1290/1225
f 623/442/1221 2082/1649/1220 616/1290/1225 14/1652/1226
f 319/1653/1222 1204/1654/1227 2083/1655/1228 1212/1656/1223
f 1204/1654/1227 322/1657/1229 1213/1658/1230 2083/1655/1228
f 2083/1655/1228 1213/1658/1230 26/707/1231 1028/704/1232
f 1212/1656/1223 2083/1655/1228 1028/704/1232 224/703/1224
f 322/1659/1229 1214/1660/1233 2084/1661/1234 1213/1662/1230
f 1214/1660/1233 140/1663/1235 858/1664/1236 2084/1661/1234
f 2084/1661/1234 858/1664/1236 13/1665/1237 646/431/1238
f 1213/1662/1230 2084/1661/1234 646/431/1238 26/430/1231
f 33/761/1239 1215/1666/1240 2085/1667/1241 1159/1605/1242
f 1215/1666/1240 320/1668/1243 1205/1669/1244 2085/1667/1241
f 2085/1667/1241 1205/1669/1244 319/1653/1222 1211/1670/1219
f 1159/1605/1242 2085/1667/1241 1211/1670/1219 297/1607/1218
f 320/1668/1243 1206/1671/1245 2086/1672/1246 1205/1669/1244
f 1206/1671/1245 323/1673/1247 1207/1674/1248 2086/1672/1246
f 2086/1672/1246 1207/1674/1248 322/1657/1229 1204/1654/1227
f 1205/1669/1244 2086/1672/1246 1204/1654/1227 319/1653/1222
f 323/1673/1247 1216/1675/1249 2087/1676/1250 1207/1674/1248
f 1216/1675/1249 39/1677/1251 664/1678/1252 2087/1676/1250
f 2087/1676/1250 664/1678/1252 140/766/1235 1214/1679/1233
f 1207/1674/1248 2087/1676/1250 1214/1679/1233 322/1657/1229
f 9/757/1253 1217/1680/1254 2088/1681/1255 656/758/1256
f 1217/1680/1254 321/1682/1257 1208/1683/1258 2088/1681/1255
f 2088/1681/1255 1208/1683/1258 320/1668/1243 1215/1666/1240
f 656/758/1256 2088/1681/1255 1215/1666/1240 33/761/1239
f 321/1682/1257 1209/1684/1259 2089/1685/1260 1208/1683/1258
f 1209/1684/1259 324/1686/1261 1210/1687/1262 2089/1685/1260
f 2089/1685/1260 1210/1687/1262 323/1673/1247 1206/1671/1245
f 1208/1683/1258 2089/1685/1260 1206/1671/1245 320/1668/1243
f 324/1686/1261 1218/1688/1263 2090/1689/1264 1210/1687/1262
f 1218/1688/1263 195/1690/1265 969/1170/1266 2090/1689/1264
f 2090/1689/1264 969/1170/1266 39/1677/1251 1216/1675/1249
f 1210/1687/1262 2090/1689/1264 1216/1675/1249 323/1673/1247
f 167/1691/1267 908/1692/1268 2091/1693/1269 621/869/1270
f 908/1692/1268 27/1000/1271 1219/1694/1272 2091/1693/1269
f 2091/1693/1269 1219/1694/1272 321/1695/1257 1217/1696/1254
f 621/869/1270 2091/1693/1269 1217/1696/1254 9/757/1253
f 27/1000/1271 647/1697/1273 2092/1698/1274 1219/1699/1272
f 647/1697/1273 127/774/1275 1220/1700/1276 2092/1698/1274
f 2092/1698/1274 1220/1700/1276 324/1686/1261 1209/1684/1259
f 1219/1699/1272 2092/1698/1274 1209/1684/1259 321/1682/1257
f 127/1701/1275 840/1702/1277 2093/1703/1278 1220/1704/1276
f 840/1702/1277 10/1705/1279 624/1706/1280 2093/1703/1278
f 2093/1703/1278 624/1706/1280 195/1707/1265 1218/1708/1263
f 1220/1704/1276 2093/1703/1278 1218/1708/1263 324/1709/1261
f 476/1710/1281 1534/1711/1282 2094/1712/1283 1520/1713/1284
f 1534/1711/1282 468/1714/1285 1233/1715/1286 2094/1712/1283
f 2094/1712/1283 1233/1715/1286 340/1716/1287 1229/1717/1288
f 1520/1713/1284 2094/1712/1283 1229/1717/1288 414/1718/1289
f 512/1719/1290 1615/1720/1291 2095/1721/1292 1603/1722/1293
f 1615/1720/1291 505/1723/1294 1596/1724/1295 2095/1721/1292
f 2095/1721/1292 1596/1724/1295 328/1725/1296 1514/1726/1297
f 1603/1722/1293 2095/1721/1292 1514/1726/1297 470/1727/1298
f 448/1728/1299 1283/1729/1300 2096/1730/1301 1493/1731/1302
f 1283/1729/1300 357/1732/1303 1276/1733/1304 2096/1730/1301
f 2096/1730/1301 1276/1733/1304 337/1734/1305 1477/1735/1306
f 1493/1731/1302 2096/1730/1301 1477/1735/1306 455/1736/1307
f 513/1737/1308 1614/1738/1309 2097/1739/1310 1604/1740/1311
f 1614/1738/1309 507/1741/1312 1598/1742/1313 2097/1739/1310
f 2097/1739/1310 1598/1742/1313 362/1743/1314 1558/1744/1315
f 1604/1740/1311 2097/1739/1310 1558/1744/1315 486/1745/1316
f 457/1746/1317 1492/1747/1318 2098/1748/1319 1479/1749/1320
f 1492/1747/1318 454/1750/1321 1476/1751/1322 2098/1748/1319
f 2098/1748/1319 1476/1751/1322 350/1752/1323 1266/1753/1324
f 1479/1749/1320 2098/1748/1319 1266/1753/1324 426/1754/1325
f 465/1755/1326 1510/1756/1327 2099/1757/1328 1504/1758/1329
f 1510/1756/1327 462/1759/1330 1236/1760/1331 2099/1757/1328
f 2099/1757/1328 1236/1760/1331 337/1761/1305 1247/1762/1332
f 1504/1758/1329 2099/1757/1328 1247/1762/1332 408/1763/1333
f 430/1764/1334 1272/1765/1335 2100/1766/1336 1449/1767/1337
f 1272/1765/1335 353/1768/1338 1269/1769/1339 2100/1766/1336
f 2100/1766/1336 1269/1769/1339 330/1770/1340 1249/1771/1341
f 1449/1767/1337 2100/1766/1336 1249/1771/1341 429/1772/1342
f 588/1773/1343 1778/1774/1344 2101/1775/1345 1748/1776/1346
f 1778/1774/1344 573/1777/1347 1238/1778/1348 2101/1775/1345
f 2101/1775/1345 1238/1778/1348 333/1779/1349 1408/1780/1350
f 1748/1776/1346 2101/1775/1345 1408/1780/1350 388/1781/1351
f 493/1782/1352 1576/1783/1353 2102/1784/1354 1565/1785/1355
f 1576/1783/1353 488/1786/1356 1241/1787/1357 2102/1784/1354
f 2102/1784/1354 1241/1787/1357 336/1788/1358 1410/1789/1359
f 1565/1785/1355 2102/1784/1354 1410/1789/1359 409/1790/1360
f 592/1791/1361 1777/1792/1362 2103/1793/1363 1752/1794/1364
f 1777/1792/1362 575/1795/1365 1250/1796/1366 2103/1793/1363
f 2103/1793/1363 1250/1796/1366 332/1797/1367 1227/1798/1368
f 1752/1794/1364 2103/1793/1363 1227/1798/1368 496/1799/1369
f 575/1800/1365 1776/1801/1370 2104/1802/1371 1250/1803/1366
f 1776/1801/1370 576/1804/1372 1736/1805/1373 2104/1802/1371
f 2104/1802/1371 1736/1805/1373 331/1806/1374 1226/1807/1375
f 1250/1803/1366 2104/1802/1371 1226/1807/1375 332/1808/1367
f 456/1809/1376 1491/1810/1377 2105/1811/1378 1478/1812/1379
f 1491/1810/1377 447/1813/1380 1469/1814/1381 2105/1811/1378
f 2105/1811/1378 1469/1814/1381 347/1815/1382 1257/1816/1383
f 1478/1812/1379 2105/1811/1378 1257/1816/1383 415/1817/1384
f 418/1818/1385 1416/1819/1386 2106/1820/1387 1434/1821/1388
f 1416/1819/1386 345/1822/1389 1252/1823/1390 2106/1820/1387
f 2106/1820/1387 1252/1823/1390 346/1824/1391 1259/1825/1392
f 1434/1821/1388 2106/1820/1387 1259/1825/1392 417/1826/1393
f 587/1827/1394 1775/1828/1395 2107/1829/1396 1747/1830/1397
f 1775/1828/1395 577/1831/1398 1737/1832/1399 2107/1829/1396
f 2107/1829/1396 1737/1832/1399 345/1822/1389 1416/1819/1386
f 1747/1830/1397 2107/1829/1396 1416/1819/1386 418/1818/1385
f 422/1833/1400 1271/1834/1401 2108/1835/1402 1432/1836/1403
f 1271/1834/1401 354/1837/1404 1270/1838/1405 2108/1835/1402
f 2108/1835/1402 1270/1838/1405 344/1839/1406 1261/1840/1407
f 1432/1836/1403 2108/1835/1402 1261/1840/1407 419/1841/1408
f 503/1842/1409 1593/1843/1410 2109/1844/1411 1585/1845/1412
f 1593/1843/1410 497/1846/1413 1579/1847/1414 2109/1844/1411
f 2109/1844/1411 1579/1847/1414 343/1848/1415 1414/1849/1416
f 1585/1845/1412 2109/1844/1411 1414/1849/1416 416/1850/1417
f 511/1851/1418 1613/1852/1419 2110/1853/1420 1602/1854/1421
f 1613/1852/1419 506/1855/1422 1597/1856/1423 2110/1853/1420
f 2110/1853/1420 1597/1856/1423 342/1857/1424 1419/1858/1425
f 1602/1854/1421 2110/1853/1420 1419/1858/1425 421/1859/1426
f 540/1860/1427 1668/1861/1428 2111/1862/1429 1681/1863/1430
f 1668/1861/1428 349/1864/1431 1223/1865/1432 2111/1862/1429
f 2111/1862/1429 1223/1865/1432 348/1866/1433 1667/1867/1434
f 1681/1863/1430 2111/1862/1429 1667/1867/1434 539/1868/1435
f 545/1869/1436 1612/1870/1437 2112/1871/1438 1680/1872/1439
f 1612/1870/1437 504/1873/1440 1595/1874/1441 2112/1871/1438
f 2112/1871/1438 1595/1874/1441 349/1864/1431 1668/1861/1428
f 1680/1872/1439 2112/1871/1438 1668/1861/1428 540/1860/1427
f 520/1875/1442 1631/1876/1443 2113/1877/1444 1622/1878/1445
f 1631/1876/1443 516/1879/1446 1618/1880/1447 2113/1877/1444
f 2113/1877/1444 1618/1880/1447 354/1837/1404 1271/1834/1401
f 1622/1878/1445 2113/1877/1444 1271/1834/1401 422/1833/1400
f 521/1881/1448 1630/1882/1449 2114/1883/1450 1623/1884/1451
f 1630/1882/1449 515/1885/1452 1617/1886/1453 2114/1883/1450
f 2114/1883/1450 1617/1886/1453 353/1887/1338 1272/1765/1335
f 1623/1884/1451 2114/1883/1450 1272/1765/1335 430/1764/1334
f 434/1888/1454 1441/1889/1455 2115/1890/1456 1445/1891/1457
f 1441/1889/1455 426/1892/1325 1266/1753/1324 2115/1890/1456
f 2115/1890/1456 1266/1753/1324 350/1893/1323 1273/1894/1458
f 1445/1891/1457 2115/1890/1456 1273/1894/1458 431/1895/1459
f 539/1896/1435 1667/1897/1434 2116/1898/1460 1679/1899/1461
f 1667/1897/1434 348/1900/1433 1374/1901/1462 2116/1898/1460
f 2116/1898/1460 1374/1901/1462 393/1902/1463 1670/1903/1464
f 1679/1899/1461 2116/1898/1460 1670/1903/1464 542/1904/1465
f 544/1905/1466 1500/1906/1467 2117/1907/1468 1678/1908/1469
f 1500/1906/1467 461/1909/1470 1499/1910/1471 2117/1907/1468
f 2117/1907/1468 1499/1910/1471 410/1911/1472 1669/1912/1473
f 1678/1908/1469 2117/1907/1468 1669/1912/1473 541/1913/1474
f 408/1763/1333 1247/1762/1332 2118/1914/1475 1444/1915/1476
f 1247/1762/1332 337/1761/1305 1276/1916/1304 2118/1914/1475
f 2118/1914/1475 1276/1916/1304 357/1917/1303 1282/1918/1477
f 1444/1915/1476 2118/1914/1475 1282/1918/1477 432/1919/1478
f 590/1920/1479 1774/1921/1480 2119/1922/1481 1750/1923/1482
f 1774/1921/1480 573/1924/1347 1733/1925/1483 2119/1922/1481
f 2119/1922/1481 1733/1925/1483 357/1732/1303 1283/1729/1300
f 1750/1923/1482 2119/1922/1481 1283/1729/1300 448/1728/1299
f 420/1926/1484 1418/1927/1485 2120/1928/1486 1428/1929/1487
f 1418/1927/1485 327/1930/1488 1274/1931/1489 2120/1928/1486
f 2120/1928/1486 1274/1931/1489 328/1725/1296 1263/1932/1490
f 1428/1929/1487 2120/1928/1486 1263/1932/1490 421/1933/1426
f 443/1934/1491 1467/1935/1492 2121/1936/1493 1459/1937/1494
f 1467/1935/1492 438/1938/1495 1284/1939/1496 2121/1936/1493
f 2121/1936/1493 1284/1939/1496 363/1940/1497 1286/1941/1498
f 1459/1937/1494 2121/1936/1493 1286/1941/1498 433/1942/1499
f 467/1943/1500 1532/1944/1501 2122/1945/1502 1231/1946/1503
f 1532/1944/1501 470/1947/1298 1514/1948/1297 2122/1945/1502
f 2122/1945/1502 1514/1948/1297 328/1725/1296 1274/1949/1489
f 1231/1946/1503 2122/1945/1502 1274/1949/1489 327/1930/1488
f 486/1745/1316 1558/1744/1315 2123/1950/1504 1575/1951/1505
f 1558/1744/1315 362/1952/1314 1288/1953/1506 2123/1950/1504
f 2123/1950/1504 1288/1953/1506 326/1954/1507 1562/1955/1508
f 1575/1951/1505 2123/1950/1504 1562/1955/1508 490/1956/1509
f 508/1957/1510 1306/1958/1511 2124/1959/1512 1611/1960/1513
f 1306/1958/1511 370/1961/1514 1388/1962/1515 2124/1959/1512
f 2124/1959/1512 1388/1962/1515 399/1963/1516 1601/1964/1517
f 1611/1960/1513 2124/1959/1512 1601/1964/1517 510/1965/1518
f 528/1966/1519 1309/1967/1520 2125/1968/1521 1666/1969/1522
f 1309/1967/1520 369/1970/1523 1294/1971/1524 2125/1968/1521
f 2125/1968/1521 1294/1971/1524 367/1972/1525 1637/1973/1526
f 1666/1969/1522 2125/1968/1521 1637/1973/1526 527/1974/1527
f 579/1975/1528 1739/1976/1529 2126/1977/1530 1773/1978/1531
f 1739/1976/1529 368/1979/1532 1292/1980/1533 2126/1977/1530
f 2126/1977/1530 1292/1980/1533 366/1981/1534 1291/1982/1535
f 1773/1978/1531 2126/1977/1530 1291/1982/1535 578/1983/1536
f 379/1984/1537 1324/1985/1538 2127/1986/1539 1395/1987/1540
f 1324/1985/1538 384/1988/1541 1383/1989/1542 2127/1986/1539
f 2127/1986/1539 1383/1989/1542 407/1990/1543 1368/1991/1544
f 1395/1987/1540 2127/1986/1539 1368/1991/1544 403/1992/1545
f 581/1993/1546 1310/1994/1547 2128/1995/1548 1772/1996/1549
f 1310/1994/1547 371/1997/1550 1315/1998/1551 2128/1995/1548
f 2128/1995/1548 1315/1998/1551 372/1999/1552 1740/2000/1553
f 1772/1996/1549 2128/1995/1548 1740/2000/1553 580/2001/1554
f 523/2002/1555 1633/2003/1556 2129/2004/1557 1665/2005/1558
f 1633/2003/1556 344/2006/1406 1270/2007/1405 2129/2004/1557
f 2129/2004/1557 1270/2007/1405 354/2008/1404 1639/2009/1559
f 1665/2005/1558 2129/2004/1557 1639/2009/1559 529/2010/1560
f 594/2011/1561 1629/2012/1562 2130/2013/1563 1771/2014/1564
f 1629/2012/1562 518/2015/1565 1316/2016/1566 2130/2013/1563
f 2130/2013/1563 1316/2016/1566 374/2017/1567 1742/2018/1568
f 1771/2014/1564 2130/2013/1563 1742/2018/1568 582/2019/1569
f 538/2020/1570 1628/2021/1571 2131/2022/1572 1664/2023/1573
f 1628/2021/1571 516/2024/1446 1256/2025/1574 2131/2022/1572
f 2131/2022/1572 1256/2025/1574 347/2026/1382 1634/2027/1575
f 1664/2023/1573 2131/2022/1572 1634/2027/1575 524/2028/1576
f 589/2029/1577 1489/2030/1578 2132/2031/1579 1770/2032/1580
f 1489/2030/1578 450/2033/1581 1303/2034/1582 2132/2031/1579
f 2132/2031/1579 1303/2034/1582 376/2035/1583 1743/2036/1584
f 1770/2032/1580 2132/2031/1579 1743/2036/1584 583/2037/1585
f 534/2038/1586 1488/2039/1587 2133/2040/1588 1663/2041/1589
f 1488/2039/1587 447/2042/1380 1251/2043/1590 2133/2040/1588
f 2133/2040/1588 1251/2043/1590 343/2044/1415 1635/2045/1591
f 1663/2041/1589 2133/2040/1588 1635/2045/1591 525/2046/1592
f 591/2047/1593 1592/2048/1594 2134/2049/1595 1769/2050/1596
f 1592/2048/1594 500/2051/1597 1305/2052/1598 2134/2049/1595
f 2134/2049/1595 1305/2052/1598 378/2053/1599 1744/2054/1600
f 1769/2050/1596 2134/2049/1595 1744/2054/1600 584/2055/1601
f 536/2056/1602 1591/2057/1603 2135/2058/1604 1662/2059/1605
f 1591/2057/1603 497/2060/1413 1253/2061/1606 2135/2058/1604
f 2135/2058/1604 1253/2061/1606 346/2062/1391 1636/2063/1607
f 1662/2059/1605 2135/2058/1604 1636/2063/1607 526/2064/1608
f 537/2065/1609 1610/2066/1610 2136/2067/1611 1661/2068/1612
f 1610/2066/1610 509/2069/1613 1600/2070/1614 2136/2067/1611
f 2136/2067/1611 1600/2070/1614 369/1970/1523 1309/2071/1520
f 1661/2068/1612 2136/2067/1611 1309/2071/1520 528/1966/1519
f 593/2072/1615 1768/2073/1616 2137/2074/1617 1753/2075/1618
f 1768/2073/1616 581/2076/1546 1741/2077/1619 2137/2074/1617
f 2137/2074/1617 1741/2077/1619 370/1961/1514 1306/1958/1511
f 1753/2075/1618 2137/2074/1617 1306/1958/1511 508/1957/1510
f 535/2078/1620 1660/2079/1621 2138/2080/1622 1645/2081/1623
f 1660/2079/1621 527/2082/1527 1637/2083/1526 2138/2080/1622
f 2138/2080/1622 1637/2083/1526 367/1972/1525 1308/2084/1624
f 1645/2081/1623 2138/2080/1622 1308/2084/1624 472/2085/1625
f 472/2085/1625 1530/2086/1626 2139/2087/1627 1516/2088/1628
f 1530/2086/1626 473/2089/1629 1517/2090/1630 2139/2087/1627
f 2139/2087/1627 1517/2090/1630 380/2091/1631 1321/2092/1632
f 1516/2088/1628 2139/2087/1627 1321/2092/1632 365/2093/1633
f 578/1983/1536 1767/2094/1634 2140/2095/1635 1738/2096/1636
f 1767/2094/1634 585/2097/1637 1745/2098/1638 2140/2095/1635
f 2140/2095/1635 1745/2098/1638 382/2099/1639 1322/2100/1640
f 1738/2096/1636 2140/2095/1635 1322/2100/1640 367/2101/1525
f 584/2102/1601 1766/2103/1641 2141/2104/1642 1314/2105/1643
f 1766/2103/1641 586/2106/1644 1327/2107/1645 2141/2104/1642
f 2141/2104/1642 1327/2107/1645 384/1988/1541 1324/1985/1538
f 1314/2105/1643 2141/2104/1642 1324/1985/1538 379/1984/1537
f 595/2108/1646 1765/2109/1647 2142/2110/1648 1755/2111/1649
f 1765/2109/1647 577/2112/1398 1278/2113/1650 2142/2110/1648
f 2142/2110/1648 1278/2113/1650 360/2114/1651 1641/2115/1652
f 1755/2111/1649 2142/2110/1648 1641/2115/1652 531/2116/1653
f 530/2117/1654 1323/2118/1655 2143/2119/1656 1658/2120/1657
f 1323/2118/1655 383/2121/1658 1325/2122/1659 2143/2119/1656
f 2143/2119/1656 1325/2122/1659 378/2123/1599 1299/2124/1660
f 1658/2120/1657 2143/2119/1656 1299/2124/1660 526/2125/1608
f 478/2126/1661 1529/2127/1662 2144/2128/1663 1522/2129/1664
f 1529/2127/1662 475/2130/1665 1351/2131/1666 2144/2128/1663
f 2144/2128/1663 1351/2131/1666 389/2132/1667 1378/2133/1668
f 1522/2129/1664 2144/2128/1663 1378/2133/1668 453/2134/1669
f 351/2135/1670 1406/2136/1671 2145/2137/1672 1267/2138/1673
f 1406/2136/1671 430/1764/1334 1449/1767/1337 2145/2137/1672
f 2145/2137/1672 1449/1767/1337 429/1772/1342 1407/2139/1674
f 1267/2138/1673 2145/2137/1672 1407/2139/1674 338/2140/1675
f 466/2141/1676 1486/2142/1677 2146/2143/1678 1509/2144/1679
f 1486/2142/1677 455/2145/1307 1477/2146/1306 2146/2143/1678
f 2146/2143/1678 1477/2146/1306 337/2147/1305 1236/2148/1331
f 1509/2144/1679 2146/2143/1678 1236/2148/1331 462/2149/1330
f 574/2150/1680 1764/2151/1681 2147/2152/1682 1244/2153/1683
f 1764/2151/1681 588/1773/1343 1748/1776/1346 2147/2152/1682
f 2147/2152/1682 1748/1776/1346 388/1781/1351 1248/2154/1684
f 1244/2153/1683 2147/2152/1682 1248/2154/1684 339/2155/1685
f 531/2116/1653 1641/2115/1652 2148/2156/1686 1657/2157/1687
f 1641/2115/1652 360/2114/1651 1373/2158/1688 2148/2156/1686
f 2148/2156/1686 1373/2158/1688 392/2159/1689 1643/2160/1690
f 1657/2157/1687 2148/2156/1686 1643/2160/1690 533/2161/1691
f 425/2162/1692 1341/2163/1693 2149/2164/1694 1427/2165/1695
f 1341/2163/1693 392/2166/1689 1373/2167/1688 2149/2164/1694
f 2149/2164/1694 1373/2167/1688 360/2168/1651 1279/2169/1696
f 1427/2165/1695 2149/2164/1694 1279/2169/1696 423/2170/1697
f 501/2171/1698 1338/2172/1699 2150/2173/1700 1590/2174/1701
f 1338/2172/1699 391/2175/1702 1371/2176/1703 2150/2173/1700
f 2150/2173/1700 1371/2176/1703 359/2177/1704 1281/2178/1705
f 1590/2174/1701 2150/2173/1700 1281/2178/1705 498/2179/1706
f 366/1981/1534 1292/2180/1533 2151/2181/1707 1386/2182/1708
f 1292/2180/1533 368/2183/1532 1387/2184/1709 2151/2181/1707
f 2151/2181/1707 1387/2184/1709 396/2185/1710 1353/2186/1711
f 1386/2182/1708 2151/2181/1707 1353/2186/1711 397/2187/1712
f 399/1963/1516 1388/2188/1515 2152/2189/1713 1358/2190/1714
f 1388/2188/1515 370/2191/1514 1300/2192/1715 2152/2189/1713
f 2152/2189/1713 1300/2192/1715 373/2193/1716 1392/2194/1717
f 1358/2190/1714 2152/2189/1713 1392/2194/1717 400/2195/1718
f 519/2196/1719 1627/2197/1720 2153/2198/1721 1621/2199/1722
f 1627/2197/1720 517/2200/1723 1301/2201/1724 2153/2198/1721
f 2153/2198/1721 1301/2201/1724 375/2202/1725 1393/2203/1726
f 1621/2199/1722 2153/2198/1721 1393/2203/1726 401/2204/1727
f 451/2205/1728 1485/2206/1729 2154/2207/1730 1473/2208/1731
f 1485/2206/1729 449/2209/1732 1302/2210/1733 2154/2207/1730
f 2154/2207/1730 1302/2210/1733 377/2211/1734 1394/2212/1735
f 1473/2208/1731 2154/2207/1730 1394/2212/1735 402/2213/1736
f 502/2214/1737 1589/2215/1738 2155/2216/1739 1584/2217/1740
f 1589/2215/1738 499/2218/1741 1304/2219/1742 2155/2216/1739
f 2155/2216/1739 1304/2219/1742 379/1984/1537 1395/2220/1540
f 1584/2217/1740 2155/2216/1739 1395/2220/1540 403/1992/1545
f 397/2187/1712 1364/2221/1743 2156/2222/1744 1386/2223/1708
f 1364/2221/1743 405/2224/1745 1389/2225/1746 2156/2222/1744
f 2156/2222/1744 1389/2225/1746 381/2226/1747 1320/2227/1748
f 1386/2223/1708 2156/2222/1744 1320/2227/1748 366/1981/1534
f 365/2093/1633 1321/2092/1632 2157/2228/1749 1390/2229/1750
f 1321/2092/1632 380/2091/1631 1391/2230/1751 2157/2228/1749
f 2157/2228/1749 1391/2230/1751 406/2231/1752 1366/2232/1753
f 1390/2229/1750 2157/2228/1749 1366/2232/1753 398/2233/1754
f 522/2234/1755 1656/2235/1756 2158/2236/1757 1632/2237/1758
f 1656/2235/1756 532/2238/1759 1355/2239/1760 2158/2236/1757
f 2158/2236/1757 1355/2239/1760 404/2240/1761 1385/2241/1762
f 1632/2237/1758 2158/2236/1757 1385/2241/1762 340/2242/1287
f 490/1956/1509 1562/1955/1508 2159/2243/1763 1574/2244/1764
f 1562/1955/1508 326/1954/1507 1384/2245/1765 2159/2243/1763
f 2159/2243/1763 1384/2245/1765 395/2246/1766 1564/2247/1767
f 1574/2244/1764 2159/2243/1763 1564/2247/1767 492/2248/1768
f 477/2249/1769 1528/2250/1770 2160/2251/1771 1521/2252/1772
f 1528/2250/1770 474/2253/1773 1518/2254/1774 2160/2251/1771
f 2160/2251/1771 1518/2254/1774 363/1940/1497 1284/2255/1496
f 1521/2252/1772 2160/2251/1771 1284/2255/1496 438/1938/1495
f 494/2256/1775 1465/2257/1776 2161/2258/1777 1573/2259/1778
f 1465/2257/1776 440/2260/1779 1329/2261/1780 2161/2258/1777
f 2161/2258/1777 1329/2261/1780 411/2262/1781 1563/2263/1782
f 1573/2259/1778 2161/2258/1777 1563/2263/1782 491/2264/1783
f 495/2265/1784 1572/2266/1785 2162/2267/1786 1567/2268/1787
f 1572/2266/1785 491/2264/1783 1563/2269/1782 2162/2267/1786
f 2162/2267/1786 1563/2269/1782 411/2262/1781 1287/2270/1788
f 1567/2268/1787 2162/2267/1786 1287/2270/1788 471/2271/1789
f 414/1718/1289 1229/1717/1288 2163/2272/1790 1426/2273/1791
f 1229/1717/1288 340/1716/1287 1385/2274/1762 2163/2272/1790
f 2163/2272/1790 1385/2274/1762 404/2275/1761 1422/2276/1792
f 1426/2273/1791 2163/2272/1790 1422/2276/1792 424/2277/1793
f 199/2278/514 1571/2279/1794 2164/2280/1795 973/575/515
f 1571/2279/1794 492/2281/1768 1564/2247/1767 2164/2280/1795
f 2164/2280/1795 1564/2247/1767 395/2282/1766 1336/2283/1796
f 973/575/515 2164/2280/1795 1336/2283/1796 88/2284/518
f 124/805/520 1425/2285/1797 2165/2286/1798 824/584/521
f 1425/2285/1797 424/2277/1793 1422/2276/1792 2165/2286/1798
f 2165/2286/1798 1422/2276/1792 404/2275/1761 1339/2287/1799
f 824/584/521 2165/2286/1798 1339/2287/1799 89/587/524
f 125/799/526 1424/2288/1800 2166/2289/1801 825/2290/527
f 1424/2288/1800 425/2291/1692 1423/2292/1802 2166/2289/1801
f 2166/2289/1801 1423/2292/1802 386/2293/1803 1396/2294/1804
f 825/2290/527 2166/2289/1801 1396/2294/1804 84/2295/530
f 258/599/534 1677/2296/1805 2167/2297/1806 1088/2298/535
f 1677/2296/1805 542/2299/1465 1670/2300/1464 2167/2297/1806
f 2167/2297/1806 1670/2300/1464 393/2301/1463 1398/2302/1807
f 1088/2298/535 2167/2297/1806 1398/2302/1807 87/2303/538
f 257/2304/540 1676/2305/1808 2168/2306/1809 1087/609/541
f 1676/2305/1808 543/2307/1810 1671/2308/1811 2168/2306/1809
f 2168/2306/1809 1671/2308/1811 553/2309/1812 1400/2310/1813
f 1087/609/541 2168/2306/1809 1400/2310/1813 92/612/544
f 97/2311/549 1402/2312/1814 2169/2313/1815 791/618/550
f 1402/2312/1814 397/2187/1712 1353/2314/1711 2169/2313/1815
f 2169/2313/1815 1353/2314/1711 396/2315/1710 1352/2316/1816
f 791/618/550 2169/2313/1815 1352/2316/1816 98/2317/553
f 246/624/555 1655/2318/1817 2170/2319/1818 1058/2320/556
f 1655/2318/1817 532/2238/1759 1642/2321/1819 2170/2319/1818
f 2170/2319/1818 1642/2321/1819 398/2322/1754 1354/2323/1820
f 1058/2320/556 2170/2319/1818 1354/2323/1820 99/628/559
f 230/2324/562 1626/2325/1821 2171/2326/1822 1034/2327/563
f 1626/2325/1821 519/2196/1719 1621/2199/1722 2171/2326/1822
f 2171/2326/1822 1621/2199/1722 401/2204/1727 1356/2328/1823
f 1034/2327/563 2171/2326/1822 1356/2328/1823 101/636/566
f 102/638/568 1404/2329/1824 2172/2330/1825 788/2331/569
f 1404/2329/1824 399/1963/1516 1358/2190/1714 2172/2330/1825
f 2172/2330/1825 1358/2190/1714 400/2195/1718 1403/2332/1826
f 788/2331/569 2172/2330/1825 1403/2332/1826 100/2333/572
f 220/644/574 1608/2334/1827 2173/2335/1828 1013/2336/575
f 1608/2334/1827 510/2337/1518 1601/2338/1517 2173/2335/1828
f 2173/2335/1828 1601/2338/1517 399/1963/1516 1404/2329/1824
f 1013/2336/575 2173/2335/1828 1404/2329/1824 102/638/568
f 158/649/578 1484/2339/1829 2174/2340/1830 882/2341/579
f 1484/2339/1829 451/2205/1728 1473/2208/1731 2174/2340/1830
f 2174/2340/1830 1473/2208/1731 402/2213/1736 1360/2342/1831
f 882/2341/579 2174/2340/1830 1360/2342/1831 103/2343/582
f 210/655/584 1588/2344/1832 2175/2345/1833 994/656/585
f 1588/2344/1832 502/2214/1737 1584/2217/1740 2175/2345/1833
f 2175/2345/1833 1584/2217/1740 403/1992/1545 1362/2346/1834
f 994/656/585 2175/2345/1833 1362/2346/1834 104/2347/588
f 97/617/549 1222/2348/591 2176/2349/1835 1402/2312/1814
f 1222/2348/591 325/665/593 1796/2350/1836 2176/2349/1835
f 2176/2349/1835 1796/2350/1836 405/2224/1745 1364/2221/1743
f 1402/2312/1814 2176/2349/1835 1364/2221/1743 397/2187/1712
f 99/628/559 1354/2351/1820 2177/2352/1837 789/2353/594
f 1354/2351/1820 398/2354/1754 1366/2355/1753 2177/2352/1837
f 2177/2352/1837 1366/2355/1753 406/2231/1752 1365/2356/1838
f 789/2353/594 2177/2352/1837 1365/2356/1838 105/668/596
f 104/2347/588 1362/2346/1834 2178/2357/1839 784/670/598
f 1362/2346/1834 403/1992/1545 1368/1991/1544 2178/2357/1839
f 2178/2357/1839 1368/1991/1544 407/2358/1543 1367/2359/1840
f 784/670/598 2178/2357/1839 1367/2359/1840 106/2360/600
f 144/2361/602 1464/2362/1841 2179/2363/1842 862/2364/603
f 1464/2362/1841 442/2365/1843 1458/2366/1844 2179/2363/1842
f 2179/2363/1842 1458/2366/1844 412/2367/1845 1401/2368/1846
f 862/2364/603 2179/2363/1842 1401/2368/1846 94/2369/606
f 391/2175/1702 1333/2370/1847 2180/2371/1848 1371/2176/1703
f 1333/2370/1847 386/2293/1803 1372/2372/1849 2180/2371/1848
f 2180/2371/1848 1372/2372/1849 355/2373/1850 1280/2374/1851
f 1371/2176/1703 2180/2371/1848 1280/2374/1851 359/2177/1704
f 475/2130/1665 1526/2375/1852 2181/2376/1853 1351/2131/1666
f 1526/2375/1852 181/2377/621 927/2378/620 2181/2376/1853
f 2181/2376/1853 927/2378/620 95/2379/619 1348/2380/1854
f 1351/2131/1666 2181/2376/1853 1348/2380/1854 389/2132/1667
f 489/2381/1855 1570/2382/1856 2182/2383/1857 1245/2384/1858
f 1570/2382/1856 493/1782/1352 1565/1785/1355 2182/2383/1857
f 2182/2383/1857 1565/1785/1355 409/1790/1360 1246/2385/1859
f 1245/2384/1858 2182/2383/1857 1246/2385/1859 335/2386/1860
f 514/2387/1861 1625/2388/1862 2183/2389/1863 1616/2390/1864
f 1625/2388/1862 521/1881/1448 1623/1884/1451 2183/2389/1863
f 2183/2389/1863 1623/1884/1451 430/1764/1334 1406/2391/1671
f 1616/2390/1864 2183/2389/1863 1406/2391/1671 351/2392/1670
f 533/2161/1691 1654/2393/1865 2184/2394/1866 1369/2395/1867
f 1654/2393/1865 245/2396/636 1057/715/635 2184/2394/1866
f 2184/2394/1866 1057/715/635 106/2397/600 1367/2359/1840
f 1369/2395/1867 2184/2394/1866 1367/2359/1840 407/1990/1543
f 464/2398/1868 1508/2399/1869 2185/2400/1870 1335/2401/1871
f 1508/2399/1869 169/1009/645 910/724/644 2185/2400/1870
f 2185/2400/1870 910/724/644 86/2402/643 1397/2403/1872
f 1335/2401/1871 2185/2400/1870 1397/2403/1872 390/2404/1873
f 428/2405/1874 1440/2406/1875 2186/2407/1876 1349/2408/1877
f 1440/2406/1875 129/2409/654 842/733/653 2186/2407/1876
f 2186/2407/1876 842/733/653 85/2410/652 1334/2411/1878
f 1349/2408/1877 2186/2407/1876 1334/2411/1878 394/2412/1879
f 391/2413/1702 1332/2414/1880 2187/2415/1881 1333/2370/1847
f 1332/2414/1880 83/2416/658 805/2417/657 2187/2415/1881
f 2187/2415/1881 805/2417/657 84/2418/530 1396/2419/1804
f 1333/2370/1847 2187/2415/1881 1396/2419/1804 386/2420/1803
f 501/2421/1698 1587/2422/1882 2188/2423/1883 1338/2424/1699
f 1587/2422/1882 211/2425/662 995/747/661 2188/2423/1883
f 2188/2423/1883 995/747/661 83/2416/658 1332/2414/1880
f 1338/2424/1699 2188/2423/1883 1332/2414/1880 391/2413/1702
f 427/2426/1884 1343/2427/1885 2189/2428/1886 1268/2429/1887
f 1343/2427/1885 434/2430/1454 1445/2431/1457 2189/2428/1886
f 2189/2428/1886 1445/2431/1457 431/2432/1459 1405/2433/1888
f 1268/2429/1887 2189/2428/1886 1405/2433/1888 352/2434/1889
f 334/2435/1890 1409/2436/1891 2190/2437/1892 1277/2438/1893
f 1409/2436/1891 408/2439/1333 1444/2440/1476 2190/2437/1892
f 2190/2437/1892 1444/2440/1476 432/2441/1478 1375/2442/1894
f 1277/2438/1893 2190/2437/1892 1375/2442/1894 358/2443/1895
f 439/2444/1896 1463/2445/1897 2191/2446/1898 1285/2447/1899
f 1463/2445/1897 443/1934/1491 1459/1937/1494 2191/2446/1898
f 2191/2446/1898 1459/1937/1494 433/1942/1499 1345/2448/1900
f 1285/2447/1899 2191/2446/1898 1345/2448/1900 364/2449/1901
f 335/2386/1860 1246/2385/1859 2192/2450/1902 1438/2451/1903
f 1246/2385/1859 409/1790/1360 1342/2452/1904 2192/2450/1902
f 2192/2450/1902 1342/2452/1904 434/1888/1454 1343/2453/1885
f 1438/2451/1903 2192/2450/1902 1343/2453/1885 427/2454/1884
f 484/2455/1905 1497/2456/1906 2193/2457/1907 1495/2458/1908
f 1497/2456/1906 459/2459/1909 1370/2460/1910 2193/2457/1907
f 2193/2457/1907 1370/2460/1910 413/2461/1911 1411/2462/1912
f 1495/2458/1908 2193/2457/1907 1411/2462/1912 480/2463/1913
f 479/2464/1914 1483/2465/1915 2194/2466/1916 1480/2467/1917
f 1483/2465/1915 452/2468/1918 1377/2469/1919 2194/2466/1916
f 2194/2466/1916 1377/2469/1919 411/2470/1920 1451/2471/1921
f 1480/2467/1917 2194/2466/1916 1451/2471/1921 483/2472/1922
f 90/795/702 1399/2473/1923 2195/2474/1924 804/796/703
f 1399/2473/1923 392/2166/1689 1341/2475/1693 2195/2474/1924
f 2195/2474/1924 1341/2475/1693 425/2162/1692 1424/2288/1800
f 804/796/703 2195/2474/1924 1424/2288/1800 125/2476/526
f 88/2284/518 1336/2283/1796 2196/2477/1925 799/2478/706
f 1336/2283/1796 395/2282/1766 1340/2479/1926 2196/2477/1925
f 2196/2477/1925 1340/2479/1926 424/2480/1793 1425/2285/1797
f 799/2478/706 2196/2477/1925 1425/2285/1797 124/583/520
f 326/1954/1507 1412/2481/1927 2197/2482/1928 1384/2245/1765
f 1412/2481/1927 414/1718/1289 1426/2273/1791 2197/2482/1928
f 2197/2482/1928 1426/2273/1791 424/2277/1793 1340/2483/1926
f 1384/2245/1765 2197/2482/1928 1340/2483/1926 395/2246/1766
f 386/2293/1803 1423/2484/1802 2198/2485/1929 1372/2372/1849
f 1423/2484/1802 425/2486/1692 1427/2487/1695 2198/2485/1929
f 2198/2485/1929 1427/2487/1695 423/2170/1697 1421/2488/1930
f 1372/2372/1849 2198/2485/1929 1421/2488/1930 355/2373/1850
f 341/2489/1931 1262/2490/1932 2199/2491/1933 1254/2492/1934
f 1262/2490/1932 420/1926/1484 1428/1929/1487 2199/2491/1933
f 2199/2491/1933 1428/1929/1487 421/1933/1426 1419/2493/1425
f 1254/2492/1934 2199/2491/1933 1419/2493/1425 342/1857/1424
f 515/1885/1452 1624/2494/1935 2200/2495/1936 1617/1886/1453
f 1624/2494/1935 520/2496/1442 1622/2497/1445 2200/2495/1936
f 2200/2495/1936 1622/2497/1445 422/2498/1400 1420/2499/1937
f 1617/1886/1453 2200/2495/1936 1420/2499/1937 353/1887/1338
f 505/1723/1294 1607/2500/1938 2201/2501/1939 1596/1724/1295
f 1607/2500/1938 511/2502/1418 1602/2503/1421 2201/2501/1939
f 2201/2501/1939 1602/2503/1421 421/2504/1426 1263/2505/1490
f 1596/1724/1295 2201/2501/1939 1263/2505/1490 328/1725/1296
f 496/2506/1369 1586/2507/1940 2202/2508/1941 1578/2509/1942
f 1586/2507/1940 503/2510/1409 1585/2511/1412 2202/2508/1941
f 2202/2508/1941 1585/2511/1412 416/2512/1417 1258/2513/1943
f 1578/2509/1942 2202/2508/1941 1258/2513/1943 329/2514/1944
f 353/1768/1338 1420/2515/1937 2203/2516/1945 1269/1769/1339
f 1420/2515/1937 422/1833/1400 1432/1836/1403 2203/2516/1945
f 2203/2516/1945 1432/1836/1403 419/1841/1408 1417/2517/1946
f 1269/1769/1339 2203/2516/1945 1417/2517/1946 330/1770/1340
f 576/1804/1372 1763/2518/1947 2204/2519/1948 1736/1805/1373
f 1763/2518/1947 587/1827/1394 1747/1830/1397 2204/2519/1948
f 2204/2519/1948 1747/1830/1397 418/1818/1385 1260/2520/1949
f 1736/1805/1373 2204/2519/1948 1260/2520/1949 331/1806/1374
f 331/1806/1374 1260/2520/1949 2205/2521/1950 1226/2522/1375
f 1260/2520/1949 418/1818/1385 1434/1821/1388 2205/2521/1950
f 2205/2521/1950 1434/1821/1388 417/1826/1393 1415/2523/1951
f 1226/2522/1375 2205/2521/1950 1415/2523/1951 332/2524/1367
f 446/2525/1952 1482/2526/1953 2206/2527/1954 1468/2528/1955
f 1482/2526/1953 456/1809/1376 1478/1812/1379 2206/2527/1954
f 2206/2527/1954 1478/1812/1379 415/1817/1384 1413/2529/1956
f 1468/2528/1955 2206/2527/1954 1413/2529/1956 333/1779/1349
f 467/2530/1500 1525/2531/1957 2207/2532/1958 1511/2533/1959
f 1525/2531/1957 476/1710/1281 1520/1713/1284 2207/2532/1958
f 2207/2532/1958 1520/1713/1284 414/1718/1289 1412/2481/1927
f 1511/2533/1959 2207/2532/1958 1412/2481/1927 326/1954/1507
f 389/2132/1667 1348/2380/1854 2208/2534/1960 1439/2535/1961
f 1348/2380/1854 95/2379/619 803/2536/744 2208/2534/1960
f 2208/2534/1960 803/2536/744 129/2409/654 1440/2406/1875
f 1439/2535/1961 2208/2534/1960 1440/2406/1875 428/2405/1874
f 409/1790/1360 1410/1789/1359 2209/2537/1962 1342/2452/1904
f 1410/1789/1359 336/1788/1358 1437/2538/1963 2209/2537/1962
f 2209/2537/1962 1437/2538/1963 426/1892/1325 1441/1889/1455
f 1342/2452/1904 2209/2537/1962 1441/1889/1455 434/1888/1454
f 453/2539/1669 1481/2540/1964 2210/2541/1965 1475/2542/1966
f 1481/2540/1964 457/1746/1317 1479/1749/1320 2210/2541/1965
f 2210/2541/1965 1479/1749/1320 426/1754/1325 1437/2543/1963
f 1475/2542/1966 2210/2541/1965 1437/2543/1963 336/1788/1358
f 463/2544/1967 1507/2545/1968 2211/2546/1969 1242/2547/1970
f 1507/2545/1968 465/1755/1326 1504/1758/1329 2211/2546/1969
f 2211/2546/1969 1504/1758/1329 408/1763/1333 1409/2548/1891
f 1242/2547/1970 2211/2546/1969 1409/2548/1891 334/2549/1890
f 461/1909/1470 1382/2550/1971 2212/2551/1972 1540/2552/1973
f 1382/2550/1971 412/2553/1845 1458/2554/1844 2212/2551/1972
f 2212/2551/1972 1458/2554/1844 442/2555/1843 1461/2556/1974
f 1540/2552/1973 2212/2551/1972 1461/2556/1974 481/2557/1975
f 483/2472/1922 1451/2471/1921 2213/2558/1976 1453/2559/1977
f 1451/2471/1921 411/2470/1920 1329/2560/1978 2213/2558/1976
f 2213/2558/1976 1329/2560/1978 440/2561/1979 1462/2562/1980
f 1453/2559/1977 2213/2558/1976 1462/2562/1980 482/2563/1981
f 338/2140/1675 1407/2139/1674 2214/2564/1982 1455/2565/1983
f 1407/2139/1674 429/1772/1342 1443/2566/1984 2214/2564/1982
f 2214/2564/1982 1443/2566/1984 443/2567/1491 1463/2568/1897
f 1455/2565/1983 2214/2564/1982 1463/2568/1897 439/2444/1896
f 163/978/768 1496/2569/1985 2215/2570/1986 900/2571/769
f 1496/2569/1985 459/2572/1909 1494/2573/1987 2215/2570/1986
f 2215/2570/1986 1494/2573/1987 442/2365/1843 1464/2362/1841
f 900/2571/769 2215/2570/1986 1464/2362/1841 144/2361/602
f 487/2574/1988 1235/2575/1989 2216/2576/1990 1569/2577/1991
f 1235/2575/1989 410/1911/1472 1456/2578/1992 2216/2576/1990
f 2216/2576/1990 1456/2578/1992 440/2260/1779 1465/2257/1776
f 1569/2577/1991 2216/2576/1990 1465/2257/1776 494/2256/1775
f 469/2579/1993 1524/2580/1994 2217/2581/1995 1513/2582/1996
f 1524/2580/1994 477/2583/1769 1521/2584/1772 2217/2581/1995
f 2217/2581/1995 1521/2584/1772 438/2585/1495 1454/2586/1997
f 1513/2582/1996 2217/2581/1995 1454/2586/1997 330/1770/1340
f 429/1772/1342 1249/1771/1341 2218/2587/1998 1443/2566/1984
f 1249/1771/1341 330/1770/1340 1454/2586/1997 2218/2587/1998
f 2218/2587/1998 1454/2586/1997 438/2588/1495 1467/2589/1492
f 1443/2566/1984 2218/2587/1998 1467/2589/1492 443/2567/1491
f 389/2132/1667 1439/2590/1961 2219/2591/1999 1378/2133/1668
f 1439/2590/1961 428/2592/1874 1442/2593/2000 2219/2591/1999
f 2219/2591/1999 1442/2593/2000 457/2594/1317 1481/2595/1964
f 1378/2133/1668 2219/2591/1999 1481/2595/1964 453/2596/1669
f 329/2514/1944 1258/2513/1943 2220/2597/2001 1224/2598/2002
f 1258/2513/1943 416/2512/1417 1435/2599/2003 2220/2597/2001
f 2220/2597/2001 1435/2599/2003 456/1809/1376 1482/2600/1953
f 1224/2598/2002 2220/2597/2001 1482/2600/1953 446/2601/1952
f 480/2463/1913 1411/2462/1912 2221/2602/2004 1452/2603/2005
f 1411/2462/1912 413/2461/1911 1474/2604/2006 2221/2602/2004
f 2221/2602/2004 1474/2604/2006 452/2468/1918 1483/2465/1915
f 1452/2603/2005 2221/2602/2004 1483/2465/1915 479/2464/1914
f 101/636/566 1356/2328/1823 2222/2605/2007 786/2606/792
f 1356/2328/1823 401/2204/1727 1361/2607/2008 2222/2605/2007
f 2222/2605/2007 1361/2607/2008 451/2205/1728 1484/2339/1829
f 786/2606/792 2222/2605/2007 1484/2339/1829 158/649/578
f 401/2204/1727 1393/2203/1726 2223/2608/2009 1361/2607/2008
f 1393/2203/1726 375/2202/1725 1471/2609/2010 2223/2608/2009
f 2223/2608/2009 1471/2609/2010 449/2209/1732 1485/2206/1729
f 1361/2607/2008 2223/2608/2009 1485/2206/1729 451/2205/1728
f 464/2610/1868 1335/2401/1871 2224/2611/2011 1506/2612/2012
f 1335/2401/1871 390/2404/1873 1380/2613/2013 2224/2611/2011
f 2224/2611/2011 1380/2613/2013 455/2145/1307 1486/2142/1677
f 1506/2612/2012 2224/2611/2011 1486/2142/1677 466/2141/1676
f 471/2614/1789 1523/2615/2014 2225/2616/2015 1515/2617/2016
f 1523/2615/2014 478/2618/1661 1522/2619/1664 2225/2616/2015
f 2225/2616/2015 1522/2619/1664 453/2620/1669 1475/2621/1966
f 1515/2617/2016 2225/2616/2015 1475/2621/1966 336/1788/1358
f 524/2028/1576 1634/2027/1575 2226/2622/2017 1653/2623/2018
f 1634/2027/1575 347/2026/1382 1469/2624/1381 2226/2622/2017
f 2226/2622/2017 1469/2624/1381 447/2042/1380 1488/2039/1587
f 1653/2623/2018 2226/2622/2017 1488/2039/1587 534/2038/1586
f 582/2019/1569 1742/2018/1568 2227/2625/2019 1762/2626/2020
f 1742/2018/1568 374/2017/1567 1472/2627/2021 2227/2625/2019
f 2227/2625/2019 1472/2627/2021 450/2033/1581 1489/2030/1578
f 1762/2626/2020 2227/2625/2019 1489/2030/1578 589/2029/1577
f 572/2628/2022 1761/2629/2023 2228/2630/2024 1732/2631/2025
f 1761/2629/2023 590/2632/1479 1750/2633/1482 2228/2630/2024
f 2228/2630/2024 1750/2633/1482 448/2634/1299 1470/2635/2026
f 1732/2631/2025 2228/2630/2024 1470/2635/2026 356/2636/2027
f 416/1850/1417 1414/1849/1416 2229/2637/2028 1435/2638/2003
f 1414/1849/1416 343/1848/1415 1251/2639/1590 2229/2637/2028
f 2229/2637/2028 1251/2639/1590 447/1813/1380 1491/1810/1377
f 1435/2638/2003 2229/2637/2028 1491/1810/1377 456/1809/1376
f 428/2592/1874 1349/2640/1877 2230/2641/2029 1442/2593/2000
f 1349/2640/1877 394/2642/1879 1379/2643/2030 2230/2641/2029
f 2230/2641/2029 1379/2643/2030 454/2644/1321 1492/2645/1318
f 1442/2593/2000 2230/2641/2029 1492/2645/1318 457/2594/1317
f 356/2646/2027 1470/2647/2026 2231/2648/2031 1381/2649/2032
f 1470/2647/2026 448/1728/1299 1493/1731/1302 2231/2648/2031
f 2231/2648/2031 1493/1731/1302 455/1736/1307 1380/2613/2013
f 1381/2649/2032 2231/2648/2031 1380/2613/2013 390/2404/1873
f 96/1038/819 1350/2650/2033 2232/2651/2034 793/2652/820
f 1350/2650/2033 413/2461/1911 1370/2653/1910 2232/2651/2034
f 2232/2651/2034 1370/2653/1910 459/2654/1909 1496/2655/1985
f 793/2652/820 2232/2651/2034 1496/2655/1985 163/978/768
f 481/2656/1975 1461/2657/1974 2233/2658/2035 1460/2659/2036
f 1461/2657/1974 442/2660/1843 1494/2661/1987 2233/2658/2035
f 2233/2658/2035 1494/2661/1987 459/2662/1909 1497/2663/1906
f 1460/2659/2036 2233/2658/2035 1497/2663/1906 484/2664/1905
f 543/2665/1810 1347/2666/2037 2234/2667/2038 1675/2668/2039
f 1347/2666/2037 412/2553/1845 1382/2669/1971 2234/2667/2038
f 2234/2667/2038 1382/2669/1971 461/1909/1470 1500/1906/1467
f 1675/2668/2039 2234/2667/2038 1500/1906/1467 544/1905/1466
f 394/2642/1879 1503/2670/2040 2235/2671/2041 1379/2643/2030
f 1503/2670/2040 464/2672/1868 1506/2673/2012 2235/2671/2041
f 2235/2671/2041 1506/2673/2012 466/2674/1676 1505/2675/2042
f 1379/2643/2030 2235/2671/2041 1505/2675/2042 454/2644/1321
f 352/2676/1889 1405/2433/1888 2236/2677/2043 1502/2678/2044
f 1405/2433/1888 431/1895/1459 1450/2679/2045 2236/2677/2043
f 2236/2677/2043 1450/2679/2045 465/1755/1326 1507/2545/1968
f 1502/2678/2044 2236/2677/2043 1507/2545/1968 463/2544/1967
f 394/2412/1879 1334/2411/1878 2237/2680/2046 1503/2681/2040
f 1334/2411/1878 85/2410/652 802/2682/835 2237/2680/2046
f 2237/2680/2046 802/2682/835 169/1009/645 1508/2683/1869
f 1503/2681/2040 2237/2680/2046 1508/2683/1869 464/2684/1868
f 454/1750/1321 1505/2685/2042 2238/2686/2047 1476/1751/1322
f 1505/2685/2042 466/2141/1676 1509/2144/1679 2238/2686/2047
f 2238/2686/2047 1509/2144/1679 462/2149/1330 1501/2687/2048
f 1476/1751/1322 2238/2686/2047 1501/2687/2048 350/1752/1323
f 431/1895/1459 1273/1894/1458 2239/2688/2049 1450/2679/2045
f 1273/1894/1458 350/1893/1323 1501/2689/2048 2239/2688/2049
f 2239/2688/2049 1501/2689/2048 462/1759/1330 1510/1756/1327
f 1450/2679/2045 2239/2688/2049 1510/1756/1327 465/1755/1326
f 411/2262/1781 1377/2469/2050 2240/2690/2051 1287/2691/1788
f 1377/2469/2050 452/2468/1918 1487/2692/2052 2240/2690/2051
f 2240/2690/2051 1487/2692/2052 478/2618/1661 1523/2615/2014
f 1287/2691/1788 2240/2690/2051 1523/2615/2014 471/2614/1789
f 361/2693/2053 1457/2694/2054 2241/2695/2055 1239/2696/2056
f 1457/2694/2054 441/2697/2057 1466/2698/2058 2241/2695/2055
f 2241/2695/2055 1466/2698/2058 477/2249/1769 1524/2699/1994
f 1239/2696/2056 2241/2695/2055 1524/2699/1994 469/2700/1993
f 327/1930/1488 1418/2701/1485 2242/2702/2059 1231/2703/1503
f 1418/2701/1485 420/2704/1484 1436/2705/2060 2242/2702/2059
f 2242/2702/2059 1436/2705/2060 476/1710/1281 1525/2531/1957
f 1231/2703/1503 2242/2702/2059 1525/2531/1957 467/2530/1500
f 413/2461/1911 1350/2706/2033 2243/2707/2061 1519/2708/2062
f 1350/2706/2033 96/974/819 792/1037/852 2243/2707/2061
f 2243/2707/2061 792/1037/852 181/1036/621 1526/2709/1852
f 1519/2708/2062 2243/2707/2061 1526/2709/1852 475/2710/1665
f 488/1786/1356 1568/2711/2063 2244/2712/2064 1241/1787/1357
f 1568/2711/2063 495/2265/1784 1567/2268/1787 2244/2712/2064
f 2244/2712/2064 1567/2268/1787 471/2271/1789 1515/2713/2016
f 1241/1787/1357 2244/2712/2064 1515/2713/2016 336/1788/1358
f 441/2714/2057 1331/2715/2065 2245/2716/2066 1466/2717/2058
f 1331/2715/2065 385/2718/2067 1330/2719/2068 2245/2716/2066
f 2245/2716/2066 1330/2719/2068 474/2720/1773 1528/2721/1770
f 1466/2717/2058 2245/2716/2066 1528/2721/1770 477/2583/1769
f 452/2468/1918 1474/2604/2006 2246/2722/2069 1487/2692/2052
f 1474/2604/2006 413/2461/1911 1519/2708/2062 2246/2722/2069
f 2246/2722/2069 1519/2708/2062 475/2710/1665 1529/2723/1662
f 1487/2692/2052 2246/2722/2069 1529/2723/1662 478/2618/1661
f 367/2101/1525 1322/2100/1640 2247/2724/2070 1308/2725/1624
f 1322/2100/1640 382/2099/1639 1319/2726/2071 2247/2724/2070
f 2247/2724/2070 1319/2726/2071 473/2089/1629 1530/2086/1626
f 1308/2725/1624 2247/2724/2070 1530/2086/1626 472/2085/1625
f 522/2234/1755 1652/2727/2072 2248/2728/2073 1232/2729/2074
f 1652/2727/2072 535/2078/1620 1645/2081/1623 2248/2728/2073
f 2248/2728/2073 1645/2081/1623 472/2085/1625 1516/2730/1628
f 1232/2729/2074 2248/2728/2073 1516/2730/1628 365/2093/1633
f 326/1954/1507 1288/1953/1506 2249/2731/2075 1511/2732/1959
f 1288/1953/1506 362/2733/1314 1240/2734/2076 2249/2731/2075
f 2249/2731/2075 1240/2734/2076 470/1947/1298 1532/1944/1501
f 1511/2732/1959 2249/2731/2075 1532/1944/1501 467/1943/1500
f 507/1741/1312 1606/2735/2077 2250/2736/2078 1598/1742/1313
f 1606/2735/2077 512/1719/1290 1603/1722/1293 2250/2736/2078
f 2250/2736/2078 1603/1722/1293 470/1727/1298 1240/2734/2076
f 1598/1742/1313 2250/2736/2078 1240/2734/2076 362/1743/1314
f 420/2704/1484 1262/2490/1932 2251/2737/2079 1436/2705/2060
f 1262/2490/1932 341/2489/1931 1512/2738/2080 2251/2737/2079
f 2251/2737/2079 1512/2738/2080 468/1714/1285 1534/1711/1282
f 1436/2705/2060 2251/2737/2079 1534/1711/1282 476/1710/1281
f 437/2739/2081 1541/2740/2082 2252/2741/2083 1535/2742/2084
f 1541/2740/2082 480/2463/1913 1452/2603/2005 2252/2741/2083
f 2252/2741/2083 1452/2603/2005 479/2464/1914 1542/2743/2085
f 1535/2742/2084 2252/2741/2083 1542/2743/2085 458/2744/2086
f 435/2745/2087 1544/2746/2088 2253/2747/2089 1536/2748/2090
f 1544/2746/2088 483/2472/1922 1453/2559/1977 2253/2747/2089
f 2253/2747/2089 1453/2559/1977 482/2563/1981 1545/2749/2091
f 1536/2748/2090 2253/2747/2089 1545/2749/2091 445/2750/2092
f 444/2751/2093 1543/2752/2094 2254/2753/2095 1537/2754/2096
f 1543/2752/2094 481/2557/1975 1460/2755/2036 2254/2753/2095
f 2254/2753/2095 1460/2755/2036 484/2455/1905 1546/2756/2097
f 1537/2754/2096 2254/2753/2095 1546/2756/2097 460/2757/2098
f 440/2561/1979 1456/2758/2099 2255/2759/2100 1462/2760/1980
f 1456/2758/2099 410/2761/1472 1547/2762/2101 2255/2759/2100
f 2255/2759/2100 1547/2762/2101 445/2750/2092 1545/2763/2091
f 1462/2760/1980 2255/2759/2100 1545/2763/2091 482/2563/1981
f 458/2744/2086 1542/2743/2085 2256/2764/2102 1538/2765/2103
f 1542/2743/2085 479/2464/1914 1480/2467/1917 2256/2764/2102
f 2256/2764/2102 1480/2467/1917 483/2472/1922 1544/2746/2088
f 1538/2765/2103 2256/2764/2102 1544/2746/2088 435/2745/2087
f 460/2757/2098 1546/2756/2097 2257/2766/2104 1539/2767/2105
f 1546/2756/2097 484/2455/1905 1495/2458/1908 2257/2766/2104
f 2257/2766/2104 1495/2458/1908 480/2463/1913 1541/2740/2082
f 1539/2767/2105 2257/2766/2104 1541/2740/2082 437/2739/2081
f 461/1909/1470 1540/2768/1973 2258/2769/2106 1548/2770/2107
f 1540/2768/1973 481/2771/1975 1543/2752/2094 2258/2769/2106
f 2258/2769/2106 1543/2752/2094 444/2772/2093 1549/2773/2108
f 1548/2770/2107 2258/2769/2106 1549/2773/2108 436/2774/2109
f 461/1909/1470 1548/2775/2107 2259/2776/2110 1499/1910/1471
f 1548/2775/2107 436/2774/2109 1550/2777/2111 2259/2776/2110
f 2259/2776/2110 1550/2777/2111 445/2750/2092 1547/2762/2101
f 1499/1910/1471 2259/2776/2110 1547/2762/2101 410/2761/1472
f 436/2778/2109 1553/2779/2112 2260/2780/2113 1550/2777/2111
f 485/2781/2114 1552/2782/2115 2260/2780/2113 1553/2783/2112
f 445/2750/2092 1550/2777/2111 2260/2780/2113 1552/2784/2115
f 437/2785/2081 1555/2786/2116 2261/2787/2117 1539/2788/2105
f 485/2781/2114 1554/2789/2118 2261/2787/2117 1555/2786/2116
f 460/2790/2098 1539/2791/2105 2261/2787/2117 1554/2792/2118
f 460/2793/2098 1554/2794/2118 2262/2795/2119 1537/2796/2096
f 485/2781/2114 1556/2797/2120 2262/2795/2119 1554/2789/2118
f 444/2772/2093 1537/2798/2096 2262/2795/2119 1556/2797/2120
f 458/2799/2086 1557/2800/2121 2263/2801/2122 1535/2802/2084
f 485/2781/2114 1555/2803/2116 2263/2801/2122 1557/2804/2121
f 437/2785/2081 1535/2802/2084 2263/2801/2122 1555/2805/2116
f 444/2806/2093 1556/2807/2120 2264/2808/2123 1549/2809/2108
f 485/2781/2114 1553/2779/2112 2264/2808/2123 1556/2810/2120
f 436/2778/2109 1549/2811/2108 2264/2808/2123 1553/2812/2112
f 435/2813/2087 1551/2814/2124 2265/2815/2125 1538/2816/2103
f 485/2781/2114 1557/2817/2121 2265/2815/2125 1551/2814/2124
f 458/2818/2086 1538/2819/2103 2265/2815/2125 1557/2820/2121
f 445/2750/2092 1552/2821/2115 2266/2822/2126 1536/2823/2090
f 485/2781/2114 1551/2814/2124 2266/2822/2126 1552/2824/2115
f 435/2825/2087 1536/2748/2090 2266/2822/2126 1551/2814/2124
f 363/1940/1497 1518/2826/1774 2267/2827/2127 1560/2828/2128
f 1518/2826/1774 474/2253/1773 1527/2829/2129 2267/2827/2127
f 2267/2827/2127 1527/2829/2129 495/2830/1784 1568/2831/2063
f 1560/2828/2128 2267/2827/2127 1568/2831/2063 488/1786/1356
f 361/2832/2053 1559/2833/2130 2268/2834/2131 1457/2835/2054
f 1559/2833/2130 487/2836/1988 1569/2837/1991 2268/2834/2131
f 2268/2834/2131 1569/2837/1991 494/2838/1775 1566/2839/2132
f 1457/2835/2054 2268/2834/2131 1566/2839/2132 441/2714/2057
f 364/2449/1901 1345/2448/1900 2269/2840/2133 1561/2841/2134
f 1345/2448/1900 433/1942/1499 1447/2842/2135 2269/2840/2133
f 2269/2840/2133 1447/2842/2135 493/2843/1352 1570/2844/1856
f 1561/2841/2134 2269/2840/2133 1570/2844/1856 489/2845/1855
f 87/2303/538 1398/2302/1807 2270/2846/2136 800/2847/926
f 1398/2302/1807 393/2301/1463 1337/2848/2137 2270/2846/2136
f 2270/2846/2136 1337/2848/2137 492/2281/1768 1571/2279/1794
f 800/2847/926 2270/2846/2136 1571/2279/1794 199/2278/514
f 474/2849/1773 1330/2850/2068 2271/2851/2138 1527/2852/2129
f 1330/2850/2068 385/2718/2067 1328/2853/2139 2271/2851/2138
f 2271/2851/2138 1328/2853/2139 491/2264/1783 1572/2266/1785
f 1527/2852/2129 2271/2851/2138 1572/2266/1785 495/2265/1784
f 441/2714/2057 1566/2854/2132 2272/2855/2140 1331/2856/2065
f 1566/2854/2132 494/2256/1775 1573/2259/1778 2272/2855/2140
f 2272/2855/2140 1573/2259/1778 491/2264/1783 1328/2853/2139
f 1331/2856/2065 2272/2855/2140 1328/2853/2139 385/2718/2067
f 348/1900/1433 1289/2857/2141 2273/2858/2142 1374/1901/1462
f 1289/2857/2141 490/2859/1509 1574/2860/1764 2273/2858/2142
f 2273/2858/2142 1574/2860/1764 492/2281/1768 1337/2848/2137
f 1374/1901/1462 2273/2858/2142 1337/2848/2137 393/1902/1463
f 349/1864/1431 1234/2861/2143 2274/2862/2144 1223/2863/1432
f 1234/2861/2143 486/1745/1316 1575/2864/1505 2274/2862/2144
f 2274/2862/2144 1575/2864/1505 490/2859/1509 1289/2857/2141
f 1223/2863/1432 2274/2862/2144 1289/2857/2141 348/1900/1433
f 433/1942/1499 1286/1941/1498 2275/2865/2145 1447/2842/2135
f 1286/1941/1498 363/1940/1497 1560/2828/2128 2275/2865/2145
f 2275/2865/2145 1560/2828/2128 488/1786/1356 1576/2866/1353
f 1447/2842/2135 2275/2865/2145 1576/2866/1353 493/2843/1352
f 504/2867/1440 1605/2868/2146 2276/2869/2147 1595/2870/1441
f 1605/2868/2146 513/1737/1308 1604/1740/1311 2276/2869/2147
f 2276/2869/2147 1604/1740/1311 486/1745/1316 1234/2861/2143
f 1595/2870/1441 2276/2869/2147 1234/2861/2143 349/1864/1431
f 332/2871/1367 1415/2872/1951 2277/2873/2148 1227/2874/1368
f 1415/2872/1951 417/2875/1393 1431/2876/2149 2277/2873/2148
f 2277/2873/2148 1431/2876/2149 503/2510/1409 1586/2507/1940
f 1227/2874/1368 2277/2873/2148 1586/2507/1940 496/2506/1369
f 390/2404/1873 1397/2403/1872 2278/2877/2150 1583/2878/2151
f 1397/2403/1872 86/2402/643 806/2879/943 2278/2877/2150
f 2278/2877/2150 806/2879/943 211/2425/662 1587/2880/1882
f 1583/2878/2151 2278/2877/2150 1587/2880/1882 501/2421/1698
f 103/2343/582 1360/2342/1831 2279/2881/2152 785/2882/944
f 1360/2342/1831 402/2213/1736 1363/2883/2153 2279/2881/2152
f 2279/2881/2152 1363/2883/2153 502/2214/1737 1588/2344/1832
f 785/2882/944 2279/2881/2152 1588/2344/1832 210/655/584
f 402/2213/1736 1394/2212/1735 2280/2884/2154 1363/2883/2153
f 1394/2212/1735 377/2211/1734 1581/2885/2155 2280/2884/2154
f 2280/2884/2154 1581/2885/2155 499/2218/1741 1589/2215/1738
f 1363/2883/2153 2280/2884/2154 1589/2215/1738 502/2214/1737
f 390/2404/1873 1583/2886/2151 2281/2887/2156 1381/2888/2032
f 1583/2886/2151 501/2421/1698 1590/2174/1701 2281/2887/2156
f 2281/2887/2156 1590/2174/1701 498/2179/1706 1580/2889/2157
f 1381/2888/2032 2281/2887/2156 1580/2889/2157 356/2646/2027
f 525/2046/1592 1635/2045/1591 2282/2890/2158 1651/2891/2159
f 1635/2045/1591 343/2044/1415 1579/2892/1414 2282/2890/2158
f 2282/2890/2158 1579/2892/1414 497/2060/1413 1591/2057/1603
f 1651/2891/2159 2282/2890/2158 1591/2057/1603 536/2056/1602
f 583/2037/1585 1743/2036/1584 2283/2893/2160 1760/2894/2161
f 1743/2036/1584 376/2035/1583 1582/2895/2162 2283/2893/2160
f 2283/2893/2160 1582/2895/2162 500/2051/1597 1592/2048/1594
f 1760/2894/2161 2283/2893/2160 1592/2048/1594 591/2047/1593
f 417/1826/1393 1259/1825/1392 2284/2896/2163 1431/2897/2149
f 1259/1825/1392 346/1824/1391 1253/2898/1606 2284/2896/2163
f 2284/2896/2163 1253/2898/1606 497/1846/1413 1593/1843/1410
f 1431/2897/2149 2284/2896/2163 1593/1843/1410 503/1842/1409
f 572/2899/2022 1759/2900/2164 2285/2901/2165 1228/2902/2166
f 1759/2900/2164 592/1791/1361 1752/1794/1364 2285/2901/2165
f 2285/2901/2165 1752/1794/1364 496/1799/1369 1578/2903/1942
f 1228/2902/2166 2285/2901/2165 1578/2903/1942 329/2514/1944
f 410/1911/1472 1235/2904/1989 2286/2905/2167 1225/2906/2168
f 1235/2904/1989 487/2907/1988 1577/2908/2169 2286/2905/2167
f 2286/2905/2167 1577/2908/2169 513/2909/1308 1605/2868/2146
f 1225/2906/2168 2286/2905/2167 1605/2868/2146 504/1873/1440
f 361/2910/2053 1239/2911/2056 2287/2912/2170 1290/2913/2171
f 1239/2911/2056 469/2914/1993 1533/2915/2172 2287/2912/2170
f 2287/2912/2170 1533/2915/2172 512/1719/1290 1606/2735/2077
f 1290/2913/2171 2287/2912/2170 1606/2735/2077 507/1741/1312
f 330/1770/1340 1417/2517/1946 2288/2916/2173 1230/2917/2174
f 1417/2517/1946 419/1841/1408 1430/2918/2175 2288/2916/2173
f 2288/2916/2173 1430/2918/2175 511/1851/1418 1607/2919/1938
f 1230/2917/2174 2288/2916/2173 1607/2919/1938 505/2920/1294
f 98/2317/553 1352/2316/1816 2289/2921/2176 790/2922/969
f 1352/2316/1816 396/2315/1710 1359/2923/2177 2289/2921/2176
f 2289/2921/2176 1359/2923/2177 510/2337/1518 1608/2334/1827
f 790/2922/969 2289/2921/2176 1608/2334/1827 220/644/574
f 579/2924/1528 1758/2925/2178 2290/2926/2179 1739/2927/1529
f 1758/2925/2178 593/2072/1615 1753/2075/1618 2290/2926/2179
f 2290/2926/2179 1753/2075/1618 508/1957/1510 1599/2928/2180
f 1739/2927/1529 2290/2926/2179 1599/2928/2180 368/2183/1532
f 523/2002/1555 1295/2929/2181 2291/2930/2182 1650/2931/2183
f 1295/2929/2181 371/2932/1550 1317/2933/2184 2291/2930/2182
f 2291/2930/2182 1317/2933/2184 509/2069/1613 1610/2066/1610
f 1650/2931/2183 2291/2930/2182 1610/2066/1610 537/2065/1609
f 368/2183/1532 1599/2928/2180 2292/2934/2185 1387/2184/1709
f 1599/2928/2180 508/1957/1510 1611/1960/1513 2292/2934/2185
f 2292/2934/2185 1611/1960/1513 510/1965/1518 1359/2935/2177
f 1387/2184/1709 2292/2934/2185 1359/2935/2177 396/2185/1710
f 541/1913/1474 1669/1912/1473 2293/2936/2186 1674/2937/2187
f 1669/1912/1473 410/1911/1472 1225/2906/2168 2293/2936/2186
f 2293/2936/2186 1225/2906/2168 504/1873/1440 1612/1870/1437
f 1674/2937/2187 2293/2936/2186 1612/1870/1437 545/1869/1436
f 419/1841/1408 1261/1840/1407 2294/2938/2188 1430/2918/2175
f 1261/1840/1407 344/1839/1406 1255/2939/2189 2294/2938/2188
f 2294/2938/2188 1255/2939/2189 506/1855/1422 1613/1852/1419
f 1430/2918/2175 2294/2938/2188 1613/1852/1419 511/1851/1418
f 487/2907/1988 1559/2833/2130 2295/2940/2190 1577/2908/2169
f 1559/2833/2130 361/2910/2053 1290/2913/2171 2295/2940/2190
f 2295/2940/2190 1290/2913/2171 507/1741/1312 1614/1738/1309
f 1577/2908/2169 2295/2940/2190 1614/1738/1309 513/1737/1308
f 469/2914/1993 1513/2941/1996 2296/2942/2191 1533/2943/2172
f 1513/2941/1996 330/1770/1340 1230/2917/2174 2296/2942/2191
f 2296/2942/2191 1230/2917/2174 505/2920/1294 1615/2944/1291
f 1533/2943/2172 2296/2942/2191 1615/2944/1291 512/1719/1290
f 333/1779/1349 1413/2529/1956 2297/2945/2192 1243/2946/2193
f 1413/2529/1956 415/1817/1384 1429/2947/2194 2297/2945/2192
f 2297/2945/2192 1429/2947/2194 520/1875/1442 1624/2948/1935
f 1243/2946/2193 2297/2945/2192 1624/2948/1935 515/2949/1452
f 339/2155/1685 1248/2154/1684 2298/2950/2195 1237/2951/2196
f 1248/2154/1684 388/1781/1351 1446/2952/2197 2298/2950/2195
f 2298/2950/2195 1446/2952/2197 521/2953/1448 1625/2954/1862
f 1237/2951/2196 2298/2950/2195 1625/2954/1862 514/2955/1861
f 100/2333/572 1403/2332/1826 2299/2956/2198 787/2957/992
f 1403/2332/1826 400/2195/1718 1357/2958/2199 2299/2956/2198
f 2299/2956/2198 1357/2958/2199 519/2196/1719 1626/2325/1821
f 787/2957/992 2299/2956/2198 1626/2325/1821 230/2324/562
f 400/2195/1718 1392/2194/1717 2300/2959/2200 1357/2958/2199
f 1392/2194/1717 373/2193/1716 1619/2960/2201 2300/2959/2200
f 2300/2959/2200 1619/2960/2201 517/2200/1723 1627/2197/1720
f 1357/2958/2199 2300/2959/2200 1627/2197/1720 519/2196/1719
f 529/2010/1560 1639/2009/1559 2301/2961/2202 1649/2962/2203
f 1639/2009/1559 354/2008/1404 1618/2963/1447 2301/2961/2202
f 2301/2961/2202 1618/2963/1447 516/2024/1446 1628/2021/1571
f 1649/2962/2203 2301/2961/2202 1628/2021/1571 538/2020/1570
f 580/2001/1554 1740/2000/1553 2302/2964/2204 1757/2965/2205
f 1740/2000/1553 372/1999/1552 1620/2966/2206 2302/2964/2204
f 2302/2964/2204 1620/2966/2206 518/2015/1565 1629/2012/1562
f 1757/2965/2205 2302/2964/2204 1629/2012/1562 594/2011/1561
f 388/1781/1351 1408/1780/1350 2303/2967/2207 1446/2952/2197
f 1408/1780/1350 333/1779/1349 1243/2946/2193 2303/2967/2207
f 2303/2967/2207 1243/2946/2193 515/2949/1452 1630/2968/1449
f 1446/2952/2197 2303/2967/2207 1630/2968/1449 521/2953/1448
f 415/1817/1384 1257/1816/1383 2304/2969/2208 1429/2947/2194
f 1257/1816/1383 347/1815/1382 1256/2970/1574 2304/2969/2208
f 2304/2969/2208 1256/2970/1574 516/1879/1446 1631/1876/1443
f 1429/2947/2194 2304/2969/2208 1631/1876/1443 520/1875/1442
f 372/1999/1552 1311/2971/2209 2305/2972/2210 1620/2966/2206
f 1311/2971/2209 529/2973/1560 1649/2962/2203 2305/2972/2210
f 2305/2972/2210 1649/2962/2203 538/2974/1570 1648/2975/2211
f 1620/2966/2206 2305/2972/2210 1648/2975/2211 518/2015/1565
f 344/2006/1406 1633/2976/1556 2306/2977/2212 1255/2978/2189
f 1633/2976/1556 523/2979/1555 1650/2980/2183 2306/2977/2212
f 2306/2977/2212 1650/2980/2183 537/2981/1609 1647/2982/2213
f 1255/2978/2189 2306/2977/2212 1647/2982/2213 506/2983/1422
f 376/2035/1583 1298/2984/2214 2307/2985/2215 1582/2895/2162
f 1298/2984/2214 525/2986/1592 1651/2987/2159 2307/2985/2215
f 2307/2985/2215 1651/2987/2159 536/2988/1602 1646/2989/2216
f 1582/2895/2162 2307/2985/2215 1646/2989/2216 500/2051/1597
f 340/2242/1287 1233/2990/1286 2308/2991/2217 1632/2992/1758
f 1233/2990/1286 468/2993/1285 1531/2994/2218 2308/2991/2217
f 2308/2991/2217 1531/2994/2218 535/2078/1620 1652/2727/2072
f 1632/2992/1758 2308/2991/2217 1652/2727/2072 522/2234/1755
f 374/2017/1567 1297/2995/2219 2309/2996/2220 1472/2627/2021
f 1297/2995/2219 524/2997/1576 1653/2998/2018 2309/2996/2220
f 2309/2996/2220 1653/2998/2018 534/2038/1586 1644/2999/2221
f 1472/2627/2021 2309/2996/2220 1644/2999/2221 450/2033/1581
f 392/2159/1689 1399/3000/1923 2310/3001/2222 1643/3002/1690
f 1399/3000/1923 90/1342/702 797/3003/1018 2310/3001/2222
f 2310/3001/2222 797/3003/1018 245/3004/636 1654/3005/1865
f 1643/3002/1690 2310/3001/2222 1654/3005/1865 533/2161/1691
f 89/1343/524 1339/3006/1799 2311/3007/2223 798/1344/1019
f 1339/3006/1799 404/2240/1761 1355/3008/1760 2311/3007/2223
f 2311/3007/2223 1355/3008/1760 532/3009/1759 1655/3010/1817
f 798/1344/1019 2311/3007/2223 1655/3010/1817 246/624/555
f 365/3011/1633 1390/3012/1750 2312/3013/2224 1232/3014/2074
f 1390/3012/1750 398/3015/1754 1642/3016/1819 2312/3013/2224
f 2312/3013/2224 1642/3016/1819 532/2238/1759 1656/3017/1756
f 1232/3014/2074 2312/3013/2224 1656/3017/1756 522/3018/1755
f 384/1988/1541 1326/3019/2225 2313/3020/2226 1383/1989/1542
f 1326/3019/2225 531/3021/1653 1657/3022/1687 2313/3020/2226
f 2313/3020/2226 1657/3022/1687 533/3023/1691 1369/3024/1867
f 1383/1989/1542 2313/3020/2226 1369/3024/1867 407/1990/1543
f 345/3025/1389 1640/3026/2227 2314/3027/2228 1252/3028/1390
f 1640/3026/2227 530/2117/1654 1658/2120/1657 2314/3027/2228
f 2314/3027/2228 1658/2120/1657 526/2125/1608 1636/3029/1607
f 1252/3028/1390 2314/3027/2228 1636/3029/1607 346/2062/1391
f 586/2106/1644 1756/3030/2229 2315/3031/2230 1327/2107/1645
f 1756/3030/2229 595/3032/1646 1755/2111/1649 2315/3031/2230
f 2315/3031/2230 1755/2111/1649 531/3021/1653 1326/3019/2225
f 1327/2107/1645 2315/3031/2230 1326/3019/2225 384/1988/1541
f 468/2993/1285 1512/3033/2080 2316/3034/2231 1531/2994/2218
f 1512/3033/2080 341/3035/1931 1307/3036/2232 2316/3034/2231
f 2316/3034/2231 1307/3036/2232 527/2082/1527 1660/2079/1621
f 1531/2994/2218 2316/3034/2231 1660/2079/1621 535/2078/1620
f 506/2983/1422 1647/2982/2213 2317/3037/2233 1597/3038/1423
f 1647/2982/2213 537/2981/1609 1661/3039/1612 2317/3037/2233
f 2317/3037/2233 1661/3039/1612 528/1966/1519 1638/3040/2234
f 1597/3038/1423 2317/3037/2233 1638/3040/2234 342/3041/1424
f 500/2051/1597 1646/2989/2216 2318/3042/2235 1305/2052/1598
f 1646/2989/2216 536/2988/1602 1662/3043/1605 2318/3042/2235
f 2318/3042/2235 1662/3043/1605 526/3044/1608 1299/3045/1660
f 1305/2052/1598 2318/3042/2235 1299/3045/1660 378/2053/1599
f 450/2033/1581 1644/2999/2221 2319/3046/2236 1303/2034/1582
f 1644/2999/2221 534/2038/1586 1663/3047/1589 2319/3046/2236
f 2319/3046/2236 1663/3047/1589 525/2986/1592 1298/2984/2214
f 1303/2034/1582 2319/3046/2236 1298/2984/2214 376/2035/1583
f 518/2015/1565 1648/2975/2211 2320/3048/2237 1316/2016/1566
f 1648/2975/2211 538/2974/1570 1664/3049/1573 2320/3048/2237
f 2320/3048/2237 1664/3049/1573 524/2997/1576 1297/2995/2219
f 1316/2016/1566 2320/3048/2237 1297/2995/2219 374/2017/1567
f 371/1997/1550 1295/3050/2181 2321/3051/2238 1315/1998/1551
f 1295/3050/2181 523/2979/1555 1665/3052/1558 2321/3051/2238
f 2321/3051/2238 1665/3052/1558 529/2973/1560 1311/2971/2209
f 1315/1998/1551 2321/3051/2238 1311/2971/2209 372/1999/1552
f 342/3041/1424 1638/3040/2234 2322/3053/2239 1254/3054/1934
f 1638/3040/2234 528/1966/1519 1666/1969/1522 2322/3053/2239
f 2322/3053/2239 1666/1969/1522 527/1974/1527 1307/3055/2232
f 1254/3054/1934 2322/3053/2239 1307/3055/2232 341/3035/1931
f 551/3056/2240 1265/3057/2241 2323/3058/2242 1264/3059/2243
f 1265/3057/2241 541/1913/1474 1674/2937/2187 2323/3058/2242
f 2323/3058/2242 1674/2937/2187 545/1869/1436 1673/3060/2244
f 1264/3059/2243 2323/3058/2242 1673/3060/2244 550/3061/2245
f 553/3062/1812 1671/3063/1811 2324/3064/2246 1376/3065/2247
f 1671/3063/1811 543/3066/1810 1675/3067/2039 2324/3064/2246
f 2324/3064/2246 1675/3067/2039 544/1905/1466 1672/3068/2248
f 1376/3065/2247 2324/3064/2246 1672/3068/2248 552/3069/2249
f 94/3070/606 1401/2368/1846 2325/3071/2250 794/3072/1047
f 1401/2368/1846 412/3073/1845 1347/2666/2037 2325/3071/2250
f 2325/3071/2250 1347/2666/2037 543/2307/1810 1676/2305/1808
f 794/3072/1047 2325/3071/2250 1676/2305/1808 257/2304/540
f 93/3074/1049 1344/3075/2251 2326/3076/2252 801/1410/1050
f 1344/3075/2251 387/3077/2253 1346/3078/2254 2326/3076/2252
f 2326/3076/2252 1346/3078/2254 542/2299/1465 1677/2296/1805
f 801/1410/1050 2326/3076/2252 1677/2296/1805 258/599/534
f 552/3069/2249 1672/3068/2248 2327/3079/2255 1498/3080/2256
f 1672/3068/2248 544/1905/1466 1678/3081/1469 2327/3079/2255
f 2327/3079/2255 1678/3081/1469 541/3082/1474 1265/3083/2241
f 1498/3080/2256 2327/3079/2255 1265/3083/2241 551/3084/2240
f 561/3085/2257 1725/3086/2258 2328/3087/2259 1727/3088/2260
f 1725/3086/2258 539/1868/1435 1679/3089/1461 2328/3087/2259
f 2328/3087/2259 1679/3089/1461 542/3090/1465 1346/3091/2254
f 1727/3088/2260 2328/3087/2259 1346/3091/2254 387/3092/2253
f 550/3061/2245 1673/3060/2244 2329/3093/2261 1728/3094/2262
f 1673/3060/2244 545/1869/1436 1680/1872/1439 2329/3093/2261
f 2329/3093/2261 1680/1872/1439 540/1860/1427 1726/3095/2263
f 1728/3094/2262 2329/3093/2261 1726/3095/2263 562/3096/2264
f 562/3096/2264 1726/3095/2263 2330/3097/2265 1710/3098/2266
f 1726/3095/2263 540/1860/1427 1681/1863/1430 2330/3097/2265
f 2330/3097/2265 1681/1863/1430 539/1868/1435 1725/3086/2258
f 1710/3098/2266 2330/3097/2265 1725/3086/2258 561/3085/2257
f 557/3099/2267 1682/3100/2268 2331/3101/2269 1689/3102/2270
f 1682/3100/2268 560/3103/2271 1693/3104/2272 2331/3101/2269
f 2331/3101/2269 1693/3104/2272 559/3105/2273 1683/3106/2274
f 1689/3102/2270 2331/3101/2269 1683/3106/2274 556/3107/2275
f 275/3108/1076 1100/1446/1079 2332/3109/2276 1690/3110/2277
f 1100/1446/1079 274/3111/1081 1694/3112/2278 2332/3109/2276
f 2332/3109/2276 1694/3112/2278 560/3103/2271 1682/3100/2268
f 1690/3110/2277 2332/3109/2276 1682/3100/2268 557/3099/2267
f 556/3107/2275 1683/3106/2274 2333/3113/2279 1688/3114/2280
f 1683/3106/2274 559/3105/2273 1695/3115/2281 2333/3113/2279
f 2333/3113/2279 1695/3115/2281 558/3116/2282 1684/3117/2283
f 1688/3114/2280 2333/3113/2279 1684/3117/2283 554/3118/2284
f 555/3119/2285 1691/3120/2286 2334/3121/2287 1696/3122/2288
f 1691/3120/2286 554/3118/2284 1684/3123/2283 2334/3121/2287
f 2334/3121/2287 1684/3123/2283 558/3124/2282 1692/3125/2289
f 1696/3122/2288 2334/3121/2287 1692/3125/2289 549/3126/2290
f 560/3103/2271 1702/3127/2291 2335/3128/2292 1693/3104/2272
f 1702/3127/2291 553/3062/1812 1376/3065/2247 2335/3128/2292
f 2335/3128/2292 1376/3065/2247 552/3069/2249 1703/3129/2293
f 1693/3104/2272 2335/3128/2292 1703/3129/2293 559/3105/2273
f 274/1448/1081 1119/1470/1098 2336/3130/2294 1694/3131/2278
f 1119/1470/1098 92/612/544 1400/2310/1813 2336/3130/2294
f 2336/3130/2294 1400/2310/1813 553/2309/1812 1702/3132/2291
f 1694/3131/2278 2336/3130/2294 1702/3132/2291 560/3133/2271
f 559/3105/2273 1703/3129/2293 2337/3134/2295 1695/3115/2281
f 1703/3129/2293 552/3069/2249 1498/3080/2256 2337/3134/2295
f 2337/3134/2295 1498/3080/2256 551/3084/2240 1700/3135/2296
f 1695/3115/2281 2337/3134/2295 1700/3135/2296 558/3116/2282
f 549/3126/2290 1701/3136/2297 2338/3137/2298 1696/3138/2288
f 1701/3136/2297 550/3061/2245 1728/3094/2299 2338/3137/2298
f 2338/3137/2298 1728/3094/2299 562/3096/2300 1730/3139/2301
f 1696/3138/2288 2338/3137/2298 1730/3139/2301 555/3119/2285
f 556/3140/2275 1698/3141/2302 2339/3142/2303 1689/3143/2270
f 1698/3141/2302 547/3144/2304 1686/3145/2305 2339/3142/2303
f 2339/3142/2303 1686/3145/2305 548/3146/2306 1699/3147/2307
f 1689/3143/2270 2339/3142/2303 1699/3147/2307 557/3148/2267
f 557/3148/2267 1699/3147/2307 2340/3149/2308 1690/3150/2277
f 1699/3147/2307 548/3146/2306 1687/3151/2309 2340/3149/2308
f 2340/3149/2308 1687/3151/2309 264/1490/1114 1118/3152/1113
f 1690/3150/2277 2340/3149/2308 1118/3152/1113 275/3153/1076
f 555/3119/2285 1730/3139/2301 2341/3154/2310 1691/3155/2286
f 1730/3139/2301 562/3096/2300 1729/3156/2311 2341/3154/2310
f 2341/3154/2310 1729/3156/2311 546/3157/2312 1697/3158/2313
f 1691/3155/2286 2341/3154/2310 1697/3158/2313 554/3118/2284
f 558/3124/2282 1700/3135/2296 2342/3159/2314 1692/3160/2289
f 1700/3135/2296 551/3056/2240 1264/3059/2243 2342/3159/2314
f 2342/3159/2314 1264/3059/2243 550/3061/2245 1701/3136/2297
f 1692/3160/2289 2342/3159/2314 1701/3136/2297 549/3126/2290
f 554/3118/2284 1697/3158/2313 2343/3161/2315 1688/3114/2280
f 1697/3158/2313 546/3157/2312 1685/3162/2316 2343/3161/2315
f 2343/3161/2315 1685/3162/2316 547/3144/2304 1698/3141/2302
f 1688/3114/2280 2343/3161/2315 1698/3141/2302 556/3140/2275
f 292/1504/1123 1129/3163/1126 2344/3164/2317 1717/3165/2318
f 1129/3163/1126 294/1567/1131 1719/3166/2319 2344/3164/2317
f 2344/3164/2317 1719/3166/2319 567/3167/2320 1709/3168/2321
f 1717/3165/2318 2344/3164/2317 1709/3168/2321 566/3169/2322
f 565/3170/2323 1716/3171/2324 2345/3172/2325 1720/3173/2326
f 1716/3171/2324 564/3174/2327 1718/3175/2328 2345/3172/2325
f 2345/3172/2325 1718/3175/2328 566/3176/2322 1709/3177/2321
f 1720/3173/2326 2345/3172/2325 1709/3177/2321 567/3178/2320
f 568/3179/2329 1704/3180/2330 2346/3181/2331 1713/3182/2332
f 1704/3180/2330 569/3183/2333 1714/3184/2334 2346/3181/2331
f 2346/3181/2331 1714/3184/2334 562/3096/2335 1710/3185/2336
f 1713/3182/2332 2346/3181/2331 1710/3185/2336 561/3085/2257
f 285/1528/1146 1705/3186/2337 2347/3187/2338 1155/3188/1147
f 1705/3186/2337 570/3189/2339 1731/3190/2340 2347/3187/2338
f 2347/3187/2338 1731/3190/2340 387/3077/2253 1344/3075/2251
f 1155/3188/1147 2347/3187/2338 1344/3075/2251 93/3074/1049
f 570/3191/2339 1706/3192/2341 2348/3193/2342 1731/3194/2340
f 1706/3192/2341 568/3179/2329 1713/3182/2332 2348/3193/2342
f 2348/3193/2342 1713/3182/2332 561/3085/2257 1727/3195/2260
f 1731/3194/2340 2348/3193/2342 1727/3195/2260 387/3092/2253
f 571/3196/2343 1707/3197/2344 2349/3198/2345 1715/3199/2346
f 1707/3197/2344 288/3200/1162 1137/3201/1161 2349/3198/2345
f 2349/3198/2345 1137/3201/1161 281/1543/1160 1711/3202/2347
f 1715/3199/2346 2349/3198/2345 1711/3202/2347 563/3203/2348
f 569/3183/2333 1708/3204/2349 2350/3205/2350 1714/3184/2334
f 1708/3204/2349 571/3196/2343 1715/3199/2346 2350/3205/2350
f 2350/3205/2350 1715/3199/2346 563/3203/2348 1712/3206/2351
f 1714/3184/2334 2350/3205/2350 1712/3206/2351 562/3096/2335
f 564/3174/2327 1716/3207/2324 2351/3208/2352 1721/3209/2353
f 1716/3207/2324 565/3170/2323 1722/3210/2354 2351/3208/2352
f 2351/3208/2352 1722/3210/2354 569/3183/2333 1704/3180/2330
f 1721/3209/2353 2351/3208/2352 1704/3180/2330 568/3179/2329
f 292/1504/1123 1717/3211/2318 2352/3212/2355 1145/3213/1169
f 1717/3211/2318 566/3169/2322 1723/3214/2356 2352/3212/2355
f 2352/3212/2355 1723/3214/2356 570/3189/2339 1705/3186/2337
f 1145/3213/1169 2352/3212/2355 1705/3186/2337 285/1528/1146
f 566/3176/2322 1718/3215/2328 2353/3216/2357 1723/3214/2356
f 1718/3215/2328 564/3174/2327 1721/3209/2353 2353/3216/2357
f 2353/3216/2357 1721/3209/2353 568/3179/2329 1706/3192/2341
f 1723/3214/2356 2353/3216/2357 1706/3192/2341 570/3191/2339
f 567/3167/2320 1719/3217/2319 2354/3218/2358 1724/3219/2359
f 1719/3217/2319 294/1512/1131 1148/3220/1175 2354/3218/2358
f 2354/3218/2358 1148/3220/1175 288/3221/1162 1707/3197/2344
f 1724/3219/2359 2354/3218/2358 1707/3197/2344 571/3196/2343
f 565/3170/2323 1720/3222/2326 2355/3223/2360 1722/3210/2354
f 1720/3222/2326 567/3167/2320 1724/3224/2359 2355/3223/2360
f 2355/3223/2360 1724/3224/2359 571/3196/2343 1708/3204/2349
f 1722/3210/2354 2355/3223/2360 1708/3204/2349 569/3183/2333
f 383/2121/1658 1323/3225/1655 2356/3226/2361 1746/3227/2362
f 1323/3225/1655 530/3228/1654 1659/3229/2363 2356/3226/2361
f 2356/3226/2361 1659/3229/2363 595/2108/1646 1756/3230/2229
f 1746/3227/2362 2356/3226/2361 1756/3230/2229 586/3231/1644
f 373/2193/1716 1296/3232/2364 2357/3233/2365 1619/2960/2201
f 1296/3232/2364 580/2001/1554 1757/2965/2205 2357/3233/2365
f 2357/3233/2365 1757/2965/2205 594/2011/1561 1754/3234/2366
f 1619/2960/2201 2357/3233/2365 1754/3234/2366 517/2200/1723
f 369/3235/1523 1600/3236/1614 2358/3237/2367 1293/3238/2368
f 1600/3236/1614 509/3239/1613 1609/3240/2369 2358/3237/2367
f 2358/3237/2367 1609/3240/2369 593/2072/1615 1758/2925/2178
f 1293/3238/2368 2358/3237/2367 1758/2925/2178 579/2924/1528
f 356/3241/2027 1580/3242/2157 2359/3243/2370 1732/3244/2025
f 1580/3242/2157 498/2179/1706 1594/3245/2371 2359/3243/2370
f 2359/3243/2370 1594/3245/2371 592/1791/1361 1759/2900/2164
f 1732/3244/2025 2359/3243/2370 1759/2900/2164 572/2899/2022
f 377/2211/1734 1313/3246/2372 2360/3247/2373 1581/2885/2155
f 1313/3246/2372 583/2037/1585 1760/2894/2161 2360/3247/2373
f 2360/3247/2373 1760/2894/2161 591/2047/1593 1751/3248/2374
f 1581/2885/2155 2360/3247/2373 1751/3248/2374 499/2218/1741
f 329/3249/1944 1224/3250/2002 2361/3251/2375 1228/3252/2166
f 1224/3250/2002 446/3253/1952 1490/3254/2376 2361/3251/2375
f 2361/3251/2375 1490/3254/2376 590/2632/1479 1761/2629/2023
f 1228/3252/2166 2361/3251/2375 1761/2629/2023 572/2628/2022
f 375/2202/1725 1312/3255/2377 2362/3256/2378 1471/2609/2010
f 1312/3255/2377 582/2019/1569 1762/2626/2020 2362/3256/2378
f 2362/3256/2378 1762/2626/2020 589/2029/1577 1749/3257/2379
f 1471/2609/2010 2362/3256/2378 1749/3257/2379 449/2209/1732
f 355/2373/1850 1421/2488/1930 2363/3258/2380 1275/3259/2381
f 1421/2488/1930 423/2170/1697 1433/3260/2382 2363/3258/2380
f 2363/3258/2380 1433/3260/2382 587/3261/1394 1763/3262/1947
f 1275/3259/2381 2363/3258/2380 1763/3262/1947 576/3263/1372
f 358/2443/1895 1375/2442/1894 2364/3264/2383 1734/3265/2384
f 1375/2442/1894 432/2441/1478 1448/3266/2385 2364/3264/2383
f 2364/3264/2383 1448/3266/2385 588/3267/1343 1764/3268/1681
f 1734/3265/2384 2364/3264/2383 1764/3268/1681 574/3269/1680
f 530/3228/1654 1640/3270/2227 2365/3271/2386 1659/3229/2363
f 1640/3270/2227 345/3025/1389 1737/3272/1399 2365/3271/2386
f 2365/3271/2386 1737/3272/1399 577/2112/1398 1765/2109/1647
f 1659/3229/2363 2365/3271/2386 1765/2109/1647 595/2108/1646
f 378/2123/1599 1325/2122/1659 2366/3273/2387 1744/2054/1600
f 1325/2122/1659 383/2121/1658 1746/3227/2362 2366/3273/2387
f 2366/3273/2387 1746/3227/2362 586/3231/1644 1766/3274/1641
f 1744/2054/1600 2366/3273/2387 1766/3274/1641 584/3275/1601
f 366/1981/1534 1320/2227/1748 2367/3276/2388 1291/3277/1535
f 1320/2227/1748 381/2226/1747 1318/3278/2389 2367/3276/2388
f 2367/3276/2388 1318/3278/2389 585/2097/1637 1767/2094/1634
f 1291/3277/1535 2367/3276/2388 1767/2094/1634 578/1983/1536
f 509/3239/1613 1317/3279/2184 2368/3280/2390 1609/3240/2369
f 1317/3279/2184 371/1997/1550 1310/3281/1547 2368/3280/2390
f 2368/3280/2390 1310/3281/1547 581/2076/1546 1768/2073/1616
f 1609/3240/2369 2368/3280/2390 1768/2073/1616 593/2072/1615
f 499/2218/1741 1751/3248/2374 2369/3282/2391 1304/2219/1742
f 1751/3248/2374 591/2047/1593 1769/2050/1596 2369/3282/2391
f 2369/3282/2391 1769/2050/1596 584/2055/1601 1314/3283/1643
f 1304/2219/1742 2369/3282/2391 1314/3283/1643 379/1984/1537
f 449/2209/1732 1749/3257/2379 2370/3284/2392 1302/2210/1733
f 1749/3257/2379 589/2029/1577 1770/2032/1580 2370/3284/2392
f 2370/3284/2392 1770/2032/1580 583/2037/1585 1313/3246/2372
f 1302/2210/1733 2370/3284/2392 1313/3246/2372 377/2211/1734
f 517/2200/1723 1754/3234/2366 2371/3285/2393 1301/2201/1724
f 1754/3234/2366 594/2011/1561 1771/2014/1564 2371/3285/2393
f 2371/3285/2393 1771/2014/1564 582/2019/1569 1312/3255/2377
f 1301/2201/1724 2371/3285/2393 1312/3255/2377 375/2202/1725
f 370/2191/1514 1741/3286/1619 2372/3287/2394 1300/2192/1715
f 1741/3286/1619 581/1993/1546 1772/1996/1549 2372/3287/2394
f 2372/3287/2394 1772/1996/1549 580/2001/1554 1296/3232/2364
f 1300/2192/1715 2372/3287/2394 1296/3232/2364 373/2193/1716
f 369/1970/1523 1293/3288/2368 2373/3289/2395 1294/1971/1524
f 1293/3288/2368 579/3290/1528 1773/1978/1531 2373/3289/2395
f 2373/3289/2395 1773/1978/1531 578/1983/1536 1738/2096/1636
f 1294/1971/1524 2373/3289/2395 1738/2096/1636 367/1972/1525
f 446/2601/1952 1468/3291/1955 2374/3292/2396 1490/3293/2376
f 1468/3291/1955 333/1779/1349 1238/3294/1348 2374/3292/2396
f 2374/3292/2396 1238/3294/1348 573/1924/1347 1774/1921/1480
f 1490/3293/2376 2374/3292/2396 1774/1921/1480 590/1920/1479
f 423/2170/1697 1279/2169/1696 2375/3295/2397 1433/3296/2382
f 1279/2169/1696 360/2168/1651 1278/3297/1650 2375/3295/2397
f 2375/3295/2397 1278/3297/1650 577/1831/1398 1775/1828/1395
f 1433/3296/2382 2375/3295/2397 1775/1828/1395 587/1827/1394
f 359/2177/1704 1280/2374/1851 2376/3298/2398 1735/3299/2399
f 1280/2374/1851 355/2373/1850 1275/3259/2381 2376/3298/2398
f 2376/3298/2398 1275/3259/2381 576/3263/1372 1776/3300/1370
f 1735/3299/2399 2376/3298/2398 1776/3300/1370 575/1795/1365
f 498/2179/1706 1281/2178/1705 2377/3301/2400 1594/3245/2371
f 1281/2178/1705 359/2177/1704 1735/3299/2399 2377/3301/2400
f 2377/3301/2400 1735/3299/2399 575/1795/1365 1777/1792/1362
f 1594/3245/2371 2377/3301/2400 1777/1792/1362 592/1791/1361
f 432/1919/1478 1282/1918/1477 2378/3302/2401 1448/3303/2385
f 1282/1918/1477 357/1917/1303 1733/1925/1483 2378/3302/2401
f 2378/3302/2401 1733/1925/1483 573/1777/1347 1778/1774/1344
f 1448/3303/2385 2378/3302/2401 1778/1774/1344 588/1773/1343
f 574/2150/2402 1244/2153/2403 2379/3304/2404 1786/3305/2405
f 1244/2153/2403 339/3306/2406 1237/2951/2407 2379/3304/2404
f 2379/3304/2404 1237/2951/2407 514/2955/2408 1787/3307/2409
f 1786/3305/2405 2379/3304/2404 1787/3307/2409 596/3308/2410
f 596/3309/2410 1787/3310/2409 2380/3311/2411 1779/3312/2412
f 1787/3310/2409 514/2387/2408 1616/2390/2413 2380/3311/2411
f 2380/3311/2411 1616/2390/2413 351/2392/2414 1788/3313/2415
f 1779/3312/2412 2380/3311/2411 1788/3313/2415 599/3314/2416
f 599/3315/2416 1788/3316/2415 2381/3317/2417 1789/3318/2418
f 1788/3316/2415 351/2135/2414 1267/2138/2419 2381/3317/2417
f 2381/3317/2417 1267/2138/2419 338/3319/2420 1455/2565/2421
f 1789/3318/2418 2381/3317/2417 1455/2565/2421 439/2444/2422
f 358/2443/2423 1734/3265/2424 2382/3320/2425 1790/3321/2426
f 1734/3265/2424 574/3269/2402 1786/3322/2405 2382/3320/2425
f 2382/3320/2425 1786/3322/2405 596/3309/2410 1780/3323/2427
f 1790/3321/2426 2382/3320/2425 1780/3323/2427 597/3324/2428
f 597/3324/2428 1780/3323/2427 2383/3325/2429 1781/3326/2430
f 1780/3323/2427 596/3309/2410 1779/3312/2412 2383/3325/2429
f 2383/3325/2429 1779/3312/2412 599/3314/2416 1782/3327/2431
f 1781/3326/2430 2383/3325/2429 1782/3327/2431 600/3328/2432
f 600/3328/2432 1782/3327/2431 2384/3329/2433 1791/3330/2434
f 1782/3327/2431 599/3314/2416 1789/3331/2418 2384/3329/2433
f 2384/3329/2433 1789/3331/2418 439/2444/2422 1285/3332/2435
f 1791/3330/2434 2384/3329/2433 1285/3332/2435 364/2449/2436
f 334/2435/2437 1277/2438/2438 2385/3333/2439 1792/3334/2440
f 1277/2438/2438 358/2443/2423 1790/3321/2426 2385/3333/2439
f 2385/3333/2439 1790/3321/2426 597/3324/2428 1783/3335/2441
f 1792/3334/2440 2385/3333/2439 1783/3335/2441 598/3336/2442
f 598/3336/2442 1783/3335/2441 2386/3337/2443 1784/3338/2444
f 1783/3335/2441 597/3324/2428 1781/3326/2430 2386/3337/2443
f 2386/3337/2443 1781/3326/2430 600/3328/2432 1785/3339/2445
f 1784/3338/2444 2386/3337/2443 1785/3339/2445 601/3340/2446
f 601/3340/2446 1785/3339/2445 2387/3341/2447 1793/3342/2448
f 1785/3339/2445 600/3328/2432 1791/3330/2434 2387/3341/2447
f 2387/3341/2447 1791/3330/2434 364/2449/2436 1561/2841/2449
f 1793/3342/2448 2387/3341/2447 1561/2841/2449 489/2845/2450
f 463/3343/2451 1242/2547/2452 2388/3344/2453 1502/3345/2454
f 1242/2547/2452 334/2549/2437 1792/3346/2440 2388/3344/2453
f 2388/3344/2453 1792/3346/2440 598/3336/2442 1794/3347/2455
f 1502/3345/2454 2388/3344/2453 1794/3347/2455 352/2434/2456
f 352/3348/2456 1794/3349/2455 2389/3350/2457 1268/2429/2458
f 1794/3349/2455 598/3336/2442 1784/3338/2444 2389/3350/2457
f 2389/3350/2457 1784/3338/2444 601/3340/2446 1795/3351/2459
f 1268/2429/2458 2389/3350/2457 1795/3351/2459 427/2426/2460
f 427/2454/2460 1795/3351/2459 2390/3352/2461 1438/3353/2462
f 1795/3351/2459 601/3354/2446 1793/3342/2448 2390/3352/2461
f 2390/3352/2461 1793/3342/2448 489/2845/2450 1245/2384/2463
f 1438/3353/2462 2390/3352/2461 1245/2384/2463 335/3355/2464
f 697/1621/2465 308/398/2466 2405/398/2467 2419/1621/2468
f 56/520/2469 697/1621/2465 2419/1621/2468 2392/520/2470
f 698/1055/2471 178/389/2472 2397/389/2473 2420/1055/2474
f 57/396/2475 698/1055/2471 2420/1055/2474 2393/396/2476
f 744/669/2477 105/668/2478 2396/668/2478 2421/669/2479
f 81/527/2480 744/669/2477 2421/669/2479 2395/527/2481
f 768/521/2482 56/520/2469 2392/520/2470 2422/521/2483
f 80/522/2484 768/521/2482 2422/521/2483 2394/522/2485
f 770/528/2486 81/527/2480 2395/527/2481 2423/528/2487
f 55/387/2488 770/528/2486 2423/528/2487 2391/387/2489
f 924/388/2490 55/387/2488 2391/387/2489 2424/388/2491
f 178/389/2472 924/388/2490 2424/388/2491 2397/389/2473
f 261/1496/1118 1103/1503/1122 2425/1503/2492 2398/1496/2493
f 1103/1503/1122 262/1485/1111 2399/1485/2494 2425/1503/2492
f 262/1485/1111 1104/1484/1110 2426/1484/2495 2399/1485/2494
f 1104/1484/1110 263/1483/1109 2400/1483/2496 2426/1484/2495
f 263/1483/1109 1105/1491/1115 2427/1491/2497 2400/1483/2496
f 1105/1491/1115 264/1490/1114 2401/1490/2498 2427/1491/2497
f 1132/1542/1159 282/1541/1158 2404/1541/2499 2428/1542/2500
f 281/1543/1160 1132/1542/1159 2428/1542/2500 2403/1543/2501
f 1133/1548/2502 280/1430/2503 2402/1430/2504 2429/1548/2505
f 282/1541/1158 1133/1548/2502 2429/1548/2505 2404/1541/2499
f 280/1430/2503 1153/1497/2506 2430/1497/2507 2402/1430/2504
f 1153/1497/2506 261/1496/1118 2398/1496/2493 2430/1497/2507
f 1170/397/2508 57/396/2475 2393/396/2476 2431/397/2509
f 308/398/2466 1170/397/2508 2431/397/2509 2405/398/2467
f 1221/664/2510 80/522/2484 2394/522/2485 2432/664/2511
f 325/665/2512 1221/664/2510 2432/664/2511 2406/665/2512
f 585/2097/2513 1318/3278/2514 2433/3278/2515 2418/2097/2516
f 1318/3278/2514 381/2226/2517 2408/2226/2518 2433/3278/2515
f 473/2089/2519 1319/2726/2520 2434/2726/2521 2412/2089/2522
f 1319/2726/2520 382/2099/2523 2409/2099/2524 2434/2726/2521
f 105/668/2478 1365/2356/2525 2435/2356/2526 2396/668/2478
f 1365/2356/2525 406/2231/2527 2411/2231/2528 2435/2356/2526
f 381/2226/2517 1389/2225/2529 2436/2225/2530 2408/2226/2518
f 1389/2225/2529 405/2224/2531 2410/2224/2532 2436/2225/2530
f 406/2231/2527 1391/2230/2533 2437/2230/2534 2411/2231/2528
f 1391/2230/2533 380/2091/2535 2407/2091/2536 2437/2230/2534
f 380/2091/2535 1517/2090/2537 2438/2090/2538 2407/2091/2536
f 1517/2090/2537 473/2089/2519 2412/2089/2522 2438/2090/2538
f 1685/3162/2316 546/3157/2312 2413/3157/2539 2439/3162/2540
f 547/3144/2304 1685/3162/2316 2439/3162/2540 2414/3144/2541
f 1686/3145/2305 547/3144/2304 2414/3144/2541 2440/3145/2542
f 548/3146/2306 1686/3145/2305 2440/3145/2542 2415/3146/2543
f 1687/3151/2309 548/3146/2306 2415/3146/2543 2441/3151/2544
f 264/1490/1114 1687/3151/2309 2441/3151/2544 2401/1490/2498
f 563/3203/2348 1711/3202/2347 2442/3202/2545 2417/3203/2546
f 1711/3202/2347 281/1543/1160 2403/1543/2501 2442/3202/2545
f 562/3096/2547 1712/3206/2548 2443/3206/2549 2416/3096/2550
f 1712/3206/2548 563/3203/2348 2417/3203/2546 2443/3206/2549
f 1729/3156/2551 562/3096/2547 2416/3096/2550 2444/3156/2552
f 546/3157/2312 1729/3156/2551 2444/3156/2552 2413/3157/2539
f 382/2099/2523 1745/2098/2553 2445/2098/2554 2409/2099/2524
f 1745/2098/2553 585/2097/2513 2418/2097/2516 2445/2098/2554
f 405/2224/2531 1796/2350/2555 2446/2350/2556 2410/2224/2532
f 1796/2350/2555 325/665/2512 2406/665/2512 2446/2350/2556
