# Blender 4.5.0
# www.blender.org
mtllib ClosetForTexture.mtl
o Closet
v 13.333333 11.629362 -8.466667
v 13.333333 9.354343 -8.466667
v 13.333333 11.629362 -12.200001
v 13.333333 9.354343 -12.000001
v 13.333333 3.554343 -12.000001
v 13.333333 3.554343 -12.200001
v 13.333333 9.976941 -8.466667
v 13.333333 10.132356 -8.466667
v 13.333333 10.132356 -12.200001
v 13.333333 9.976941 -12.200001
v 13.333333 10.053265 -12.220619
v 13.333333 10.053266 -8.446049
v 14.023236 11.611748 -8.466667
v 14.454666 11.534725 -8.466667
v 14.837735 11.364275 -8.466667
v 15.101181 11.111231 -8.466667
v 15.351511 10.812940 -8.466667
v 15.937998 10.748280 -8.466667
v 16.028130 10.522796 -8.466667
v 16.184151 10.338740 -8.466667
v 16.343941 10.244493 -8.466667
v 16.277020 9.354343 -8.466667
v 14.454666 11.534725 -12.200001
v 14.023236 11.611748 -12.200001
v 14.837735 11.364275 -12.200001
v 15.101181 11.111231 -12.200001
v 15.351511 10.812941 -12.200001
v 16.028130 10.522795 -12.200001
v 15.837811 10.709706 -12.200001
v 16.184151 10.338740 -12.200001
v 16.343941 10.244493 -12.200001
v 16.277020 3.554343 -8.466667
v 16.277020 9.354343 -12.000001
v 16.277020 3.554343 -12.000001
v 14.000492 10.588005 -8.466667
v 14.023236 10.724598 -8.466667
v 14.417698 10.686558 -8.466667
v 14.454666 10.806320 -8.466667
v 14.788139 10.578871 -8.466667
v 14.837735 10.696860 -8.466667
v 15.042900 10.357872 -8.466667
v 15.101181 10.477989 -8.466667
v 15.198853 10.036763 -8.466667
v 15.262452 10.158801 -8.466667
v 15.852129 10.036691 -8.466667
v 15.937998 10.158873 -8.466667
v 15.939289 9.837782 -8.466667
v 16.028130 9.959996 -8.466667
v 16.090166 9.676314 -8.466667
v 16.184151 9.796764 -8.466667
v 16.257601 9.591078 -8.466667
v 16.339792 9.713702 -8.466667
v 14.023236 10.724596 -12.200001
v 14.000492 10.588005 -12.200001
v 14.454666 10.806320 -12.200001
v 14.417698 10.686558 -12.200001
v 14.837735 10.696861 -12.200001
v 14.788139 10.578871 -12.200001
v 15.101181 10.477989 -12.200001
v 15.042900 10.357872 -12.200001
v 15.262452 10.158801 -12.200001
v 15.198853 10.036763 -12.200001
v 15.937998 10.158873 -12.200001
v 15.852129 10.036691 -12.200001
v 16.028130 9.959996 -12.200001
v 15.939289 9.837782 -12.200001
v 16.184151 9.796764 -12.200001
v 16.090166 9.676314 -12.200001
v 16.339792 9.713703 -12.200001
v 16.257601 9.591078 -12.200001
v 13.667332 10.491798 -12.200001
v 13.656321 10.339334 -12.200001
v 13.667332 10.491798 -8.466667
v 13.656321 10.339334 -8.466667
v 16.331678 9.646542 -12.220619
v 16.168127 9.731642 -12.220619
v 16.012983 9.895785 -12.220619
v 15.923359 10.096874 -12.220619
v 15.251610 10.096874 -12.220619
v 15.091246 10.420560 -12.220619
v 14.829280 10.642923 -12.220619
v 14.448363 10.752697 -12.220619
v 14.019359 10.661563 -12.220619
v 16.331678 9.646542 -8.446049
v 16.168127 9.731642 -8.446049
v 16.012983 9.895785 -8.446049
v 15.923359 10.096874 -8.446049
v 15.251610 10.096874 -8.446049
v 15.091246 10.420559 -8.446049
v 14.829280 10.642923 -8.446049
v 14.448363 10.752697 -8.446049
v 14.019359 10.661563 -8.446049
v 13.665454 10.418169 -8.446049
v 13.665454 10.418169 -12.220619
v 12.643430 11.611748 -8.466667
v 12.212000 11.534725 -8.466667
v 11.828931 11.364275 -8.466667
v 11.565485 11.111231 -8.466667
v 11.315155 10.812940 -8.466667
v 10.728668 10.748280 -8.466667
v 10.638536 10.522796 -8.466667
v 10.482515 10.338740 -8.466667
v 10.322724 10.244493 -8.466667
v 13.333333 11.629362 -8.466667
v 13.333333 9.354343 -8.466667
v 10.389647 9.354343 -8.466667
v 12.212000 11.534725 -12.200001
v 12.643430 11.611748 -12.200001
v 11.828931 11.364275 -12.200001
v 11.565485 11.111231 -12.200001
v 11.315155 10.812941 -12.200001
v 10.638536 10.522795 -12.200001
v 10.828856 10.709707 -12.200001
v 10.482515 10.338740 -12.200001
v 10.322724 10.244493 -12.200001
v 13.333333 11.629362 -12.200001
v 10.389647 3.554343 -8.466667
v 13.333333 9.354343 -12.000001
v 10.389647 9.354343 -12.000001
v 13.333333 3.554343 -12.000001
v 10.389647 3.554343 -12.000001
v 13.333333 3.554343 -12.200001
v 13.333333 9.976941 -8.466667
v 13.333333 10.132356 -8.466667
v 12.666174 10.588005 -8.466667
v 12.643430 10.724596 -8.466667
v 12.248968 10.686558 -8.466667
v 12.212000 10.806320 -8.466667
v 11.878527 10.578871 -8.466667
v 11.828931 10.696861 -8.466667
v 11.623766 10.357872 -8.466667
v 11.565485 10.477989 -8.466667
v 11.467813 10.036763 -8.466667
v 11.404214 10.158801 -8.466667
v 10.814537 10.036691 -8.466667
v 10.728668 10.158873 -8.466667
v 10.727377 9.837782 -8.466667
v 10.638536 9.959996 -8.466667
v 10.576500 9.676314 -8.466667
v 10.482515 9.796764 -8.466667
v 10.409064 9.591078 -8.466667
v 10.326874 9.713702 -8.466667
v 13.333333 10.132356 -12.200001
v 13.333333 9.976941 -12.200001
v 12.643430 10.724596 -12.200001
v 12.666174 10.588005 -12.200001
v 12.212000 10.806320 -12.200001
v 12.248968 10.686558 -12.200001
v 11.828931 10.696860 -12.200001
v 11.878527 10.578871 -12.200001
v 11.565485 10.477989 -12.200001
v 11.623766 10.357872 -12.200001
v 11.404214 10.158801 -12.200001
v 11.467813 10.036763 -12.200001
v 10.728668 10.158873 -12.200001
v 10.814537 10.036691 -12.200001
v 10.638536 9.959996 -12.200001
v 10.727377 9.837782 -12.200001
v 10.482515 9.796764 -12.200001
v 10.576500 9.676314 -12.200001
v 10.326874 9.713703 -12.200001
v 10.409064 9.591078 -12.200001
v 12.999334 10.491798 -12.200001
v 13.010345 10.339334 -12.200001
v 12.999334 10.491798 -8.466667
v 13.010345 10.339334 -8.466667
v 10.334988 9.646542 -12.220619
v 10.498539 9.731642 -12.220619
v 10.653683 9.895784 -12.220619
v 10.743307 10.096874 -12.220619
v 11.415056 10.096874 -12.220619
v 11.575420 10.420560 -12.220619
v 11.837386 10.642924 -12.220619
v 12.218303 10.752697 -12.220619
v 12.647307 10.661563 -12.220619
v 13.333333 10.053266 -12.220619
v 10.334987 9.646542 -8.446049
v 10.498539 9.731642 -8.446049
v 10.653683 9.895784 -8.446049
v 10.743307 10.096874 -8.446049
v 11.415056 10.096874 -8.446049
v 11.575420 10.420559 -8.446049
v 11.837386 10.642924 -8.446049
v 12.218303 10.752697 -8.446049
v 12.647307 10.661563 -8.446049
v 13.333333 10.053265 -8.446049
v 13.001212 10.418169 -8.446049
v 13.001212 10.418169 -12.220619
v 13.333333 11.750856 -8.333334
v 13.333333 11.783569 -8.366177
v 13.333333 11.766481 -8.339004
v 13.333333 11.777920 -8.350489
v 13.333333 11.783569 -12.300491
v 13.333333 11.750856 -12.333334
v 13.333333 11.777920 -12.316179
v 13.333333 11.766481 -12.327664
v 13.333333 11.629362 -8.366177
v 13.333333 11.662091 -8.333334
v 13.333333 11.635013 -8.350489
v 13.333333 11.646458 -8.339004
v 13.333333 11.662091 -12.333334
v 13.333333 11.629362 -12.300491
v 13.333333 11.646458 -12.327663
v 13.333333 11.635013 -12.316179
v 13.970890 11.644809 -8.333334
v 13.967569 11.612288 -8.366177
v 13.969304 11.629274 -8.339005
v 13.968143 11.617902 -8.350489
v 14.454666 11.534725 -8.366177
v 14.464714 11.565819 -8.333334
v 14.456400 11.540092 -8.350489
v 14.459914 11.550965 -8.339005
v 14.837735 11.364275 -8.366177
v 14.856659 11.390930 -8.333334
v 14.841002 11.368876 -8.350489
v 14.847619 11.378197 -8.339005
v 15.101181 11.111231 -8.366177
v 15.127305 11.133580 -8.333334
v 15.105692 11.115089 -8.350489
v 15.114826 11.122904 -8.339005
v 15.262452 10.748280 -8.366177
v 15.285923 10.780922 -8.333334
v 15.266504 10.753916 -8.350489
v 15.274712 10.765329 -8.339004
v 15.962418 10.780929 -8.333334
v 15.937998 10.748280 -8.366177
v 15.950753 10.765333 -8.339004
v 15.942214 10.753917 -8.350489
v 16.028130 10.522795 -8.366177
v 16.055538 10.543342 -8.333334
v 16.032862 10.526342 -8.350489
v 16.042446 10.533527 -8.339005
v 16.184151 10.338740 -8.366177
v 16.204975 10.364151 -8.333334
v 16.187746 10.343127 -8.350489
v 16.195026 10.352013 -8.339005
v 16.365837 10.239503 -8.366177
v 16.378122 10.269917 -8.333334
v 16.367958 10.244754 -8.350489
v 16.372253 10.255389 -8.339005
v 16.542492 10.196905 -8.366177
v 16.549421 10.228758 -8.333334
v 16.543655 10.202467 -8.350533
v 16.546078 10.213591 -8.339064
v 16.690451 10.185446 -9.021895
v 16.733334 10.212863 -9.008759
v 16.691704 10.227521 -8.333334
v 16.726274 10.187065 -9.015488
v 16.691570 10.191373 -8.350236
v 16.725891 10.190943 -8.347916
v 16.730700 10.215743 -8.341021
v 16.730701 10.191475 -9.011506
v 16.729301 10.194946 -8.344496
v 16.692009 10.202019 -8.339394
v 16.726269 10.219864 -8.336428
v 16.725889 10.198416 -8.340346
v 13.979911 11.733137 -12.333334
v 13.983229 11.765642 -12.300491
v 13.981496 11.748664 -12.327663
v 13.982656 11.760031 -12.316179
v 16.695120 10.271477 -12.333334
v 16.696651 10.314526 -11.644773
v 16.733334 10.276995 -11.657909
v 16.697601 10.297080 -12.327271
v 16.726383 10.271534 -12.330240
v 16.726479 10.293061 -12.326319
v 16.726536 10.304615 -11.651177
v 16.698128 10.308009 -12.316426
v 16.726534 10.300653 -12.318747
v 16.730734 10.274881 -12.325649
v 16.730785 10.299068 -11.655165
v 16.729528 10.295912 -12.322176
v 16.575148 10.342215 -12.300491
v 16.574110 10.336598 -12.316133
v 16.423702 10.382700 -12.300491
v 16.411449 10.352377 -12.333334
v 16.421587 10.377464 -12.316179
v 16.417301 10.366861 -12.327663
v 16.282362 10.458542 -12.300491
v 16.261581 10.433189 -12.333334
v 16.278774 10.454164 -12.316179
v 16.271507 10.445299 -12.327663
v 16.160866 10.609362 -12.300491
v 16.130152 10.599272 -12.333334
v 16.155182 10.608614 -12.316128
v 16.144453 10.605080 -12.327604
v 15.885262 10.902485 -11.644773
v 16.086691 10.798750 -11.644773
v 16.028946 10.869879 -12.333334
v 16.023012 10.890697 -11.647383
v 15.900526 10.895344 -12.315770
v 16.027725 10.888180 -12.314930
v 16.074938 10.811647 -12.315763
v 16.051378 10.870025 -11.647382
v 16.047451 10.873806 -12.314926
v 15.910156 10.884192 -12.326818
v 16.060823 10.818501 -12.326815
v 16.036053 10.879030 -12.323319
v 15.373333 10.902486 -12.300491
v 15.349886 10.869877 -12.333334
v 15.369286 10.896856 -12.316179
v 15.361086 10.885453 -12.327664
v 15.224584 11.216797 -12.300491
v 15.198481 11.194466 -12.333334
v 15.220077 11.212940 -12.316179
v 15.210949 11.205132 -12.327663
v 14.927084 11.490110 -12.300491
v 14.908173 11.463472 -12.333334
v 14.923819 11.485510 -12.316179
v 14.917206 11.476196 -12.327663
v 14.502084 11.681430 -12.300491
v 14.492041 11.650352 -12.333334
v 14.500349 11.676064 -12.316179
v 14.496838 11.665196 -12.327663
v 14.492041 11.650352 -8.333334
v 14.502084 11.681430 -8.366177
v 14.496838 11.665196 -8.339005
v 14.500349 11.676064 -8.350489
v 13.983229 11.765642 -8.366177
v 13.979911 11.733137 -8.333334
v 13.982656 11.760031 -8.350489
v 13.981496 11.748664 -8.339005
v 14.908173 11.463472 -8.333334
v 14.927084 11.490110 -8.366177
v 14.917206 11.476196 -8.339005
v 14.923819 11.485511 -8.350489
v 15.198481 11.194466 -8.333334
v 15.224584 11.216797 -8.366177
v 15.210949 11.205132 -8.339005
v 15.220077 11.212940 -8.350489
v 15.349886 10.869877 -8.333334
v 15.373333 10.902486 -8.366177
v 15.361086 10.885453 -8.339004
v 15.369286 10.896856 -8.350489
v 16.130152 10.599272 -8.333334
v 16.160866 10.609362 -8.366177
v 16.144451 10.605080 -8.339064
v 16.155182 10.608614 -8.350540
v 15.885262 10.902485 -9.021895
v 16.028946 10.869879 -8.333334
v 16.086691 10.798749 -9.021895
v 15.900526 10.895344 -8.350898
v 16.023014 10.890697 -9.019285
v 16.027725 10.888180 -8.351737
v 16.060823 10.818502 -8.339853
v 15.910156 10.884192 -8.339849
v 16.036053 10.879029 -8.343349
v 16.051378 10.870025 -9.019286
v 16.074940 10.811647 -8.350904
v 16.047451 10.873806 -8.351742
v 16.261581 10.433189 -8.333334
v 16.282362 10.458542 -8.366177
v 16.271507 10.445299 -8.339005
v 16.278774 10.454165 -8.350489
v 16.411449 10.352378 -8.333334
v 16.423702 10.382700 -8.366177
v 16.417301 10.366862 -8.339005
v 16.421587 10.377466 -8.350489
v 16.575148 10.342216 -8.366177
v 16.574110 10.336598 -8.350535
v 16.695120 10.271477 -8.333334
v 16.733334 10.276995 -9.008759
v 16.696651 10.314526 -9.021895
v 16.726383 10.271534 -8.336428
v 16.697603 10.297081 -8.339397
v 16.726479 10.293062 -8.340349
v 16.730785 10.299069 -9.011503
v 16.730734 10.274882 -8.341019
v 16.729528 10.295913 -8.344493
v 16.698126 10.308009 -8.350243
v 16.726536 10.304615 -9.015491
v 16.726534 10.300653 -8.347922
v 13.967569 11.612288 -12.300491
v 13.970890 11.644810 -12.333334
v 13.968143 11.617901 -12.316179
v 13.969304 11.629273 -12.327663
v 14.464714 11.565819 -12.333334
v 14.454666 11.534724 -12.300491
v 14.459914 11.550966 -12.327663
v 14.456401 11.540092 -12.316179
v 14.856659 11.390930 -12.333334
v 14.837735 11.364275 -12.300491
v 14.847619 11.378197 -12.327663
v 14.841002 11.368876 -12.316179
v 15.127305 11.133580 -12.333334
v 15.101181 11.111231 -12.300491
v 15.114826 11.122904 -12.327663
v 15.105691 11.115089 -12.316179
v 15.285923 10.780922 -12.333334
v 15.262452 10.748280 -12.300491
v 15.274712 10.765329 -12.327663
v 15.266504 10.753915 -12.316179
v 15.937998 10.748280 -12.300491
v 15.962418 10.780929 -12.333334
v 15.942214 10.753917 -12.316179
v 15.950752 10.765333 -12.327663
v 16.055538 10.543342 -12.333334
v 16.028130 10.522795 -12.300491
v 16.042446 10.533527 -12.327663
v 16.032862 10.526342 -12.316179
v 16.204975 10.364151 -12.333334
v 16.184151 10.338740 -12.300491
v 16.195026 10.352013 -12.327663
v 16.187746 10.343127 -12.316179
v 16.378122 10.269917 -12.333334
v 16.365837 10.239503 -12.300491
v 16.372253 10.255389 -12.327663
v 16.367958 10.244754 -12.316179
v 16.549421 10.228758 -12.333334
v 16.542492 10.196905 -12.300491
v 16.546078 10.213591 -12.327603
v 16.543655 10.202467 -12.316133
v 16.690451 10.185446 -11.644772
v 16.691704 10.227521 -12.333334
v 16.733334 10.212863 -11.657909
v 16.691570 10.191373 -12.316432
v 16.726274 10.187065 -11.651179
v 16.725891 10.190943 -12.318751
v 16.726269 10.219865 -12.330240
v 16.692007 10.202019 -12.327273
v 16.725889 10.198416 -12.326322
v 16.730701 10.191475 -11.655161
v 16.730700 10.215743 -12.325647
v 16.729301 10.194945 -12.322172
v 16.414207 10.220574 -8.469601
v 16.473051 10.207165 -8.489348
v 16.518990 10.196695 -8.535286
v 16.541670 10.191526 -12.068630
v 16.410299 10.221466 -12.200001
v 16.518990 10.196695 -12.131382
v 16.473051 10.207165 -12.177320
v 16.399033 3.554343 -8.469601
v 16.518990 3.554343 -8.535286
v 16.473051 3.554343 -8.489348
v 16.410299 3.554343 -12.200001
v 16.541670 3.554343 -12.068630
v 16.473051 3.554343 -12.177320
v 16.518990 3.554343 -12.131382
v 16.401562 9.560125 -8.469601
v 16.379559 9.558074 -8.469776
v 16.514851 9.528742 -8.539398
v 16.460533 9.540518 -8.490707
v 16.395535 9.695322 -8.469774
v 16.460047 9.682189 -8.490690
v 16.514690 9.671066 -8.539346
v 16.386333 9.556604 -12.200001
v 16.541670 9.522928 -12.060756
v 16.460533 9.540518 -12.175961
v 16.514851 9.528742 -12.127269
v 16.541670 9.665573 -12.060857
v 16.385403 9.697384 -12.200001
v 16.514690 9.671066 -12.127322
v 16.460047 9.682190 -12.175978
v 16.577106 9.587782 -12.081426
v 16.420956 9.620756 -12.220619
v 16.550148 9.593475 -12.147914
v 16.495544 9.605005 -12.196587
v 16.422310 9.620488 -8.449157
v 16.495544 9.605005 -8.470080
v 16.550148 9.593475 -8.518754
v 12.699097 11.612288 -8.366177
v 12.695776 11.644809 -8.333334
v 12.698523 11.617902 -8.350489
v 12.697362 11.629274 -8.339005
v 12.201952 11.565819 -8.333334
v 12.212000 11.534725 -8.366177
v 12.206752 11.550966 -8.339005
v 12.210266 11.540092 -8.350489
v 11.810007 11.390930 -8.333334
v 11.828931 11.364275 -8.366177
v 11.819047 11.378197 -8.339005
v 11.825664 11.368876 -8.350489
v 11.539361 11.133580 -8.333334
v 11.565485 11.111231 -8.366177
v 11.551840 11.122904 -8.339005
v 11.560974 11.115089 -8.350489
v 11.380743 10.780922 -8.333334
v 11.404214 10.748280 -8.366177
v 11.391954 10.765329 -8.339004
v 11.400162 10.753915 -8.350489
v 10.728668 10.748280 -8.366177
v 10.704248 10.780929 -8.333334
v 10.724452 10.753917 -8.350489
v 10.715913 10.765333 -8.339004
v 10.611128 10.543342 -8.333334
v 10.638536 10.522795 -8.366177
v 10.624221 10.533527 -8.339005
v 10.633804 10.526342 -8.350489
v 10.461691 10.364151 -8.333334
v 10.482516 10.338740 -8.366177
v 10.471639 10.352013 -8.339005
v 10.478921 10.343127 -8.350489
v 10.288544 10.269917 -8.333334
v 10.300830 10.239503 -8.366177
v 10.294413 10.255389 -8.339005
v 10.298709 10.244754 -8.350489
v 10.117245 10.228758 -8.333334
v 10.124175 10.196905 -8.366177
v 10.120587 10.213591 -8.339064
v 10.123011 10.202467 -8.350533
v 9.976215 10.185446 -9.021895
v 9.974962 10.227521 -8.333334
v 9.933332 10.212863 -9.008759
v 9.975097 10.191373 -8.350236
v 9.940392 10.187065 -9.015488
v 9.940775 10.190943 -8.347916
v 9.940397 10.219865 -8.336428
v 9.974658 10.202019 -8.339394
v 9.940777 10.198416 -8.340346
v 9.935965 10.191475 -9.011506
v 9.935966 10.215743 -8.341021
v 9.937364 10.194945 -8.344496
v 12.683437 11.765642 -12.300491
v 12.686755 11.733137 -12.333334
v 12.684010 11.760030 -12.316179
v 12.685170 11.748663 -12.327663
v 9.971546 10.271477 -12.333334
v 9.933332 10.276995 -11.657909
v 9.970015 10.314526 -11.644773
v 9.940283 10.271533 -12.330240
v 9.969064 10.297081 -12.327271
v 9.940187 10.293062 -12.326319
v 9.935880 10.299068 -11.655165
v 9.935932 10.274882 -12.325649
v 9.937138 10.295912 -12.322176
v 9.968540 10.308008 -12.316425
v 9.940131 10.304615 -11.651176
v 9.940133 10.300653 -12.318747
v 10.091518 10.342215 -12.300491
v 10.092555 10.336598 -12.316133
v 10.255217 10.352377 -12.333334
v 10.242965 10.382700 -12.300491
v 10.249364 10.366861 -12.327663
v 10.245080 10.377464 -12.316179
v 10.405084 10.433189 -12.333334
v 10.384304 10.458542 -12.300491
v 10.395158 10.445299 -12.327663
v 10.387892 10.454164 -12.316179
v 10.536513 10.599272 -12.333334
v 10.505800 10.609362 -12.300491
v 10.522214 10.605080 -12.327604
v 10.511484 10.608614 -12.316128
v 10.781404 10.902485 -11.644773
v 10.637720 10.869879 -12.333334
v 10.579975 10.798749 -11.644773
v 10.766140 10.895344 -12.315770
v 10.643653 10.890697 -11.647383
v 10.638940 10.888180 -12.314931
v 10.605843 10.818502 -12.326815
v 10.756510 10.884192 -12.326818
v 10.630613 10.879029 -12.323319
v 10.615289 10.870025 -11.647382
v 10.591727 10.811647 -12.315763
v 10.619215 10.873806 -12.314926
v 11.316780 10.869877 -12.333334
v 11.293333 10.902486 -12.300491
v 11.305580 10.885453 -12.327664
v 11.297380 10.896856 -12.316179
v 11.468185 11.194466 -12.333334
v 11.442082 11.216797 -12.300491
v 11.455717 11.205132 -12.327663
v 11.446589 11.212940 -12.316179
v 11.758493 11.463472 -12.333334
v 11.739582 11.490110 -12.300491
v 11.749460 11.476196 -12.327663
v 11.742847 11.485511 -12.316179
v 12.174625 11.650352 -12.333334
v 12.164582 11.681430 -12.300491
v 12.169828 11.665195 -12.327663
v 12.166316 11.676064 -12.316179
v 12.164582 11.681430 -8.366177
v 12.174625 11.650352 -8.333334
v 12.166317 11.676064 -8.350489
v 12.169828 11.665196 -8.339005
v 12.686755 11.733137 -8.333334
v 12.683437 11.765642 -8.366177
v 12.685170 11.748664 -8.339005
v 12.684010 11.760030 -8.350489
v 11.739582 11.490110 -8.366177
v 11.758493 11.463472 -8.333334
v 11.742847 11.485511 -8.350489
v 11.749460 11.476196 -8.339005
v 11.442082 11.216797 -8.366177
v 11.468185 11.194466 -8.333334
v 11.446589 11.212940 -8.350489
v 11.455717 11.205132 -8.339005
v 11.293333 10.902486 -8.366177
v 11.316780 10.869877 -8.333334
v 11.297380 10.896856 -8.350489
v 11.305580 10.885453 -8.339004
v 10.505800 10.609362 -8.366177
v 10.536513 10.599272 -8.333334
v 10.511484 10.608614 -8.350540
v 10.522214 10.605080 -8.339064
v 10.781404 10.902485 -9.021895
v 10.579975 10.798750 -9.021895
v 10.637720 10.869879 -8.333334
v 10.643653 10.890697 -9.019285
v 10.766140 10.895344 -8.350898
v 10.638940 10.888180 -8.351738
v 10.591727 10.811647 -8.350904
v 10.615289 10.870025 -9.019286
v 10.619215 10.873806 -8.351742
v 10.756510 10.884192 -8.339849
v 10.605843 10.818501 -8.339853
v 10.630613 10.879030 -8.343349
v 10.384304 10.458542 -8.366177
v 10.405084 10.433189 -8.333334
v 10.387892 10.454165 -8.350489
v 10.395158 10.445299 -8.339005
v 10.242965 10.382700 -8.366177
v 10.255217 10.352378 -8.333334
v 10.245080 10.377466 -8.350489
v 10.249364 10.366862 -8.339005
v 10.091518 10.342216 -8.366177
v 10.092555 10.336599 -8.350534
v 9.971546 10.271477 -8.333334
v 9.970015 10.314526 -9.021895
v 9.933332 10.276995 -9.008759
v 9.969064 10.297081 -8.339397
v 9.940283 10.271534 -8.336428
v 9.940187 10.293062 -8.340349
v 9.940131 10.304615 -9.015491
v 9.968539 10.308010 -8.350242
v 9.940132 10.300653 -8.347922
v 9.935932 10.274881 -8.341019
v 9.935880 10.299069 -9.011503
v 9.937138 10.295912 -8.344493
v 12.695776 11.644810 -12.333334
v 12.699097 11.612288 -12.300491
v 12.697362 11.629274 -12.327663
v 12.698523 11.617902 -12.316179
v 12.212000 11.534724 -12.300491
v 12.201952 11.565819 -12.333334
v 12.210265 11.540092 -12.316179
v 12.206752 11.550965 -12.327663
v 11.828931 11.364275 -12.300491
v 11.810007 11.390930 -12.333334
v 11.825664 11.368876 -12.316179
v 11.819047 11.378197 -12.327663
v 11.565485 11.111231 -12.300491
v 11.539361 11.133580 -12.333334
v 11.560974 11.115089 -12.316179
v 11.551840 11.122904 -12.327663
v 11.404214 10.748280 -12.300491
v 11.380743 10.780922 -12.333334
v 11.400162 10.753915 -12.316179
v 11.391954 10.765329 -12.327663
v 10.704248 10.780929 -12.333334
v 10.728668 10.748280 -12.300491
v 10.715914 10.765333 -12.327663
v 10.724452 10.753917 -12.316179
v 10.638536 10.522795 -12.300491
v 10.611128 10.543342 -12.333334
v 10.633805 10.526342 -12.316179
v 10.624221 10.533527 -12.327663
v 10.482516 10.338740 -12.300491
v 10.461691 10.364151 -12.333334
v 10.478921 10.343127 -12.316179
v 10.471639 10.352013 -12.327663
v 10.300830 10.239503 -12.300491
v 10.288543 10.269917 -12.333334
v 10.298709 10.244754 -12.316179
v 10.294413 10.255389 -12.327663
v 10.124175 10.196905 -12.300491
v 10.117245 10.228758 -12.333334
v 10.123011 10.202467 -12.316133
v 10.120587 10.213592 -12.327603
v 9.976215 10.185446 -11.644772
v 9.933332 10.212863 -11.657909
v 9.974962 10.227521 -12.333334
v 9.940392 10.187065 -11.651179
v 9.975097 10.191373 -12.316432
v 9.940775 10.190943 -12.318751
v 9.935966 10.215743 -12.325647
v 9.935965 10.191475 -11.655161
v 9.937365 10.194945 -12.322172
v 9.974658 10.202019 -12.327273
v 9.940397 10.219864 -12.330240
v 9.940778 10.198416 -12.326321
v 13.333333 11.783569 -8.366177
v 13.333333 11.750856 -8.333334
v 13.333333 11.777920 -8.350489
v 13.333333 11.766481 -8.339004
v 13.333333 11.750856 -12.333334
v 13.333333 11.783569 -12.300491
v 13.333333 11.766481 -12.327664
v 13.333333 11.777920 -12.316179
v 13.333333 11.662091 -8.333334
v 13.333333 11.629362 -8.366177
v 13.333333 11.646458 -8.339004
v 13.333333 11.635013 -8.350489
v 13.333333 11.629362 -12.300491
v 13.333333 11.662091 -12.333334
v 13.333333 11.635013 -12.316179
v 13.333333 11.646458 -12.327663
v 10.252460 10.220575 -8.469601
v 10.147677 10.196695 -8.535286
v 10.193615 10.207165 -8.489348
v 10.256367 10.221466 -12.200001
v 10.124996 10.191526 -12.068630
v 10.193615 10.207165 -12.177320
v 10.147677 10.196695 -12.131382
v 10.267632 3.554343 -8.469601
v 10.193615 3.554343 -8.489348
v 10.147677 3.554343 -8.535286
v 10.124996 3.554343 -12.068630
v 10.256367 3.554343 -12.200001
v 10.147677 3.554343 -12.131382
v 10.193615 3.554343 -12.177320
v 10.265104 9.560125 -8.469601
v 10.287108 9.558074 -8.469776
v 10.206133 9.540518 -8.490707
v 10.151815 9.528742 -8.539398
v 10.271132 9.695322 -8.469774
v 10.151976 9.671066 -8.539346
v 10.206619 9.682189 -8.490690
v 10.124996 9.522928 -12.060756
v 10.280333 9.556604 -12.200001
v 10.151815 9.528742 -12.127269
v 10.206133 9.540518 -12.175961
v 10.281263 9.697384 -12.200001
v 10.124996 9.665573 -12.060857
v 10.206619 9.682190 -12.175978
v 10.151976 9.671066 -12.127322
v 10.245710 9.620756 -12.220619
v 10.089559 9.587782 -12.081426
v 10.171122 9.605005 -12.196588
v 10.116518 9.593475 -12.147914
v 10.244356 9.620488 -8.449157
v 10.116518 9.593475 -8.518754
v 10.171122 9.605005 -8.470081
v 13.333333 10.014844 -12.214176
v 13.333333 10.092551 -8.452492
v 13.333333 10.092551 -12.214176
v 13.333333 10.014844 -8.452492
v 14.235274 11.584201 -8.466667
v 14.658937 11.459991 -8.466667
v 14.985186 11.250833 -8.466667
v 15.200479 10.947217 -8.466667
v 15.977172 10.633305 -8.466667
v 16.099106 10.421930 -8.466667
v 16.271950 10.279986 -8.466667
v 13.837069 11.623111 -8.466667
v 15.611357 10.756363 -8.466667
v 14.235274 11.584202 -12.200001
v 14.658937 11.459990 -12.200001
v 14.985186 11.250833 -12.200001
v 15.200479 10.947216 -12.200001
v 15.964648 10.628483 -12.200001
v 16.099106 10.421930 -12.200001
v 16.271950 10.279986 -12.200001
v 13.837069 11.623111 -12.200001
v 15.598834 10.751541 -12.200001
v 16.300825 9.617713 -12.214176
v 16.271431 9.744591 -12.200001
v 16.134953 9.703060 -12.214176
v 16.176683 9.624583 -12.200001
v 16.099106 9.870653 -12.200001
v 15.981625 9.866201 -12.214176
v 16.007925 9.749185 -12.200001
v 15.977172 10.057554 -12.200001
v 15.893049 10.066612 -12.214176
v 15.890011 9.935178 -12.200001
v 15.229160 10.066648 -12.214175
v 15.189346 10.326678 -12.200001
v 15.070673 10.389709 -12.214176
v 15.128158 10.205580 -12.200001
v 14.985186 10.600194 -12.200001
v 14.811773 10.611845 -12.214176
v 14.930728 10.481127 -12.200001
v 14.658937 10.770880 -12.200001
v 14.435315 10.720800 -12.214176
v 14.615234 10.653461 -12.200001
v 14.235274 10.788256 -12.200001
v 14.011331 10.625771 -12.214176
v 14.205540 10.661368 -12.200001
v 13.500332 10.321952 -12.200001
v 13.820462 10.480207 -12.200001
v 16.341919 9.679026 -8.452492
v 16.181946 9.763285 -8.452492
v 16.271431 9.744591 -8.466667
v 16.176683 9.624583 -8.466667
v 16.026045 9.927309 -8.452492
v 16.099106 9.870653 -8.466667
v 16.007925 9.749185 -8.466667
v 15.935984 10.127704 -8.452493
v 15.977172 10.057554 -8.466667
v 15.890011 9.935178 -8.466667
v 15.260960 10.127668 -8.452492
v 15.099814 10.449767 -8.452492
v 15.189346 10.326678 -8.466667
v 15.128158 10.205580 -8.466667
v 14.836572 10.670840 -8.452492
v 14.985186 10.600194 -8.466667
v 14.930728 10.481127 -8.466667
v 14.453798 10.780682 -8.452492
v 14.658937 10.770880 -8.466667
v 14.615234 10.653461 -8.466667
v 14.022703 10.694067 -8.452492
v 14.235274 10.788256 -8.466667
v 14.205540 10.661369 -8.466667
v 13.837069 10.626066 -8.466667
v 13.494826 10.166841 -8.466667
v 13.837069 10.626066 -12.200001
v 13.494826 10.166841 -12.200001
v 13.500332 10.321952 -8.466667
v 13.820462 10.480207 -8.466667
v 13.661568 10.379240 -8.452492
v 13.661568 10.379240 -12.214176
v 16.341919 9.679026 -12.214176
v 16.181946 9.763286 -12.214176
v 16.026045 9.927309 -12.214176
v 15.935984 10.127704 -12.214175
v 15.260960 10.127668 -12.214176
v 15.099813 10.449767 -12.214176
v 14.836572 10.670840 -12.214176
v 14.453798 10.780682 -12.214176
v 14.022703 10.694066 -12.214176
v 16.300825 9.617713 -8.452492
v 16.134953 9.703060 -8.452492
v 15.981625 9.866201 -8.452492
v 15.893049 10.066612 -8.452492
v 15.229160 10.066648 -8.452493
v 15.070673 10.389709 -8.452492
v 14.811774 10.611845 -8.452492
v 14.435315 10.720800 -8.452492
v 14.011331 10.625771 -8.452492
v 13.667073 10.455472 -8.452492
v 13.667073 10.455472 -12.214176
v 13.834238 10.557259 -12.220619
v 13.834238 10.557260 -8.446049
v 14.230205 10.730831 -8.446049
v 14.651486 10.718049 -8.446049
v 14.975902 10.544645 -8.446049
v 15.178914 10.267081 -8.446049
v 15.962313 9.994339 -8.446049
v 16.083561 9.805832 -8.446049
v 16.256016 9.679113 -8.446049
v 14.230205 10.730831 -12.220619
v 14.651486 10.718050 -12.220619
v 14.975902 10.544645 -12.220619
v 15.178915 10.267081 -12.220619
v 15.962313 9.994339 -12.220619
v 16.083561 9.805832 -12.220619
v 16.256016 9.679113 -12.220619
v 12.431392 11.584201 -8.466667
v 12.007730 11.459991 -8.466667
v 11.681480 11.250833 -8.466667
v 11.466187 10.947217 -8.466667
v 10.689494 10.633305 -8.466667
v 10.567560 10.421930 -8.466667
v 10.394717 10.279986 -8.466667
v 12.829597 11.623110 -8.466667
v 11.055309 10.756363 -8.466667
v 12.431392 11.584202 -12.200001
v 12.007730 11.459990 -12.200001
v 11.681480 11.250833 -12.200001
v 11.466187 10.947216 -12.200001
v 10.702018 10.628483 -12.200001
v 10.567560 10.421930 -12.200001
v 10.394717 10.279985 -12.200001
v 12.829597 11.623112 -12.200001
v 11.067832 10.751541 -12.200001
v 10.365842 9.617713 -12.214176
v 10.395236 9.744591 -12.200001
v 10.531713 9.703060 -12.214176
v 10.489983 9.624583 -12.200001
v 10.567560 9.870653 -12.200001
v 10.685041 9.866201 -12.214176
v 10.658740 9.749185 -12.200001
v 10.689494 10.057554 -12.200001
v 10.773617 10.066612 -12.214176
v 10.776655 9.935178 -12.200001
v 11.437506 10.066648 -12.214175
v 11.477320 10.326678 -12.200001
v 11.595993 10.389709 -12.214176
v 11.538508 10.205580 -12.200001
v 11.681480 10.600194 -12.200001
v 11.854892 10.611845 -12.214176
v 11.735938 10.481127 -12.200001
v 12.007730 10.770880 -12.200001
v 12.231351 10.720800 -12.214176
v 12.051432 10.653461 -12.200001
v 12.431392 10.788256 -12.200001
v 12.655335 10.625771 -12.214176
v 12.461126 10.661369 -12.200001
v 13.166334 10.321952 -12.200001
v 13.333333 10.014844 -12.214176
v 12.846204 10.480207 -12.200001
v 10.324746 9.679026 -8.452492
v 10.484720 9.763285 -8.452492
v 10.395236 9.744591 -8.466667
v 10.489983 9.624583 -8.466667
v 10.640620 9.927309 -8.452492
v 10.567560 9.870653 -8.466667
v 10.658740 9.749185 -8.466667
v 10.730682 10.127704 -8.452493
v 10.689494 10.057554 -8.466667
v 10.776655 9.935178 -8.466667
v 11.405706 10.127668 -8.452492
v 11.566852 10.449767 -8.452492
v 11.477320 10.326678 -8.466667
v 11.538508 10.205580 -8.466667
v 11.830094 10.670840 -8.452492
v 11.681480 10.600194 -8.466667
v 11.735938 10.481127 -8.466667
v 12.212868 10.780682 -8.452492
v 12.007730 10.770880 -8.466667
v 12.051432 10.653461 -8.466667
v 12.643963 10.694067 -8.452492
v 12.431392 10.788256 -8.466667
v 12.461126 10.661369 -8.466667
v 13.333333 10.092551 -8.452492
v 12.829597 10.626066 -8.466667
v 13.171840 10.166841 -8.466667
v 12.829597 10.626066 -12.200001
v 13.171840 10.166841 -12.200001
v 13.166334 10.321952 -8.466667
v 12.846204 10.480207 -8.466667
v 13.005098 10.379240 -8.452492
v 13.005098 10.379240 -12.214176
v 10.324746 9.679026 -12.214176
v 10.484720 9.763285 -12.214176
v 10.640620 9.927309 -12.214176
v 10.730682 10.127704 -12.214175
v 11.405706 10.127668 -12.214176
v 11.566853 10.449767 -12.214176
v 11.830094 10.670840 -12.214176
v 12.212868 10.780682 -12.214176
v 12.643963 10.694067 -12.214176
v 13.333333 10.092551 -12.214176
v 10.365842 9.617713 -8.452492
v 10.531713 9.703060 -8.452492
v 10.685041 9.866201 -8.452492
v 10.773617 10.066612 -8.452492
v 11.437506 10.066648 -8.452493
v 11.595993 10.389709 -8.452492
v 11.854892 10.611845 -8.452492
v 12.231351 10.720800 -8.452492
v 12.655335 10.625771 -8.452492
v 13.333333 10.014844 -8.452492
v 12.999593 10.455472 -8.452492
v 12.999593 10.455472 -12.214176
v 12.832428 10.557260 -12.220619
v 12.832428 10.557259 -8.446049
v 12.436461 10.730831 -8.446049
v 12.015181 10.718049 -8.446049
v 11.690764 10.544645 -8.446049
v 11.487751 10.267081 -8.446049
v 10.704353 9.994339 -8.446049
v 10.583104 9.805832 -8.446049
v 10.410651 9.679113 -8.446049
v 12.436461 10.730831 -12.220619
v 12.015181 10.718049 -12.220619
v 11.690764 10.544645 -12.220619
v 11.487751 10.267081 -12.220619
v 10.704353 9.994339 -12.220619
v 10.583104 9.805832 -12.220619
v 10.410651 9.679113 -12.220619
v 16.691425 10.188140 -8.425768
v 16.720264 10.185924 -9.017585
v 16.726109 10.188566 -8.435455
v 16.719584 10.190538 -8.349260
v 16.728773 10.188942 -9.013505
v 16.730188 10.192956 -8.430721
v 16.727951 10.192267 -8.346430
v 16.732048 10.196072 -9.009681
v 16.732046 10.213855 -8.412989
v 16.730186 10.200354 -8.342505
v 16.728769 10.217810 -8.338408
v 16.726103 10.205134 -8.337945
v 16.727951 10.196894 -8.341753
v 16.720379 10.222148 -8.335039
v 16.692278 10.210135 -8.336104
v 16.719635 10.199962 -8.339694
v 16.725748 10.194135 -8.343575
v 16.720905 10.270348 -12.331628
v 16.696875 10.288858 -12.330562
v 16.721100 10.292812 -12.326970
v 16.726450 10.286290 -12.328722
v 16.698002 10.303210 -12.322535
v 16.721233 10.302472 -12.317400
v 16.726454 10.297416 -12.323088
v 16.697899 10.311418 -12.240895
v 16.721245 10.307204 -11.649079
v 16.726559 10.303074 -12.231208
v 16.728931 10.302094 -11.653164
v 16.730328 10.297711 -12.235951
v 16.728340 10.298876 -12.320237
v 16.732084 10.294135 -11.656990
v 16.732063 10.276415 -12.253681
v 16.730297 10.290345 -12.324166
v 16.728834 10.273194 -12.328260
v 16.728312 10.294219 -12.324915
v 15.895325 10.898705 -12.240171
v 15.995950 10.897011 -11.647188
v 16.024979 10.889900 -12.226531
v 16.002438 10.892574 -12.315393
v 16.049980 10.871679 -12.226528
v 16.038418 10.882122 -12.314608
v 16.063786 10.852057 -11.647187
v 16.079891 10.807404 -12.240168
v 16.057077 10.858180 -12.315386
v 16.068619 10.815271 -12.322006
v 16.043461 10.865491 -12.325504
v 16.043240 10.876053 -12.319995
v 16.048561 10.825060 -12.330153
v 15.924112 10.875867 -12.330154
v 16.013243 10.881998 -12.325507
v 15.905380 10.890518 -12.322013
v 16.031090 10.884907 -12.319998
v 15.995950 10.897011 -9.019480
v 15.895325 10.898705 -8.426497
v 16.002438 10.892574 -8.351275
v 16.024979 10.889900 -8.440137
v 15.905381 10.890518 -8.344655
v 16.013243 10.881998 -8.341161
v 16.031090 10.884907 -8.346669
v 15.924112 10.875868 -8.336514
v 16.048561 10.825060 -8.336515
v 16.043461 10.865491 -8.341164
v 16.068621 10.815271 -8.344662
v 16.057079 10.858180 -8.351282
v 16.043240 10.876053 -8.346673
v 16.079891 10.807404 -8.426500
v 16.063786 10.852057 -9.019481
v 16.049980 10.871679 -8.440140
v 16.038418 10.882121 -8.352060
v 16.696875 10.288858 -8.336106
v 16.720905 10.270348 -8.335040
v 16.726450 10.286290 -8.337946
v 16.721100 10.292813 -8.339698
v 16.728836 10.273194 -8.338408
v 16.730297 10.290345 -8.342503
v 16.728310 10.294220 -8.341753
v 16.732063 10.276415 -8.412987
v 16.732084 10.294135 -9.009678
v 16.730328 10.297711 -8.430717
v 16.728930 10.302094 -9.013505
v 16.726559 10.303074 -8.435460
v 16.728340 10.298876 -8.346432
v 16.721245 10.307204 -9.017589
v 16.697899 10.311418 -8.425773
v 16.721233 10.302472 -8.349268
v 16.698002 10.303211 -8.344133
v 16.726454 10.297416 -8.343580
v 16.720264 10.185924 -11.649082
v 16.691425 10.188140 -12.240899
v 16.719584 10.190538 -12.317408
v 16.726109 10.188567 -12.231213
v 16.719635 10.199961 -12.326973
v 16.725748 10.194135 -12.323092
v 16.692278 10.210135 -12.330563
v 16.720381 10.222149 -12.331629
v 16.726103 10.205134 -12.328723
v 16.728769 10.217810 -12.328259
v 16.730188 10.200354 -12.324162
v 16.727951 10.196893 -12.324915
v 16.732046 10.213855 -12.253679
v 16.732048 10.196072 -11.656987
v 16.730188 10.192955 -12.235947
v 16.728773 10.188942 -11.653163
v 16.727953 10.192268 -12.320237
v 9.946402 10.185924 -9.017585
v 9.975242 10.188140 -8.425768
v 9.947083 10.190538 -8.349260
v 9.940558 10.188567 -8.435455
v 9.947030 10.199962 -8.339694
v 9.940918 10.194134 -8.343575
v 9.974388 10.210136 -8.336105
v 9.946286 10.222149 -8.335039
v 9.940562 10.205134 -8.337945
v 9.937897 10.217810 -8.338408
v 9.936479 10.200354 -8.342505
v 9.938714 10.196893 -8.341753
v 9.934620 10.213855 -8.412989
v 9.934619 10.196072 -9.009681
v 9.936478 10.192955 -8.430721
v 9.937893 10.188942 -9.013504
v 9.938713 10.192267 -8.346430
v 9.969791 10.288858 -12.330562
v 9.945760 10.270348 -12.331628
v 9.940216 10.286290 -12.328722
v 9.945566 10.292812 -12.326970
v 9.937832 10.273194 -12.328260
v 9.936368 10.290345 -12.324165
v 9.938355 10.294220 -12.324915
v 9.934603 10.276415 -12.253681
v 9.934583 10.294135 -11.656990
v 9.936339 10.297711 -12.235951
v 9.937737 10.302094 -11.653164
v 9.940107 10.303074 -12.231208
v 9.938326 10.298876 -12.320237
v 9.945421 10.307203 -11.649079
v 9.968767 10.311417 -12.240895
v 9.945433 10.302472 -12.317400
v 9.968664 10.303210 -12.322535
v 9.940212 10.297416 -12.323088
v 10.670716 10.897011 -11.647188
v 10.771341 10.898705 -12.240171
v 10.664228 10.892574 -12.315392
v 10.641686 10.889900 -12.226531
v 10.761285 10.890518 -12.322013
v 10.653423 10.881998 -12.325507
v 10.635576 10.884907 -12.319999
v 10.742554 10.875867 -12.330154
v 10.618104 10.825060 -12.330153
v 10.623205 10.865491 -12.325504
v 10.598046 10.815271 -12.322006
v 10.609588 10.858180 -12.315386
v 10.623425 10.876053 -12.319995
v 10.586775 10.807404 -12.240168
v 10.602880 10.852057 -11.647187
v 10.616686 10.871679 -12.226528
v 10.628249 10.882121 -12.314608
v 10.771341 10.898705 -8.426497
v 10.670716 10.897011 -9.019480
v 10.641686 10.889900 -8.440137
v 10.664228 10.892574 -8.351274
v 10.616686 10.871679 -8.440140
v 10.628249 10.882122 -8.352060
v 10.602880 10.852057 -9.019481
v 10.586775 10.807404 -8.426500
v 10.609588 10.858180 -8.351282
v 10.598046 10.815271 -8.344662
v 10.623205 10.865491 -8.341164
v 10.623425 10.876053 -8.346673
v 10.618104 10.825060 -8.336515
v 10.742554 10.875867 -8.336514
v 10.653423 10.881998 -8.341161
v 10.761285 10.890518 -8.344655
v 10.635576 10.884907 -8.346670
v 9.945760 10.270348 -8.335040
v 9.969791 10.288858 -8.336106
v 9.945566 10.292813 -8.339698
v 9.940216 10.286290 -8.337946
v 9.968663 10.303210 -8.344133
v 9.945432 10.302473 -8.349268
v 9.940212 10.297417 -8.343580
v 9.968767 10.311418 -8.425773
v 9.945421 10.307204 -9.017589
v 9.940107 10.303074 -8.435461
v 9.937736 10.302094 -9.013505
v 9.936338 10.297712 -8.430717
v 9.938326 10.298877 -8.346432
v 9.934583 10.294135 -9.009678
v 9.934603 10.276415 -8.412987
v 9.936369 10.290345 -8.342503
v 9.937832 10.273195 -8.338408
v 9.938355 10.294220 -8.341753
v 9.975242 10.188140 -12.240899
v 9.946402 10.185924 -11.649082
v 9.940558 10.188567 -12.231213
v 9.947083 10.190538 -12.317408
v 9.937894 10.188942 -11.653163
v 9.936478 10.192955 -12.235947
v 9.938714 10.192267 -12.320237
v 9.934619 10.196072 -11.656987
v 9.934620 10.213855 -12.253679
v 9.936479 10.200354 -12.324162
v 9.937897 10.217810 -12.328259
v 9.940562 10.205134 -12.328723
v 9.938715 10.196893 -12.324915
v 9.946286 10.222148 -12.331629
v 9.974388 10.210136 -12.330563
v 9.947031 10.199962 -12.326974
v 9.940918 10.194135 -12.323092
v 14.501362 11.679197 -8.358057
v 14.257930 11.735516 -8.366177
v 13.982990 11.763308 -8.358057
v 14.256846 11.729982 -8.350489
v 14.498823 11.671341 -8.343994
v 13.982152 11.755091 -8.343994
v 14.254653 11.718775 -8.339005
v 14.494523 11.658035 -8.335692
v 13.980731 11.741173 -8.335692
v 14.251656 11.703466 -8.333334
v 13.982990 11.763308 -12.308611
v 14.257930 11.735516 -12.300491
v 14.501362 11.679197 -12.308611
v 14.256846 11.729982 -12.316179
v 13.982152 11.755091 -12.322674
v 14.498823 11.671342 -12.322674
v 14.254653 11.718776 -12.327663
v 13.980731 11.741173 -12.330976
v 14.494523 11.658034 -12.330976
v 14.251656 11.703466 -12.333334
v 14.925725 11.488197 -8.358057
v 14.726537 11.598581 -8.366177
v 14.724066 11.593515 -8.350489
v 14.920945 11.481462 -8.343994
v 14.719061 11.583252 -8.339005
v 14.912848 11.470057 -8.335692
v 14.712224 11.569233 -8.333334
v 14.726537 11.598581 -12.300491
v 14.925725 11.488197 -12.308611
v 14.724066 11.593515 -12.316179
v 14.920945 11.481463 -12.322674
v 14.719061 11.583252 -12.327663
v 14.912848 11.470057 -12.330976
v 14.712224 11.569233 -12.333334
v 15.222709 11.215193 -8.358057
v 15.095756 11.361141 -8.366177
v 15.091716 11.357111 -8.350489
v 15.216110 11.209548 -8.343994
v 15.083535 11.348948 -8.339005
v 15.204933 11.199986 -8.335692
v 15.072361 11.337797 -8.333334
v 15.095756 11.361140 -12.300491
v 15.222709 11.215193 -12.308611
v 15.091717 11.357111 -12.316179
v 15.216110 11.209547 -12.322674
v 15.083536 11.348948 -12.327663
v 15.204933 11.199986 -12.330976
v 15.072361 11.337797 -12.333334
v 15.371650 10.900145 -8.358057
v 15.310911 11.062204 -8.366177
v 15.306473 11.057711 -8.350489
v 15.365723 10.891901 -8.343995
v 15.297482 11.048609 -8.339004
v 15.355682 10.877937 -8.335692
v 15.285201 11.036176 -8.333334
v 16.158440 10.609210 -8.358086
v 16.115837 10.713269 -8.448141
v 16.107994 10.717924 -8.350664
v 16.150463 10.607226 -8.344059
v 16.095181 10.720144 -8.339251
v 16.137533 10.602333 -8.335728
v 16.076950 10.726104 -8.333334
v 16.115837 10.713269 -12.218527
v 16.158440 10.609210 -12.308582
v 16.107994 10.717924 -12.316004
v 16.150463 10.607227 -12.322609
v 16.095181 10.720144 -12.327417
v 16.137533 10.602333 -12.330940
v 16.076952 10.726105 -12.333334
v 16.280870 10.456720 -8.358057
v 16.217754 10.522751 -8.366177
v 16.213318 10.519370 -8.350494
v 16.275616 10.450312 -8.343994
v 16.204428 10.512270 -8.339011
v 16.266720 10.439457 -8.335692
v 16.192329 10.502449 -8.333334
v 16.217756 10.522751 -12.300491
v 16.280870 10.456720 -12.308611
v 16.213318 10.519370 -12.316174
v 16.275618 10.450312 -12.322674
v 16.204428 10.512270 -12.327657
v 16.266720 10.439456 -12.330976
v 16.192329 10.502449 -12.333334
v 16.422821 10.380523 -8.358057
v 16.351219 10.413630 -8.366177
v 16.348423 10.408723 -8.350489
v 16.419724 10.372858 -8.343994
v 16.342758 10.398784 -8.339005
v 16.414478 10.359874 -8.335692
v 16.335022 10.385206 -8.333334
v 16.351219 10.413630 -12.300491
v 16.422821 10.380523 -12.308611
v 16.348423 10.408722 -12.316179
v 16.419724 10.372857 -12.322674
v 16.342758 10.398784 -12.327663
v 16.414478 10.359874 -12.330976
v 16.335022 10.385206 -12.333334
v 16.574743 10.339861 -8.358082
v 16.499298 10.360248 -8.366177
v 16.497688 10.354826 -8.350494
v 16.494383 10.343873 -8.339012
v 16.499298 10.360247 -12.300491
v 16.574743 10.339861 -12.308586
v 16.497688 10.354826 -12.316174
v 16.494381 10.343873 -12.327656
v 16.645653 10.326147 -8.448141
v 16.645569 10.320179 -8.350569
v 16.644167 10.308887 -8.339197
v 16.641638 10.292286 -8.333334
v 16.645653 10.326147 -12.218527
v 16.645569 10.320179 -12.316099
v 16.644167 10.308887 -12.327471
v 16.641638 10.292287 -12.333334
v 13.333333 11.758942 -8.335692
v 13.333333 11.772949 -8.343995
v 13.669333 11.773256 -8.350489
v 13.333333 11.781219 -8.358057
v 13.669570 11.778898 -8.366177
v 13.333333 11.781219 -12.308611
v 13.669570 11.778898 -12.300491
v 13.669333 11.773256 -12.316179
v 13.333333 11.772949 -12.322673
v 13.333333 11.758942 -12.330976
v 15.310912 11.062204 -12.300491
v 15.371650 10.900145 -12.308611
v 15.306473 11.057710 -12.316179
v 15.365723 10.891901 -12.322673
v 15.297482 11.048609 -12.327664
v 15.355682 10.877937 -12.330976
v 15.285201 11.036176 -12.333334
v 15.667693 10.902487 -8.448141
v 15.672640 10.896535 -8.350654
v 15.689416 10.869878 -8.333334
v 15.667692 10.902487 -12.218527
v 15.672640 10.896535 -12.316014
v 15.689416 10.869878 -12.333334
v 14.462231 11.558132 -8.335692
v 14.234592 11.616334 -8.333334
v 13.970069 11.636769 -8.335692
v 14.231594 11.601017 -8.339004
v 14.457928 11.544819 -8.343994
v 13.968647 11.622845 -8.343994
v 14.229400 11.589806 -8.350489
v 14.455387 11.536958 -8.358057
v 13.967808 11.614622 -8.358057
v 14.228315 11.584269 -8.366177
v 14.851980 11.384340 -8.335692
v 14.673258 11.489357 -8.333334
v 14.666417 11.475328 -8.339004
v 14.843878 11.372927 -8.343994
v 14.661408 11.465060 -8.350489
v 14.839094 11.366189 -8.358057
v 14.658937 11.459990 -8.366177
v 15.120847 11.128056 -8.335692
v 15.008597 11.274192 -8.333334
v 14.997414 11.263034 -8.339004
v 15.109661 11.118485 -8.343994
v 14.989227 11.254866 -8.350489
v 15.103058 11.112836 -8.358057
v 14.985186 11.250833 -8.366177
v 15.280121 10.772852 -8.335692
v 15.215079 10.965185 -8.333334
v 15.202787 10.952742 -8.339004
v 15.270071 10.758876 -8.343995
v 15.193789 10.943632 -8.350489
v 15.264137 10.750624 -8.358057
v 15.189345 10.939133 -8.366177
v 16.048761 10.538262 -8.335692
v 16.003969 10.658225 -8.333334
v 15.956381 10.772858 -8.335692
v 15.991169 10.646321 -8.339004
v 16.037025 10.529465 -8.343994
v 15.945925 10.758879 -8.343995
v 15.981798 10.637608 -8.350489
v 16.030098 10.524271 -8.358057
v 15.939752 10.750625 -8.358057
v 15.977172 10.633305 -8.366177
v 16.199827 10.357869 -8.335692
v 16.124161 10.443579 -8.333334
v 16.112194 10.433238 -8.339004
v 16.190910 10.346989 -8.343994
v 16.103432 10.425668 -8.350489
v 16.185646 10.340566 -8.358057
v 16.099106 10.421930 -8.366177
v 16.375086 10.262399 -8.335692
v 16.290924 10.307860 -8.333334
v 16.283167 10.294247 -8.339004
v 16.369825 10.249375 -8.343994
v 16.277489 10.284283 -8.350489
v 16.366718 10.241688 -8.358057
v 16.274685 10.279363 -8.366177
v 16.547689 10.220909 -8.335730
v 16.464167 10.244440 -8.333334
v 16.459637 10.229444 -8.339011
v 16.544704 10.207309 -8.344055
v 16.456322 10.218463 -8.350494
v 16.542971 10.199230 -8.358082
v 16.454691 10.213033 -8.366177
v 16.631180 10.222029 -8.333334
v 16.629374 10.205549 -8.339195
v 16.628025 10.194437 -8.350565
v 16.627321 10.188703 -8.448141
v 13.333333 11.631713 -8.358057
v 13.663112 11.624798 -8.366177
v 13.663348 11.630442 -8.350489
v 13.333333 11.639986 -8.343995
v 13.333333 11.654000 -8.335692
v 16.441368 3.554343 -8.476469
v 16.499025 3.554343 -8.509312
v 16.531868 3.554343 -8.636497
v 16.713501 10.246921 -8.333334
v 16.726341 10.245695 -8.335914
v 16.730873 10.245301 -8.340494
v 16.733334 10.244929 -8.512043
v 13.970069 11.636769 -12.330975
v 14.234592 11.616334 -12.333334
v 14.462231 11.558132 -12.330975
v 14.231594 11.601017 -12.327663
v 13.968647 11.622844 -12.322673
v 14.457928 11.544818 -12.322673
v 14.229400 11.589806 -12.316179
v 13.967808 11.614623 -12.308610
v 14.455387 11.536957 -12.308610
v 14.228315 11.584269 -12.300491
v 14.673258 11.489357 -12.333334
v 14.851980 11.384340 -12.330975
v 14.666416 11.475328 -12.327663
v 14.843878 11.372927 -12.322673
v 14.661408 11.465060 -12.316179
v 14.839094 11.366188 -12.308610
v 14.658937 11.459990 -12.300491
v 15.008597 11.274192 -12.333334
v 15.120847 11.128056 -12.330975
v 14.997414 11.263033 -12.327663
v 15.109661 11.118485 -12.322673
v 14.989227 11.254866 -12.316179
v 15.103057 11.112836 -12.308610
v 14.985186 11.250832 -12.300491
v 15.215079 10.965185 -12.333334
v 15.280121 10.772852 -12.330975
v 15.202787 10.952742 -12.327663
v 15.270071 10.758876 -12.322673
v 15.193789 10.943632 -12.316179
v 15.264137 10.750624 -12.308611
v 15.189346 10.939134 -12.300491
v 15.956381 10.772858 -12.330975
v 16.003969 10.658225 -12.333334
v 16.048761 10.538262 -12.330975
v 15.991169 10.646321 -12.327663
v 15.945925 10.758879 -12.322673
v 16.037025 10.529465 -12.322673
v 15.981798 10.637608 -12.316179
v 15.939752 10.750625 -12.308611
v 16.030098 10.524271 -12.308610
v 15.977172 10.633305 -12.300491
v 16.124163 10.443579 -12.333334
v 16.199827 10.357869 -12.330975
v 16.112194 10.433237 -12.327663
v 16.190910 10.346989 -12.322673
v 16.103432 10.425668 -12.316179
v 16.185646 10.340566 -12.308610
v 16.099106 10.421930 -12.300491
v 16.290924 10.307860 -12.333334
v 16.375086 10.262399 -12.330975
v 16.283167 10.294247 -12.327663
v 16.369825 10.249375 -12.322673
v 16.277489 10.284283 -12.316179
v 16.366718 10.241688 -12.308610
v 16.274685 10.279363 -12.300491
v 16.464167 10.244440 -12.333334
v 16.547689 10.220909 -12.330938
v 16.459637 10.229444 -12.327656
v 16.544704 10.207308 -12.322612
v 16.456322 10.218463 -12.316174
v 16.542971 10.199230 -12.308586
v 16.454689 10.213034 -12.300491
v 16.631182 10.222029 -12.333334
v 16.629374 10.205549 -12.327473
v 16.628025 10.194437 -12.316103
v 16.627321 10.188703 -12.218527
v 13.333333 11.654000 -12.330975
v 13.663827 11.641874 -12.327663
v 13.333333 11.639986 -12.322673
v 13.663348 11.630442 -12.316179
v 13.333333 11.631713 -12.308611
v 13.663112 11.624798 -12.300491
v 16.713501 10.246921 -12.333334
v 16.726343 10.245695 -12.330754
v 16.730873 10.245301 -12.326174
v 16.733334 10.244929 -12.154625
v 16.441683 9.559021 -8.476469
v 16.442776 3.554343 -12.190565
v 16.499025 3.554343 -12.157356
v 16.532234 3.554343 -12.101106
v 16.443264 10.213953 -8.476469
v 16.406937 9.847725 -8.469601
v 16.499025 10.201245 -8.509312
v 16.531868 10.193761 -8.636497
v 16.532234 10.193678 -12.101106
v 16.499025 10.201245 -12.157356
v 16.442776 10.214065 -12.190565
v 16.459557 9.612604 -12.210622
v 16.409758 9.657901 -12.214176
v 16.424034 9.689521 -12.190007
v 16.484406 9.642406 -12.190148
v 16.526419 9.598486 -12.175435
v 16.490944 9.675900 -12.154833
v 16.539053 9.631065 -12.141483
v 16.565891 9.590150 -12.115835
v 16.530447 9.667858 -12.095255
v 16.566032 9.625465 -12.075007
v 16.565456 9.590242 -8.622219
v 16.530010 9.667947 -8.641944
v 16.539051 9.631064 -8.525184
v 16.526419 9.598486 -8.491233
v 16.490944 9.675900 -8.511835
v 16.484406 9.642406 -8.476520
v 16.459726 9.612571 -8.456434
v 16.425301 9.689262 -8.477049
v 16.415440 9.656741 -8.455600
v 16.424734 9.548279 -12.190000
v 16.410223 9.587511 -12.214176
v 16.484650 9.571571 -12.190140
v 16.491245 9.533859 -12.154799
v 16.539133 9.559903 -12.141457
v 16.530514 9.525347 -12.095179
v 16.566032 9.554142 -12.074957
v 16.530079 9.525440 -8.642015
v 16.539133 9.559903 -8.525210
v 16.491245 9.533859 -8.511868
v 16.484650 9.571571 -8.476528
v 16.423887 9.548463 -8.477057
v 16.407452 9.588117 -8.455601
v 12.172143 11.658035 -8.335692
v 12.415010 11.703466 -8.333334
v 12.685935 11.741173 -8.335692
v 12.412013 11.718776 -8.339004
v 12.167843 11.671341 -8.343994
v 12.684514 11.755091 -8.343994
v 12.409820 11.729982 -8.350489
v 12.165304 11.679197 -8.358057
v 12.683676 11.763308 -8.358057
v 12.408736 11.735516 -8.366177
v 12.685935 11.741173 -12.330976
v 12.415010 11.703466 -12.333334
v 12.172143 11.658033 -12.330976
v 12.412013 11.718776 -12.327664
v 12.684514 11.755091 -12.322674
v 12.167843 11.671341 -12.322674
v 12.409820 11.729982 -12.316179
v 12.683676 11.763308 -12.308611
v 12.165304 11.679197 -12.308611
v 12.408736 11.735516 -12.300491
v 11.753819 11.470057 -8.335692
v 11.954442 11.569233 -8.333334
v 11.947605 11.583252 -8.339004
v 11.745722 11.481462 -8.343994
v 11.942600 11.593513 -8.350489
v 11.740941 11.488197 -8.358057
v 11.940129 11.598581 -8.366177
v 11.954442 11.569233 -12.333334
v 11.753819 11.470057 -12.330976
v 11.947605 11.583252 -12.327664
v 11.745721 11.481462 -12.322674
v 11.942600 11.593514 -12.316179
v 11.740941 11.488197 -12.308611
v 11.940129 11.598581 -12.300491
v 11.461733 11.199986 -8.335692
v 11.594305 11.337797 -8.333334
v 11.583131 11.348948 -8.339004
v 11.450556 11.209547 -8.343994
v 11.574950 11.357110 -8.350489
v 11.443957 11.215193 -8.358057
v 11.570910 11.361141 -8.366177
v 11.594305 11.337797 -12.333334
v 11.461733 11.199986 -12.330976
v 11.583130 11.348948 -12.327664
v 11.450556 11.209547 -12.322674
v 11.574949 11.357110 -12.316179
v 11.443957 11.215193 -12.308611
v 11.570910 11.361140 -12.300491
v 11.310984 10.877937 -8.335692
v 11.381465 11.036176 -8.333334
v 11.369184 11.048609 -8.339004
v 11.300943 10.891901 -8.343995
v 11.360193 11.057711 -8.350489
v 11.295016 10.900145 -8.358057
v 11.355755 11.062204 -8.366177
v 10.529133 10.602333 -8.335728
v 10.589715 10.726104 -8.333334
v 10.571485 10.720144 -8.339251
v 10.516203 10.607226 -8.344059
v 10.558671 10.717924 -8.350663
v 10.508227 10.609211 -8.358086
v 10.550829 10.713269 -8.448141
v 10.589715 10.726105 -12.333334
v 10.529133 10.602333 -12.330940
v 10.571485 10.720144 -12.327417
v 10.516203 10.607227 -12.322609
v 10.558671 10.717924 -12.316005
v 10.508227 10.609210 -12.308582
v 10.550829 10.713269 -12.218527
v 10.399946 10.439457 -8.335692
v 10.474338 10.502449 -8.333334
v 10.462238 10.512270 -8.339011
v 10.391049 10.450312 -8.343994
v 10.453348 10.519370 -8.350494
v 10.385797 10.456720 -8.358057
v 10.448911 10.522751 -8.366177
v 10.474338 10.502449 -12.333334
v 10.399946 10.439457 -12.330976
v 10.462238 10.512271 -12.327657
v 10.391049 10.450312 -12.322674
v 10.453348 10.519370 -12.316174
v 10.385797 10.456720 -12.308611
v 10.448911 10.522751 -12.300491
v 10.252188 10.359874 -8.335692
v 10.331645 10.385206 -8.333334
v 10.323908 10.398785 -8.339004
v 10.246942 10.372857 -8.343994
v 10.318243 10.408722 -8.350489
v 10.243844 10.380523 -8.358057
v 10.315446 10.413630 -8.366177
v 10.331645 10.385206 -12.333334
v 10.252188 10.359874 -12.330976
v 10.323907 10.398784 -12.327664
v 10.246942 10.372856 -12.322674
v 10.318243 10.408722 -12.316179
v 10.243845 10.380523 -12.308611
v 10.315446 10.413630 -12.300491
v 10.172284 10.343874 -8.339011
v 10.168979 10.354826 -8.350494
v 10.091923 10.339861 -8.358082
v 10.167367 10.360248 -8.366177
v 10.172284 10.343872 -12.327656
v 10.168979 10.354826 -12.316174
v 10.091923 10.339861 -12.308586
v 10.167367 10.360247 -12.300491
v 10.025027 10.292286 -8.333334
v 10.022499 10.308887 -8.339197
v 10.021097 10.320179 -8.350568
v 10.021013 10.326147 -8.448141
v 10.025027 10.292286 -12.333334
v 10.022499 10.308887 -12.327471
v 10.021097 10.320179 -12.316100
v 10.021013 10.326147 -12.218527
v 13.333333 11.781219 -8.358057
v 12.997096 11.778898 -8.366177
v 12.997333 11.773256 -8.350489
v 13.333333 11.772949 -8.343995
v 13.333333 11.758942 -8.335692
v 13.333333 11.758942 -12.330976
v 13.333333 11.772949 -12.322673
v 12.997333 11.773256 -12.316179
v 13.333333 11.781219 -12.308611
v 12.997096 11.778898 -12.300491
v 11.381465 11.036176 -12.333334
v 11.310984 10.877937 -12.330976
v 11.369184 11.048609 -12.327664
v 11.300943 10.891901 -12.322673
v 11.360193 11.057710 -12.316179
v 11.295016 10.900145 -12.308611
v 11.355754 11.062204 -12.300491
v 10.977250 10.869878 -8.333334
v 10.994026 10.896536 -8.350654
v 10.998973 10.902487 -8.448141
v 10.977250 10.869878 -12.333334
v 10.994026 10.896536 -12.316015
v 10.998974 10.902487 -12.218527
v 12.211279 11.536958 -8.358057
v 12.438351 11.584269 -8.366177
v 12.698858 11.614623 -8.358057
v 12.437266 11.589806 -8.350489
v 12.208738 11.544818 -8.343994
v 12.698019 11.622845 -8.343994
v 12.435072 11.601017 -8.339005
v 12.204435 11.558132 -8.335692
v 12.696597 11.636769 -8.335692
v 12.432074 11.616334 -8.333334
v 11.827572 11.366189 -8.358057
v 12.007730 11.459990 -8.366177
v 12.005258 11.465060 -8.350489
v 11.822788 11.372927 -8.343994
v 12.000249 11.475328 -8.339005
v 11.814686 11.384340 -8.335692
v 11.993408 11.489357 -8.333334
v 11.563609 11.112837 -8.358057
v 11.681480 11.250833 -8.366177
v 11.677439 11.254866 -8.350489
v 11.557005 11.118485 -8.343994
v 11.669252 11.263033 -8.339005
v 11.545818 11.128056 -8.335692
v 11.658069 11.274192 -8.333334
v 11.402529 10.750624 -8.358057
v 11.477321 10.939133 -8.366177
v 11.472878 10.943632 -8.350489
v 11.396595 10.758875 -8.343995
v 11.463879 10.952742 -8.339004
v 11.386545 10.772852 -8.335692
v 11.451587 10.965185 -8.333334
v 10.636568 10.524271 -8.358057
v 10.689494 10.633305 -8.366177
v 10.726914 10.750625 -8.358057
v 10.684868 10.637607 -8.350489
v 10.629640 10.529465 -8.343994
v 10.720741 10.758879 -8.343995
v 10.675497 10.646321 -8.339004
v 10.617904 10.538262 -8.335692
v 10.710285 10.772858 -8.335692
v 10.662697 10.658225 -8.333334
v 10.481020 10.340566 -8.358057
v 10.567560 10.421930 -8.366177
v 10.563234 10.425668 -8.350489
v 10.475756 10.346989 -8.343994
v 10.554472 10.433237 -8.339005
v 10.466839 10.357869 -8.335692
v 10.542504 10.443579 -8.333334
v 10.299947 10.241687 -8.358057
v 10.391981 10.279363 -8.366177
v 10.389177 10.284283 -8.350489
v 10.296842 10.249375 -8.343994
v 10.383499 10.294248 -8.339005
v 10.291581 10.262399 -8.335692
v 10.375742 10.307860 -8.333334
v 10.123695 10.199230 -8.358081
v 10.211976 10.213033 -8.366177
v 10.210344 10.218463 -8.350494
v 10.121963 10.207308 -8.344055
v 10.207029 10.229444 -8.339011
v 10.118977 10.220909 -8.335730
v 10.202499 10.244440 -8.333334
v 10.039344 10.188703 -8.448141
v 10.038642 10.194437 -8.350565
v 10.037292 10.205550 -8.339195
v 10.035485 10.222029 -8.333334
v 13.333333 11.654000 -8.335692
v 13.333333 11.639986 -8.343995
v 13.003318 11.630442 -8.350489
v 13.333333 11.631713 -8.358057
v 13.003554 11.624798 -8.366177
v 10.134798 3.554343 -8.636497
v 10.167641 3.554343 -8.509312
v 10.225299 3.554343 -8.476469
v 9.933332 10.244929 -8.512043
v 9.935793 10.245301 -8.340494
v 9.940324 10.245694 -8.335914
v 9.953165 10.246921 -8.333334
v 12.698858 11.614623 -12.308611
v 12.438351 11.584269 -12.300491
v 12.211279 11.536958 -12.308611
v 12.437266 11.589806 -12.316179
v 12.698019 11.622845 -12.322673
v 12.208738 11.544818 -12.322673
v 12.435072 11.601017 -12.327663
v 12.696597 11.636769 -12.330975
v 12.204435 11.558132 -12.330975
v 12.432074 11.616334 -12.333334
v 12.007730 11.459990 -12.300491
v 11.827572 11.366190 -12.308611
v 12.005258 11.465060 -12.316179
v 11.822788 11.372927 -12.322673
v 12.000250 11.475328 -12.327663
v 11.814686 11.384340 -12.330975
v 11.993408 11.489357 -12.333334
v 11.681480 11.250832 -12.300491
v 11.563609 11.112837 -12.308611
v 11.677439 11.254866 -12.316179
v 11.557005 11.118485 -12.322673
v 11.669252 11.263034 -12.327663
v 11.545818 11.128056 -12.330975
v 11.658069 11.274192 -12.333334
v 11.477320 10.939134 -12.300491
v 11.402529 10.750624 -12.308611
v 11.472878 10.943632 -12.316179
v 11.396595 10.758876 -12.322673
v 11.463879 10.952742 -12.327663
v 11.386545 10.772852 -12.330975
v 11.451587 10.965185 -12.333334
v 10.726914 10.750625 -12.308611
v 10.689494 10.633305 -12.300491
v 10.636568 10.524271 -12.308611
v 10.684868 10.637607 -12.316179
v 10.720741 10.758878 -12.322673
v 10.629641 10.529465 -12.322673
v 10.675497 10.646321 -12.327663
v 10.710285 10.772858 -12.330975
v 10.617905 10.538262 -12.330975
v 10.662697 10.658225 -12.333334
v 10.567560 10.421930 -12.300491
v 10.481020 10.340566 -12.308611
v 10.563234 10.425668 -12.316179
v 10.475756 10.346989 -12.322673
v 10.554472 10.433237 -12.327663
v 10.466839 10.357869 -12.330975
v 10.542504 10.443579 -12.333334
v 10.391981 10.279363 -12.300491
v 10.299947 10.241688 -12.308611
v 10.389177 10.284283 -12.316179
v 10.296842 10.249375 -12.322673
v 10.383498 10.294247 -12.327663
v 10.291580 10.262398 -12.330975
v 10.375742 10.307860 -12.333334
v 10.211976 10.213034 -12.300491
v 10.123695 10.199230 -12.308586
v 10.210344 10.218463 -12.316174
v 10.121962 10.207308 -12.322613
v 10.207030 10.229444 -12.327656
v 10.118977 10.220909 -12.330938
v 10.202498 10.244440 -12.333334
v 10.039344 10.188703 -12.218527
v 10.038642 10.194437 -12.316103
v 10.037292 10.205549 -12.327473
v 10.035485 10.222029 -12.333334
v 13.333333 11.631713 -12.308611
v 13.003554 11.624798 -12.300491
v 13.003318 11.630442 -12.316179
v 13.333333 11.639986 -12.322673
v 13.002839 11.641874 -12.327663
v 13.333333 11.654000 -12.330975
v 9.933332 10.244930 -12.154625
v 9.935793 10.245301 -12.326174
v 9.940324 10.245694 -12.330754
v 9.953165 10.246921 -12.333334
v 10.224983 9.559021 -8.476469
v 10.134432 3.554343 -12.101106
v 10.167641 3.554343 -12.157356
v 10.223890 3.554343 -12.190565
v 10.134798 10.193761 -8.636497
v 10.167641 10.201245 -8.509312
v 10.223402 10.213953 -8.476469
v 10.259729 9.847725 -8.469601
v 10.223890 10.214065 -12.190565
v 10.167641 10.201245 -12.157356
v 10.134432 10.193677 -12.101106
v 10.100774 9.590150 -12.115835
v 10.100634 9.625465 -12.075007
v 10.136220 9.667858 -12.095255
v 10.127614 9.631064 -12.141483
v 10.140247 9.598486 -12.175435
v 10.175722 9.675900 -12.154833
v 10.182261 9.642406 -12.190148
v 10.207108 9.612604 -12.210622
v 10.242633 9.689520 -12.190007
v 10.256908 9.657901 -12.214176
v 10.206940 9.612571 -8.456434
v 10.251226 9.656741 -8.455600
v 10.241365 9.689262 -8.477049
v 10.182261 9.642406 -8.476520
v 10.140247 9.598486 -8.491233
v 10.175722 9.675900 -8.511834
v 10.127614 9.631064 -8.525184
v 10.101210 9.590242 -8.622220
v 10.136656 9.667947 -8.641944
v 10.136152 9.525347 -12.095179
v 10.100634 9.554142 -12.074957
v 10.127533 9.559903 -12.141457
v 10.175421 9.533859 -12.154799
v 10.182016 9.571571 -12.190140
v 10.241932 9.548280 -12.190000
v 10.256443 9.587511 -12.214176
v 10.242780 9.548463 -8.477057
v 10.259214 9.588117 -8.455601
v 10.182017 9.571571 -8.476528
v 10.175421 9.533859 -8.511868
v 10.127534 9.559903 -8.525210
v 10.136586 9.525440 -8.642015
v 16.386654 10.227842 -8.467033
v 16.342251 3.554343 -8.467033
v 16.386166 10.227954 -12.200001
v 16.383734 9.629527 -8.446438
v 16.325026 9.570717 -8.467056
v 16.374464 9.700490 -8.467055
v 16.383564 9.629560 -12.220619
v 16.325872 9.570534 -12.200001
v 16.373199 9.700748 -12.200001
v 10.280012 10.227842 -8.467033
v 10.324415 3.554343 -8.467033
v 10.280500 10.227954 -12.200001
v 10.282932 9.629527 -8.446438
v 10.341640 9.570717 -8.467056
v 10.292201 9.700490 -8.467055
v 10.283102 9.629560 -12.220619
v 10.340794 9.570534 -12.200001
v 10.293468 9.700748 -12.200001
v 16.222342 9.650822 -12.214176
v 16.051376 9.776742 -12.214176
v 15.931547 9.964378 -12.214176
v 15.157316 10.236508 -12.214176
v 14.956679 10.513634 -12.214176
v 14.636061 10.686857 -12.214176
v 14.219709 10.697229 -12.214176
v 13.497450 10.206108 -12.214176
v 16.222342 9.650822 -8.452492
v 16.051376 9.776742 -8.452492
v 15.931547 9.964378 -8.452492
v 15.157316 10.236508 -8.452492
v 14.956679 10.513634 -8.452492
v 14.636061 10.686857 -8.452492
v 14.219709 10.697228 -8.452492
v 13.828376 10.519506 -8.452492
v 13.497450 10.206108 -8.452492
v 13.828376 10.519506 -12.214176
v 13.836679 10.592436 -12.214176
v 13.500203 10.283664 -8.452492
v 13.836679 10.592436 -8.452492
v 14.234576 10.760673 -8.452492
v 14.657911 10.745567 -8.452492
v 14.983908 10.573166 -8.452492
v 15.187911 10.297058 -8.452492
v 15.975127 10.025566 -8.452492
v 16.096968 9.837477 -8.452492
v 16.269714 9.710826 -8.452492
v 13.500203 10.283664 -12.214176
v 14.234577 10.760672 -12.214176
v 14.657911 10.745567 -12.214176
v 14.983908 10.573167 -12.214176
v 15.187911 10.297058 -12.214176
v 15.975127 10.025567 -12.214176
v 16.096968 9.837477 -12.214176
v 16.269714 9.710826 -12.214176
v 10.444324 9.650822 -12.214176
v 10.615289 9.776742 -12.214176
v 10.735119 9.964378 -12.214176
v 11.509350 10.236509 -12.214176
v 11.709987 10.513634 -12.214176
v 12.030605 10.686857 -12.214176
v 12.446957 10.697228 -12.214176
v 13.169216 10.206108 -12.214176
v 10.444324 9.650822 -8.452492
v 10.615289 9.776742 -8.452492
v 10.735119 9.964378 -8.452492
v 11.509349 10.236508 -8.452492
v 11.709987 10.513633 -8.452492
v 12.030605 10.686857 -8.452492
v 12.446957 10.697228 -8.452492
v 12.838290 10.519506 -8.452492
v 13.169216 10.206108 -8.452492
v 12.838290 10.519506 -12.214176
v 12.829987 10.592436 -12.214176
v 13.166463 10.283664 -8.452492
v 12.829987 10.592436 -8.452492
v 12.432089 10.760672 -8.452492
v 12.008755 10.745567 -8.452492
v 11.682758 10.573166 -8.452492
v 11.478755 10.297058 -8.452492
v 10.691539 10.025566 -8.452492
v 10.569698 9.837477 -8.452492
v 10.396952 9.710825 -8.452492
v 13.166463 10.283663 -12.214176
v 12.432089 10.760672 -12.214176
v 12.008755 10.745567 -12.214176
v 11.682758 10.573167 -12.214176
v 11.478755 10.297058 -12.214176
v 10.691539 10.025566 -12.214176
v 10.569698 9.837477 -12.214176
v 10.396952 9.710826 -12.214176
v 16.719646 10.187675 -8.437649
v 16.728449 10.190338 -8.433134
v 16.731356 10.198051 -8.428428
v 16.728447 10.202785 -8.339812
v 16.719749 10.207510 -8.336791
v 16.719561 10.194634 -8.343850
v 16.727392 10.194122 -8.343614
v 16.720776 10.285178 -12.329874
v 16.721249 10.298252 -12.322811
v 16.721037 10.305468 -12.229012
v 16.728712 10.300739 -12.233534
v 16.731417 10.292360 -12.238245
v 16.728645 10.288253 -12.326857
v 16.727867 10.297106 -12.323052
v 15.997673 10.895382 -12.226602
v 16.061285 10.854422 -12.226597
v 16.051191 10.861887 -12.321186
v 16.022717 10.869683 -12.328407
v 16.007626 10.888170 -12.321192
v 16.038040 10.881650 -12.318637
v 15.997673 10.895382 -8.440066
v 16.007626 10.888170 -8.345476
v 16.022718 10.869683 -8.338261
v 16.051191 10.861887 -8.345482
v 16.061285 10.854422 -8.440071
v 16.038040 10.881650 -8.348031
v 16.720776 10.285179 -8.336794
v 16.728645 10.288253 -8.339811
v 16.731417 10.292361 -8.428423
v 16.728712 10.300739 -8.433134
v 16.721037 10.305468 -8.437655
v 16.721249 10.298252 -8.343857
v 16.727867 10.297107 -8.343616
v 16.719646 10.187675 -12.229018
v 16.719561 10.194634 -12.322818
v 16.719749 10.207510 -12.329876
v 16.728445 10.202785 -12.326855
v 16.731356 10.198051 -12.238240
v 16.728449 10.190338 -12.233534
v 16.727392 10.194122 -12.323053
v 9.947020 10.187675 -8.437649
v 9.947104 10.194634 -8.343850
v 9.946918 10.207510 -8.336791
v 9.938220 10.202785 -8.339812
v 9.935310 10.198051 -8.428428
v 9.938218 10.190338 -8.433133
v 9.939273 10.194122 -8.343614
v 9.945891 10.285178 -12.329874
v 9.938020 10.288253 -12.326857
v 9.935250 10.292360 -12.238245
v 9.937954 10.300739 -12.233534
v 9.945629 10.305468 -12.229012
v 9.945417 10.298252 -12.322811
v 9.938800 10.297106 -12.323052
v 10.668993 10.895382 -12.226602
v 10.659040 10.888170 -12.321192
v 10.643948 10.869683 -12.328407
v 10.615476 10.861887 -12.321186
v 10.605381 10.854422 -12.226597
v 10.628626 10.881650 -12.318637
v 10.668993 10.895382 -8.440066
v 10.605381 10.854422 -8.440071
v 10.615475 10.861887 -8.345482
v 10.643949 10.869683 -8.338261
v 10.659039 10.888170 -8.345476
v 10.628626 10.881650 -8.348031
v 9.945891 10.285179 -8.336794
v 9.945417 10.298252 -8.343857
v 9.945628 10.305468 -8.437655
v 9.937954 10.300739 -8.433134
v 9.935250 10.292361 -8.428423
v 9.938020 10.288253 -8.339811
v 9.938799 10.297108 -8.343616
v 9.947020 10.187675 -12.229018
v 9.938218 10.190338 -12.233534
v 9.935310 10.198051 -12.238240
v 9.938220 10.202785 -12.326855
v 9.946918 10.207509 -12.329876
v 9.947105 10.194634 -12.322817
v 9.939274 10.194122 -12.323053
v 14.257479 11.733213 -8.358058
v 14.255893 11.725112 -8.343995
v 14.253207 11.711390 -8.335692
v 14.257479 11.733213 -12.308610
v 14.255893 11.725112 -12.322673
v 14.253207 11.711390 -12.330976
v 14.725509 11.596474 -8.358058
v 14.721890 11.589054 -8.343995
v 14.715762 11.576488 -8.335692
v 14.725509 11.596474 -12.308610
v 14.721890 11.589054 -12.322673
v 14.715762 11.576488 -12.330976
v 15.094075 11.359464 -8.358058
v 15.088161 11.353563 -8.343995
v 15.078144 11.343568 -8.335692
v 15.094075 11.359463 -12.308610
v 15.088161 11.353562 -12.322673
v 15.078144 11.343568 -12.330976
v 15.309065 11.060334 -8.358057
v 15.302566 11.053755 -8.343995
v 15.291556 11.042610 -8.335692
v 16.112225 10.715939 -8.371811
v 16.102270 10.719322 -8.344230
v 16.086868 10.721357 -8.335869
v 16.112225 10.715939 -12.294857
v 16.102270 10.719322 -12.322438
v 16.086868 10.721357 -12.330799
v 16.215902 10.521363 -8.358062
v 16.209448 10.516303 -8.344003
v 16.198587 10.507539 -8.335697
v 16.215900 10.521363 -12.308606
v 16.209448 10.516303 -12.322665
v 16.198587 10.507539 -12.330971
v 16.350056 10.411589 -8.358058
v 16.345963 10.404403 -8.343995
v 16.339025 10.392233 -8.335692
v 16.350056 10.411589 -12.308610
v 16.345963 10.404403 -12.322673
v 16.339025 10.392233 -12.330976
v 16.498632 10.357990 -8.358061
v 16.496254 10.350064 -8.344003
v 16.492193 10.336658 -8.335697
v 16.498632 10.357990 -12.308607
v 16.496254 10.350064 -12.322665
v 16.492195 10.336657 -12.330971
v 16.645748 10.323580 -8.371717
v 16.643017 10.301298 -8.335827
v 16.645748 10.323580 -12.294950
v 16.643017 10.301297 -12.330841
v 13.669126 11.768291 -8.343994
v 13.669472 11.776550 -8.358057
v 13.669472 11.776550 -12.308611
v 13.669126 11.768291 -12.322674
v 15.309065 11.060333 -12.308611
v 15.302566 11.053755 -12.322673
v 15.291556 11.042610 -12.330976
v 15.670532 10.899903 -8.371805
v 15.677850 10.877747 -8.335863
v 15.670532 10.899903 -12.294863
v 15.677850 10.877746 -12.330805
v 14.233041 11.608407 -8.335693
v 14.230353 11.594678 -8.343995
v 14.228766 11.586572 -8.358057
v 14.669717 11.482096 -8.335693
v 14.663586 11.469523 -8.343995
v 14.659966 11.462099 -8.358057
v 15.002810 11.268417 -8.335693
v 14.992785 11.258415 -8.343995
v 14.986867 11.252510 -8.358057
v 15.208717 10.958746 -8.335692
v 15.197699 10.947590 -8.343995
v 15.191195 10.941004 -8.358057
v 15.997345 10.652064 -8.335692
v 15.985870 10.641394 -8.343995
v 15.979096 10.635095 -8.358057
v 16.117968 10.438227 -8.335693
v 16.107239 10.428957 -8.343995
v 16.100906 10.423485 -8.358057
v 16.286909 10.300815 -8.335693
v 16.279957 10.288613 -8.343995
v 16.275852 10.281408 -8.358057
v 16.461823 10.236679 -8.335697
v 16.457762 10.223236 -8.344003
v 16.455368 10.215294 -8.358061
v 16.630283 10.213070 -8.335826
v 16.628597 10.199286 -8.344155
v 16.627655 10.191141 -8.371716
v 13.663210 11.627146 -8.358057
v 13.663556 11.635410 -8.343994
v 16.722267 10.246026 -8.334512
v 16.728888 10.245497 -8.337914
v 16.732252 10.245115 -8.371055
v 14.233041 11.608407 -12.330975
v 14.230353 11.594677 -12.322673
v 14.228766 11.586572 -12.308610
v 14.669718 11.482097 -12.330975
v 14.663586 11.469522 -12.322673
v 14.659965 11.462099 -12.308610
v 15.002810 11.268417 -12.330975
v 14.992785 11.258415 -12.322673
v 14.986867 11.252510 -12.308610
v 15.208717 10.958745 -12.330975
v 15.197699 10.947590 -12.322673
v 15.191195 10.941004 -12.308610
v 15.997345 10.652064 -12.330975
v 15.985870 10.641394 -12.322673
v 15.979096 10.635094 -12.308610
v 16.117968 10.438227 -12.330975
v 16.107239 10.428957 -12.322673
v 16.100906 10.423485 -12.308610
v 16.286909 10.300815 -12.330975
v 16.279957 10.288613 -12.322673
v 16.275852 10.281409 -12.308610
v 16.461823 10.236679 -12.330971
v 16.457762 10.223235 -12.322665
v 16.455368 10.215293 -12.308607
v 16.630281 10.213070 -12.330842
v 16.628597 10.199286 -12.322512
v 16.627655 10.191140 -12.294952
v 13.663556 11.635410 -12.322673
v 13.663210 11.627146 -12.308611
v 16.722267 10.246026 -12.332155
v 16.728888 10.245497 -12.328753
v 16.732252 10.245115 -12.295613
v 16.442354 9.844275 -8.476469
v 16.448391 9.649882 -12.204181
v 16.515305 9.635994 -12.169000
v 16.554810 9.627794 -12.109410
v 16.554373 9.627885 -8.628377
v 16.515305 9.635994 -8.497668
v 16.449100 9.649737 -8.462876
v 16.448740 9.579262 -12.204177
v 16.515455 9.564974 -12.168983
v 16.554842 9.556539 -12.109372
v 16.554407 9.556631 -8.628412
v 16.515455 9.564974 -8.497684
v 16.448395 9.579337 -8.462879
v 12.413459 11.711390 -8.335693
v 12.410773 11.725112 -8.343995
v 12.409187 11.733213 -8.358057
v 12.413459 11.711390 -12.330975
v 12.410773 11.725113 -12.322673
v 12.409187 11.733213 -12.308611
v 11.950904 11.576488 -8.335693
v 11.944776 11.589054 -8.343995
v 11.941157 11.596474 -8.358057
v 11.950904 11.576487 -12.330975
v 11.944776 11.589054 -12.322673
v 11.941157 11.596472 -12.308611
v 11.588522 11.343568 -8.335693
v 11.578506 11.353563 -8.343995
v 11.572591 11.359464 -8.358057
v 11.588522 11.343567 -12.330975
v 11.578505 11.353563 -12.322673
v 11.572591 11.359463 -12.308611
v 11.375109 11.042610 -8.335692
v 11.364100 11.053755 -8.343995
v 11.357601 11.060334 -8.358057
v 10.579798 10.721357 -8.335869
v 10.564396 10.719322 -8.344231
v 10.554441 10.715939 -8.371811
v 10.579798 10.721357 -12.330799
v 10.564396 10.719322 -12.322437
v 10.554441 10.715939 -12.294857
v 10.468079 10.507540 -8.335697
v 10.457218 10.516303 -8.344004
v 10.450765 10.521364 -8.358061
v 10.468079 10.507539 -12.330971
v 10.457218 10.516304 -12.322664
v 10.450765 10.521364 -12.308607
v 10.327641 10.392233 -8.335693
v 10.320704 10.404404 -8.343995
v 10.316609 10.411589 -8.358057
v 10.327641 10.392233 -12.330975
v 10.320704 10.404403 -12.322673
v 10.316609 10.411589 -12.308611
v 10.174472 10.336658 -8.335697
v 10.170412 10.350064 -8.344003
v 10.168034 10.357989 -8.358061
v 10.174472 10.336658 -12.330971
v 10.170412 10.350063 -12.322665
v 10.168035 10.357989 -12.308607
v 10.023649 10.301297 -8.335827
v 10.020918 10.323580 -8.371717
v 10.023649 10.301297 -12.330841
v 10.020918 10.323580 -12.294950
v 12.997194 11.776550 -8.358057
v 12.997540 11.768291 -8.343994
v 12.997540 11.768291 -12.322674
v 12.997194 11.776550 -12.308611
v 11.375109 11.042610 -12.330976
v 11.364100 11.053755 -12.322673
v 11.357601 11.060333 -12.308611
v 10.988815 10.877747 -8.335863
v 10.996133 10.899903 -8.371805
v 10.988815 10.877747 -12.330805
v 10.996133 10.899904 -12.294863
v 12.437900 11.586571 -8.358058
v 12.436313 11.594677 -8.343995
v 12.433625 11.608407 -8.335692
v 12.006701 11.462099 -8.358058
v 12.003080 11.469522 -8.343995
v 11.996948 11.482097 -8.335692
v 11.679799 11.252510 -8.358058
v 11.673881 11.258415 -8.343995
v 11.663857 11.268417 -8.335692
v 11.475471 10.941005 -8.358057
v 11.468967 10.947591 -8.343995
v 11.457949 10.958745 -8.335692
v 10.687570 10.635094 -8.358057
v 10.680796 10.641394 -8.343995
v 10.669321 10.652064 -8.335692
v 10.565761 10.423485 -8.358058
v 10.559427 10.428957 -8.343995
v 10.548698 10.438227 -8.335692
v 10.390814 10.281409 -8.358058
v 10.386709 10.288613 -8.343995
v 10.379757 10.300815 -8.335692
v 10.211298 10.215293 -8.358061
v 10.208904 10.223236 -8.344003
v 10.204844 10.236679 -8.335697
v 10.039012 10.191140 -8.371716
v 10.038070 10.199287 -8.344155
v 10.036384 10.213070 -8.335826
v 13.003110 11.635410 -8.343994
v 13.003456 11.627146 -8.358057
v 9.934414 10.245115 -8.371055
v 9.937778 10.245498 -8.337914
v 9.944399 10.246026 -8.334512
v 12.437900 11.586571 -12.308610
v 12.436313 11.594677 -12.322673
v 12.433625 11.608407 -12.330975
v 12.006701 11.462099 -12.308610
v 12.003080 11.469522 -12.322673
v 11.996949 11.482096 -12.330975
v 11.679799 11.252510 -12.308610
v 11.673881 11.258414 -12.322673
v 11.663857 11.268417 -12.330975
v 11.475471 10.941004 -12.308610
v 11.468967 10.947590 -12.322673
v 11.457948 10.958746 -12.330975
v 10.687570 10.635094 -12.308610
v 10.680796 10.641394 -12.322673
v 10.669321 10.652064 -12.330975
v 10.565761 10.423485 -12.308610
v 10.559427 10.428957 -12.322673
v 10.548698 10.438227 -12.330975
v 10.390814 10.281409 -12.308610
v 10.386709 10.288613 -12.322673
v 10.379757 10.300815 -12.330975
v 10.211298 10.215293 -12.308607
v 10.208904 10.223235 -12.322665
v 10.204844 10.236679 -12.330971
v 10.039012 10.191140 -12.294952
v 10.038070 10.199287 -12.322513
v 10.036385 10.213070 -12.330842
v 13.003456 11.627146 -12.308611
v 13.003110 11.635410 -12.322673
v 9.934414 10.245115 -12.295613
v 9.937778 10.245497 -12.328753
v 9.944400 10.246026 -12.332155
v 10.224311 9.844275 -8.476469
v 10.111856 9.627794 -12.109410
v 10.151362 9.635994 -12.169000
v 10.218276 9.649881 -12.204181
v 10.217566 9.649737 -8.462875
v 10.151362 9.635994 -8.497667
v 10.112293 9.627886 -8.628377
v 10.111824 9.556539 -12.109373
v 10.151211 9.564974 -12.168983
v 10.217926 9.579262 -12.204177
v 10.218272 9.579337 -8.462880
v 10.151211 9.564974 -8.497684
v 10.112259 9.556631 -8.628412
v 16.363699 9.851510 -8.467033
v 16.321980 9.414761 -8.467033
v 16.360752 9.598982 -8.452881
v 16.385471 9.663870 -8.452881
v 16.361099 9.598907 -12.214176
v 16.384762 9.664014 -12.214176
v 10.302967 9.851510 -8.467033
v 10.344686 9.414761 -8.467033
v 10.305914 9.598983 -8.452881
v 10.281194 9.663870 -8.452881
v 10.305568 9.598907 -12.214176
v 10.281904 9.664014 -12.214176
vn -0.1295 -0.2491 -0.9598
vn -0.1138 -0.2936 -0.9491
vn -0.1892 -0.2576 -0.9476
vn -0.1588 -0.9772 0.1408
vn -0.0732 -0.9874 -0.1406
vn -0.1588 -0.9772 -0.1408
vn -0.0732 -0.9874 0.1406
vn -0.0272 -0.9897 -0.1405
vn -0.4045 -0.9036 0.1410
vn -0.2764 -0.9506 -0.1410
vn -0.4045 -0.9036 -0.1410
vn -0.0000 -0.9374 0.3482
vn -0.0000 -0.8760 0.4823
vn -0.0000 -0.8483 0.5295
vn -0.0521 -0.9986 0.0115
vn -0.1222 -0.9815 -0.1473
vn -0.0521 -0.9986 -0.0115
vn 0.8261 -0.5439 0.1476
vn 0.9041 -0.4013 -0.1466
vn 0.8261 -0.5439 -0.1475
vn 0.9041 -0.4013 0.1466
vn 0.9253 -0.3544 -0.1349
vn -0.8938 0.4240 -0.1462
vn -0.9205 0.3597 0.1523
vn -0.8938 0.4240 0.1462
vn -0.0000 -0.0000 -1.0000
vn 0.2289 -0.3239 -0.9180
vn 0.1693 -0.2517 -0.9529
vn 0.2626 -0.3885 -0.8833
vn -0.0884 -0.1330 0.9872
vn -0.1503 -0.2130 0.9654
vn -0.0408 -0.0563 0.9976
vn -0.1693 -0.2517 -0.9529
vn -0.2289 -0.3239 -0.9180
vn -0.2626 -0.3884 -0.8833
vn 0.4717 -0.8706 0.1397
vn 0.6207 -0.7715 -0.1397
vn 0.6207 -0.7715 0.1398
vn 0.2793 0.9500 0.1393
vn 0.1614 0.9770 -0.1395
vn 0.1614 0.9770 0.1395
vn 0.1031 -0.1637 0.9811
vn 0.0290 -0.0440 0.9986
vn -0.0693 0.0647 0.9955
vn -0.0000 -0.8484 -0.5294
vn 0.3726 -0.5471 -0.7495
vn -0.0000 -0.8760 -0.4823
vn -1.0000 -0.0000 -0.0000
vn -0.0000 -0.0000 1.0000
vn -0.0000 -1.0000 -0.0000
vn -0.1031 -0.1637 -0.9811
vn -0.0290 -0.0440 -0.9986
vn 0.0693 0.0647 -0.9955
vn -0.0858 -0.2436 -0.9661
vn 0.0042 0.0042 -1.0000
vn 0.0033 0.0026 -1.0000
vn -0.1182 -0.3090 -0.9437
vn -0.1046 -0.2144 -0.9711
vn -0.1425 -0.2670 -0.9531
vn -0.1285 -0.1810 -0.9751
vn 0.0055 0.0074 -1.0000
vn 0.0100 0.0126 -0.9999
vn -0.1706 -0.2234 -0.9597
vn -0.1538 -0.1468 -0.9771
vn -0.1986 -0.1827 -0.9629
vn -0.1794 -0.1145 -0.9771
vn 0.0171 0.0166 -0.9997
vn -0.1997 -0.0880 -0.9759
vn 0.0335 0.0199 -0.9992
vn -0.2495 -0.1116 -0.9619
vn -0.0168 -0.9999 -0.0018
vn -0.0169 -0.9999 0.0018
vn -0.1031 -0.1637 0.9811
vn -0.0290 -0.0440 0.9986
vn -0.1295 -0.2491 0.9598
vn -0.2356 -0.1158 -0.9649
vn 0.0592 0.0229 -0.9980
vn -0.3043 -0.1442 -0.9416
vn -0.2676 -0.1868 -0.9452
vn -0.2026 -0.1465 -0.9682
vn 0.0536 0.0285 -0.9982
vn -0.1603 -0.1851 -0.9696
vn 0.0332 0.0318 -0.9989
vn -0.2117 -0.2437 -0.9465
vn -0.1209 -0.2196 -0.9681
vn 0.0184 0.0309 -0.9994
vn 0.0089 0.0333 -0.9994
vn -0.1579 -0.2927 -0.9431
vn -0.0754 -0.2506 -0.9652
vn -0.0924 -0.3395 -0.9361
vn -0.0105 -0.2788 -0.9603
vn -0.0024 0.0328 -0.9995
vn -0.0098 0.0232 -0.9997
vn 0.0050 -0.3836 -0.9235
vn 0.0631 -0.2932 -0.9540
vn 0.1093 -0.4010 -0.9095
vn 0.1297 -0.2890 -0.9485
vn -0.0137 0.0162 -0.9998
vn -0.3046 -0.2785 0.9108
vn -0.3385 -0.2883 0.8957
vn -0.1053 -0.0899 0.9904
vn 0.3559 -0.3533 -0.8652
vn 0.3046 -0.2785 -0.9108
vn 0.2492 -0.2657 -0.9313
vn 0.3835 -0.3356 -0.8604
vn 0.3385 -0.2883 -0.8957
vn 0.0055 0.0074 1.0000
vn -0.1046 -0.2144 0.9711
vn 0.0042 0.0042 1.0000
vn -0.1285 -0.1810 0.9751
vn -0.1425 -0.2670 0.9531
vn -0.1171 -0.3104 0.9433
vn -0.0836 -0.2462 0.9656
vn 0.0069 0.0005 1.0000
vn -0.1794 -0.1145 0.9771
vn 0.0100 0.0126 0.9999
vn 0.0171 0.0166 0.9997
vn -0.1986 -0.1827 0.9629
vn -0.1538 -0.1468 0.9771
vn -0.1706 -0.2234 0.9597
vn 0.0335 0.0199 0.9992
vn 0.0693 0.0647 0.9955
vn -0.1138 -0.2936 0.9491
vn -0.1997 -0.0880 0.9759
vn -0.2495 -0.1116 0.9619
vn -0.2026 -0.1465 0.9682
vn 0.0592 0.0229 0.9980
vn 0.0536 0.0284 0.9982
vn -0.2676 -0.1868 0.9452
vn -0.2356 -0.1158 0.9649
vn -0.3043 -0.1442 0.9416
vn -0.1209 -0.2196 0.9681
vn 0.0332 0.0318 0.9989
vn 0.0184 0.0310 0.9994
vn -0.2117 -0.2437 0.9465
vn -0.1603 -0.1851 0.9696
vn -0.0024 0.0328 0.9995
vn -0.0754 -0.2506 0.9652
vn 0.0089 0.0332 0.9994
vn -0.0105 -0.2788 0.9603
vn -0.0924 -0.3395 0.9361
vn -0.1579 -0.2927 0.9431
vn -0.0137 0.0162 0.9998
vn 0.0631 -0.2932 0.9540
vn -0.0098 0.0232 0.9997
vn 0.1297 -0.2890 0.9485
vn 0.1093 -0.4010 0.9095
vn 0.0050 -0.3836 0.9235
vn -0.0130 0.0053 0.9999
vn 0.1929 -0.2777 0.9411
vn -0.0165 0.0111 0.9998
vn 0.2492 -0.2657 0.9313
vn 0.2914 -0.3749 0.8801
vn 0.2033 -0.3932 0.8967
vn -0.3046 -0.2785 -0.9108
vn -0.2492 -0.2657 -0.9313
vn 0.0130 0.0054 -0.9999
vn 0.3385 -0.2883 0.8957
vn 0.3835 -0.3356 0.8604
vn 0.3046 -0.2785 0.9108
vn 0.3559 -0.3533 0.8652
vn -0.0165 0.0111 -0.9998
vn 0.2033 -0.3932 -0.8967
vn 0.1929 -0.2777 -0.9411
vn 0.2914 -0.3748 -0.8801
vn -0.0130 0.0053 -0.9999
vn -0.1373 0.3174 -0.9383
vn -0.2372 0.3814 -0.8935
vn -0.1651 0.4194 -0.8927
vn -0.1980 0.2891 -0.9366
vn -0.2465 0.2652 -0.9322
vn -0.3019 0.3497 -0.8869
vn -0.3592 0.3138 0.8790
vn -0.2592 0.2347 0.9369
vn -0.3457 0.3275 0.8793
vn -0.2592 0.2347 -0.9369
vn -0.2465 0.2652 0.9322
vn -0.3019 0.3497 0.8869
vn -0.1980 0.2891 0.9366
vn -0.2372 0.3813 0.8935
vn -0.1373 0.3174 0.9383
vn -0.1651 0.4194 0.8927
vn -0.0696 0.3466 0.9354
vn -0.0832 0.4584 0.8849
vn 0.0171 0.3658 0.9305
vn 0.0213 0.4832 0.8753
vn 0.1318 0.4801 0.8673
vn 0.1082 0.3588 0.9271
vn 0.1857 0.3370 0.9230
vn 0.2309 0.4580 0.8584
vn 0.3316 0.4266 0.8415
vn 0.2749 0.3100 0.9101
vn 0.3889 0.2694 0.8810
vn 0.4603 0.3814 0.8017
vn 0.5951 0.3239 0.7355
vn 0.4711 0.2268 0.8524
vn 0.1716 0.2367 0.9563
vn 0.4295 0.3575 0.8293
vn 0.1716 0.2367 -0.9563
vn 0.3384 0.2910 0.8949
vn 0.6592 0.2695 0.7020
vn 0.2057 0.3941 0.8958
vn 0.4247 0.1987 0.8833
vn 0.3267 0.2206 0.9190
vn 0.5361 0.3073 0.7862
vn 0.3895 0.3409 0.8556
vn 0.2435 0.2400 0.9397
vn 0.1790 0.2538 0.9506
vn 0.2785 0.3592 0.8908
vn 0.2008 0.3705 0.9069
vn 0.1354 0.2663 0.9543
vn 0.1637 0.3807 0.9101
vn -0.3457 0.3275 -0.8793
vn 0.2592 0.2347 0.9369
vn 0.0130 0.0053 0.9999
vn -0.3592 0.3137 -0.8790
vn 0.0171 0.3658 -0.9305
vn -0.0832 0.4584 -0.8849
vn 0.0213 0.4832 -0.8753
vn -0.0696 0.3466 -0.9354
vn 0.2309 0.4580 -0.8584
vn 0.1082 0.3588 -0.9271
vn 0.1318 0.4801 -0.8673
vn 0.1857 0.3370 -0.9230
vn 0.4603 0.3814 -0.8017
vn 0.2749 0.3100 -0.9101
vn 0.3316 0.4266 -0.8415
vn 0.3889 0.2694 -0.8810
vn 0.4295 0.3575 -0.8293
vn 0.4711 0.2268 -0.8524
vn 0.5951 0.3239 -0.7354
vn 0.5361 0.3073 -0.7862
vn 0.4247 0.1987 -0.8833
vn 0.6592 0.2695 -0.7021
vn 0.3267 0.2206 -0.9190
vn 0.3384 0.2910 -0.8949
vn 0.2057 0.3941 -0.8958
vn 0.2785 0.3592 -0.8908
vn 0.2435 0.2400 -0.9397
vn 0.3895 0.3409 -0.8556
vn 0.1790 0.2538 -0.9506
vn 0.1609 0.3807 -0.9106
vn 0.1354 0.2663 -0.9543
vn 0.2008 0.3705 -0.9069
vn -0.0042 0.0042 -1.0000
vn -0.0033 0.0026 -1.0000
vn -0.1099 0.2789 -0.9540
vn -0.5382 0.8312 -0.1391
vn -0.6733 0.7259 0.1405
vn -0.5382 0.8313 0.1391
vn -0.0000 -0.8760 0.4824
vn -0.0000 -0.8483 0.5294
vn 0.3726 -0.5472 0.7495
vn -0.0883 -0.1330 -0.9872
vn -0.1502 -0.2130 -0.9654
vn 0.7071 -0.0000 0.7071
vn 0.9192 -0.0000 0.3938
vn 0.6978 -0.0000 0.7162
vn -0.2626 -0.3885 0.8833
vn -0.3461 -0.4887 0.8009
vn -0.2289 -0.3239 0.9180
vn 0.1295 -0.2491 -0.9598
vn 0.1138 -0.2936 -0.9491
vn 0.1031 -0.1637 -0.9811
vn 0.8564 -0.0000 -0.5164
vn 0.7071 -0.0000 -0.7071
vn 0.6978 -0.0000 -0.7162
vn -0.3461 -0.4888 -0.8008
vn -0.4295 0.3575 0.8293
vn -0.3384 0.2910 0.8949
vn -0.1716 0.2367 0.9563
vn -0.3726 -0.5471 0.7495
vn 1.0000 -0.0000 -0.0000
vn 0.0858 -0.2436 -0.9661
vn -0.0055 0.0074 -1.0000
vn 0.1046 -0.2144 -0.9711
vn 0.1285 -0.1810 -0.9751
vn 0.1425 -0.2670 -0.9531
vn 0.1182 -0.3090 -0.9437
vn -0.0100 0.0126 -0.9999
vn 0.1794 -0.1145 -0.9771
vn 0.1538 -0.1468 -0.9771
vn 0.1986 -0.1827 -0.9629
vn 0.1706 -0.2234 -0.9597
vn -0.0171 0.0166 -0.9997
vn 0.1997 -0.0880 -0.9759
vn -0.0335 0.0199 -0.9992
vn 0.2495 -0.1116 -0.9619
vn 0.2263 -0.1435 -0.9634
vn -0.1716 0.2367 -0.9563
vn -0.0693 0.0647 -0.9955
vn -0.3384 0.2910 -0.8949
vn 0.3406 -0.0000 -0.9402
vn 0.4961 -0.0000 -0.8683
vn 0.5089 -0.0000 -0.8609
vn 0.0290 -0.0440 -0.9986
vn 0.2356 -0.1158 -0.9649
vn -0.0592 0.0229 -0.9980
vn 0.2026 -0.1465 -0.9682
vn 0.2676 -0.1868 -0.9452
vn 0.3043 -0.1442 -0.9416
vn 0.1892 -0.2576 -0.9476
vn -0.0536 0.0285 -0.9982
vn 0.1603 -0.1851 -0.9696
vn -0.0332 0.0318 -0.9989
vn 0.1209 -0.2196 -0.9681
vn 0.2117 -0.2437 -0.9465
vn -0.0089 0.0333 -0.9994
vn -0.0184 0.0310 -0.9994
vn 0.0024 0.0328 -0.9995
vn 0.0754 -0.2506 -0.9652
vn 0.0105 -0.2788 -0.9603
vn 0.0924 -0.3395 -0.9361
vn 0.1579 -0.2927 -0.9431
vn 0.0098 0.0232 -0.9997
vn 0.0137 0.0162 -0.9998
vn -0.0631 -0.2932 -0.9540
vn -0.1297 -0.2890 -0.9485
vn -0.1093 -0.4010 -0.9095
vn -0.0050 -0.3836 -0.9235
vn -0.3385 -0.2883 -0.8957
vn -0.3835 -0.3356 -0.8604
vn -0.3559 -0.3533 -0.8652
vn -0.0055 0.0074 1.0000
vn 0.1046 -0.2144 0.9711
vn 0.1285 -0.1810 0.9751
vn -0.0042 0.0042 1.0000
vn 0.0836 -0.2462 0.9656
vn 0.1171 -0.3104 0.9433
vn 0.1425 -0.2670 0.9531
vn 0.1706 -0.2234 0.9597
vn -0.0100 0.0126 0.9999
vn 0.1794 -0.1145 0.9771
vn -0.0171 0.0166 0.9997
vn 0.1538 -0.1468 0.9771
vn 0.1986 -0.1827 0.9629
vn 0.2262 -0.1435 0.9634
vn -0.0335 0.0199 0.9992
vn 0.1997 -0.0880 0.9759
vn 0.2495 -0.1116 0.9619
vn 0.1138 -0.2936 0.9491
vn -0.9979 -0.0000 0.0647
vn -0.9898 -0.0000 -0.1423
vn -0.9902 -0.0000 -0.1395
vn -0.0592 0.0229 0.9980
vn 0.2026 -0.1465 0.9682
vn -0.0536 0.0284 0.9982
vn 0.2356 -0.1158 0.9649
vn 0.1295 -0.2491 0.9598
vn 0.3043 -0.1441 0.9416
vn 0.2676 -0.1868 0.9452
vn -0.0332 0.0317 0.9989
vn 0.1209 -0.2196 0.9681
vn -0.0184 0.0310 0.9994
vn 0.1603 -0.1851 0.9696
vn 0.2117 -0.2437 0.9465
vn 0.1579 -0.2927 0.9431
vn 0.0024 0.0328 0.9995
vn 0.0754 -0.2506 0.9652
vn 0.0105 -0.2788 0.9603
vn -0.0089 0.0333 0.9994
vn 0.0924 -0.3395 0.9361
vn -0.0050 -0.3836 0.9235
vn 0.0137 0.0162 0.9998
vn -0.0631 -0.2932 0.9540
vn -0.1297 -0.2890 0.9485
vn 0.0098 0.0232 0.9997
vn -0.1093 -0.4010 0.9095
vn -0.2033 -0.3932 0.8967
vn -0.1929 -0.2777 0.9411
vn -0.2492 -0.2657 0.9313
vn 0.0165 0.0111 0.9998
vn -0.2914 -0.3749 0.8801
vn -0.3559 -0.3533 0.8652
vn 0.1053 -0.0899 0.9904
vn -0.3835 -0.3356 0.8604
vn -0.3809 -0.3239 0.8661
vn 0.0165 0.0111 -0.9998
vn -0.1929 -0.2777 -0.9411
vn -0.2914 -0.3749 -0.8801
vn -0.2033 -0.3932 -0.8967
vn 0.2372 0.3813 -0.8935
vn 0.1373 0.3174 -0.9383
vn 0.1651 0.4194 -0.8926
vn 0.3019 0.3497 -0.8869
vn 0.1980 0.2891 -0.9366
vn 0.2465 0.2652 -0.9322
vn 0.3592 0.3138 0.8790
vn 0.2268 0.1980 0.9536
vn 0.3457 0.3275 0.8793
vn 0.2465 0.2652 0.9322
vn 0.2592 0.2347 -0.9369
vn -0.1053 -0.0899 -0.9904
vn 0.3019 0.3497 0.8869
vn 0.1980 0.2891 0.9366
vn 0.2372 0.3814 0.8935
vn 0.1373 0.3174 0.9383
vn 0.1651 0.4194 0.8927
vn 0.0696 0.3466 0.9354
vn 0.0832 0.4584 0.8849
vn -0.0171 0.3658 0.9305
vn -0.1318 0.4801 0.8673
vn -0.0213 0.4832 0.8753
vn -0.2309 0.4580 0.8584
vn -0.1082 0.3588 0.9271
vn -0.1857 0.3370 0.9230
vn -0.3316 0.4266 0.8415
vn -0.4603 0.3814 0.8017
vn -0.2749 0.3100 0.9101
vn -0.3889 0.2694 0.8810
vn -0.5951 0.3239 0.7355
vn -0.4711 0.2268 0.8524
vn -0.6592 0.2695 0.7020
vn -0.2057 0.3941 0.8958
vn -0.5361 0.3073 0.7862
vn -0.4247 0.1987 0.8833
vn -0.3267 0.2206 0.9190
vn -0.3895 0.3409 0.8556
vn -0.2785 0.3592 0.8908
vn -0.2435 0.2400 0.9397
vn -0.1790 0.2538 0.9506
vn -0.2008 0.3705 0.9069
vn -0.1637 0.3807 0.9101
vn -0.1354 0.2663 0.9543
vn 0.1141 0.2783 0.9537
vn 0.3457 0.3275 -0.8793
vn 0.3592 0.3137 -0.8790
vn 0.8715 -0.4846 0.0756
vn 0.7576 -0.6428 -0.1131
vn 0.8545 -0.4965 -0.1529
vn 0.0832 0.4584 -0.8849
vn -0.0171 0.3658 -0.9305
vn -0.0213 0.4832 -0.8753
vn 0.0696 0.3466 -0.9354
vn -0.2309 0.4580 -0.8584
vn -0.1082 0.3588 -0.9271
vn -0.1857 0.3370 -0.9230
vn -0.1318 0.4801 -0.8673
vn -0.4603 0.3814 -0.8017
vn -0.2749 0.3100 -0.9101
vn -0.3889 0.2694 -0.8810
vn -0.3316 0.4266 -0.8415
vn -0.4295 0.3575 -0.8293
vn -0.4711 0.2268 -0.8524
vn -0.5951 0.3239 -0.7355
vn -0.2057 0.3941 -0.8958
vn -0.5361 0.3073 -0.7862
vn -0.4247 0.1987 -0.8833
vn -0.3267 0.2206 -0.9190
vn -0.6592 0.2695 -0.7021
vn -0.2785 0.3592 -0.8908
vn -0.2435 0.2400 -0.9397
vn -0.1790 0.2538 -0.9506
vn -0.3895 0.3409 -0.8556
vn -0.1609 0.3807 -0.9106
vn -0.1354 0.2663 -0.9543
vn -0.2008 0.3705 -0.9069
vn -0.0235 -0.8618 0.5067
vn -0.0363 -0.5083 0.8604
vn -0.0098 -0.5107 0.8597
vn -0.0619 -0.9980 0.0147
vn -0.1005 -0.9949 0.0025
vn 0.0521 -0.9986 0.0115
vn 0.4036 -0.9150 0.0014
vn 0.0619 -0.9980 0.0147
vn 0.1005 -0.9949 0.0025
vn 0.3749 -0.9269 0.0148
vn -0.0177 -0.9485 0.3161
vn -0.0119 -0.9996 0.0257
vn -0.0354 -0.9405 0.3378
vn 0.8922 -0.4516 0.0010
vn 0.7213 -0.6925 0.0121
vn 0.7043 -0.7099 0.0011
vn 0.9160 -0.4010 0.0100
vn 0.5597 -0.7650 0.3185
vn 0.2029 -0.9354 0.2896
vn 0.9993 -0.0385 0.0004
vn 0.9902 -0.1391 0.0080
vn 0.9837 -0.1798 0.0008
vn 0.9992 -0.0378 0.0109
vn 0.9086 -0.1836 0.3752
vn 0.8291 -0.4412 0.3435
vn 0.9371 -0.0448 0.3463
vn 0.6086 -0.2036 0.7669
vn 0.6933 -0.0513 0.7188
vn 0.3015 -0.2097 0.9301
vn 0.1298 -0.4568 0.8801
vn 0.4377 -0.4663 0.7687
vn 0.0031 -0.2656 0.9641
vn 0.1261 -0.0793 0.9888
vn 0.0169 -0.0796 0.9967
vn -0.0240 -0.4945 0.8688
vn 0.0518 -0.2280 0.9723
vn -0.0215 -0.4810 0.8764
vn 0.4045 -0.0621 0.9124
vn -0.0240 -0.4945 -0.8688
vn -0.0606 -0.7107 -0.7009
vn -0.0523 -0.7117 -0.7005
vn 0.0607 -0.7107 0.7009
vn 0.0354 -0.9405 0.3378
vn 0.0523 -0.7117 0.7005
vn -0.0607 -0.7107 0.7009
vn -0.0247 -0.7110 0.7028
vn 0.2487 -0.6890 0.6807
vn 0.0360 0.0724 -0.9967
vn 0.1157 0.2216 -0.9683
vn 0.1562 0.0720 -0.9851
vn 0.0697 0.2590 -0.9634
vn 0.0936 0.4687 -0.8784
vn 0.3580 0.1960 -0.9129
vn 0.4263 0.0561 -0.9028
vn 0.1061 0.4865 -0.8672
vn 0.1109 0.7004 -0.7051
vn 0.1487 0.6930 -0.7055
vn 0.2280 0.9203 -0.3180
vn 0.4085 0.8639 -0.2946
vn 0.1385 0.7012 -0.6993
vn 0.2416 0.4351 -0.8673
vn -0.3628 0.9319 -0.0021
vn -0.2563 0.9666 -0.0014
vn -0.2478 0.9687 -0.0122
vn 0.5911 0.8066 -0.0012
vn 0.3291 0.9442 -0.0154
vn 0.3629 0.9318 -0.0021
vn 0.5726 0.8197 -0.0135
vn 0.2610 0.9648 -0.0315
vn 0.2163 0.9129 -0.3463
vn 0.7927 0.6096 -0.0009
vn 0.9194 0.3932 -0.0008
vn 0.8107 0.5854 -0.0099
vn 0.9392 0.3433 -0.0083
vn 0.6744 0.6734 -0.3027
vn 0.9993 0.0366 -0.0004
vn 0.9922 0.1247 -0.0072
vn 0.9864 0.1644 -0.0007
vn 0.9993 0.0355 -0.0105
vn 0.9252 0.1573 -0.3453
vn 0.8770 0.3729 -0.3032
vn 0.9406 0.0392 -0.3373
vn 0.6561 0.1849 -0.7317
vn 0.7063 0.0455 -0.7065
vn 0.5378 0.4322 -0.7239
vn 0.3982 0.6441 -0.6531
vn 0.0251 0.9997 -0.0011
vn 0.1155 0.9932 -0.0137
vn 0.0238 0.9994 -0.0237
vn 0.3600 0.9330 -0.0005
vn 0.1387 0.9903 -0.0012
vn 0.3521 0.9360 -0.0049
vn 0.0879 0.9476 -0.3070
vn 0.0170 0.9398 -0.3413
vn 0.9332 0.3593 -0.0008
vn 0.8873 0.4611 -0.0117
vn 0.8752 0.4837 -0.0009
vn 0.9320 0.3617 -0.0224
vn 0.8604 0.4146 -0.2963
vn 0.7603 0.6496 -0.0040
vn 0.7571 0.6533 -0.0003
vn 0.6699 0.2513 -0.6986
vn 0.8812 0.3292 -0.3394
vn 0.4567 0.1789 -0.8714
vn 0.6758 0.3548 -0.6461
vn 0.3891 0.2679 -0.8814
vn 0.6438 0.5687 -0.5119
vn 0.7720 0.6049 -0.1950
vn 0.5067 0.5515 0.6626
vn 0.2647 0.8905 0.3701
vn 0.5840 0.3089 0.7507
vn 0.0090 0.4289 -0.9033
vn 0.0819 0.4614 -0.8834
vn 0.1283 0.2553 -0.9583
vn 0.3412 0.4982 -0.7971
vn 0.4291 0.1634 -0.8884
vn 0.0105 0.5008 -0.8655
vn 0.0860 0.7364 -0.6710
vn 0.0132 0.7099 -0.7042
vn 0.3016 0.9303 -0.2086
vn 0.3103 0.7816 -0.5411
vn 0.5869 0.8048 -0.0882
vn 0.5538 0.7600 -0.3400
vn 0.0251 0.9997 0.0011
vn 0.1155 0.9932 0.0137
vn 0.1387 0.9903 0.0012
vn 0.0238 0.9994 0.0237
vn 0.0879 0.9476 0.3070
vn 0.3521 0.9359 0.0049
vn 0.3600 0.9330 0.0005
vn 0.0132 0.7099 0.7042
vn 0.0170 0.9398 0.3413
vn 0.0105 0.5008 0.8655
vn 0.0860 0.7364 0.6710
vn 0.0819 0.4614 0.8834
vn 0.3103 0.7816 0.5411
vn 0.3016 0.9303 0.2086
vn 0.5068 0.5516 -0.6625
vn 0.2647 0.8905 -0.3701
vn 0.0601 0.9915 -0.1155
vn 0.4290 0.1634 0.8884
vn 0.3892 0.2679 0.8813
vn 0.1283 0.2553 0.9583
vn 0.3412 0.4981 0.7972
vn 0.0090 0.4289 0.9033
vn 0.4567 0.1789 0.8714
vn 0.6758 0.3548 0.6461
vn 0.6700 0.2513 0.6986
vn 0.8604 0.4146 0.2962
vn 0.7720 0.6049 0.1950
vn 0.6438 0.5687 0.5120
vn 0.9332 0.3593 0.0008
vn 0.8873 0.4611 0.0117
vn 0.9320 0.3617 0.0224
vn 0.7571 0.6533 0.0003
vn 0.8752 0.4837 0.0009
vn 0.7603 0.6496 0.0040
vn 0.8812 0.3292 0.3394
vn 0.5869 0.8048 0.0882
vn 0.5538 0.7600 0.3400
vn 0.0360 0.0724 0.9967
vn 0.1156 0.2216 0.9683
vn 0.0697 0.2590 0.9634
vn 0.4263 0.0560 0.9028
vn 0.1562 0.0720 0.9851
vn 0.3581 0.1960 0.9129
vn 0.0936 0.4687 0.8784
vn 0.1061 0.4866 0.8672
vn 0.7063 0.0455 0.7065
vn 0.9406 0.0392 0.3373
vn 0.6561 0.1850 0.7317
vn 0.9252 0.1573 0.3454
vn 0.5378 0.4322 0.7239
vn 0.2416 0.4351 0.8674
vn 0.9993 0.0366 0.0004
vn 0.9922 0.1247 0.0072
vn 0.9993 0.0355 0.0105
vn 0.9864 0.1644 0.0007
vn 0.9392 0.3433 0.0083
vn 0.8769 0.3730 0.3033
vn 0.9195 0.3932 0.0008
vn 0.8107 0.5854 0.0099
vn 0.0092 -0.3406 0.9401
vn 0.0363 -0.5084 0.8604
vn 0.0098 -0.5107 0.8597
vn 0.4086 0.8639 0.2945
vn 0.6745 0.6734 0.3026
vn -0.3291 0.9442 0.0154
vn -0.2610 0.9648 0.0315
vn -0.2479 0.9687 0.0122
vn 0.2610 0.9648 0.0315
vn 0.2281 0.9203 0.3180
vn 0.3291 0.9442 0.0154
vn 0.5725 0.8198 0.0135
vn 0.5910 0.8066 0.0012
vn 0.3628 0.9319 0.0021
vn 0.1487 0.6930 0.7054
vn 0.2163 0.9129 0.3463
vn 0.1109 0.7004 0.7051
vn 0.1388 0.7013 0.6993
vn 0.3981 0.6442 0.6531
vn 0.2257 0.3341 -0.9151
vn 0.0020 0.3848 -0.9230
vn -0.0119 -0.9996 -0.0257
vn -0.0177 -0.9486 -0.3161
vn 0.0619 -0.9980 -0.0147
vn 0.3749 -0.9270 -0.0148
vn 0.4035 -0.9150 -0.0014
vn 0.1006 -0.9949 -0.0025
vn -0.0523 -0.7117 0.7005
vn -0.0608 -0.9171 0.3941
vn -0.0054 -0.0000 1.0000
vn -0.0000 -0.0001 1.0000
vn 0.1298 -0.4568 -0.8801
vn -0.0248 -0.7110 -0.7028
vn 0.2031 -0.9353 -0.2896
vn 0.1261 -0.0793 -0.9888
vn 0.0031 -0.2656 -0.9641
vn 0.0169 -0.0796 -0.9967
vn 0.4046 -0.0621 -0.9124
vn 0.0518 -0.2280 -0.9723
vn 0.3015 -0.2097 -0.9301
vn -0.0215 -0.4810 -0.8764
vn 0.6933 -0.0513 -0.7188
vn 0.9370 -0.0448 -0.3464
vn 0.6086 -0.2036 -0.7669
vn 0.9086 -0.1836 -0.3753
vn 0.4377 -0.4664 -0.7687
vn 0.9993 -0.0385 -0.0004
vn 0.9903 -0.1390 -0.0080
vn 0.9992 -0.0378 -0.0109
vn 0.9837 -0.1799 -0.0008
vn 0.9160 -0.4010 -0.0100
vn 0.8290 -0.4413 -0.3435
vn 0.8923 -0.4515 -0.0010
vn 0.7211 -0.6927 -0.0121
vn 0.5598 -0.7649 -0.3185
vn 0.2484 -0.6892 -0.6807
vn -0.1005 -0.9949 -0.0025
vn -0.0619 -0.9980 -0.0147
vn 0.0521 -0.9986 -0.0115
vn 0.0119 -0.9996 0.0257
vn 0.0177 -0.9486 0.3161
vn -0.3749 -0.9269 0.0148
vn -0.4035 -0.9150 0.0014
vn 0.3398 0.5012 -0.7958
vn -0.1297 -0.4567 0.8801
vn 0.0246 -0.7110 0.7028
vn -0.2029 -0.9354 0.2896
vn -0.1261 -0.0793 0.9888
vn -0.0031 -0.2656 0.9641
vn -0.0169 -0.0796 0.9967
vn -0.4045 -0.0621 0.9124
vn -0.0518 -0.2280 0.9723
vn -0.3015 -0.2097 0.9301
vn 0.0215 -0.4811 0.8764
vn 0.0240 -0.4945 0.8688
vn -0.6933 -0.0513 0.7189
vn -0.9370 -0.0448 0.3464
vn -0.6086 -0.2036 0.7669
vn -0.9086 -0.1836 0.3753
vn -0.4377 -0.4662 0.7688
vn -0.9993 -0.0385 0.0004
vn -0.9903 -0.1390 0.0080
vn -0.9992 -0.0378 0.0109
vn -0.9837 -0.1798 0.0008
vn -0.9160 -0.4010 0.0100
vn -0.8290 -0.4413 0.3436
vn -0.8923 -0.4515 0.0010
vn -0.7212 -0.6927 0.0121
vn -0.5597 -0.7651 0.3185
vn -0.2487 -0.6891 0.6807
vn -0.0360 0.0724 -0.9967
vn -0.1157 0.2216 -0.9683
vn -0.0697 0.2590 -0.9634
vn -0.4262 0.0560 -0.9029
vn -0.1562 0.0720 -0.9851
vn -0.3580 0.1960 -0.9129
vn -0.0936 0.4687 -0.8784
vn -0.1061 0.4865 -0.8672
vn -0.7062 0.0455 -0.7066
vn -0.9406 0.0392 -0.3373
vn -0.6561 0.1849 -0.7317
vn -0.9252 0.1573 -0.3454
vn -0.5379 0.4322 -0.7238
vn -0.2416 0.4351 -0.8673
vn -0.9993 0.0366 -0.0004
vn -0.9922 0.1247 -0.0072
vn -0.9993 0.0355 -0.0105
vn -0.9864 0.1644 -0.0007
vn -0.9392 0.3433 -0.0083
vn -0.8769 0.3729 -0.3033
vn -0.9194 0.3932 -0.0008
vn -0.8107 0.5854 -0.0099
vn -0.4086 0.8639 -0.2946
vn -0.6745 0.6734 -0.3026
vn 0.0354 -0.9405 -0.3378
vn 0.0607 -0.7107 -0.7009
vn 0.0523 -0.7117 -0.7005
vn -0.2610 0.9648 -0.0315
vn -0.2280 0.9203 -0.3180
vn -0.3291 0.9442 -0.0154
vn -0.5726 0.8197 -0.0135
vn -0.5911 0.8066 -0.0012
vn -0.1487 0.6930 -0.7054
vn -0.2163 0.9129 -0.3463
vn -0.1108 0.7004 -0.7051
vn -0.1386 0.7013 -0.6993
vn -0.3980 0.6442 -0.6531
vn -0.0251 0.9997 -0.0011
vn -0.1155 0.9932 -0.0137
vn -0.1387 0.9903 -0.0012
vn -0.0238 0.9994 -0.0237
vn -0.0879 0.9476 -0.3070
vn -0.3521 0.9359 -0.0049
vn -0.3600 0.9329 -0.0005
vn -0.0132 0.7099 -0.7042
vn -0.0170 0.9398 -0.3413
vn -0.0105 0.5008 -0.8655
vn -0.0860 0.7364 -0.6710
vn -0.0819 0.4613 -0.8834
vn -0.3103 0.7816 -0.5411
vn -0.3016 0.9303 -0.2086
vn -0.5068 0.5516 0.6625
vn -0.2647 0.8905 0.3701
vn -0.0601 0.9915 0.1154
vn -0.4290 0.1634 -0.8884
vn -0.3892 0.2679 -0.8813
vn -0.1283 0.2553 -0.9583
vn -0.3412 0.4981 -0.7972
vn -0.0090 0.4289 -0.9033
vn -0.4567 0.1789 -0.8714
vn -0.6758 0.3548 -0.6461
vn -0.6700 0.2513 -0.6986
vn -0.8604 0.4146 -0.2962
vn -0.7720 0.6049 -0.1950
vn -0.6438 0.5687 -0.5120
vn -0.9332 0.3593 -0.0008
vn -0.8873 0.4611 -0.0117
vn -0.9320 0.3617 -0.0224
vn -0.7571 0.6533 -0.0003
vn -0.8752 0.4837 -0.0009
vn -0.7603 0.6496 -0.0040
vn -0.8812 0.3292 -0.3394
vn -0.5869 0.8048 -0.0882
vn -0.5538 0.7600 -0.3400
vn -0.0251 0.9997 0.0011
vn -0.1155 0.9932 0.0137
vn -0.0238 0.9994 0.0237
vn -0.3600 0.9330 0.0005
vn -0.1387 0.9903 0.0012
vn -0.3521 0.9360 0.0049
vn -0.0879 0.9476 0.3070
vn -0.0170 0.9398 0.3413
vn -0.2268 0.1980 0.9536
vn -0.9332 0.3593 0.0008
vn -0.8873 0.4611 0.0117
vn -0.8752 0.4837 0.0009
vn -0.9320 0.3617 0.0224
vn -0.8604 0.4146 0.2963
vn -0.7603 0.6496 0.0040
vn -0.7571 0.6533 0.0003
vn -0.6700 0.2513 0.6986
vn -0.8812 0.3292 0.3394
vn -0.4567 0.1789 0.8714
vn -0.6758 0.3548 0.6461
vn -0.3891 0.2679 0.8814
vn -0.6438 0.5687 0.5119
vn -0.7720 0.6049 0.1950
vn -0.5067 0.5515 -0.6626
vn -0.2647 0.8905 -0.3701
vn -0.5840 0.3089 -0.7507
vn -0.0090 0.4289 0.9033
vn -0.0819 0.4614 0.8834
vn -0.1283 0.2553 0.9583
vn -0.3412 0.4982 0.7971
vn -0.4291 0.1634 0.8884
vn -0.0105 0.5008 0.8655
vn -0.0860 0.7364 0.6710
vn -0.0132 0.7099 0.7042
vn -0.3016 0.9303 0.2086
vn -0.3103 0.7816 0.5411
vn -0.5869 0.8048 0.0882
vn -0.5538 0.7600 0.3400
vn -0.0360 0.0724 0.9967
vn -0.1156 0.2216 0.9683
vn -0.1562 0.0720 0.9851
vn -0.0697 0.2590 0.9634
vn -0.0936 0.4687 0.8784
vn -0.3581 0.1960 0.9129
vn -0.4263 0.0560 0.9028
vn -0.1061 0.4866 0.8672
vn -0.1108 0.7004 0.7051
vn -0.1487 0.6930 0.7055
vn -0.2279 0.9203 0.3180
vn -0.4085 0.8639 0.2946
vn -0.1386 0.7012 0.6993
vn -0.2416 0.4351 0.8673
vn 0.2478 0.9687 -0.0122
vn -0.5910 0.8067 0.0012
vn -0.3628 0.9319 0.0021
vn -0.5726 0.8197 0.0135
vn -0.2163 0.9128 0.3463
vn -0.7927 0.6097 -0.0009
vn -0.7926 0.6097 0.0009
vn -0.9195 0.3932 0.0008
vn -0.8107 0.5854 0.0099
vn -0.9392 0.3434 0.0083
vn -0.6745 0.6733 0.3027
vn -0.9993 0.0366 0.0004
vn -0.9922 0.1247 0.0072
vn -0.9864 0.1643 0.0007
vn -0.9993 0.0355 0.0105
vn -0.9252 0.1573 0.3453
vn -0.8770 0.3728 0.3032
vn -0.9406 0.0392 0.3373
vn -0.6562 0.1850 0.7315
vn -0.7062 0.0455 0.7065
vn -0.5379 0.4322 0.7238
vn -0.3982 0.6441 0.6532
vn -0.4036 -0.9149 -0.0014
vn -0.3749 -0.9269 -0.0148
vn 0.0177 -0.9486 -0.3161
vn 0.0119 -0.9996 -0.0257
vn -0.7043 -0.7099 0.0011
vn -0.7043 -0.7099 -0.0011
vn -0.8922 -0.4515 -0.0010
vn -0.7212 -0.6926 -0.0121
vn -0.9160 -0.4010 -0.0100
vn -0.5596 -0.7651 -0.3185
vn -0.2030 -0.9354 -0.2896
vn -0.9993 -0.0385 -0.0004
vn -0.9903 -0.1390 -0.0080
vn -0.9837 -0.1798 -0.0008
vn -0.9992 -0.0378 -0.0109
vn -0.9085 -0.1836 -0.3753
vn -0.8289 -0.4414 -0.3436
vn -0.9370 -0.0448 -0.3464
vn -0.6086 -0.2036 -0.7669
vn -0.6933 -0.0513 -0.7188
vn -0.3015 -0.2097 -0.9301
vn -0.1297 -0.4568 -0.8801
vn -0.4376 -0.4663 -0.7688
vn -0.0031 -0.2656 -0.9641
vn -0.1261 -0.0793 -0.9888
vn -0.0169 -0.0796 -0.9967
vn 0.0240 -0.4945 -0.8688
vn -0.0518 -0.2280 -0.9723
vn 0.0215 -0.4811 -0.8764
vn -0.4046 -0.0621 -0.9124
vn 0.0373 -0.5164 0.8555
vn -0.0354 -0.9405 -0.3378
vn 0.0247 -0.7110 -0.7028
vn -0.2485 -0.6892 -0.6806
vn 0.2653 0.9030 0.3380
vn 0.0750 0.9873 0.1398
vn 0.1533 0.9285 0.3381
vn 0.0712 0.9382 0.3386
vn 0.1406 0.8517 0.5048
vn 0.2434 0.8285 0.5044
vn 0.2005 0.6831 0.7023
vn 0.0652 0.8602 0.5057
vn 0.1157 0.7019 0.7028
vn 0.0536 0.7083 0.7039
vn 0.0835 0.5074 0.8577
vn 0.1449 0.4941 0.8572
vn 0.0970 0.3310 0.9386
vn 0.0372 0.5106 0.8590
vn 0.0559 0.3399 0.9388
vn 0.0234 0.3430 0.9390
vn 0.0236 0.1446 0.9892
vn 0.0414 0.1417 0.9890
vn 0.0750 0.9873 -0.1398
vn 0.1533 0.9285 -0.3381
vn 0.0712 0.9382 -0.3386
vn 0.2653 0.9030 -0.3380
vn 0.2434 0.8285 -0.5044
vn 0.1406 0.8517 -0.5048
vn 0.0652 0.8602 -0.5057
vn 0.1157 0.7019 -0.7028
vn 0.0536 0.7083 -0.7039
vn 0.2005 0.6831 -0.7023
vn 0.1449 0.4941 -0.8573
vn 0.0835 0.5074 -0.8577
vn 0.0372 0.5106 -0.8590
vn 0.0559 0.3399 -0.9388
vn 0.0234 0.3430 -0.9390
vn 0.0970 0.3310 -0.9386
vn 0.0414 0.1417 -0.9890
vn 0.0236 0.1446 -0.9892
vn 0.0098 0.1449 -0.9894
vn 0.4082 0.9022 0.1392
vn 0.5114 0.7902 0.3378
vn 0.5382 0.8312 0.1391
vn 0.3878 0.8576 0.3378
vn 0.3558 0.7869 0.5042
vn 0.4693 0.7251 0.5040
vn 0.3869 0.5982 0.7018
vn 0.2932 0.6489 0.7021
vn 0.2120 0.4696 0.8571
vn 0.2799 0.4330 0.8568
vn 0.1875 0.2901 0.9385
vn 0.1419 0.3145 0.9386
vn 0.0607 0.1350 0.9890
vn 0.0805 0.1250 0.9889
vn 0.2793 0.9500 -0.1393
vn 0.3878 0.8576 -0.3378
vn 0.4082 0.9022 -0.1392
vn 0.5114 0.7902 -0.3378
vn 0.4693 0.7251 -0.5040
vn 0.3558 0.7869 -0.5042
vn 0.2932 0.6489 -0.7021
vn 0.3870 0.5982 -0.7017
vn 0.2799 0.4330 -0.8568
vn 0.2120 0.4696 -0.8571
vn 0.1419 0.3146 -0.9386
vn 0.1874 0.2901 -0.9385
vn 0.0805 0.1250 -0.9889
vn 0.0607 0.1350 -0.9890
vn 0.8055 0.5747 0.1449
vn 0.6392 0.6893 0.3411
vn 0.7627 0.5429 0.3515
vn 0.6733 0.7259 0.1405
vn 0.5860 0.6316 0.5077
vn 0.6962 0.4947 0.5201
vn 0.4824 0.5197 0.7052
vn 0.5694 0.4031 0.7164
vn 0.3485 0.3753 0.8589
vn 0.4090 0.2881 0.8659
vn 0.2332 0.2507 0.9396
vn 0.2723 0.1910 0.9431
vn 0.1011 0.1090 0.9889
vn 0.1192 0.0825 0.9894
vn 0.5382 0.8313 -0.1391
vn 0.6392 0.6893 -0.3411
vn 0.8055 0.5747 -0.1449
vn 0.6733 0.7259 -0.1405
vn 0.7627 0.5429 -0.3515
vn 0.5860 0.6315 -0.5077
vn 0.4824 0.5197 -0.7052
vn 0.6962 0.4947 -0.5201
vn 0.5694 0.4031 -0.7164
vn 0.3486 0.3753 -0.8589
vn 0.2332 0.2507 -0.9396
vn 0.4090 0.2881 -0.8659
vn 0.2723 0.1910 -0.9431
vn 0.1011 0.1090 -0.9889
vn 0.9206 0.3597 0.1523
vn 0.8460 0.3993 0.3533
vn 0.8701 0.3399 0.3569
vn 0.8938 0.4240 0.1462
vn 0.7710 0.3633 0.5231
vn 0.7847 0.3063 0.5389
vn 0.6291 0.2947 0.7193
vn 0.3398 0.5012 0.7958
vn 0.4507 0.2094 0.8678
vn 0.2257 0.3340 0.9151
vn 0.3000 0.1388 0.9438
vn 0.1482 0.2198 0.9642
vn 0.1291 0.0578 0.9899
vn 0.0412 0.0594 0.9974
vn 0.2563 0.9666 0.0014
vn 0.2547 0.9566 0.1417
vn 0.2479 0.9687 0.0122
vn 0.8656 0.4815 0.1374
vn 0.9222 0.3759 0.0908
vn 0.8230 0.4651 0.3262
vn 0.9257 0.3781 0.0126
vn 0.8576 0.3383 0.3875
vn 0.7631 0.4216 0.4898
vn 0.6298 0.3369 0.6999
vn 0.6654 0.2607 0.6995
vn 0.4859 0.1910 0.8529
vn 0.4543 0.2422 0.8573
vn 0.3067 0.1631 0.9377
vn 0.3445 0.1371 0.9287
vn 0.1503 0.0594 0.9869
vn 0.1223 0.0642 0.9904
vn 0.9257 0.3781 -0.0126
vn 0.8656 0.4815 -0.1374
vn 0.9222 0.3759 -0.0908
vn 0.7631 0.4216 -0.4898
vn 0.8576 0.3383 -0.3875
vn 0.6654 0.2607 -0.6995
vn 0.6298 0.3369 -0.6999
vn 0.4542 0.2422 -0.8573
vn 0.4859 0.1910 -0.8529
vn 0.3445 0.1371 -0.9287
vn 0.3067 0.1631 -0.9377
vn 0.1223 0.0642 -0.9904
vn 0.1503 0.0593 -0.9869
vn 0.0302 0.0249 -0.9992
vn 0.7668 0.6265 0.1398
vn 0.5912 0.7307 0.3414
vn 0.6225 0.7696 0.1419
vn 0.7298 0.5949 0.3369
vn 0.6684 0.5435 0.5077
vn 0.5407 0.6678 0.5116
vn 0.4429 0.5466 0.7107
vn 0.5483 0.4449 0.7081
vn 0.3931 0.3183 0.8626
vn 0.3172 0.3912 0.8639
vn 0.2126 0.2620 0.9413
vn 0.2638 0.2132 0.9407
vn 0.1031 0.0833 0.9912
vn 0.0832 0.1025 0.9912
vn 0.7298 0.5949 -0.3369
vn 0.8230 0.4651 -0.3262
vn 0.7668 0.6265 -0.1398
vn 0.5912 0.7307 -0.3414
vn 0.5407 0.6678 -0.5116
vn 0.6684 0.5435 -0.5077
vn 0.5483 0.4449 -0.7082
vn 0.4429 0.5466 -0.7107
vn 0.3172 0.3912 -0.8639
vn 0.3931 0.3183 -0.8626
vn 0.2638 0.2132 -0.9407
vn 0.2126 0.2621 -0.9413
vn 0.0832 0.1025 -0.9912
vn 0.1031 0.0833 -0.9912
vn 0.4663 0.8732 0.1415
vn 0.3191 0.8847 0.3399
vn 0.3356 0.9314 0.1410
vn 0.4431 0.8293 0.3405
vn 0.4054 0.7585 0.5103
vn 0.2922 0.8097 0.5090
vn 0.2401 0.6644 0.7078
vn 0.3325 0.6216 0.7093
vn 0.2386 0.4456 0.8629
vn 0.1727 0.4771 0.8617
vn 0.1159 0.3197 0.9404
vn 0.1600 0.2985 0.9409
vn 0.0634 0.1179 0.9910
vn 0.0465 0.1283 0.9906
vn 0.6225 0.7696 -0.1420
vn 0.4431 0.8293 -0.3405
vn 0.4663 0.8732 -0.1415
vn 0.3191 0.8847 -0.3399
vn 0.2922 0.8097 -0.5090
vn 0.4054 0.7585 -0.5103
vn 0.3325 0.6216 -0.7093
vn 0.2401 0.6644 -0.7078
vn 0.1727 0.4771 -0.8617
vn 0.2386 0.4456 -0.8629
vn 0.1600 0.2985 -0.9409
vn 0.1159 0.3197 -0.9404
vn 0.0465 0.1283 -0.9906
vn 0.0634 0.1178 -0.9910
vn 0.2434 0.9579 0.1525
vn 0.2429 0.9084 0.3403
vn 0.2274 0.9142 0.3355
vn 0.2228 0.8317 0.5085
vn 0.1983 0.8491 0.4895
vn -0.1983 0.8491 0.4896
vn -0.2129 0.8952 0.3914
vn 0.1826 0.6837 0.7065
vn 0.1312 0.4917 0.8608
vn -0.1037 0.3918 0.9142
vn -0.1138 0.4886 0.8651
vn -0.0772 0.3249 0.9426
vn 0.1037 0.3918 0.9142
vn 0.1037 0.3919 -0.9142
vn 0.3356 0.9314 -0.1410
vn 0.2429 0.9084 -0.3403
vn 0.2434 0.9579 -0.1525
vn 0.2547 0.9566 -0.1417
vn 0.1983 0.8491 -0.4896
vn 0.2228 0.8317 -0.5085
vn 0.1826 0.6837 -0.7066
vn 0.1138 0.4886 0.8651
vn 0.1312 0.4917 -0.8608
vn -0.1037 0.3918 -0.9142
vn -0.1138 0.4886 -0.8651
vn -0.1312 0.4917 -0.8608
vn -0.0329 0.1300 -0.9910
vn -0.0772 0.3249 -0.9426
vn 0.2519 0.9636 0.0897
vn 0.2129 0.8952 0.3915
vn 0.0772 0.3249 0.9426
vn 0.0329 0.1300 0.9910
vn 0.2519 0.9636 -0.0897
vn 0.2274 0.9142 -0.3354
vn 0.2129 0.8952 -0.3914
vn 0.0772 0.3249 -0.9426
vn 0.1138 0.4885 -0.8651
vn 0.0329 0.1300 -0.9910
vn 0.1892 -0.2576 0.9476
vn 0.0094 0.3428 -0.9394
vn 0.0039 0.1439 -0.9896
vn 0.9979 -0.0000 0.0647
vn 0.9898 -0.0000 -0.1423
vn 0.9979 -0.0000 0.0652
vn 0.0174 0.6244 -0.7809
vn 0.0098 0.5096 -0.8603
vn 0.0242 0.8617 0.5068
vn 0.0174 0.6245 0.7809
vn 0.0120 0.8619 0.5069
vn 0.0098 0.7090 0.7052
vn 0.0131 0.9406 0.3393
vn 0.0264 0.9404 0.3392
vn 0.0278 0.9897 0.1402
vn 0.0138 0.9900 0.1402
vn 0.0138 0.9900 -0.1402
vn 0.0264 0.9404 -0.3392
vn 0.0131 0.9406 -0.3393
vn 0.0278 0.9897 -0.1402
vn 0.0242 0.8617 -0.5068
vn 0.0120 0.8619 -0.5070
vn 0.0098 0.7090 -0.7052
vn -0.0174 0.6244 -0.7809
vn -0.0098 0.7090 -0.7052
vn -0.0098 0.5096 -0.8604
vn -0.0234 0.3430 0.9390
vn -0.0098 0.5096 0.8603
vn -0.0372 0.5107 0.8590
vn -0.0094 0.3428 0.9394
vn -0.0098 0.1449 0.9894
vn -0.0039 0.1439 0.9896
vn 0.8938 0.4240 -0.1462
vn 0.9205 0.3597 -0.1523
vn 0.8460 0.3993 -0.3534
vn 0.8701 0.3399 -0.3569
vn 0.7710 0.3633 -0.5231
vn 0.7847 0.3063 -0.5388
vn 0.6291 0.2947 -0.7193
vn 0.4507 0.2094 -0.8678
vn 0.3000 0.1388 -0.9438
vn 0.1482 0.2198 -0.9642
vn 0.1291 0.0579 -0.9899
vn 0.1192 0.0825 -0.9894
vn 0.0084 0.9998 0.0160
vn 0.0081 0.9881 0.1536
vn 0.0094 0.9955 0.0941
vn 0.0065 0.9385 0.3451
vn 0.0048 0.9069 0.4214
vn -0.3398 0.5012 0.7958
vn -0.0012 0.8489 0.5286
vn -0.0048 0.9069 0.4214
vn -0.0030 0.1602 0.9871
vn -0.0020 0.3849 0.9230
vn 0.0020 0.3849 0.9230
vn 0.0030 0.1602 0.9871
vn 0.0081 0.9881 -0.1536
vn 0.0094 0.9955 -0.0941
vn 0.0065 0.9385 -0.3451
vn 0.0084 0.9998 -0.0160
vn 0.0048 0.9069 -0.4214
vn 0.0012 0.8489 -0.5286
vn -0.2257 0.3341 -0.9151
vn 0.0412 0.0594 -0.9974
vn -0.0222 -0.1351 0.9906
vn -0.0951 -0.3262 0.9405
vn -0.0381 -0.1302 0.9908
vn -0.0094 -0.1377 0.9904
vn -0.0548 -0.3359 0.9403
vn -0.0229 -0.3399 0.9402
vn -0.0817 -0.5012 0.8615
vn -0.1418 -0.4867 0.8620
vn -0.1974 -0.6780 0.7080
vn -0.1136 -0.6976 0.7074
vn -0.0524 -0.7055 0.7068
vn -0.1382 -0.8498 0.5086
vn -0.2404 -0.8264 0.5091
vn -0.2627 -0.9030 0.3399
vn -0.0637 -0.8589 0.5081
vn -0.1510 -0.9283 0.3397
vn -0.0696 -0.9380 0.3395
vn -0.2764 -0.9506 0.1410
vn -0.0556 -0.1235 0.9908
vn -0.1842 -0.2849 0.9407
vn -0.0732 -0.1127 0.9909
vn -0.1391 -0.3100 0.9405
vn -0.2075 -0.4625 0.8620
vn -0.2748 -0.4251 0.8624
vn -0.3829 -0.5927 0.7086
vn -0.2888 -0.6444 0.7080
vn -0.3518 -0.7855 0.5092
vn -0.4669 -0.7228 0.5096
vn -0.5103 -0.7899 0.3400
vn -0.3844 -0.8583 0.3398
vn -0.5370 -0.8317 0.1412
vn -0.1046 -0.0711 0.9920
vn -0.2312 -0.2418 0.9424
vn -0.2705 -0.1807 0.9456
vn -0.0904 -0.0943 0.9914
vn -0.3459 -0.3611 0.8660
vn -0.4067 -0.2707 0.8725
vn -0.4847 -0.5052 0.7140
vn -0.5746 -0.3806 0.7246
vn -0.5938 -0.6180 0.5152
vn -0.7093 -0.4685 0.5267
vn -0.6509 -0.6766 0.3442
vn -0.7807 -0.5152 0.3536
vn -0.6863 -0.7131 0.1433
vn -0.8261 -0.5439 0.1475
vn -0.2982 -0.1344 0.9450
vn -0.1693 -0.2517 0.9529
vn -0.1183 -0.0550 0.9915
vn -0.4485 -0.2015 0.8708
vn -0.6316 -0.2822 0.7221
vn -0.7778 -0.3464 0.5244
vn -0.8117 -0.3110 0.4943
vn -0.8548 -0.3807 0.3527
vn -0.8788 -0.3366 0.3383
vn -0.9041 -0.4013 0.1466
vn -0.9253 -0.3544 0.1349
vn -0.1262 -0.0698 0.9895
vn -0.3091 -0.1209 0.9433
vn -0.2909 -0.1639 0.9426
vn -0.1316 -0.0500 0.9900
vn -0.4639 -0.1823 0.8669
vn -0.4363 -0.2474 0.8651
vn -0.6474 -0.2565 0.7177
vn -0.6071 -0.3466 0.7150
vn -0.7974 -0.2712 0.5391
vn -0.7928 -0.3160 0.5211
vn -0.7417 -0.4256 0.5184
vn -0.8694 -0.3473 0.3515
vn -0.8120 -0.4672 0.3498
vn -0.8844 -0.3011 0.3567
vn -0.9355 -0.3187 0.1524
vn -0.9181 -0.3686 0.1454
vn -0.8571 -0.4946 0.1443
vn -0.0937 -0.1164 0.9888
vn -0.2611 -0.2201 0.9399
vn -0.2157 -0.2680 0.9390
vn -0.1134 -0.0953 0.9890
vn -0.3903 -0.3300 0.8595
vn -0.3224 -0.4006 0.8577
vn -0.5401 -0.4578 0.7062
vn -0.4457 -0.5539 0.7033
vn -0.6562 -0.5572 0.5088
vn -0.5408 -0.6721 0.5057
vn -0.7160 -0.6086 0.3419
vn -0.5896 -0.7329 0.3395
vn -0.7541 -0.6414 0.1408
vn -0.6207 -0.7715 0.1398
vn -0.0704 -0.1308 0.9889
vn -0.1175 -0.3227 0.9392
vn -0.0499 -0.1377 0.9892
vn -0.1635 -0.3028 0.9389
vn -0.2445 -0.4523 0.8577
vn -0.1758 -0.4820 0.8584
vn -0.2437 -0.6671 0.7040
vn -0.3384 -0.6254 0.7031
vn -0.4108 -0.7587 0.5055
vn -0.2962 -0.8100 0.5061
vn -0.3233 -0.8834 0.3393
vn -0.4480 -0.8273 0.3391
vn -0.4717 -0.8706 0.1396
vn -0.3405 -0.9298 0.1399
vn -0.0337 -0.1424 0.9892
vn -0.0474 -0.3460 0.9370
vn -0.0199 -0.1476 0.9889
vn -0.0796 -0.3346 0.9390
vn -0.1190 -0.4992 0.8583
vn -0.0705 -0.5123 0.8559
vn -0.0976 -0.7056 0.7019
vn -0.1651 -0.6908 0.7039
vn -0.2009 -0.8386 0.5063
vn -0.1186 -0.8545 0.5057
vn -0.1185 -0.9351 0.3340
vn -0.2194 -0.9146 0.3396
vn -0.2313 -0.9627 0.1401
vn -0.1222 -0.9815 0.1473
vn -0.0068 -0.1367 0.9906
vn -0.0219 -0.3377 0.9410
vn -0.0373 -0.5164 0.8555
vn -0.0475 -0.9948 0.0896
vn -0.0272 -0.9897 0.1405
vn -0.0130 -0.9404 0.3397
vn -0.0137 -0.9900 0.1406
vn -0.0258 -0.9402 0.3396
vn -0.0237 -0.8611 0.5079
vn -0.0119 -0.8613 0.5080
vn -0.0098 -0.7077 0.7065
vn 0.0235 -0.8618 0.5067
vn 0.0098 -0.7077 0.7065
vn 0.8347 0.5418 -0.0985
vn 0.9084 0.4132 0.0633
vn 0.8984 0.4199 -0.1288
vn 0.0038 -0.1390 0.9903
vn 0.0229 -0.3400 0.9402
vn -0.2313 -0.9627 -0.1401
vn -0.3405 -0.9298 -0.1399
vn -0.6733 0.7259 -0.1405
vn -0.8055 0.5747 0.1449
vn 0.4975 -0.0000 0.8675
vn 0.4936 -0.0005 0.8697
vn 0.9246 -0.0000 0.3811
vn 0.0734 -0.0019 0.9973
vn 0.2338 -0.0027 0.9723
vn 0.4707 -0.0030 0.8823
vn 0.7101 -0.0012 0.7041
vn 0.9384 -0.0010 0.3454
vn 0.9997 -0.0006 0.0233
vn 1.0000 -0.0004 0.0027
vn -0.0094 -0.1377 -0.9904
vn -0.0548 -0.3359 -0.9403
vn -0.0243 -0.3407 -0.9399
vn -0.0222 -0.1351 -0.9906
vn -0.0951 -0.3262 -0.9405
vn -0.1418 -0.4867 -0.8620
vn -0.0817 -0.5012 -0.8615
vn -0.0378 -0.5074 -0.8609
vn -0.1136 -0.6976 -0.7074
vn -0.0524 -0.7055 -0.7068
vn -0.1974 -0.6780 -0.7081
vn -0.2404 -0.8264 -0.5091
vn -0.1382 -0.8498 -0.5086
vn -0.0637 -0.8589 -0.5081
vn -0.1510 -0.9283 -0.3397
vn -0.0696 -0.9380 -0.3395
vn -0.2627 -0.9030 -0.3399
vn -0.0381 -0.1302 -0.9908
vn -0.1391 -0.3100 -0.9405
vn -0.0556 -0.1235 -0.9908
vn -0.1842 -0.2849 -0.9407
vn -0.2748 -0.4251 -0.8624
vn -0.2074 -0.4625 -0.8620
vn -0.2888 -0.6444 -0.7081
vn -0.3829 -0.5927 -0.7086
vn -0.4669 -0.7228 -0.5096
vn -0.3518 -0.7855 -0.5091
vn -0.3844 -0.8583 -0.3398
vn -0.5103 -0.7899 -0.3400
vn -0.5370 -0.8317 -0.1412
vn -0.0732 -0.1128 -0.9909
vn -0.2312 -0.2419 -0.9423
vn -0.1046 -0.0711 -0.9920
vn -0.0904 -0.0943 -0.9914
vn -0.2705 -0.1807 -0.9456
vn -0.3459 -0.3611 -0.8660
vn -0.4847 -0.5052 -0.7140
vn -0.4067 -0.2707 -0.8725
vn -0.5745 -0.3807 -0.7246
vn -0.5938 -0.6180 -0.5152
vn -0.6509 -0.6766 -0.3442
vn -0.7093 -0.4685 -0.5267
vn -0.7807 -0.5152 -0.3536
vn -0.6863 -0.7131 -0.1433
vn -0.1183 -0.0550 -0.9915
vn -0.2983 -0.1344 -0.9450
vn -0.4485 -0.2015 -0.8708
vn -0.6316 -0.2822 -0.7221
vn -0.3726 -0.5471 -0.7495
vn -0.7778 -0.3465 -0.5243
vn -0.8117 -0.3110 -0.4943
vn -0.8548 -0.3807 -0.3526
vn -0.8787 -0.3366 -0.3384
vn -0.9041 -0.4013 -0.1465
vn -0.8261 -0.5439 -0.1475
vn -0.1316 -0.0500 -0.9900
vn -0.0408 -0.0563 -0.9976
vn -0.1262 -0.0699 -0.9895
vn -0.3091 -0.1209 -0.9433
vn -0.2909 -0.1639 -0.9426
vn -0.4639 -0.1823 -0.8669
vn -0.4363 -0.2474 -0.8651
vn -0.6474 -0.2565 -0.7177
vn -0.6071 -0.3466 -0.7150
vn -0.7928 -0.3160 -0.5211
vn -0.7974 -0.2712 -0.5391
vn -0.8844 -0.3011 -0.3567
vn -0.7417 -0.4256 -0.5184
vn -0.8694 -0.3473 -0.3515
vn -0.8120 -0.4672 -0.3498
vn -0.9181 -0.3686 -0.1454
vn -0.9355 -0.3187 -0.1524
vn -0.1134 -0.0952 -0.9890
vn -0.0937 -0.1164 -0.9888
vn -0.2611 -0.2201 -0.9399
vn -0.2157 -0.2680 -0.9390
vn -0.3903 -0.3300 -0.8596
vn -0.3224 -0.4006 -0.8577
vn -0.5401 -0.4578 -0.7062
vn -0.4457 -0.5539 -0.7032
vn -0.6562 -0.5572 -0.5088
vn -0.5408 -0.6721 -0.5057
vn -0.7160 -0.6086 -0.3419
vn -0.5896 -0.7329 -0.3395
vn -0.7541 -0.6414 -0.1408
vn -0.8571 -0.4946 -0.1443
vn -0.1636 -0.3028 -0.9389
vn -0.0704 -0.1308 -0.9889
vn -0.1175 -0.3227 -0.9392
vn -0.1757 -0.4819 -0.8584
vn -0.2445 -0.4523 -0.8577
vn -0.3384 -0.6254 -0.7031
vn -0.2437 -0.6671 -0.7040
vn -0.2962 -0.8100 -0.5061
vn -0.4108 -0.7588 -0.5055
vn -0.4480 -0.8272 -0.3391
vn -0.3233 -0.8834 -0.3393
vn -0.4717 -0.8706 -0.1397
vn -0.6207 -0.7715 -0.1398
vn -0.0500 -0.1378 -0.9892
vn -0.0796 -0.3346 -0.9390
vn -0.0337 -0.1424 -0.9892
vn -0.0474 -0.3460 -0.9370
vn -0.0705 -0.5123 -0.8559
vn -0.1190 -0.4992 -0.8583
vn -0.1651 -0.6908 -0.7039
vn -0.0976 -0.7056 -0.7019
vn -0.1186 -0.8545 -0.5057
vn -0.2009 -0.8386 -0.5063
vn -0.2194 -0.9146 -0.3396
vn -0.1185 -0.9351 -0.3341
vn -0.0198 -0.1476 -0.9889
vn -0.0219 -0.3377 -0.9410
vn -0.0068 -0.1367 -0.9906
vn -0.0373 -0.5164 -0.8555
vn -0.0608 -0.9171 -0.3940
vn -0.0475 -0.9948 -0.0896
vn -0.0038 -0.1390 0.9903
vn -0.0092 -0.3406 0.9401
vn 0.0067 -0.3422 -0.9396
vn 0.0071 -0.5093 -0.8606
vn 0.0182 -0.6656 -0.7461
vn 0.0195 -0.7076 -0.7064
vn -0.0195 -0.7076 -0.7064
vn -0.0237 -0.8611 -0.5079
vn -0.0098 -0.7077 -0.7065
vn -0.0119 -0.8613 -0.5080
vn -0.0258 -0.9402 -0.3396
vn -0.0130 -0.9404 -0.3397
vn -0.0137 -0.9900 -0.1406
vn -0.1892 -0.2576 0.9476
vn -0.9257 0.3781 -0.0126
vn -0.0000 -0.9914 0.1307
vn -0.0000 -0.9889 -0.1487
vn -0.0000 -0.9914 -0.1307
vn 0.0734 -0.0019 -0.9973
vn 0.2337 -0.0027 -0.9723
vn 0.4708 -0.0030 -0.8823
vn 0.7101 -0.0012 -0.7041
vn 0.9384 -0.0010 -0.3455
vn 0.9997 -0.0006 -0.0233
vn 1.0000 -0.0004 -0.0027
vn -0.1028 0.0001 0.9947
vn -0.2760 -0.0001 0.9612
vn -0.2701 -0.0000 0.9628
vn -0.0000 -0.9442 -0.3293
vn 0.3325 -0.0000 -0.9431
vn 0.1409 -0.0000 -0.9900
vn 0.1198 -0.0000 -0.9928
vn 0.8609 -0.0000 -0.5089
vn 0.9391 -0.0000 -0.3436
vn 0.9402 -0.0000 -0.3406
vn 0.1254 -0.0016 0.9921
vn 0.3017 -0.0028 0.9534
vn 0.1499 -0.0049 0.9887
vn 0.1041 -0.0017 0.9946
vn 0.2945 -0.0015 0.9557
vn -0.2945 -0.0015 0.9557
vn -0.3017 -0.0028 0.9534
vn -0.4936 -0.0005 0.8697
vn 0.7043 -0.7099 -0.0011
vn 0.1478 0.0041 -0.9890
vn 0.3556 0.3834 -0.8524
vn 0.3153 -0.0000 -0.9490
vn 0.1926 0.3331 -0.9230
vn 0.3403 0.4956 -0.7991
vn 0.4541 0.5331 -0.7139
vn 0.4902 0.4148 -0.7666
vn 0.4773 -0.0048 -0.8787
vn 0.6463 0.4403 -0.6232
vn 0.6710 -0.0133 -0.7413
vn 0.5970 0.5666 -0.5679
vn 0.7117 0.5762 -0.4019
vn 0.7720 0.4479 -0.4510
vn 0.8334 -0.0206 -0.5523
vn 0.8423 0.4441 -0.3055
vn 0.9248 -0.0216 -0.3797
vn 0.7781 0.5680 -0.2682
vn 0.9855 -0.0248 -0.1680
vn 0.7647 0.5713 0.2979
vn 0.8315 0.4371 0.3428
vn 0.9964 -0.0197 0.0819
vn 0.9054 -0.0279 0.4236
vn 0.6710 -0.0133 0.7413
vn 0.6463 0.4403 0.6232
vn 0.5970 0.5666 0.5679
vn 0.4886 0.4137 0.7682
vn 0.4743 -0.0047 0.8804
vn 0.2863 -0.0014 0.9582
vn 0.4544 0.5319 0.7145
vn 0.3346 0.3720 0.8658
vn 0.3280 0.4812 0.8129
vn 0.2138 0.3257 0.9210
vn 0.1398 -0.0079 0.9901
vn 0.0576 -0.3278 -0.9430
vn 0.1550 -0.5080 -0.8473
vn -0.0047 -0.4137 -0.9104
vn 0.2108 -0.3906 -0.8961
vn 0.3511 -0.4388 -0.8272
vn 0.2743 -0.5676 -0.7763
vn 0.4340 -0.6309 -0.6432
vn 0.5268 -0.4872 -0.6965
vn 0.6826 -0.5140 -0.5195
vn 0.5792 -0.6656 -0.4706
vn 0.7761 -0.5182 -0.3592
vn 0.6697 -0.6691 -0.3221
vn -0.7576 -0.6428 -0.1131
vn -0.8715 -0.4846 0.0756
vn -0.8545 -0.4965 -0.1529
vn -0.9964 -0.0197 0.0819
vn -0.9855 -0.0248 -0.1680
vn 0.7634 -0.5119 0.3939
vn 0.6608 -0.6693 0.3398
vn 0.7753 -0.6291 0.0560
vn 0.5268 -0.4872 0.6965
vn 0.4340 -0.6309 0.6432
vn 0.3470 -0.4378 0.8294
vn 0.2679 -0.5657 0.7799
vn 0.1757 -0.3813 0.9076
vn 0.1091 -0.4891 0.8654
vn 0.0408 -0.3325 0.9422
vn -0.0111 -0.4210 0.9070
vn -0.0414 0.1417 0.9890
vn -0.0559 0.3399 0.9388
vn -0.0970 0.3310 0.9386
vn -0.0237 0.1446 0.9892
vn -0.0835 0.5074 0.8577
vn -0.1449 0.4941 0.8573
vn -0.1157 0.7020 0.7028
vn -0.2005 0.6831 0.7023
vn -0.0536 0.7083 0.7038
vn -0.0652 0.8602 0.5057
vn -0.1406 0.8517 0.5048
vn -0.2434 0.8284 0.5044
vn -0.1533 0.9285 0.3381
vn -0.2653 0.9030 0.3380
vn -0.0712 0.9382 0.3386
vn -0.0750 0.9873 0.1398
vn -0.1614 0.9770 0.1395
vn -0.2793 0.9500 0.1393
vn -0.0237 0.1446 -0.9892
vn -0.0234 0.3430 -0.9390
vn -0.0098 0.1449 -0.9894
vn -0.0414 0.1417 -0.9890
vn -0.0559 0.3399 -0.9388
vn -0.0970 0.3310 -0.9386
vn -0.0835 0.5073 -0.8577
vn -0.0372 0.5106 -0.8590
vn -0.0536 0.7083 -0.7039
vn -0.1449 0.4940 -0.8573
vn -0.1157 0.7019 -0.7028
vn -0.2005 0.6831 -0.7023
vn -0.1406 0.8517 -0.5048
vn -0.0652 0.8602 -0.5057
vn -0.0712 0.9382 -0.3386
vn -0.2434 0.8284 -0.5044
vn -0.1533 0.9285 -0.3381
vn -0.2653 0.9030 -0.3380
vn -0.1614 0.9770 -0.1394
vn -0.0750 0.9873 -0.1398
vn -0.0805 0.1250 0.9889
vn -0.1419 0.3145 0.9386
vn -0.1875 0.2901 0.9385
vn -0.0607 0.1350 0.9890
vn -0.2120 0.4695 0.8571
vn -0.2799 0.4330 0.8568
vn -0.2932 0.6490 0.7020
vn -0.3869 0.5982 0.7018
vn -0.3558 0.7869 0.5042
vn -0.4693 0.7251 0.5040
vn -0.3878 0.8576 0.3379
vn -0.5114 0.7902 0.3378
vn -0.4082 0.9022 0.1392
vn -0.0607 0.1350 -0.9890
vn -0.0805 0.1250 -0.9889
vn -0.1419 0.3145 -0.9386
vn -0.1875 0.2901 -0.9385
vn -0.2120 0.4695 -0.8571
vn -0.2799 0.4330 -0.8568
vn -0.2932 0.6490 -0.7021
vn -0.3869 0.5982 -0.7018
vn -0.3558 0.7869 -0.5042
vn -0.4693 0.7251 -0.5040
vn -0.3878 0.8576 -0.3378
vn -0.5114 0.7902 -0.3378
vn -0.4082 0.9022 -0.1393
vn -0.2793 0.9500 -0.1393
vn -0.1011 0.1090 0.9889
vn -0.2723 0.1910 0.9431
vn -0.1192 0.0825 0.9894
vn -0.2332 0.2507 0.9396
vn -0.3485 0.3753 0.8589
vn -0.4090 0.2881 0.8659
vn -0.5694 0.4031 0.7164
vn -0.4824 0.5197 0.7051
vn -0.5860 0.6315 0.5077
vn -0.6962 0.4947 0.5201
vn -0.7627 0.5429 0.3515
vn -0.6392 0.6893 0.3411
vn -0.1011 0.1090 -0.9889
vn -0.2723 0.1910 -0.9431
vn -0.2332 0.2507 -0.9396
vn -0.4090 0.2881 -0.8659
vn -0.3485 0.3753 -0.8589
vn -0.5694 0.4031 -0.7164
vn -0.4824 0.5197 -0.7051
vn -0.6962 0.4947 -0.5201
vn -0.5860 0.6316 -0.5077
vn -0.7627 0.5429 -0.3515
vn -0.6392 0.6893 -0.3411
vn -0.8055 0.5747 -0.1449
vn -0.1291 0.0579 0.9899
vn -0.1482 0.2198 0.9642
vn -0.0412 0.0594 0.9974
vn -0.3000 0.1388 0.9438
vn -0.4507 0.2094 0.8678
vn -0.2257 0.3341 0.9151
vn -0.6291 0.2947 0.7193
vn -0.7710 0.3633 0.5231
vn -0.7847 0.3063 0.5388
vn -0.8701 0.3399 0.3569
vn -0.8460 0.3993 0.3534
vn -0.4663 0.8732 -0.1415
vn -0.3356 0.9314 0.1410
vn -0.4663 0.8732 0.1415
vn 0.2563 0.9666 -0.0014
vn -0.1223 0.0642 0.9904
vn -0.3445 0.1371 0.9287
vn -0.3066 0.1631 0.9377
vn -0.1503 0.0593 0.9869
vn -0.4859 0.1910 0.8529
vn -0.4542 0.2422 0.8573
vn -0.6654 0.2607 0.6995
vn -0.6298 0.3369 0.6999
vn -0.8575 0.3383 0.3875
vn -0.7631 0.4216 0.4898
vn -0.9222 0.3759 0.0907
vn -0.8230 0.4651 0.3262
vn -0.9257 0.3781 0.0126
vn -0.8656 0.4815 0.1374
vn -0.1503 0.0593 -0.9869
vn -0.0302 0.0249 -0.9992
vn -0.1223 0.0642 -0.9904
vn -0.3445 0.1371 -0.9287
vn -0.3066 0.1631 -0.9377
vn -0.4859 0.1910 -0.8529
vn -0.4543 0.2422 -0.8573
vn -0.6654 0.2607 -0.6995
vn -0.6299 0.3369 -0.6998
vn -0.8575 0.3383 -0.3875
vn -0.9222 0.3759 -0.0907
vn -0.7631 0.4216 -0.4898
vn -0.8656 0.4815 -0.1374
vn -0.0832 0.1025 0.9912
vn -0.2638 0.2132 0.9407
vn -0.2126 0.2620 0.9413
vn -0.1032 0.0833 0.9912
vn -0.3931 0.3184 0.8626
vn -0.3172 0.3912 0.8639
vn -0.5483 0.4449 0.7081
vn -0.4429 0.5466 0.7107
vn -0.6684 0.5435 0.5078
vn -0.5407 0.6678 0.5116
vn -0.7298 0.5949 0.3369
vn -0.5912 0.7307 0.3413
vn -0.7668 0.6265 0.1397
vn -0.6225 0.7696 0.1420
vn -0.1032 0.0833 -0.9912
vn -0.0832 0.1025 -0.9912
vn -0.2638 0.2132 -0.9407
vn -0.2126 0.2620 -0.9414
vn -0.3931 0.3183 -0.8626
vn -0.3172 0.3912 -0.8639
vn -0.5483 0.4449 -0.7081
vn -0.4429 0.5466 -0.7107
vn -0.6684 0.5435 -0.5078
vn -0.8230 0.4651 -0.3262
vn -0.5407 0.6678 -0.5116
vn -0.7298 0.5949 -0.3369
vn -0.5912 0.7307 -0.3414
vn -0.7668 0.6265 -0.1397
vn -0.0465 0.1283 0.9906
vn -0.1600 0.2985 0.9409
vn -0.1159 0.3197 0.9404
vn -0.0634 0.1179 0.9910
vn -0.2386 0.4455 0.8629
vn -0.1727 0.4771 0.8617
vn -0.3325 0.6216 0.7092
vn -0.2401 0.6643 0.7078
vn -0.4054 0.7585 0.5103
vn -0.2922 0.8097 0.5090
vn -0.4431 0.8293 0.3406
vn -0.3191 0.8847 0.3399
vn -0.0634 0.1179 -0.9910
vn -0.0465 0.1283 -0.9906
vn -0.1600 0.2985 -0.9409
vn -0.1159 0.3197 -0.9404
vn -0.2386 0.4455 -0.8629
vn -0.1727 0.4771 -0.8617
vn -0.3325 0.6216 -0.7093
vn -0.2401 0.6644 -0.7078
vn -0.4054 0.7585 -0.5103
vn -0.2922 0.8097 -0.5090
vn -0.4431 0.8293 -0.3405
vn -0.3191 0.8847 -0.3399
vn -0.6225 0.7696 -0.1420
vn 0.0007 -0.0001 -1.0000
vn -0.1312 0.4917 0.8608
vn -0.1826 0.6837 -0.7066
vn -0.1826 0.6837 0.7065
vn -0.2228 0.8317 0.5085
vn -0.2129 0.8952 -0.3914
vn -0.1983 0.8491 -0.4896
vn -0.2429 0.9084 0.3403
vn -0.2274 0.9142 0.3354
vn -0.2547 0.9566 0.1417
vn -0.2434 0.9579 0.1525
vn -0.2547 0.9566 -0.1417
vn -0.2228 0.8317 -0.5085
vn -0.2429 0.9084 -0.3403
vn -0.2434 0.9579 -0.1525
vn -0.3356 0.9314 -0.1410
vn -0.0329 0.1300 0.9910
vn -0.2519 0.9636 0.0897
vn -0.2274 0.9142 -0.3354
vn -0.2519 0.9636 -0.0897
vn -0.0138 0.9900 0.1402
vn -0.0264 0.9404 0.3392
vn -0.0131 0.9406 0.3393
vn -0.0278 0.9897 0.1402
vn -0.0242 0.8617 0.5068
vn -0.0120 0.8619 0.5070
vn -0.0174 0.6244 0.7809
vn -0.0098 0.7090 0.7052
vn -0.0094 0.3428 -0.9394
vn 0.0098 0.1449 0.9894
vn 0.0094 0.3428 0.9394
vn 0.0039 0.1439 0.9896
vn 0.0098 0.5096 0.8604
vn -0.0242 0.8618 -0.5067
vn -0.0120 0.8619 -0.5070
vn -0.0131 0.9406 -0.3393
vn -0.0264 0.9404 -0.3391
vn -0.0278 0.9897 -0.1402
vn -0.0138 0.9900 -0.1402
vn -0.1192 0.0825 -0.9894
vn -0.3000 0.1388 -0.9438
vn -0.1291 0.0579 -0.9899
vn -0.1482 0.2198 -0.9642
vn -0.4507 0.2094 -0.8678
vn -0.6291 0.2947 -0.7193
vn -0.3398 0.5012 -0.7958
vn -0.7847 0.3063 -0.5388
vn -0.7710 0.3633 -0.5231
vn -0.8460 0.3993 -0.3534
vn -0.8701 0.3399 -0.3569
vn -0.9205 0.3597 -0.1523
vn -0.0030 0.1602 -0.9871
vn -0.0048 0.9068 -0.4214
vn -0.0094 0.9955 0.0941
vn -0.0065 0.9386 0.3451
vn -0.0081 0.9881 0.1536
vn -0.0084 0.9998 0.0160
vn -0.0412 0.0594 -0.9974
vn -0.0020 0.3849 -0.9230
vn -0.8984 0.4199 -0.1288
vn -0.0065 0.9386 -0.3451
vn -0.0012 0.8489 -0.5286
vn -0.0094 0.9955 -0.0941
vn -0.0084 0.9998 -0.0160
vn -0.0081 0.9881 -0.1536
vn 0.2764 -0.9506 0.1410
vn 0.1510 -0.9284 0.3396
vn 0.2627 -0.9030 0.3399
vn 0.1588 -0.9772 0.1408
vn 0.0696 -0.9380 0.3395
vn 0.0637 -0.8589 0.5081
vn 0.1382 -0.8498 0.5086
vn 0.2404 -0.8264 0.5091
vn 0.1136 -0.6976 0.7074
vn 0.1974 -0.6780 0.7080
vn 0.0524 -0.7055 0.7068
vn 0.0817 -0.5012 0.8615
vn 0.1418 -0.4868 0.8619
vn 0.0548 -0.3359 0.9403
vn 0.0951 -0.3262 0.9405
vn 0.0094 -0.1377 0.9904
vn 0.0222 -0.1350 0.9906
vn 0.0381 -0.1302 0.9908
vn 0.5370 -0.8317 0.1412
vn 0.3844 -0.8583 0.3398
vn 0.5103 -0.7899 0.3400
vn 0.4045 -0.9036 0.1410
vn 0.3519 -0.7855 0.5091
vn 0.4669 -0.7228 0.5095
vn 0.2888 -0.6444 0.7081
vn 0.3829 -0.5927 0.7086
vn 0.2074 -0.4625 0.8620
vn 0.2748 -0.4251 0.8624
vn 0.1391 -0.3100 0.9405
vn 0.1842 -0.2849 0.9407
vn 0.0556 -0.1235 0.9908
vn 0.0732 -0.1127 0.9909
vn 0.6863 -0.7131 0.1433
vn 0.7807 -0.5152 0.3536
vn 0.6509 -0.6766 0.3442
vn 0.5938 -0.6180 0.5152
vn 0.7093 -0.4685 0.5267
vn 0.5745 -0.3807 0.7246
vn 0.4847 -0.5052 0.7140
vn 0.3459 -0.3611 0.8660
vn 0.4067 -0.2707 0.8725
vn 0.2705 -0.1807 0.9456
vn 0.2312 -0.2419 0.9424
vn 0.0903 -0.0943 0.9914
vn 0.1045 -0.0711 0.9920
vn 0.8787 -0.3366 0.3383
vn 0.9253 -0.3544 0.1349
vn 0.8548 -0.3807 0.3526
vn 0.7778 -0.3465 0.5244
vn 0.8117 -0.3110 0.4943
vn 0.6316 -0.2822 0.7221
vn 0.4485 -0.2015 0.8708
vn 0.2626 -0.3885 0.8833
vn 0.1693 -0.2517 0.9529
vn 0.2982 -0.1343 0.9450
vn 0.1183 -0.0550 0.9915
vn 0.0884 -0.1331 0.9872
vn 0.9181 -0.3686 0.1454
vn 0.8120 -0.4672 0.3498
vn 0.8571 -0.4946 0.1443
vn 0.9355 -0.3187 0.1524
vn 0.8694 -0.3473 0.3515
vn 0.8844 -0.3011 0.3567
vn 0.7928 -0.3160 0.5211
vn 0.7417 -0.4256 0.5184
vn 0.6071 -0.3466 0.7150
vn 0.7974 -0.2712 0.5391
vn 0.6474 -0.2565 0.7177
vn 0.3461 -0.4887 0.8009
vn 0.4639 -0.1823 0.8669
vn 0.4363 -0.2474 0.8651
vn 0.2909 -0.1639 0.9426
vn 0.2289 -0.3239 0.9180
vn 0.3091 -0.1209 0.9433
vn 0.1502 -0.2130 0.9654
vn 0.1316 -0.0500 0.9900
vn 0.1262 -0.0698 0.9895
vn 0.7541 -0.6414 0.1408
vn 0.5896 -0.7329 0.3395
vn 0.7160 -0.6086 0.3419
vn 0.6563 -0.5572 0.5088
vn 0.5408 -0.6721 0.5057
vn 0.4457 -0.5539 0.7033
vn 0.5401 -0.4578 0.7062
vn 0.3903 -0.3299 0.8596
vn 0.3224 -0.4006 0.8576
vn 0.2158 -0.2680 0.9389
vn 0.2611 -0.2201 0.9399
vn 0.1133 -0.0952 0.9890
vn 0.0937 -0.1164 0.9888
vn 0.3405 -0.9298 0.1399
vn 0.4480 -0.8272 0.3391
vn 0.3233 -0.8834 0.3393
vn 0.4108 -0.7588 0.5055
vn 0.2962 -0.8100 0.5061
vn 0.3384 -0.6254 0.7031
vn 0.2437 -0.6671 0.7040
vn 0.2445 -0.4523 0.8577
vn 0.1758 -0.4820 0.8584
vn 0.1636 -0.3028 0.9389
vn 0.1175 -0.3227 0.9392
vn 0.0704 -0.1308 0.9889
vn 0.0499 -0.1377 0.9892
vn 0.1222 -0.9815 0.1473
vn 0.2194 -0.9146 0.3396
vn 0.1185 -0.9351 0.3340
vn 0.2313 -0.9627 0.1401
vn 0.2009 -0.8386 0.5063
vn 0.1186 -0.8545 0.5057
vn 0.1651 -0.6908 0.7039
vn 0.0976 -0.7056 0.7019
vn 0.1190 -0.4992 0.8583
vn 0.0705 -0.5123 0.8559
vn 0.0796 -0.3346 0.9390
vn 0.0474 -0.3460 0.9370
vn 0.0337 -0.1424 0.9892
vn 0.0199 -0.1476 0.9889
vn 0.0475 -0.9948 0.0896
vn 0.0608 -0.9171 0.3941
vn 0.0219 -0.3377 0.9410
vn 0.0068 -0.1367 0.9906
vn 0.0243 -0.3407 -0.9399
vn 0.0038 -0.1390 -0.9903
vn -0.9084 0.4132 0.0633
vn -0.8347 0.5418 -0.0985
vn -0.0071 -0.5093 -0.8606
vn 0.0237 -0.8611 0.5079
vn 0.0119 -0.8613 0.5080
vn 0.0258 -0.9402 0.3396
vn 0.0130 -0.9404 0.3397
vn 0.0732 -0.9874 0.1406
vn 0.0272 -0.9897 0.1405
vn 0.0137 -0.9900 0.1406
vn 0.1502 -0.2130 -0.9654
vn 0.0883 -0.1330 -0.9872
vn 0.0408 -0.0563 0.9976
vn -0.9246 -0.0000 0.3811
vn -0.9979 -0.0000 0.0652
vn -1.0000 -0.0004 0.0027
vn -0.9997 -0.0006 0.0233
vn -0.9384 -0.0010 0.3455
vn -0.7101 -0.0012 0.7041
vn -0.4707 -0.0030 0.8823
vn -0.2338 -0.0027 0.9723
vn -0.0734 -0.0019 0.9973
vn 0.1588 -0.9772 -0.1408
vn 0.0696 -0.9380 -0.3395
vn 0.0732 -0.9874 -0.1406
vn 0.2764 -0.9506 -0.1410
vn 0.1510 -0.9283 -0.3397
vn 0.2627 -0.9030 -0.3399
vn 0.1382 -0.8498 -0.5086
vn 0.0637 -0.8589 -0.5081
vn 0.0524 -0.7055 -0.7068
vn 0.2404 -0.8264 -0.5091
vn 0.1136 -0.6976 -0.7074
vn 0.1974 -0.6781 -0.7080
vn 0.0817 -0.5012 -0.8615
vn 0.0378 -0.5074 -0.8609
vn 0.1418 -0.4867 -0.8620
vn 0.0548 -0.3359 -0.9403
vn 0.0951 -0.3262 -0.9405
vn 0.0222 -0.1351 -0.9906
vn 0.0094 -0.1377 -0.9904
vn 0.4045 -0.9036 -0.1410
vn 0.5370 -0.8317 -0.1412
vn 0.3844 -0.8583 -0.3398
vn 0.5103 -0.7899 -0.3400
vn 0.3518 -0.7855 -0.5091
vn 0.4668 -0.7228 -0.5096
vn 0.2888 -0.6444 -0.7081
vn 0.3829 -0.5927 -0.7086
vn 0.2074 -0.4625 -0.8620
vn 0.2748 -0.4251 -0.8624
vn 0.1391 -0.3100 -0.9405
vn 0.1842 -0.2849 -0.9407
vn 0.0556 -0.1235 -0.9908
vn 0.0381 -0.1302 -0.9908
vn 0.6863 -0.7130 -0.1433
vn 0.7807 -0.5152 -0.3536
vn 0.6509 -0.6766 -0.3442
vn 0.7093 -0.4685 -0.5267
vn 0.5938 -0.6180 -0.5152
vn 0.5745 -0.3807 -0.7246
vn 0.4847 -0.5052 -0.7140
vn 0.4067 -0.2707 -0.8725
vn 0.3459 -0.3611 -0.8660
vn 0.2705 -0.1807 -0.9456
vn 0.2313 -0.2419 -0.9423
vn 0.1046 -0.0711 -0.9920
vn 0.0904 -0.0943 -0.9914
vn 0.0732 -0.1128 -0.9909
vn 0.8548 -0.3807 -0.3526
vn 0.8787 -0.3366 -0.3383
vn 0.8117 -0.3110 -0.4943
vn 0.7778 -0.3465 -0.5243
vn 0.6316 -0.2822 -0.7221
vn 0.4485 -0.2014 -0.8708
vn 0.2982 -0.1343 -0.9450
vn 0.1183 -0.0550 -0.9915
vn 0.9355 -0.3187 -0.1524
vn 0.8694 -0.3473 -0.3515
vn 0.8844 -0.3011 -0.3567
vn 0.9181 -0.3686 -0.1454
vn 0.8120 -0.4672 -0.3498
vn 0.7417 -0.4256 -0.5184
vn 0.7928 -0.3161 -0.5211
vn 0.7974 -0.2712 -0.5391
vn 0.6474 -0.2565 -0.7177
vn 0.3461 -0.4887 -0.8009
vn 0.6071 -0.3466 -0.7150
vn 0.4363 -0.2474 -0.8651
vn 0.4639 -0.1823 -0.8669
vn 0.3091 -0.1209 -0.9433
vn 0.2909 -0.1639 -0.9426
vn 0.1262 -0.0699 -0.9895
vn 0.1316 -0.0500 -0.9900
vn 0.0408 -0.0563 -0.9976
vn 0.8571 -0.4946 -0.1443
vn 0.7160 -0.6086 -0.3419
vn 0.7541 -0.6414 -0.1408
vn 0.5896 -0.7329 -0.3394
vn 0.5408 -0.6721 -0.5057
vn 0.6562 -0.5572 -0.5088
vn 0.5401 -0.4578 -0.7062
vn 0.4457 -0.5539 -0.7033
vn 0.3224 -0.4006 -0.8577
vn 0.3903 -0.3300 -0.8596
vn 0.2611 -0.2201 -0.9399
vn 0.2158 -0.2680 -0.9389
vn 0.0937 -0.1164 -0.9888
vn 0.1134 -0.0952 -0.9890
vn 0.4717 -0.8706 -0.1397
vn 0.3405 -0.9298 -0.1399
vn 0.4480 -0.8272 -0.3391
vn 0.3233 -0.8834 -0.3393
vn 0.4108 -0.7588 -0.5055
vn 0.2962 -0.8100 -0.5061
vn 0.3384 -0.6254 -0.7031
vn 0.2437 -0.6671 -0.7040
vn 0.2445 -0.4523 -0.8577
vn 0.1758 -0.4820 -0.8584
vn 0.1636 -0.3028 -0.9389
vn 0.1175 -0.3227 -0.9392
vn 0.0704 -0.1308 -0.9889
vn 0.2313 -0.9627 -0.1401
vn 0.1221 -0.9815 -0.1473
vn 0.2194 -0.9146 -0.3395
vn 0.1185 -0.9351 -0.3341
vn 0.2009 -0.8386 -0.5063
vn 0.1186 -0.8545 -0.5057
vn 0.1651 -0.6908 -0.7039
vn 0.0976 -0.7056 -0.7019
vn 0.1190 -0.4992 -0.8583
vn 0.0705 -0.5123 -0.8559
vn 0.0796 -0.3346 -0.9390
vn 0.0474 -0.3460 -0.9370
vn 0.0337 -0.1424 -0.9892
vn 0.0499 -0.1377 -0.9892
vn 0.0475 -0.9948 -0.0896
vn 0.0608 -0.9171 -0.3940
vn 0.0373 -0.5164 -0.8555
vn 0.0219 -0.3377 -0.9410
vn 0.0068 -0.1367 -0.9906
vn 0.0199 -0.1476 -0.9889
vn 0.0272 -0.9897 -0.1405
vn 0.0130 -0.9404 -0.3397
vn 0.0137 -0.9900 -0.1406
vn 0.0258 -0.9402 -0.3396
vn 0.0237 -0.8611 -0.5079
vn 0.0119 -0.8613 -0.5080
vn 0.0098 -0.7077 -0.7065
vn -0.0039 0.1439 -0.9896
vn -1.0000 -0.0004 -0.0027
vn -0.9997 -0.0006 -0.0233
vn -0.9384 -0.0010 -0.3455
vn -0.7102 -0.0012 -0.7040
vn -0.4708 -0.0030 -0.8822
vn -0.2337 -0.0027 -0.9723
vn -0.0734 -0.0019 -0.9973
vn -0.1409 -0.0000 -0.9900
vn -0.3324 -0.0000 -0.9431
vn -0.1198 -0.0000 -0.9928
vn -0.7071 -0.0000 0.7071
vn -0.9192 -0.0000 0.3938
vn -0.9402 -0.0000 -0.3406
vn -0.0000 -0.9889 0.1487
vn -0.0000 -0.9442 0.3293
vn -0.6978 -0.0000 0.7163
vn -0.4975 -0.0000 0.8675
vn 0.1099 0.2789 -0.9540
vn -0.0038 -0.1390 -0.9903
vn -0.0067 -0.3422 -0.9396
vn -0.1041 -0.0017 0.9946
vn -0.1254 -0.0016 0.9921
vn -0.1499 -0.0049 0.9887
vn -0.4960 -0.0000 -0.8683
vn -0.3406 -0.0000 -0.9402
vn -0.5089 -0.0000 -0.8609
vn -0.7071 -0.0000 -0.7071
vn -0.8564 -0.0000 -0.5164
vn -0.6978 -0.0000 -0.7162
vn -0.8423 0.4441 -0.3055
vn -0.9248 -0.0216 -0.3797
vn -0.7781 0.5680 -0.2682
vn -0.7720 0.4479 -0.4510
vn -0.8334 -0.0206 -0.5523
vn -0.6710 -0.0133 -0.7413
vn -0.7117 0.5762 -0.4019
vn -0.6463 0.4403 -0.6232
vn -0.5970 0.5666 -0.5679
vn -0.4902 0.4148 -0.7666
vn -0.4773 -0.0048 -0.8787
vn -0.3153 -0.0000 -0.9490
vn -0.4541 0.5331 -0.7139
vn -0.3556 0.3834 -0.8524
vn -0.3403 0.4956 -0.7991
vn -0.1926 0.3331 -0.9230
vn -0.1478 0.0041 -0.9890
vn -0.1398 -0.0079 0.9902
vn -0.3346 0.3720 0.8658
vn -0.2863 -0.0014 0.9582
vn -0.2138 0.3257 0.9210
vn -0.3280 0.4812 0.8129
vn -0.4544 0.5319 0.7145
vn -0.4886 0.4137 0.7682
vn -0.4743 -0.0047 0.8804
vn -0.6463 0.4403 0.6232
vn -0.6710 -0.0133 0.7413
vn -0.5970 0.5666 0.5679
vn -0.7647 0.5713 0.2979
vn -0.8315 0.4371 0.3428
vn -0.9054 -0.0279 0.4236
vn -0.0182 -0.6656 -0.7461
vn -0.6698 -0.6691 -0.3221
vn -0.7761 -0.5182 -0.3592
vn -0.6826 -0.5140 -0.5195
vn -0.5792 -0.6656 -0.4706
vn -0.5268 -0.4872 -0.6965
vn -0.4340 -0.6309 -0.6432
vn -0.3511 -0.4388 -0.8272
vn -0.2743 -0.5676 -0.7763
vn -0.2108 -0.3906 -0.8961
vn -0.1550 -0.5080 -0.8473
vn -0.0576 -0.3278 -0.9430
vn 0.0047 -0.4137 -0.9104
vn -0.0408 -0.3325 0.9422
vn -0.1091 -0.4891 0.8654
vn 0.0111 -0.4210 0.9070
vn -0.1757 -0.3813 0.9076
vn -0.3470 -0.4378 0.8294
vn -0.2678 -0.5657 0.7799
vn -0.4340 -0.6309 0.6432
vn -0.5269 -0.4872 0.6965
vn -0.7634 -0.5119 0.3939
vn -0.6608 -0.6693 0.3398
vn -0.7753 -0.6291 0.0560
vn -0.0000 -0.9374 -0.3482
vn -0.0000 -0.8483 -0.5294
vn -0.9391 -0.0000 -0.3436
vn -0.8609 -0.0000 -0.5089
vn -0.9253 -0.3544 -0.1349
vn -0.1141 0.2783 0.9537
vn 0.0208 -0.0006 0.9998
vn 0.1028 0.0001 0.9947
vn 0.0307 -0.0007 0.9995
vn 0.0434 -0.0026 0.9991
vn 0.2760 -0.0001 0.9612
vn 0.7926 0.6097 0.0009
vn -0.0447 -0.2869 0.9569
vn 0.0430 -0.0104 0.9990
vn -0.0833 -0.3592 0.9295
vn 0.1722 0.3957 0.9021
vn 0.1347 0.2916 0.9470
vn 0.2341 0.4284 0.8727
vn -0.0007 -0.0001 -1.0000
vn -0.0703 -0.2652 -0.9616
vn -0.0973 -0.3438 -0.9340
vn 0.1655 0.4185 -0.8930
vn 0.0814 0.2839 -0.9554
vn 0.1312 0.3881 -0.9122
vn 0.0169 -0.9999 -0.0018
vn -0.0307 -0.0007 0.9995
vn -0.0434 -0.0026 0.9991
vn 0.0168 -0.9999 0.0018
vn -0.0208 -0.0006 0.9998
vn -0.0069 0.0005 1.0000
vn 0.0447 -0.2869 0.9569
vn -0.0430 -0.0104 0.9990
vn 0.0833 -0.3592 0.9295
vn -0.1722 0.3957 0.9021
vn -0.2341 0.4284 0.8727
vn -0.1347 0.2916 0.9470
vn 0.0973 -0.3438 -0.9340
vn 0.0703 -0.2652 -0.9616
vn -0.1655 0.4185 -0.8930
vn -0.0814 0.2839 -0.9554
vn -0.1312 0.3881 -0.9122
vn -0.2263 -0.1435 -0.9634
vn 0.3809 -0.3239 -0.8660
vn -0.2262 -0.1435 0.9634
vn 0.3809 -0.3239 0.8661
vn 0.1053 -0.0899 -0.9904
vn -0.2268 0.1980 -0.9536
vn -0.3809 -0.3239 -0.8660
vn 0.2268 0.1980 -0.9536
vn 0.0601 0.9915 0.1155
vn 0.5841 0.3089 -0.7506
vn -0.2563 0.9666 0.0014
vn 0.0030 0.1602 -0.9871
vn -0.0027 -0.0008 1.0000
vn 0.0006 -0.0010 1.0000
vn -0.0254 0.0001 0.9997
vn -0.0056 -0.0000 1.0000
vn 0.0011 -0.0011 1.0000
vn -0.5841 0.3089 0.7506
vn -0.0601 0.9915 -0.1155
vn 0.0302 0.0249 0.9992
vn 0.9902 -0.0000 -0.1395
vn 0.0012 0.8489 0.5286
vn -0.0302 0.0249 0.9992
vn 0.8462 0.5308 0.0479
vn -0.8462 0.5308 0.0479
vn 0.0254 0.0001 0.9997
vn 0.2701 -0.0000 0.9628
vn 0.0054 -0.0000 1.0000
vn 0.0027 -0.0008 1.0000
vn -0.0006 -0.0010 1.0000
vn 0.0056 -0.0000 1.0000
vn -0.0011 -0.0011 1.0000
vt 0.980977 0.330073
vt 0.989782 0.308895
vt 0.979377 0.330524
vt 0.631615 0.768389
vt 0.639423 0.591085
vt 0.627600 0.591313
vt 0.643618 0.768217
vt 0.653122 0.590794
vt 0.610806 0.768557
vt 0.617099 0.591490
vt 0.607215 0.591636
vt 0.536467 0.769253
vt 0.566526 0.768824
vt 0.536458 0.769738
vt 0.492316 0.767528
vt 0.492292 0.593702
vt 0.488526 0.597513
vt 0.584316 0.768397
vt 0.572099 0.592098
vt 0.581023 0.591974
vt 0.575552 0.768198
vt 0.562837 0.592232
vt 0.572230 0.955453
vt 0.566248 0.778518
vt 0.574041 0.778627
vt 0.717375 0.105499
vt 0.721435 0.108903
vt 0.708472 0.088869
vt 0.535463 0.963153
vt 0.565242 0.964763
vt 0.565264 0.965634
vt 0.566506 0.771033
vt 0.536483 0.771524
vt 0.536471 0.771939
vt 0.535463 0.963153
vt 0.565265 0.965634
vt 0.509229 0.769217
vt 0.510077 0.593288
vt 0.514165 0.769031
vt 0.621059 0.778479
vt 0.631476 0.955254
vt 0.632110 0.778355
vt 0.991544 0.109423
vt 0.982471 0.087659
vt 0.993154 0.109874
vt 0.532291 0.592097
vt 0.562726 0.591134
vt 0.562775 0.591500
vt 0.979376 0.401672
vt 0.751043 0.281761
vt 0.773307 0.415410
vt 0.837975 0.617809
vt 0.671718 0.446042
vt 0.734769 0.650678
vt 0.991545 0.308102
vt 0.982472 0.329866
vt 0.993155 0.307651
vt 0.983067 0.286982
vt 0.984852 0.289248
vt 0.984521 0.286230
vt 0.981542 0.287870
vt 0.983356 0.290077
vt 0.981767 0.291290
vt 0.983989 0.293734
vt 0.985563 0.293012
vt 0.986811 0.297029
vt 0.981992 0.294710
vt 0.985209 0.297662
vt 0.983438 0.298687
vt 0.986931 0.301488
vt 0.988573 0.300913
vt 0.989127 0.304906
vt 0.990753 0.304405
vt 0.987333 0.305780
vt 0.993155 0.307651
vt 0.486226 0.623616
vt 0.488774 0.742280
vt 0.980976 0.087452
vt 0.984961 0.335606
vt 0.986433 0.335382
vt 0.980977 0.330073
vt 0.983427 0.336040
vt 0.987477 0.341557
vt 0.988463 0.341219
vt 0.989875 0.340969
vt 0.991026 0.347050
vt 0.992440 0.346742
vt 0.989561 0.347499
vt 0.993037 0.353341
vt 0.994405 0.352992
vt 0.996052 0.359982
vt 0.991645 0.353442
vt 0.994753 0.360425
vt 0.993446 0.360974
vt 0.995822 0.368185
vt 0.997036 0.367699
vt 0.996980 0.375956
vt 0.995246 0.368505
vt 0.995709 0.376524
vt 0.994486 0.377249
vt 0.994714 0.384816
vt 0.996017 0.384169
vt 0.987349 0.009102
vt 0.983739 0.000577
vt 0.985137 0.001154
vt 0.989630 0.400569
vt 0.987348 0.408423
vt 0.990567 0.400206
vt 0.985985 0.409047
vt 0.983739 0.416948
vt 0.985563 0.124513
vt 0.983357 0.127449
vt 0.984853 0.128277
vt 0.983989 0.123791
vt 0.981767 0.126236
vt 0.981542 0.129656
vt 0.983068 0.130544
vt 0.984522 0.131295
vt 0.986930 0.116037
vt 0.986811 0.120496
vt 0.988572 0.116613
vt 0.983437 0.118838
vt 0.985209 0.119863
vt 0.981991 0.122816
vt 0.991544 0.109423
vt 0.990752 0.113120
vt 0.989782 0.108630
vt 0.989127 0.112620
vt 0.987333 0.111745
vt 0.988463 0.076306
vt 0.986432 0.082143
vt 0.989875 0.076556
vt 0.987477 0.075968
vt 0.984960 0.081919
vt 0.983427 0.081485
vt 0.980976 0.087452
vt 0.993037 0.064184
vt 0.992439 0.070783
vt 0.994404 0.064533
vt 0.989561 0.070026
vt 0.991026 0.070475
vt 0.997036 0.049826
vt 0.994753 0.057100
vt 0.996052 0.057543
vt 0.995822 0.049340
vt 0.993445 0.056551
vt 0.991644 0.064083
vt 0.996018 0.033357
vt 0.995709 0.041001
vt 0.996980 0.041569
vt 0.994715 0.032710
vt 0.994486 0.040277
vt 0.995246 0.049020
vt 0.991932 0.017947
vt 0.992988 0.024996
vt 0.994348 0.025643
vt 0.990567 0.017319
vt 0.991678 0.024245
vt 0.993726 0.031534
vt 0.991932 0.399579
vt 0.985986 0.008478
vt 0.987349 0.009102
vt 0.989631 0.016956
vt 0.994348 0.391882
vt 0.993726 0.385992
vt 0.992988 0.392529
vt 0.991678 0.393280
vt 0.991932 0.399579
vt 0.997320 0.383812
vt 0.997110 0.391008
vt 0.998940 0.383998
vt 0.995701 0.391398
vt 0.993366 0.398982
vt 0.995278 0.398018
vt 0.988058 0.002371
vt 0.990188 0.010327
vt 0.991669 0.010939
vt 0.990187 0.407198
vt 0.993366 0.018543
vt 0.995279 0.019507
vt 0.995701 0.026128
vt 0.997110 0.026517
vt 0.997320 0.033714
vt 0.998941 0.033527
vt 0.998207 0.041884
vt 0.999471 0.042043
vt 0.998260 0.050099
vt 1.000000 0.050559
vt 0.998410 0.057792
vt 0.997241 0.057719
vt 0.995618 0.064651
vt 0.996820 0.065024
vt 0.994900 0.070647
vt 0.993693 0.070788
vt 0.991200 0.076482
vt 0.992979 0.076270
vt 0.988991 0.081646
vt 0.987741 0.082002
vt 0.983790 0.087462
vt 0.985003 0.087022
vt 0.983790 0.087462
vt 0.983790 0.330063
vt 0.994510 0.109755
vt 0.993347 0.112556
vt 0.995713 0.109294
vt 0.992131 0.113026
vt 0.989953 0.116534
vt 0.990981 0.115818
vt 0.989434 0.120070
vt 0.988204 0.120484
vt 0.986930 0.124578
vt 0.987886 0.124322
vt 0.987518 0.128259
vt 0.986235 0.128429
vt 0.987150 0.132196
vt 0.991668 0.406586
vt 0.990188 0.010327
vt 0.991932 0.017947
vt 0.988057 0.415154
vt 0.998260 0.367426
vt 0.999470 0.375482
vt 1.000000 0.366967
vt 0.998207 0.375641
vt 0.996820 0.352501
vt 0.997241 0.359806
vt 0.998410 0.359734
vt 0.995618 0.352874
vt 0.992980 0.341255
vt 0.993694 0.346737
vt 0.994900 0.346878
vt 0.991200 0.341043
vt 0.985003 0.330503
vt 0.987741 0.335523
vt 0.988991 0.335879
vt 0.990981 0.301707
vt 0.992132 0.304499
vt 0.993348 0.304969
vt 0.989954 0.300992
vt 0.994511 0.307770
vt 0.995714 0.308231
vt 0.987887 0.293203
vt 0.988204 0.297041
vt 0.989434 0.297455
vt 0.986930 0.292947
vt 0.987149 0.285329
vt 0.986235 0.289096
vt 0.987518 0.289266
vt 0.984852 0.289248
vt 0.984521 0.286230
vt 0.985906 0.286056
vt 0.994510 0.109755
vt 0.994511 0.307770
vt 0.599005 0.955209
vt 0.590964 0.778692
vt 0.600419 0.778643
vt 0.536467 0.769253
vt 0.536458 0.769738
vt 0.566528 0.769460
vt 0.565219 0.963892
vt 0.535300 0.962379
vt 0.970304 0.266594
vt 0.726699 0.252023
vt 0.726020 0.253449
vt 0.566530 0.770105
vt 0.536469 0.770374
vt 0.536484 0.771016
vt 0.731371 0.127967
vt 0.975200 0.131939
vt 0.731111 0.125640
vt 0.532297 0.591729
vt 0.562670 0.590769
vt 0.532320 0.591361
vt 0.566528 0.769460
vt 0.970530 0.275931
vt 0.983067 0.286982
vt 0.983356 0.290077
vt 0.986931 0.301488
vt 0.985209 0.297662
vt 0.988573 0.300912
vt 0.989127 0.304906
vt 0.990753 0.304405
vt 0.984884 0.302665
vt 0.975329 0.128368
vt 0.730850 0.123312
vt 0.975286 0.129561
vt 0.984960 0.335606
vt 0.986433 0.335382
vt 0.988463 0.341219
vt 0.989875 0.340969
vt 0.992440 0.346742
vt 0.993037 0.353341
vt 0.996052 0.359982
vt 0.994404 0.352992
vt 0.997036 0.367699
vt 0.995822 0.368185
vt 0.996980 0.375956
vt 0.996017 0.384169
vt 0.994714 0.384816
vt 0.985563 0.124513
vt 0.983357 0.127449
vt 0.983989 0.123791
vt 0.984853 0.128277
vt 0.986811 0.120496
vt 0.986930 0.116037
vt 0.988572 0.116613
vt 0.984883 0.114860
vt 0.989127 0.112620
vt 0.970354 0.263070
vt 0.731433 0.130245
vt 0.975027 0.136686
vt 0.986432 0.082143
vt 0.988463 0.076306
vt 0.992439 0.070783
vt 0.994404 0.064533
vt 0.991026 0.070475
vt 0.997036 0.049826
vt 0.994753 0.057100
vt 0.996018 0.033357
vt 0.995709 0.041001
vt 0.994715 0.032710
vt 0.996980 0.041569
vt 0.992988 0.024996
vt 0.982342 -0.000000
vt 0.992988 0.392529
vt 0.997320 0.383812
vt 0.995701 0.391398
vt 0.993366 0.398982
vt 0.986598 0.001763
vt 0.993366 0.018543
vt 0.985136 0.416371
vt 0.997320 0.033714
vt 0.998207 0.041884
vt 0.997241 0.057719
vt 0.993693 0.070788
vt 0.987741 0.082002
vt 0.992131 0.113026
vt 0.989953 0.116534
vt 0.986930 0.124578
vt 0.986235 0.128429
vt 0.985907 0.131469
vt 0.982623 0.146192
vt 0.981164 0.271731
vt 0.982683 0.272169
vt 0.998260 0.367426
vt 0.998207 0.375641
vt 0.997241 0.359806
vt 0.995618 0.352874
vt 0.993694 0.346737
vt 0.991200 0.341043
vt 0.987741 0.335523
vt 0.992132 0.304499
vt 0.988204 0.297041
vt 0.986930 0.292947
vt 0.986235 0.289096
vt 0.657520 0.769464
vt 0.643723 0.770318
vt 0.672484 0.769942
vt 0.487949 0.769194
vt 0.487361 0.742871
vt 0.492316 0.767528
vt 0.487064 0.743141
vt 0.487949 0.769194
vt 0.487361 0.742871
vt 0.487623 0.769480
vt 0.488123 0.773273
vt 0.489308 0.769352
vt 0.489466 0.772859
vt 0.487362 0.774085
vt 0.487495 0.770491
vt 0.486962 0.746017
vt 0.487514 0.774063
vt 0.487647 0.773765
vt 0.487788 0.773488
vt 0.488014 0.805162
vt 0.487756 0.777592
vt 0.487177 0.802065
vt 0.488557 0.778042
vt 0.487969 0.774420
vt 0.487672 0.774101
vt 0.488744 0.774803
vt 0.488233 0.774377
vt 0.488956 0.774699
vt 0.488540 0.774340
vt 0.488208 0.774106
vt 0.487918 0.774130
vt 0.490318 0.774012
vt 0.489583 0.774559
vt 0.491072 0.774332
vt 0.489971 0.773732
vt 0.488974 0.774289
vt 0.488622 0.774042
vt 0.489204 0.774618
vt 0.484282 0.592403
vt 0.484269 0.592748
vt 0.488384 0.592685
vt 0.488338 0.773680
vt 0.489466 0.772859
vt 0.492671 0.772563
vt 0.488338 0.773680
vt 0.487788 0.773488
vt 0.487974 0.773803
vt 0.488208 0.774106
vt 0.487647 0.773764
vt 0.487974 0.773803
vt 0.487788 0.773488
vt 0.487672 0.774101
vt 0.487806 0.773900
vt 0.487647 0.773764
vt 0.487974 0.773803
vt 0.487918 0.774130
vt 0.488208 0.774106
vt 0.489130 0.956105
vt 0.488730 0.955680
vt 0.488067 0.955761
vt 0.489807 0.955922
vt 0.489076 0.955520
vt 0.488543 0.955542
vt 0.487886 0.955614
vt 0.490141 0.955693
vt 0.489360 0.955214
vt 0.490423 0.955310
vt 0.489579 0.954838
vt 0.489284 0.954877
vt 0.489113 0.955184
vt 0.488866 0.955419
vt 0.490290 0.924787
vt 0.491438 0.924655
vt 0.493265 0.950517
vt 0.489986 0.924865
vt 0.489766 0.950814
vt 0.490290 0.924787
vt 0.489446 0.950899
vt 0.489579 0.954838
vt 0.490824 0.951405
vt 0.490644 0.954866
vt 0.489986 0.924865
vt 0.489743 0.924944
vt 0.489496 0.925025
vt 0.489198 0.950999
vt 0.488937 0.951110
vt 0.489065 0.954934
vt 0.489284 0.954877
vt 0.488449 0.925171
vt 0.488642 0.951221
vt 0.489227 0.925105
vt 0.487904 0.951946
vt 0.488514 0.955127
vt 0.488814 0.955029
vt 0.489496 0.925025
vt 0.487812 0.955220
vt 0.488510 0.955352
vt 0.487832 0.955428
vt 0.488543 0.955542
vt 0.488808 0.955257
vt 0.489113 0.955184
vt 0.488808 0.955257
vt 0.488866 0.955419
vt 0.489065 0.954934
vt 0.489284 0.954877
vt 0.489002 0.955140
vt 0.489065 0.954934
vt 0.541859 0.925513
vt 0.536446 0.951230
vt 0.541050 0.952034
vt 0.535463 0.925379
vt 0.536867 0.925411
vt 0.535035 0.951179
vt 0.536117 0.955345
vt 0.540708 0.955547
vt 0.529492 0.925343
vt 0.531887 0.951194
vt 0.532086 0.925376
vt 0.529605 0.951869
vt 0.532161 0.955315
vt 0.532960 0.951169
vt 0.533207 0.925368
vt 0.530373 0.956031
vt 0.529904 0.955388
vt 0.530922 0.956652
vt 0.532662 0.955966
vt 0.533268 0.956556
vt 0.533502 0.955871
vt 0.533120 0.955271
vt 0.534250 0.957394
vt 0.534411 0.956899
vt 0.531756 0.957080
vt 0.539063 0.957225
vt 0.535244 0.956567
vt 0.534069 0.956344
vt 0.533268 0.956556
vt 0.530922 0.956652
vt 0.539926 0.956800
vt 0.535725 0.955984
vt 0.540341 0.956181
vt 0.536117 0.955345
vt 0.534820 0.955278
vt 0.534541 0.955872
vt 0.533966 0.955230
vt 0.534541 0.955872
vt 0.534820 0.955278
vt 0.533502 0.955871
vt 0.533966 0.955230
vt 0.533120 0.955271
vt 0.534069 0.956344
vt 0.534004 0.955686
vt 0.533502 0.955871
vt 0.543290 0.808364
vt 0.538627 0.782562
vt 0.538380 0.808384
vt 0.543170 0.781834
vt 0.538384 0.778437
vt 0.537241 0.782592
vt 0.536996 0.808395
vt 0.542503 0.777663
vt 0.542901 0.778311
vt 0.542045 0.777030
vt 0.537955 0.777779
vt 0.537434 0.777180
vt 0.536794 0.777878
vt 0.537110 0.778486
vt 0.536325 0.776303
vt 0.536593 0.776845
vt 0.541146 0.776593
vt 0.534043 0.776659
vt 0.535507 0.777192
vt 0.536294 0.777397
vt 0.537434 0.777180
vt 0.542045 0.777030
vt 0.533272 0.777102
vt 0.534964 0.777784
vt 0.532771 0.777722
vt 0.534516 0.778433
vt 0.535448 0.778479
vt 0.535779 0.777875
vt 0.531145 0.808392
vt 0.534165 0.782552
vt 0.531968 0.781869
vt 0.534772 0.808384
vt 0.533673 0.808370
vt 0.535210 0.782582
vt 0.534516 0.778433
vt 0.532337 0.778355
vt 0.535463 0.925379
vt 0.533966 0.955230
vt 0.533207 0.925368
vt 0.536794 0.777878
vt 0.536277 0.778527
vt 0.536294 0.777397
vt 0.536283 0.778063
vt 0.535779 0.777875
vt 0.535448 0.778479
vt 0.492620 0.775312
vt 0.492242 0.775625
vt 0.493275 0.775644
vt 0.491432 0.775455
vt 0.491605 0.775366
vt 0.492062 0.775712
vt 0.492572 0.775869
vt 0.493596 0.775928
vt 0.491377 0.775615
vt 0.491353 0.775809
vt 0.492026 0.775887
vt 0.492025 0.776107
vt 0.492310 0.776064
vt 0.492369 0.775921
vt 0.490812 0.805869
vt 0.491999 0.780028
vt 0.491317 0.779089
vt 0.491558 0.806165
vt 0.492278 0.780220
vt 0.492309 0.776289
vt 0.492024 0.776108
vt 0.491353 0.775809
vt 0.491816 0.806319
vt 0.492525 0.780396
vt 0.672531 0.770322
vt 0.643723 0.770318
vt 0.672484 0.769942
vt 0.492756 0.776557
vt 0.492547 0.776448
vt 0.493066 0.780698
vt 0.494111 0.780286
vt 0.496437 0.781561
vt 0.494111 0.780286
vt 0.493038 0.776653
vt 0.493066 0.780698
vt 0.492761 0.780554
vt 0.492287 0.806594
vt 0.492580 0.806729
vt 0.493862 0.776344
vt 0.494066 0.776811
vt 0.493596 0.775928
vt 0.492838 0.776236
vt 0.492572 0.775869
vt 0.492600 0.776214
vt 0.492310 0.776064
vt 0.492600 0.776214
vt 0.492369 0.775921
vt 0.492309 0.776289
vt 0.492493 0.776230
vt 0.492310 0.776064
vt 0.492600 0.776214
vt 0.492547 0.776448
vt 0.492756 0.776557
vt 0.564546 0.957987
vt 0.550159 0.957807
vt 0.485628 0.596562
vt 0.484293 0.593084
vt 0.484369 0.597131
vt 0.484059 0.597043
vt 0.484595 0.623401
vt 0.484883 0.623461
vt 0.492671 0.772563
vt 0.492487 0.772059
vt 0.751043 0.281761
vt 0.689419 0.248035
vt 0.711688 0.252230
vt 0.483991 0.592409
vt 0.483997 0.592746
vt 0.483989 0.593032
vt 0.485878 0.956033
vt 0.486355 0.957111
vt 0.487556 0.956965
vt 0.485489 0.955791
vt 0.485005 0.956149
vt 0.484632 0.955877
vt 0.484207 0.956156
vt 0.484374 0.956288
vt 0.485264 0.955582
vt 0.485076 0.955359
vt 0.484404 0.955618
vt 0.484213 0.955345
vt 0.483851 0.955634
vt 0.484041 0.956024
vt 0.485591 0.925025
vt 0.484174 0.952006
vt 0.485030 0.952049
vt 0.484616 0.927439
vt 0.483666 0.955039
vt 0.483662 0.955243
vt 0.484213 0.955345
vt 0.485076 0.955359
vt 0.483670 0.593298
vt 0.483891 0.596323
vt 0.483666 0.593095
vt 0.487064 0.743141
vt 0.483843 0.592974
vt 0.483662 0.592891
vt 0.483843 0.592974
vt 0.483989 0.593032
vt 0.483827 0.592650
vt 0.483997 0.592746
vt 0.483885 0.592783
vt 0.484882 0.623461
vt 0.484369 0.597131
vt 0.489308 0.769352
vt 0.487624 0.769480
vt 0.540341 0.956181
vt 0.564546 0.957987
vt 0.564511 0.957297
vt 0.489971 0.773732
vt 0.488208 0.774106
vt 0.487788 0.773488
vt 0.489582 0.774559
vt 0.490318 0.774012
vt 0.491072 0.774332
vt 0.489204 0.774618
vt 0.488974 0.774289
vt 0.488540 0.774340
vt 0.488622 0.774042
vt 0.489971 0.773732
vt 0.488956 0.774699
vt 0.488233 0.774377
vt 0.487969 0.774420
vt 0.487918 0.774130
vt 0.488208 0.774106
vt 0.488014 0.805162
vt 0.487756 0.777592
vt 0.488558 0.778042
vt 0.487178 0.802065
vt 0.487514 0.774063
vt 0.487672 0.774101
vt 0.487969 0.774420
vt 0.487362 0.774085
vt 0.487495 0.770491
vt 0.487788 0.773488
vt 0.487647 0.773765
vt 0.487974 0.773803
vt 0.487788 0.773488
vt 0.487918 0.774130
vt 0.487974 0.773802
vt 0.487672 0.774101
vt 0.487806 0.773900
vt 0.488730 0.955680
vt 0.489807 0.955922
vt 0.488067 0.955761
vt 0.489076 0.955520
vt 0.490141 0.955693
vt 0.487832 0.955428
vt 0.487812 0.955220
vt 0.488514 0.955127
vt 0.488808 0.955257
vt 0.488866 0.955419
vt 0.488449 0.925172
vt 0.488642 0.951221
vt 0.487904 0.951946
vt 0.489227 0.925105
vt 0.488814 0.955029
vt 0.488514 0.955127
vt 0.489198 0.950999
vt 0.489284 0.954877
vt 0.485558 0.593102
vt 0.484269 0.592748
vt 0.490824 0.951405
vt 0.489766 0.950814
vt 0.489446 0.950898
vt 0.490423 0.955310
vt 0.490644 0.954866
vt 0.489360 0.955214
vt 0.489076 0.955520
vt 0.489113 0.955184
vt 0.489284 0.954877
vt 0.488808 0.955257
vt 0.489113 0.955184
vt 0.488866 0.955419
vt 0.489002 0.955140
vt 0.488809 0.955257
vt 0.489065 0.954934
vt 0.489284 0.954877
vt 0.541859 0.925512
vt 0.536446 0.951231
vt 0.541050 0.952035
vt 0.536118 0.955347
vt 0.535035 0.951179
vt 0.535463 0.925379
vt 0.540343 0.956189
vt 0.540709 0.955551
vt 0.539929 0.956811
vt 0.535726 0.955988
vt 0.535244 0.956568
vt 0.534541 0.955871
vt 0.534820 0.955277
vt 0.534409 0.956889
vt 0.539064 0.957228
vt 0.531751 0.957061
vt 0.533263 0.956534
vt 0.534067 0.956336
vt 0.535244 0.956568
vt 0.539929 0.956811
vt 0.530915 0.956623
vt 0.532658 0.955949
vt 0.530368 0.956009
vt 0.532159 0.955309
vt 0.533119 0.955268
vt 0.533500 0.955863
vt 0.529492 0.925343
vt 0.531887 0.951193
vt 0.529605 0.951868
vt 0.533207 0.925368
vt 0.532960 0.951169
vt 0.532159 0.955309
vt 0.529903 0.955380
vt 0.535035 0.951179
vt 0.533966 0.955229
vt 0.534541 0.955871
vt 0.534820 0.955278
vt 0.534067 0.956336
vt 0.534003 0.955683
vt 0.534541 0.955870
vt 0.533500 0.955863
vt 0.533119 0.955268
vt 0.543290 0.808364
vt 0.538627 0.782562
vt 0.543170 0.781834
vt 0.536996 0.808395
vt 0.538380 0.808384
vt 0.537241 0.782592
vt 0.538384 0.778439
vt 0.542901 0.778315
vt 0.531145 0.808392
vt 0.534165 0.782551
vt 0.533673 0.808370
vt 0.531968 0.781868
vt 0.534516 0.778426
vt 0.535210 0.782582
vt 0.534772 0.808384
vt 0.532770 0.777699
vt 0.532337 0.778347
vt 0.533272 0.777070
vt 0.534964 0.777766
vt 0.535507 0.777169
vt 0.535779 0.777866
vt 0.535448 0.778476
vt 0.536325 0.776303
vt 0.536593 0.776834
vt 0.534043 0.776639
vt 0.541146 0.776597
vt 0.537434 0.777181
vt 0.536294 0.777388
vt 0.533272 0.777070
vt 0.542045 0.777042
vt 0.537955 0.777783
vt 0.542503 0.777672
vt 0.538384 0.778439
vt 0.537110 0.778486
vt 0.536794 0.777876
vt 0.536277 0.778525
vt 0.536794 0.777876
vt 0.537110 0.778486
vt 0.535779 0.777866
vt 0.535448 0.778476
vt 0.536294 0.777388
vt 0.536283 0.778060
vt 0.535779 0.777866
vt 0.492620 0.775312
vt 0.492242 0.775625
vt 0.491605 0.775366
vt 0.493275 0.775644
vt 0.492572 0.775869
vt 0.492062 0.775712
vt 0.491432 0.775455
vt 0.492838 0.776236
vt 0.493862 0.776345
vt 0.492600 0.776214
vt 0.492369 0.775921
vt 0.492287 0.806595
vt 0.492580 0.806729
vt 0.492761 0.780554
vt 0.493038 0.776653
vt 0.494111 0.780286
vt 0.494066 0.776811
vt 0.489743 0.924944
vt 0.492053 0.806461
vt 0.491816 0.806319
vt 0.492525 0.780396
vt 0.492278 0.780220
vt 0.492547 0.776448
vt 0.490812 0.805869
vt 0.491558 0.806165
vt 0.491317 0.779089
vt 0.492025 0.776107
vt 0.492309 0.776289
vt 0.492278 0.780220
vt 0.492026 0.775887
vt 0.491377 0.775615
vt 0.492369 0.775920
vt 0.492310 0.776064
vt 0.492310 0.776064
vt 0.492369 0.775920
vt 0.492547 0.776448
vt 0.492756 0.776557
vt 0.492309 0.776289
vt 0.492493 0.776230
vt 0.492547 0.776448
vt 0.488526 0.597513
vt 0.484595 0.623401
vt 0.484059 0.597043
vt 0.484293 0.593084
vt 0.485628 0.596562
vt 0.485558 0.593102
vt 0.486962 0.746017
vt 0.484390 0.620868
vt 0.483670 0.593298
vt 0.483891 0.596323
vt 0.483666 0.593095
vt 0.483989 0.593032
vt 0.485591 0.925025
vt 0.484174 0.952006
vt 0.484616 0.927438
vt 0.485030 0.952049
vt 0.484213 0.955345
vt 0.483662 0.955243
vt 0.483670 0.954835
vt 0.485076 0.955359
vt 0.484404 0.955618
vt 0.485264 0.955583
vt 0.484632 0.955877
vt 0.484040 0.956024
vt 0.483851 0.955634
vt 0.486355 0.957111
vt 0.485878 0.956033
vt 0.487556 0.956965
vt 0.485005 0.956149
vt 0.484632 0.955877
vt 0.485489 0.955791
vt 0.492915 0.773028
vt 0.489971 0.773732
vt 0.485558 0.593102
vt 0.483989 0.593032
vt 0.483997 0.592746
vt 0.483991 0.592409
vt 0.484137 0.592406
vt 0.483997 0.592746
vt 0.483989 0.593032
vt 0.483662 0.592891
vt 0.483843 0.592974
vt 0.621062 0.778095
vt 0.621059 0.778479
vt 0.644339 0.778201
vt 0.632112 0.777971
vt 0.644339 0.777816
vt 0.632106 0.777493
vt 0.621063 0.777617
vt 0.621059 0.777000
vt 0.644330 0.777338
vt 0.632090 0.776876
vt 0.644305 0.776720
vt 0.632066 0.776259
vt 0.621053 0.776382
vt 0.621046 0.775903
vt 0.644270 0.776101
vt 0.632041 0.775780
vt 0.644233 0.775621
vt 0.632017 0.775393
vt 0.621039 0.775515
vt 0.643907 0.955271
vt 0.631476 0.955639
vt 0.643907 0.955656
vt 0.620175 0.955625
vt 0.620175 0.956101
vt 0.631475 0.956115
vt 0.643906 0.956132
vt 0.631475 0.956728
vt 0.643904 0.956745
vt 0.620176 0.956715
vt 0.620177 0.957328
vt 0.631474 0.957340
vt 0.643902 0.957358
vt 0.631475 0.957814
vt 0.643900 0.957832
vt 0.620180 0.957803
vt 0.620185 0.958185
vt 0.631476 0.958196
vt 0.643899 0.958213
vt 0.610497 0.778573
vt 0.600426 0.778259
vt 0.610502 0.778188
vt 0.610511 0.777711
vt 0.600446 0.777780
vt 0.600484 0.777160
vt 0.610525 0.777093
vt 0.610542 0.776473
vt 0.600535 0.776538
vt 0.600587 0.776053
vt 0.610559 0.775992
vt 0.610577 0.775602
vt 0.600639 0.775660
vt 0.620175 0.955241
vt 0.609343 0.955612
vt 0.609343 0.955228
vt 0.599005 0.955593
vt 0.599007 0.956068
vt 0.609343 0.956088
vt 0.609346 0.956702
vt 0.599014 0.956680
vt 0.599025 0.957292
vt 0.609350 0.957315
vt 0.609356 0.957790
vt 0.599038 0.957766
vt 0.599053 0.958147
vt 0.609363 0.958173
vt 0.582184 0.778694
vt 0.590975 0.778308
vt 0.582198 0.778309
vt 0.591007 0.777828
vt 0.582237 0.777827
vt 0.591077 0.777204
vt 0.582319 0.777199
vt 0.591168 0.776577
vt 0.582426 0.776565
vt 0.591263 0.776087
vt 0.582539 0.776069
vt 0.591357 0.775690
vt 0.582652 0.775665
vt 0.599005 0.955209
vt 0.589337 0.955577
vt 0.580417 0.955255
vt 0.589336 0.955193
vt 0.580421 0.955639
vt 0.589343 0.956052
vt 0.589359 0.956662
vt 0.580433 0.956117
vt 0.580457 0.956733
vt 0.589382 0.957271
vt 0.589408 0.957742
vt 0.580490 0.957350
vt 0.580529 0.957830
vt 0.589436 0.958121
vt 0.566248 0.778518
vt 0.574059 0.778240
vt 0.566271 0.778131
vt 0.574041 0.778627
vt 0.574091 0.777756
vt 0.566288 0.777643
vt 0.574148 0.777122
vt 0.566295 0.777004
vt 0.574220 0.776482
vt 0.566301 0.776356
vt 0.574298 0.775979
vt 0.566312 0.775846
vt 0.574378 0.775568
vt 0.566328 0.775428
vt 0.538380 0.808384
vt 0.536867 0.925411
vt 0.535463 0.925379
vt 0.493685 0.807051
vt 0.503065 0.778329
vt 0.496437 0.781561
vt 0.532086 0.925376
vt 0.522625 0.778864
vt 0.527798 0.779277
vt 0.522684 0.778484
vt 0.527575 0.782692
vt 0.528027 0.778196
vt 0.522786 0.778010
vt 0.528027 0.778196
vt 0.522956 0.777393
vt 0.522786 0.778010
vt 0.532337 0.778355
vt 0.528341 0.777575
vt 0.532770 0.777722
vt 0.528709 0.776952
vt 0.523165 0.776775
vt 0.528709 0.776952
vt 0.523375 0.776296
vt 0.523165 0.776775
vt 0.533272 0.777102
vt 0.529118 0.776473
vt 0.534043 0.776659
vt 0.529692 0.776088
vt 0.523582 0.775909
vt 0.525104 0.951024
vt 0.529605 0.951869
vt 0.519912 0.954795
vt 0.525239 0.954440
vt 0.520042 0.955656
vt 0.525446 0.955526
vt 0.529904 0.955388
vt 0.529904 0.955388
vt 0.525758 0.956159
vt 0.530373 0.956030
vt 0.525446 0.955527
vt 0.520178 0.956286
vt 0.520346 0.956919
vt 0.526126 0.956790
vt 0.526544 0.957263
vt 0.531756 0.957080
vt 0.526126 0.956790
vt 0.520519 0.957410
vt 0.520691 0.957805
vt 0.527145 0.957633
vt 0.517964 0.778716
vt 0.513840 0.778220
vt 0.513833 0.778602
vt 0.522625 0.778864
vt 0.517978 0.778333
vt 0.522684 0.778484
vt 0.518016 0.777860
vt 0.513851 0.777749
vt 0.513870 0.777149
vt 0.518092 0.777250
vt 0.518189 0.776642
vt 0.513892 0.776552
vt 0.513911 0.776094
vt 0.518286 0.776171
vt 0.523375 0.776296
vt 0.518382 0.775793
vt 0.513930 0.775728
vt 0.519912 0.954795
vt 0.515138 0.955215
vt 0.519961 0.955176
vt 0.515136 0.954831
vt 0.510910 0.955181
vt 0.510906 0.955662
vt 0.515153 0.955696
vt 0.520042 0.955656
vt 0.515192 0.956325
vt 0.510905 0.956290
vt 0.510906 0.956923
vt 0.515246 0.956959
vt 0.515304 0.957456
vt 0.520519 0.957410
vt 0.510911 0.957420
vt 0.510917 0.957824
vt 0.515363 0.957860
vt 0.520691 0.957805
vt 0.510101 0.778511
vt 0.506570 0.778048
vt 0.506567 0.778429
vt 0.510106 0.778129
vt 0.510099 0.777664
vt 0.506549 0.777587
vt 0.506486 0.777009
vt 0.510073 0.777073
vt 0.510033 0.776490
vt 0.506397 0.776442
vt 0.506302 0.776016
vt 0.509989 0.776047
vt 0.509944 0.775695
vt 0.506205 0.775682
vt 0.510916 0.954797
vt 0.507101 0.955109
vt 0.507108 0.954725
vt 0.503493 0.955009
vt 0.503468 0.955489
vt 0.507086 0.955590
vt 0.507058 0.956215
vt 0.503415 0.956114
vt 0.503347 0.956744
vt 0.507024 0.956845
vt 0.506992 0.957338
vt 0.503279 0.957237
vt 0.503213 0.957637
vt 0.506961 0.957739
vt 0.499645 0.778157
vt 0.503066 0.777950
vt 0.499637 0.777778
vt 0.503065 0.778329
vt 0.503033 0.777495
vt 0.499586 0.777333
vt 0.499586 0.777333
vt 0.496398 0.777071
vt 0.493862 0.776345
vt 0.502942 0.776933
vt 0.502817 0.776388
vt 0.502683 0.775984
vt 0.496006 0.776097
vt 0.495763 0.775775
vt 0.502683 0.775984
vt 0.499576 0.957113
vt 0.503502 0.954625
vt 0.499914 0.954882
vt 0.496422 0.954351
vt 0.499925 0.954499
vt 0.496341 0.955201
vt 0.499876 0.955363
vt 0.499793 0.955989
vt 0.496006 0.776096
vt 0.499685 0.956620
vt 0.499576 0.957113
vt 0.492645 0.956035
vt 0.499685 0.956619
vt 0.492120 0.956632
vt 0.492399 0.956379
vt 0.499645 0.778157
vt 0.496466 0.778116
vt 0.496438 0.781561
vt 0.499637 0.777778
vt 0.496398 0.777071
vt 0.494111 0.780286
vt 0.493596 0.775928
vt 0.495763 0.775775
vt 0.495485 0.775533
vt 0.493161 0.953959
vt 0.496401 0.954732
vt 0.493055 0.955010
vt 0.496341 0.955201
vt 0.492399 0.956379
vt 0.492645 0.956035
vt 0.489807 0.955922
vt 0.492120 0.956632
vt 0.487361 0.742871
vt 0.491558 0.806165
vt 0.489227 0.925105
vt 0.979376 0.087001
vt 0.673056 0.957906
vt 0.643899 0.958213
vt 0.673049 0.958273
vt 0.731433 0.130245
vt 0.726807 0.250924
vt 0.657995 0.956771
vt 0.643902 0.957358
vt 0.673063 0.957538
vt 0.658280 0.777166
vt 0.658249 0.776535
vt 0.673261 0.777084
vt 0.673216 0.776334
vt 0.673262 0.777454
vt 0.644330 0.777338
vt 0.658291 0.777637
vt 0.644339 0.777816
vt 0.658292 0.778020
vt 0.673262 0.777825
vt 0.673079 0.955323
vt 0.658001 0.955677
vt 0.673077 0.955693
vt 0.658001 0.955295
vt 0.643907 0.955656
vt 0.643906 0.956132
vt 0.657999 0.956147
vt 0.673076 0.956063
vt 0.673070 0.956801
vt 0.643904 0.956745
vt 0.657995 0.956771
vt 0.673070 0.956801
vt 0.673063 0.957538
vt 0.644233 0.775621
vt 0.673171 0.775583
vt 0.644270 0.776101
vt 0.673125 0.775204
vt 0.644197 0.775234
vt 0.673079 0.774824
vt 0.564447 0.955734
vt 0.572240 0.955840
vt 0.564465 0.956125
vt 0.572256 0.956328
vt 0.564485 0.956626
vt 0.572283 0.956966
vt 0.572319 0.957613
vt 0.572364 0.958123
vt 0.564591 0.958542
vt 0.572413 0.958542
vt 0.580571 0.958217
vt 0.553217 0.782538
vt 0.543170 0.781834
vt 0.553101 0.779117
vt 0.566271 0.778131
vt 0.552936 0.778026
vt 0.542901 0.778311
vt 0.566295 0.777004
vt 0.566288 0.777643
vt 0.552936 0.778029
vt 0.551327 0.775866
vt 0.552079 0.776259
vt 0.542045 0.777042
vt 0.552079 0.776253
vt 0.551327 0.775866
vt 0.551086 0.954917
vt 0.564465 0.956125
vt 0.551289 0.951499
vt 0.550909 0.956008
vt 0.552936 0.778026
vt 0.540343 0.956189
vt 0.564546 0.957987
vt 0.539929 0.956811
vt 0.566301 0.776356
vt 0.564643 0.959005
vt 0.564591 0.958542
vt 0.631748 0.771354
vt 0.620956 0.771078
vt 0.620963 0.771466
vt 0.643799 0.771186
vt 0.631723 0.770967
vt 0.643762 0.770798
vt 0.631695 0.770487
vt 0.620946 0.770598
vt 0.620932 0.769980
vt 0.643723 0.770317
vt 0.631665 0.769869
vt 0.643681 0.769699
vt 0.631639 0.769252
vt 0.620919 0.769362
vt 0.620910 0.768884
vt 0.643646 0.769081
vt 0.631624 0.768774
vt 0.643627 0.768602
vt 0.620903 0.768499
vt 0.610766 0.771531
vt 0.601261 0.771157
vt 0.601209 0.771550
vt 0.610783 0.771141
vt 0.610798 0.770659
vt 0.601310 0.770672
vt 0.601354 0.770049
vt 0.610808 0.770039
vt 0.610812 0.769420
vt 0.601383 0.769428
vt 0.601392 0.768949
vt 0.610811 0.768942
vt 0.601390 0.768564
vt 0.583889 0.771426
vt 0.592486 0.771123
vt 0.584002 0.771021
vt 0.592392 0.771521
vt 0.592578 0.770633
vt 0.584113 0.770525
vt 0.592663 0.770005
vt 0.584214 0.769892
vt 0.592723 0.769381
vt 0.584287 0.769263
vt 0.592745 0.768901
vt 0.584314 0.768782
vt 0.592744 0.768516
vt 0.575338 0.770840
vt 0.566521 0.770614
vt 0.575258 0.771252
vt 0.575414 0.770338
vt 0.575480 0.769699
vt 0.575527 0.769066
vt 0.575547 0.768583
vt 0.566530 0.768339
vt 0.566540 0.767953
vt 0.524840 0.771808
vt 0.530686 0.771451
vt 0.524954 0.771416
vt 0.530603 0.771855
vt 0.530762 0.770956
vt 0.525066 0.770933
vt 0.530824 0.770324
vt 0.525166 0.770312
vt 0.530868 0.769698
vt 0.525237 0.769694
vt 0.530892 0.769217
vt 0.525266 0.769217
vt 0.536490 0.768868
vt 0.530904 0.768833
vt 0.525268 0.768834
vt 0.514127 0.771905
vt 0.519379 0.771446
vt 0.514145 0.771538
vt 0.519295 0.771826
vt 0.519460 0.770975
vt 0.514160 0.771079
vt 0.519534 0.770366
vt 0.514171 0.770483
vt 0.519585 0.769756
vt 0.514176 0.769882
vt 0.519601 0.769283
vt 0.514173 0.769413
vt 0.519598 0.768901
vt 0.509447 0.772034
vt 0.505055 0.771875
vt 0.505153 0.772211
vt 0.509400 0.771681
vt 0.509352 0.771237
vt 0.504955 0.771448
vt 0.504855 0.770882
vt 0.509302 0.770654
vt 0.509261 0.770064
vt 0.504777 0.770304
vt 0.504741 0.769843
vt 0.509239 0.769598
vt 0.504730 0.769462
vt 0.501098 0.772460
vt 0.496982 0.772619
vt 0.497164 0.772895
vt 0.500962 0.772147
vt 0.500822 0.771743
vt 0.496797 0.772251
vt 0.496613 0.771739
vt 0.500682 0.771198
vt 0.500575 0.770635
vt 0.496473 0.771199
vt 0.496413 0.770754
vt 0.500529 0.770180
vt 0.500519 0.769799
vt 0.496402 0.770374
vt 0.493471 0.773585
vt 0.490318 0.774012
vt 0.497164 0.772895
vt 0.493173 0.773347
vt 0.496982 0.772619
vt 0.492915 0.773028
vt 0.489971 0.773732
vt 0.492915 0.773028
vt 0.492394 0.771008
vt 0.489308 0.769352
vt 0.496413 0.770754
vt 0.657449 0.767979
vt 0.672365 0.768073
vt 0.672355 0.767703
vt 0.657459 0.768361
vt 0.657480 0.768833
vt 0.672375 0.768442
vt 0.672430 0.769192
vt 0.643646 0.769081
vt 0.657520 0.769464
vt 0.987745 0.271784
vt 0.986137 0.146159
vt 0.985974 0.272196
vt 0.672577 0.770702
vt 0.643762 0.770798
vt 0.496334 0.593606
vt 0.500545 0.593506
vt 0.589336 0.955193
vt 0.582184 0.778694
vt 0.970299 0.268934
vt 0.725340 0.254876
vt 0.970310 0.264254
vt 0.490918 0.774918
vt 0.491605 0.775366
vt 0.490520 0.774971
vt 0.490325 0.775040
vt 0.491432 0.775455
vt 0.491432 0.775455
vt 0.490182 0.775165
vt 0.491377 0.775615
vt 0.490325 0.775040
vt 0.488956 0.774699
vt 0.490071 0.775321
vt 0.491353 0.775809
vt 0.491353 0.775809
vt 0.489996 0.776717
vt 0.490071 0.775321
vt 0.488557 0.778042
vt 0.489861 0.783094
vt 0.643885 0.962191
vt 0.631464 0.962911
vt 0.643773 0.962922
vt 0.631492 0.962179
vt 0.620221 0.962913
vt 0.620049 0.963645
vt 0.631310 0.963643
vt 0.642571 0.963640
vt 0.637915 0.589656
vt 0.627537 0.590206
vt 0.639273 0.589981
vt 0.627347 0.589843
vt 0.617049 0.590383
vt 0.617081 0.590751
vt 0.627582 0.590574
vt 0.639404 0.590346
vt 0.639404 0.590346
vt 0.627591 0.590943
vt 0.639413 0.590716
vt 0.627582 0.590574
vt 0.617089 0.591120
vt 0.620229 0.962178
vt 0.609444 0.962913
vt 0.609445 0.962176
vt 0.599198 0.962875
vt 0.598710 0.963665
vt 0.609379 0.963655
vt 0.616778 0.590030
vt 0.607172 0.590530
vt 0.607076 0.590164
vt 0.597910 0.590654
vt 0.597965 0.591022
vt 0.607197 0.590898
vt 0.617081 0.590751
vt 0.607205 0.591267
vt 0.607196 0.590898
vt 0.597973 0.591391
vt 0.597982 0.591760
vt 0.599215 0.962137
vt 0.589781 0.962801
vt 0.581028 0.962276
vt 0.589746 0.962082
vt 0.581064 0.962979
vt 0.589735 0.963488
vt 0.597374 0.590297
vt 0.589428 0.590760
vt 0.581448 0.590486
vt 0.589411 0.590392
vt 0.581027 0.590868
vt 0.589437 0.591129
vt 0.597965 0.591022
vt 0.589446 0.591498
vt 0.581001 0.591238
vt 0.589438 0.591129
vt 0.581012 0.591606
vt 0.589454 0.591866
vt 0.572952 0.962941
vt 0.572999 0.963725
vt 0.565242 0.964763
vt 0.573012 0.964472
vt 0.580759 0.963311
vt 0.572059 0.590627
vt 0.572042 0.590996
vt 0.562726 0.591134
vt 0.572060 0.591363
vt 0.581001 0.591238
vt 0.572060 0.591363
vt 0.572082 0.591730
vt 0.562810 0.591866
vt 0.572099 0.592097
vt 0.528094 0.961865
vt 0.535300 0.962379
vt 0.535138 0.961606
vt 0.521548 0.962052
vt 0.528260 0.962642
vt 0.521664 0.962839
vt 0.528378 0.963428
vt 0.526821 0.591469
vt 0.532297 0.591729
vt 0.521322 0.591577
vt 0.526804 0.591837
vt 0.521227 0.591949
vt 0.526804 0.592204
vt 0.526804 0.592204
vt 0.532314 0.592464
vt 0.532291 0.592097
vt 0.521226 0.592317
vt 0.526822 0.592571
vt 0.521239 0.592683
vt 0.526848 0.592938
vt 0.532355 0.592830
vt 0.515880 0.962115
vt 0.510986 0.962063
vt 0.515960 0.962899
vt 0.510968 0.962848
vt 0.515959 0.963697
vt 0.521292 0.963704
vt 0.515492 0.591702
vt 0.509662 0.591826
vt 0.515530 0.592069
vt 0.510019 0.592188
vt 0.515545 0.592435
vt 0.521226 0.592317
vt 0.515545 0.592435
vt 0.510060 0.592554
vt 0.515555 0.592802
vt 0.510068 0.592921
vt 0.515565 0.593169
vt 0.521254 0.593050
vt 0.506558 0.962708
vt 0.506628 0.961936
vt 0.502361 0.962590
vt 0.502302 0.963264
vt 0.506464 0.963477
vt 0.510625 0.963690
vt 0.505044 0.592300
vt 0.504973 0.591934
vt 0.500492 0.592405
vt 0.500523 0.592772
vt 0.505065 0.592667
vt 0.505074 0.593033
vt 0.500534 0.593139
vt 0.505083 0.593400
vt 0.502496 0.961830
vt 0.498092 0.962483
vt 0.498326 0.961700
vt 0.493761 0.961660
vt 0.493433 0.963457
vt 0.497867 0.963361
vt 0.500283 0.592042
vt 0.496281 0.592503
vt 0.496234 0.592136
vt 0.492238 0.592598
vt 0.492262 0.592966
vt 0.496304 0.592871
vt 0.500523 0.592772
vt 0.496320 0.593238
vt 0.496305 0.592871
vt 0.492278 0.593334
vt 0.492292 0.593702
vt 0.496334 0.593606
vt 0.494115 0.960885
vt 0.489560 0.959408
vt 0.490143 0.958949
vt 0.488903 0.959873
vt 0.492185 0.592231
vt 0.488424 0.593054
vt 0.492278 0.593334
vt 0.488448 0.594043
vt 0.643762 0.770798
vt 0.672577 0.770702
vt 0.672960 0.962991
vt 0.672946 0.963726
vt 0.657759 0.963683
vt 0.652901 0.589321
vt 0.667888 0.588986
vt 0.653064 0.589686
vt 0.653064 0.589686
vt 0.653104 0.590055
vt 0.667898 0.589356
vt 0.667908 0.589726
vt 0.653113 0.590424
vt 0.667916 0.590096
vt 0.639413 0.590716
vt 0.639423 0.591085
vt 0.653122 0.590794
vt 0.667925 0.590466
vt 0.525104 0.951024
vt 0.532355 0.592830
vt 0.487360 0.956064
vt 0.485878 0.956033
vt 0.486928 0.955850
vt 0.486723 0.955699
vt 0.485489 0.955791
vt 0.486579 0.955512
vt 0.485264 0.955583
vt 0.487886 0.955614
vt 0.486723 0.955700
vt 0.487832 0.955428
vt 0.486472 0.955307
vt 0.485076 0.955359
vt 0.486451 0.953890
vt 0.485030 0.952049
vt 0.486472 0.955307
vt 0.487904 0.951946
vt 0.486571 0.947520
vt 0.492580 0.806729
vt 0.490290 0.924787
vt 0.484616 0.927438
vt 0.487178 0.802065
vt 0.487178 0.802065
vt 0.970375 0.271244
vt 0.745615 0.269262
vt 0.970337 0.270089
vt 0.492287 0.806595
vt 0.610497 0.778573
vt 0.730474 0.122109
vt 0.975371 0.127175
vt 0.730097 0.120905
vt 0.975114 0.134317
vt 0.731402 0.129106
vt 0.975070 0.135501
vt 0.735746 0.264018
vt 0.724638 0.255137
vt 0.723936 0.255399
vt 0.744949 0.270769
vt 0.736422 0.263065
vt 0.736422 0.263065
vt 0.724638 0.255137
vt 0.572952 0.962941
vt 0.581028 0.962276
vt 0.533207 0.925368
vt 0.484390 0.620868
vt 0.984334 0.282982
vt 0.985919 0.281872
vt 0.984335 0.281459
vt 0.985779 0.283582
vt 0.987507 0.282490
vt 0.987806 0.280498
vt 0.986055 0.279912
vt 0.984342 0.279670
vt 0.986175 0.277511
vt 0.984355 0.277490
vt 0.988052 0.277427
vt 0.988298 0.274356
vt 0.986227 0.275198
vt 0.984355 0.275359
vt 0.986133 0.273527
vt 0.984324 0.273710
vt 0.988021 0.273070
vt 0.984272 0.272376
vt 0.988294 0.143168
vt 0.986225 0.142328
vt 0.984327 0.146413
vt 0.984357 0.142167
vt 0.984357 0.140036
vt 0.986174 0.140014
vt 0.988049 0.140098
vt 0.986055 0.137613
vt 0.984343 0.137855
vt 0.984338 0.136078
vt 0.987803 0.137027
vt 0.985923 0.135679
vt 0.987506 0.135035
vt 0.985820 0.134200
vt 0.984347 0.134636
vt 0.982864 0.282884
vt 0.981178 0.281450
vt 0.981378 0.283087
vt 0.982756 0.281352
vt 0.982663 0.279563
vt 0.980977 0.279813
vt 0.980882 0.277052
vt 0.982604 0.277319
vt 0.982583 0.275123
vt 0.980786 0.274291
vt 0.982621 0.273493
vt 0.980975 0.273011
vt 0.981164 0.271731
vt 0.982623 0.146192
vt 0.982683 0.272169
vt 0.984327 0.146413
vt 0.984272 0.272376
vt 0.982586 0.142403
vt 0.980792 0.143235
vt 0.980980 0.144515
vt 0.982607 0.140207
vt 0.980887 0.140473
vt 0.982666 0.137962
vt 0.980981 0.137712
vt 0.982757 0.136168
vt 0.981181 0.136075
vt 0.982852 0.134575
vt 0.981380 0.134439
vt 0.632042 0.775780
vt 0.621046 0.775903
vt 0.632017 0.775393
vt 0.644233 0.775621
vt 0.644270 0.776101
vt 0.632066 0.776259
vt 0.621053 0.776382
vt 0.632090 0.776876
vt 0.621059 0.777000
vt 0.644305 0.776720
vt 0.644330 0.777338
vt 0.632106 0.777493
vt 0.621063 0.777617
vt 0.632112 0.777971
vt 0.621062 0.778095
vt 0.644339 0.777816
vt 0.644339 0.778201
vt 0.643900 0.957832
vt 0.643899 0.958213
vt 0.620184 0.958185
vt 0.631475 0.957814
vt 0.620181 0.957803
vt 0.631474 0.957340
vt 0.643902 0.957358
vt 0.643904 0.956746
vt 0.620177 0.957328
vt 0.631475 0.956728
vt 0.620176 0.956715
vt 0.643906 0.956132
vt 0.643907 0.955656
vt 0.631476 0.955639
vt 0.620175 0.955625
vt 0.631476 0.955254
vt 0.643907 0.955271
vt 0.610559 0.775991
vt 0.600587 0.776053
vt 0.600535 0.776538
vt 0.600484 0.777160
vt 0.600445 0.777780
vt 0.610502 0.778189
vt 0.609356 0.957790
vt 0.599038 0.957766
vt 0.609350 0.957315
vt 0.599025 0.957292
vt 0.609346 0.956702
vt 0.599014 0.956680
vt 0.599005 0.955593
vt 0.609343 0.955228
vt 0.620175 0.955241
vt 0.582539 0.776069
vt 0.582652 0.775665
vt 0.591168 0.776577
vt 0.582426 0.776565
vt 0.582319 0.777199
vt 0.591076 0.777204
vt 0.582237 0.777827
vt 0.582198 0.778309
vt 0.590975 0.778308
vt 0.589436 0.958121
vt 0.580529 0.957830
vt 0.589408 0.957742
vt 0.580490 0.957350
vt 0.589382 0.957271
vt 0.580457 0.956733
vt 0.589359 0.956662
vt 0.580433 0.956117
vt 0.589343 0.956052
vt 0.589337 0.955577
vt 0.580417 0.955255
vt 0.574378 0.775568
vt 0.574148 0.777122
vt 0.574092 0.777756
vt 0.566271 0.778131
vt 0.574059 0.778240
vt 0.574041 0.778627
vt 0.506567 0.778429
vt 0.510101 0.778511
vt 0.491438 0.924655
vt 0.523582 0.775909
vt 0.529118 0.776458
vt 0.523375 0.776291
vt 0.528709 0.776929
vt 0.523165 0.776768
vt 0.523165 0.776768
vt 0.528341 0.777559
vt 0.522956 0.777388
vt 0.528709 0.776929
vt 0.532770 0.777699
vt 0.532337 0.778347
vt 0.528027 0.778191
vt 0.522786 0.778008
vt 0.522786 0.778008
vt 0.527798 0.779277
vt 0.522684 0.778484
vt 0.528027 0.778191
vt 0.531968 0.781868
vt 0.522625 0.778864
vt 0.526541 0.957249
vt 0.520518 0.957405
vt 0.526121 0.956769
vt 0.530915 0.956623
vt 0.526121 0.956769
vt 0.530368 0.956009
vt 0.530915 0.956623
vt 0.520344 0.956912
vt 0.525754 0.956144
vt 0.520177 0.956280
vt 0.525445 0.955521
vt 0.529903 0.955380
vt 0.525239 0.954439
vt 0.520041 0.955654
vt 0.525445 0.955521
vt 0.513930 0.775728
vt 0.518286 0.776170
vt 0.513911 0.776094
vt 0.523375 0.776291
vt 0.518189 0.776641
vt 0.518092 0.777250
vt 0.513870 0.777149
vt 0.518016 0.777860
vt 0.513851 0.777749
vt 0.517979 0.778333
vt 0.513840 0.778220
vt 0.522684 0.778484
vt 0.517964 0.778716
vt 0.513833 0.778602
vt 0.515363 0.957860
vt 0.520518 0.957405
vt 0.510917 0.957824
vt 0.515304 0.957455
vt 0.510911 0.957420
vt 0.515246 0.956958
vt 0.510906 0.956923
vt 0.515192 0.956324
vt 0.510904 0.956290
vt 0.515153 0.955696
vt 0.520041 0.955654
vt 0.519960 0.955176
vt 0.510906 0.955662
vt 0.515138 0.955215
vt 0.506205 0.775682
vt 0.509989 0.776047
vt 0.506302 0.776016
vt 0.510033 0.776490
vt 0.506397 0.776442
vt 0.510073 0.777073
vt 0.510099 0.777664
vt 0.506549 0.777587
vt 0.510106 0.778130
vt 0.506570 0.778048
vt 0.510101 0.778511
vt 0.506567 0.778429
vt 0.506961 0.957739
vt 0.503213 0.957637
vt 0.506992 0.957338
vt 0.503279 0.957237
vt 0.507024 0.956845
vt 0.503347 0.956744
vt 0.507058 0.956215
vt 0.503415 0.956114
vt 0.507086 0.955590
vt 0.503468 0.955489
vt 0.507101 0.955109
vt 0.503493 0.955009
vt 0.984384 0.284289
vt 0.982864 0.282884
vt 0.492645 0.956035
vt 0.490423 0.955310
vt 0.502943 0.776932
vt 0.503033 0.777495
vt 0.493055 0.955010
vt 0.496341 0.955201
vt 0.503066 0.777950
vt 0.499637 0.777778
vt 0.499645 0.778157
vt 0.499925 0.954499
vt 0.490423 0.955310
vt 0.492645 0.956035
vt 0.499914 0.954882
vt 0.496422 0.954351
vt 0.495484 0.775534
vt 0.493275 0.775644
vt 0.493596 0.775928
vt 0.494066 0.776811
vt 0.496466 0.778116
vt 0.496398 0.777071
vt 0.499637 0.777778
vt 0.493055 0.955010
vt 0.496401 0.954732
vt 0.496341 0.955201
vt 0.490644 0.954866
vt 0.493161 0.953959
vt 0.496422 0.954351
vt 0.487064 0.743141
vt 0.489496 0.925025
vt 0.491816 0.806319
vt 0.489496 0.925025
vt 0.489986 0.924865
vt 0.673262 0.777825
vt 0.658291 0.777637
vt 0.644339 0.777816
vt 0.644330 0.777338
vt 0.658280 0.777166
vt 0.658249 0.776535
vt 0.673216 0.776334
vt 0.644305 0.776720
vt 0.643900 0.957832
vt 0.673056 0.957905
vt 0.493862 0.776344
vt 0.644197 0.775234
vt 0.673125 0.775204
vt 0.673079 0.774824
vt 0.673171 0.775583
vt 0.657999 0.956147
vt 0.643907 0.955656
vt 0.658001 0.955295
vt 0.673079 0.955323
vt 0.572364 0.958123
vt 0.572413 0.958542
vt 0.572319 0.957613
vt 0.572283 0.956966
vt 0.572256 0.956327
vt 0.572240 0.955840
vt 0.564465 0.956125
vt 0.564447 0.955734
vt 0.549447 0.958199
vt 0.542045 0.777030
vt 0.540709 0.955550
vt 0.550910 0.956011
vt 0.542901 0.778315
vt 0.553101 0.779118
vt 0.543170 0.781834
vt 0.552936 0.778029
vt 0.553217 0.782537
vt 0.564643 0.959005
vt 0.550160 0.957813
vt 0.985974 0.272196
vt 0.542503 0.777672
vt 0.542045 0.777042
vt 0.550910 0.956011
vt 0.540709 0.955551
vt 0.551086 0.954917
vt 0.541050 0.952035
vt 0.551289 0.951499
vt 0.631639 0.769252
vt 0.620919 0.769362
vt 0.631665 0.769870
vt 0.620932 0.769980
vt 0.643681 0.769699
vt 0.643723 0.770318
vt 0.620946 0.770598
vt 0.620956 0.771078
vt 0.643762 0.770798
vt 0.643799 0.771186
vt 0.631748 0.771354
vt 0.620963 0.771466
vt 0.601390 0.768564
vt 0.610811 0.768942
vt 0.601392 0.768949
vt 0.610806 0.768557
vt 0.610812 0.769420
vt 0.601383 0.769428
vt 0.610808 0.770039
vt 0.601354 0.770049
vt 0.610798 0.770659
vt 0.610783 0.771141
vt 0.601261 0.771157
vt 0.610766 0.771531
vt 0.584314 0.768782
vt 0.592745 0.768901
vt 0.592723 0.769381
vt 0.584287 0.769263
vt 0.584214 0.769892
vt 0.592663 0.770005
vt 0.592578 0.770633
vt 0.584113 0.770525
vt 0.583889 0.771426
vt 0.566530 0.768339
vt 0.575547 0.768583
vt 0.575526 0.769066
vt 0.575480 0.769698
vt 0.575414 0.770338
vt 0.566530 0.770105
vt 0.575338 0.770840
vt 0.575258 0.771252
vt 0.566506 0.771033
vt 0.530904 0.768833
vt 0.525266 0.769217
vt 0.536490 0.768868
vt 0.530892 0.769217
vt 0.525166 0.770312
vt 0.530824 0.770324
vt 0.536469 0.770373
vt 0.530762 0.770956
vt 0.524954 0.771416
vt 0.536483 0.771524
vt 0.530603 0.771855
vt 0.524840 0.771808
vt 0.514173 0.769413
vt 0.519601 0.769283
vt 0.519585 0.769756
vt 0.514171 0.770483
vt 0.519534 0.770366
vt 0.514145 0.771538
vt 0.519379 0.771446
vt 0.519295 0.771826
vt 0.514127 0.771905
vt 0.509239 0.769598
vt 0.504741 0.769843
vt 0.509261 0.770064
vt 0.504777 0.770304
vt 0.504855 0.770882
vt 0.504955 0.771449
vt 0.505153 0.772211
vt 0.500529 0.770180
vt 0.496413 0.770754
vt 0.500575 0.770636
vt 0.496473 0.771199
vt 0.500682 0.771198
vt 0.496613 0.771739
vt 0.500822 0.771743
vt 0.500962 0.772147
vt 0.496982 0.772619
vt 0.501098 0.772460
vt 0.497164 0.772895
vt 0.496402 0.770374
vt 0.492394 0.771008
vt 0.496413 0.770754
vt 0.492487 0.772058
vt 0.489466 0.772859
vt 0.489308 0.769352
vt 0.492487 0.772059
vt 0.489971 0.773732
vt 0.493173 0.773347
vt 0.490318 0.774012
vt 0.496982 0.772619
vt 0.497164 0.772895
vt 0.493471 0.773585
vt 0.643773 0.962922
vt 0.672974 0.962257
vt 0.986137 0.146159
vt 0.987745 0.271783
vt 0.643646 0.769081
vt 0.657480 0.768833
vt 0.657459 0.768361
vt 0.672365 0.768073
vt 0.643627 0.768602
vt 0.657449 0.767978
vt 0.672355 0.767703
vt 0.535300 0.962380
vt 0.565219 0.963893
vt 0.970310 0.264254
vt 0.726807 0.250924
vt 0.489861 0.783094
vt 0.491317 0.779089
vt 0.489996 0.776717
vt 0.490071 0.775320
vt 0.490071 0.775320
vt 0.491353 0.775809
vt 0.488956 0.774699
vt 0.490182 0.775165
vt 0.489204 0.774618
vt 0.490325 0.775040
vt 0.491432 0.775455
vt 0.490325 0.775040
vt 0.489583 0.774559
vt 0.490520 0.774971
vt 0.490918 0.774918
vt 0.639413 0.590716
vt 0.639423 0.591085
vt 0.617099 0.591490
vt 0.617089 0.591120
vt 0.639404 0.590346
vt 0.627582 0.590574
vt 0.639273 0.589981
vt 0.639404 0.590346
vt 0.617081 0.590751
vt 0.627537 0.590206
vt 0.617049 0.590383
vt 0.631464 0.962911
vt 0.620221 0.962913
vt 0.597982 0.591760
vt 0.607205 0.591267
vt 0.597973 0.591391
vt 0.607197 0.590898
vt 0.607196 0.590898
vt 0.597965 0.591022
vt 0.607172 0.590530
vt 0.597910 0.590654
vt 0.609444 0.962913
vt 0.599198 0.962875
vt 0.609445 0.962176
vt 0.589454 0.591866
vt 0.581012 0.591606
vt 0.589446 0.591498
vt 0.581001 0.591238
vt 0.597965 0.591022
vt 0.589437 0.591129
vt 0.581027 0.590868
vt 0.589428 0.590760
vt 0.581064 0.962979
vt 0.589781 0.962801
vt 0.581028 0.962276
vt 0.572082 0.591730
vt 0.562810 0.591866
vt 0.581001 0.591238
vt 0.572060 0.591363
vt 0.562726 0.591134
vt 0.580759 0.963311
vt 0.572999 0.963725
vt 0.573012 0.964472
vt 0.572952 0.962941
vt 0.526821 0.592571
vt 0.532315 0.592464
vt 0.526848 0.592938
vt 0.521239 0.592683
vt 0.521226 0.592317
vt 0.526804 0.592204
vt 0.526804 0.591837
vt 0.528260 0.962642
vt 0.535300 0.962380
vt 0.528378 0.963428
vt 0.521664 0.962839
vt 0.528094 0.961865
vt 0.535138 0.961606
vt 0.515555 0.592802
vt 0.510068 0.592921
vt 0.515545 0.592435
vt 0.515530 0.592069
vt 0.515545 0.592435
vt 0.510019 0.592188
vt 0.509662 0.591826
vt 0.515492 0.591702
vt 0.521292 0.963704
vt 0.515960 0.962899
vt 0.510968 0.962848
vt 0.515880 0.962115
vt 0.510077 0.593288
vt 0.505074 0.593033
vt 0.500534 0.593139
vt 0.505065 0.592667
vt 0.505065 0.592667
vt 0.510060 0.592554
vt 0.500523 0.592772
vt 0.505044 0.592300
vt 0.500492 0.592405
vt 0.504973 0.591934
vt 0.510625 0.963690
vt 0.502302 0.963264
vt 0.502361 0.962590
vt 0.496334 0.593606
vt 0.492292 0.593702
vt 0.496320 0.593238
vt 0.492278 0.593334
vt 0.492238 0.592598
vt 0.496234 0.592137
vt 0.500283 0.592042
vt 0.493433 0.963457
vt 0.498092 0.962483
vt 0.493761 0.961660
vt 0.498326 0.961700
vt 0.492292 0.593702
vt 0.488448 0.594043
vt 0.488424 0.593055
vt 0.492185 0.592231
vt 0.489560 0.959408
vt 0.486355 0.957111
vt 0.494115 0.960885
vt 0.667916 0.590096
vt 0.667924 0.590465
vt 0.653113 0.590424
vt 0.653104 0.590054
vt 0.667898 0.589356
vt 0.673049 0.958273
vt 0.484390 0.620868
vt 0.486571 0.947520
vt 0.486451 0.953890
vt 0.486472 0.955307
vt 0.485076 0.955359
vt 0.486472 0.955307
vt 0.485264 0.955583
vt 0.487832 0.955428
vt 0.486579 0.955512
vt 0.486723 0.955699
vt 0.485489 0.955791
vt 0.486723 0.955700
vt 0.485489 0.955791
vt 0.488067 0.955761
vt 0.486928 0.955850
vt 0.487360 0.956064
vt 0.730474 0.122109
vt 0.730097 0.120905
vt 0.483670 0.954836
vt 0.970304 0.266594
vt 0.726699 0.252023
vt 0.658001 0.955295
vt 0.726020 0.253449
vt 0.985906 0.286056
vt 0.672974 0.962257
vt 0.744949 0.270769
vt 0.735746 0.264018
vt 0.723936 0.255399
vt 0.730850 0.123312
vt 0.975329 0.128368
vt 0.731371 0.127967
vt 0.731111 0.125640
vt 0.986133 0.273527
vt 0.986227 0.275198
vt 0.984355 0.275359
vt 0.984355 0.277490
vt 0.988298 0.274357
vt 0.986176 0.277511
vt 0.988052 0.277427
vt 0.986055 0.279912
vt 0.984342 0.279670
vt 0.984335 0.281459
vt 0.987806 0.280498
vt 0.985919 0.281873
vt 0.985779 0.283582
vt 0.984334 0.282982
vt 0.985923 0.135679
vt 0.984338 0.136078
vt 0.987506 0.135035
vt 0.987803 0.137027
vt 0.986055 0.137613
vt 0.984343 0.137855
vt 0.986174 0.140014
vt 0.984357 0.140036
vt 0.988048 0.140098
vt 0.988293 0.143168
vt 0.984357 0.142167
vt 0.980975 0.273011
vt 0.982621 0.273493
vt 0.982583 0.275123
vt 0.980787 0.274291
vt 0.982604 0.277319
vt 0.980882 0.277052
vt 0.982663 0.279563
vt 0.980977 0.279813
vt 0.982756 0.281352
vt 0.981178 0.281450
vt 0.982757 0.136168
vt 0.982666 0.137962
vt 0.980887 0.140473
vt 0.982607 0.140207
vt 0.980792 0.143235
vt 0.980980 0.144515
vt 0.657449 0.767979
vt 0.731402 0.129106
vt 0.581023 0.591974
vt 0.526848 0.592938
vt 0.627600 0.591313
vt 0.644339 0.778201
vt 0.513833 0.778602
vt 0.522625 0.778864
vt 0.517964 0.778716
vt 0.748313 0.277016
vt 0.970375 0.271244
vt 0.590964 0.778692
vt 0.496006 0.776097
vt 0.734908 0.265164
vt 0.723485 0.255567
vt 0.643618 0.768217
vt 0.745615 0.269262
vt 0.492053 0.806461
vt 0.489496 0.925025
vt 0.489743 0.924944
vt 0.982934 0.132809
vt 0.984387 0.133248
vt 0.981461 0.132047
vt 0.984347 0.134636
vt 0.987179 0.132619
vt 0.985820 0.134200
vt 0.985802 0.133093
vt 0.987209 0.133042
vt 0.984384 0.284289
vt 0.982934 0.284711
vt 0.981460 0.285478
vt 0.987209 0.284483
vt 0.985797 0.284459
vt 0.987179 0.284906
vt 0.658001 0.955295
vt 0.657449 0.767978
vt 0.589454 0.591866
vt 0.597982 0.591760
vt 0.597982 0.591760
vt 0.521254 0.593050
vt 0.644339 0.778201
vt 0.486226 0.623616
vt 0.488526 0.597513
vt 0.527575 0.782692
vt 0.703102 0.246788
vt 0.699299 0.243761
vt 0.734907 0.265164
vt 0.723485 0.255567
vt 0.488774 0.742280
vt 0.487361 0.742871
vt 0.484282 0.592403
vt 0.744949 0.270769
vt 0.515565 0.593169
vt 0.984522 0.131295
vt 0.982934 0.132809
vt 0.984387 0.133248
vt 0.982852 0.134575
vt 0.985802 0.133093
vt 0.982934 0.284711
vt 0.987208 0.284483
vt 0.985797 0.284459
vt 0.985779 0.283582
vt 0.987179 0.284906
vt 0.979376 0.014607
vt 0.729613 0.119358
vt 0.684078 -0.000000
vt 0.708161 0.075524
vt 0.701215 0.072131
vt 0.681790 0.018410
vt 0.681051 0.024593
vt 0.681257 0.033412
vt 0.681461 0.042230
vt 0.683940 0.050016
vt 0.686418 0.057801
vt 0.694268 0.068738
vt 0.690343 0.063270
vt 0.729855 0.120131
vt 0.727554 0.115832
vt 0.725495 0.112306
vt 0.708783 0.102213
vt 0.713079 0.103856
vt 0.640720 0.326527
vt 0.982341 0.417525
vt 0.986597 0.415763
vt 0.729855 0.120131
vt 0.489204 0.774618
vt 0.488234 0.592317
vt 0.484137 0.592406
vt 0.488123 0.773273
vt 0.487918 0.774130
vt 0.492287 0.806594
vt 0.488814 0.955029
vt 0.540708 0.955548
vt 0.532337 0.778355
vt 0.535448 0.778479
vt 0.536277 0.778527
vt 0.537241 0.782593
vt 0.537110 0.778486
vt 0.533120 0.955271
vt 0.534772 0.808384
vt 0.492053 0.806461
vt 0.493685 0.807051
vt 0.492547 0.776449
vt 0.539063 0.957225
vt 0.549447 0.958200
vt 0.485558 0.593102
vt 0.723033 0.255735
vt 0.719752 0.255190
vt 0.970453 0.273587
vt 0.640720 0.326527
vt 0.679539 0.252309
vt 0.600793 0.257905
vt 0.616742 0.248672
vt 0.673442 0.247271
vt 0.638360 0.239779
vt 0.716471 0.254646
vt 0.622083 0.245680
vt 0.630222 0.242730
vt 0.646366 0.239325
vt 0.654372 0.238871
vt 0.667344 0.242233
vt 0.660858 0.240552
vt 0.706904 0.249815
vt 0.484390 0.620868
vt 0.484595 0.623401
vt 0.483843 0.592974
vt 0.539926 0.956800
vt 0.488622 0.774042
vt 0.486962 0.746017
vt 0.487624 0.769480
vt 0.487647 0.773764
vt 0.488814 0.955029
vt 0.489743 0.924944
vt 0.489446 0.950899
vt 0.484293 0.593084
vt 0.489065 0.954934
vt 0.534067 0.956336
vt 0.536277 0.778525
vt 0.536996 0.808395
vt 0.537110 0.778486
vt 0.535463 0.925379
vt 0.534772 0.808384
vt 0.535210 0.782582
vt 0.533500 0.955863
vt 0.536294 0.777388
vt 0.542901 0.778315
vt 0.492287 0.806595
vt 0.491432 0.775455
vt 0.519960 0.955176
vt 0.494066 0.776811
vt 0.496401 0.954732
vt 0.499586 0.777333
vt 0.643907 0.955271
vt 0.643902 0.957358
vt 0.566288 0.777643
vt 0.542901 0.778315
vt 0.541146 0.776597
vt 0.541146 0.776593
vt 0.496797 0.772251
vt 0.988017 0.144455
vt 0.488744 0.774803
vt 0.562775 0.591500
vt 0.492262 0.592966
vt 0.487812 0.955220
vt 0.745615 0.269262
vt 0.745615 0.269262
vt 0.494115 0.960885
vt 0.498326 0.961700
vt 0.506628 0.961936
vt 0.510986 0.962063
vt 0.631492 0.962179
vt 0.620229 0.962179
vt 0.609445 0.962176
vt 0.599215 0.962137
vt 0.589746 0.962082
vt 0.534250 0.957394
vt 0.540708 0.955547
vt 0.533272 0.777070
vt 0.520344 0.956912
vt 0.519960 0.955176
vt 0.523582 0.775909
vt 0.490141 0.955693
vt 0.490644 0.954866
vt 0.496437 0.781561
vt 0.490644 0.954866
vt 0.499586 0.777333
vt 0.490824 0.951405
vt 0.492053 0.806461
vt 0.496398 0.777071
vt 0.644270 0.776101
vt 0.643907 0.955271
vt 0.566288 0.777643
vt 0.496473 0.771199
vt 0.496797 0.772251
vt 0.988017 0.144455
vt 0.488744 0.774803
vt 0.489204 0.774618
vt 0.562775 0.591500
vt 0.492262 0.592966
vt 0.488234 0.592317
vt 0.487812 0.955220
vt 0.487886 0.955614
vt 0.490918 0.774919
vt 0.530603 0.771855
vt 0.536325 0.776303
vt 0.490918 0.774919
vt 0.536325 0.776303
vt 0.970453 0.273587
vt 0.553217 0.782538
vt 0.493596 0.775928
vt 0.970337 0.270089
vt 0.491816 0.806319
vt 0.502496 0.961830
vt 0.521548 0.962052
vt 0.643885 0.962191
vt 0.631492 0.962179
vt 0.609445 0.962176
vt 0.589746 0.962082
vt 0.735747 0.264018
s 1
usemtl Mat.Closet
f 765/1/1 64/2/2 62/3/3
f 1314/4/4 373/5/5 1392/6/6
f 206/7/7 1454/8/8 373/5/5
f 1321/9/9 378/10/10 1399/11/11
f 1671/12/12 480/13/13 483/14/14
f 1370/15/15 410/16/16 1448/17/17
f 474/18/18 1740/19/19 641/20/20
f 1663/21/21 645/22/22 1740/19/19
f 1631/23/23 587/24/24 1556/25/25
f 28/26/26 751/27/26 754/28/26
f 651/29/27 1745/30/28 648/31/29
f 222/32/30 1338/33/31 225/34/32
f 1408/30/33 396/35/34 391/36/35
f 1687/37/36 657/38/37 490/39/38
f 316/40/39 1180/41/40 1170/42/41
f 936/43/42 181/44/43 180/45/44
f 652/46/45 1743/47/46 647/48/47
f 34/49/48 22/50/48 33/51/48
f 34/52/49 4/53/49 5/54/49
f 22/50/50 4/53/50 33/51/50
f 763/55/51 79/56/52 78/57/53
f 755/58/54 846/59/55 75/60/56
f 70/61/57 1853/62/58 755/58/54
f 758/63/59 757/64/60 1853/62/58
f 1853/62/58 76/65/61 846/59/55
f 757/64/60 845/66/62 76/65/61
f 68/67/63 1854/68/64 757/64/60
f 761/69/65 760/70/66 1854/68/64
f 845/66/62 760/70/66 77/71/67
f 77/71/67 1855/72/68 844/73/69
f 760/70/66 764/74/70 1855/72/68
f 1855/72/68 64/2/2 763/55/51
f 844/73/69 763/55/51 78/75/53
f 1370/15/15 413/76/71 245/77/72
f 823/43/73 88/44/74 824/78/75
f 79/56/52 1856/79/76 843/80/77
f 765/81/1 768/82/78 1856/79/76
f 1856/79/76 60/83/79 767/84/80
f 843/80/77 767/84/80 80/85/81
f 80/85/81 1857/86/82 842/87/83
f 767/84/80 771/88/84 1857/86/82
f 771/88/84 770/89/85 1857/86/82
f 842/87/83 770/89/85 81/90/86
f 770/89/85 841/91/87 81/90/86
f 58/92/88 1858/93/89 770/89/85
f 774/94/90 773/95/91 1858/93/89
f 1858/93/89 82/96/92 841/91/87
f 773/95/91 840/97/93 82/96/92
f 56/98/94 1859/99/95 773/95/91
f 777/100/96 776/101/97 1859/99/95
f 1859/99/95 83/102/98 840/97/93
f 1905/103/99 942/104/100 186/105/101
f 72/106/102 1860/107/103 810/108/104
f 806/109/105 733/110/106 1860/107/103
f 85/111/107 1861/112/108 839/113/109
f 821/114/110 783/115/111 1861/112/108
f 1861/112/108 51/116/112 820/117/113
f 839/113/109 820/117/113 84/118/114
f 822/119/115 838/120/116 86/121/117
f 822/119/115 786/122/118 1862/123/119
f 1862/123/119 49/124/120 821/114/110
f 838/120/116 821/114/110 85/111/107
f 823/125/73 837/126/121 87/45/122
f 45/127/123 1863/128/124 823/125/73
f 789/129/125 822/119/115 1863/128/124
f 1863/128/124 86/121/117 837/126/121
f 825/130/126 836/131/127 89/132/128
f 41/133/129 1864/134/130 825/130/126
f 793/135/131 824/136/75 1864/134/130
f 1864/134/130 88/44/74 836/131/127
f 826/137/132 835/138/133 90/139/134
f 826/137/132 796/140/135 1865/141/136
f 796/140/135 825/130/126 1865/141/136
f 1865/141/136 89/132/128 835/138/133
f 91/142/137 1866/143/138 834/144/139
f 827/145/140 799/146/141 1866/143/138
f 1866/143/138 39/147/142 826/137/132
f 834/144/139 826/137/132 90/139/134
f 92/148/143 1867/149/144 833/150/145
f 828/151/146 802/152/147 1867/149/144
f 1867/149/144 37/153/148 827/145/140
f 833/150/145 827/145/140 91/142/137
f 93/154/149 1868/155/150 832/156/151
f 809/157/152 808/158/153 1868/155/150
f 1868/155/150 35/159/154 828/151/146
f 832/156/151 828/151/146 92/148/143
f 1896/107/155 922/108/156 188/160/157
f 736/104/158 804/161/159 1869/162/160
f 1869/162/160 74/163/161 809/157/152
f 776/101/97 831/164/162 83/102/98
f 54/165/163 1870/166/164 776/101/97
f 779/167/165 810/108/104 1870/166/164
f 1870/166/164 94/168/166 831/164/162
f 819/169/167 805/170/168 53/171/169
f 83/102/98 1871/172/170 819/169/167
f 831/164/162 830/173/171 1871/172/170
f 1871/172/170 71/174/172 805/170/168
f 8/175/173 1872/176/174 807/177/175
f 1881/178/176 830/173/171 94/168/166
f 807/177/175 829/179/177 73/180/178
f 73/180/178 1873/181/179 803/182/180
f 829/179/177 832/156/151 1873/181/179
f 1873/181/179 92/148/143 800/183/181
f 803/182/180 800/183/181 36/184/182
f 36/184/182 1874/185/183 801/186/184
f 800/183/181 833/150/145 1874/185/183
f 1874/185/183 91/142/137 797/187/185
f 801/186/184 797/187/185 38/188/186
f 797/187/185 798/189/187 38/188/186
f 797/187/185 834/144/139 1875/190/188
f 834/144/139 794/191/189 1875/190/188
f 1875/190/188 40/192/190 798/189/187
f 794/191/189 795/193/191 40/192/190
f 90/139/134 1876/194/192 794/191/189
f 835/138/133 791/195/193 1876/194/192
f 1876/194/192 42/196/194 795/193/191
f 791/195/193 792/197/195 42/196/194
f 89/132/128 1877/198/196 791/195/193
f 836/131/127 790/199/197 1877/198/196
f 1877/198/196 44/200/198 792/197/195
f 87/45/122 790/201/197 88/44/74
f 815/202/199 78/57/53 79/56/52
f 787/203/200 788/204/201 46/205/202
f 87/45/122 1878/206/203 787/203/200
f 837/126/121 784/207/204 1878/206/203
f 1878/206/203 48/208/205 788/204/201
f 784/207/204 785/209/206 48/208/205
f 86/121/117 1879/210/207 784/207/204
f 838/120/116 781/211/208 1879/210/207
f 1879/210/207 50/212/209 785/209/206
f 781/211/208 782/213/210 50/212/209
f 85/111/107 1880/214/211 781/211/208
f 1880/214/211 52/215/212 782/213/210
f 830/173/171 778/216/213 71/174/172
f 1908/217/214 187/218/215 186/105/101
f 1881/178/176 9/219/216 778/216/213
f 818/220/217 775/221/218 55/222/219
f 82/96/92 1882/223/220 818/220/217
f 840/97/93 819/169/167 1882/223/220
f 1882/223/220 53/171/169 775/221/218
f 57/224/221 1883/225/222 772/226/223
f 817/227/224 841/91/87 1883/225/222
f 841/91/87 818/220/217 1883/225/222
f 772/226/223 818/220/217 55/222/219
f 59/228/225 1884/229/226 769/230/227
f 816/231/228 842/87/83 1884/229/226
f 1884/229/226 81/90/86 817/227/224
f 769/230/227 817/227/224 57/224/221
f 61/232/229 1885/233/230 766/234/231
f 815/202/199 843/80/77 1885/233/230
f 1885/233/230 80/85/81 816/231/228
f 766/234/231 816/231/228 59/228/225
f 65/235/232 1886/236/233 762/237/234
f 813/238/235 844/73/69 1886/236/233
f 1886/236/233 78/75/53 814/239/236
f 762/237/234 814/239/236 63/240/237
f 67/241/238 1887/242/239 759/243/240
f 812/244/241 845/66/62 1887/242/239
f 1887/242/239 77/71/67 813/238/235
f 759/243/240 813/238/235 65/235/232
f 69/245/242 1888/246/243 756/247/244
f 960/248/245 167/249/246 923/250/247
f 1888/246/243 76/65/61 812/244/241
f 756/247/244 812/244/241 67/241/238
f 787/251/200 44/200/198 790/201/197
f 814/252/236 61/232/229 63/240/237
f 564/253/248 1542/254/249 579/255/250
f 223/13/251 1344/256/12 228/257/252
f 1665/258/253 483/14/14 480/13/13
f 389/259/254 1414/260/255 1408/30/33
f 1377/261/256 427/262/257 1465/263/258
f 224/264/259 1341/265/260 227/266/261
f 875/1/262 156/2/263 873/55/264
f 430/267/265 1461/268/266 1468/269/267
f 861/27/26 112/26/26 864/28/26
f 1418/270/268 391/271/35 396/272/34
f 118/53/50 106/50/50 119/51/50
f 134/200/269 898/251/270 901/201/271
f 1332/273/272 228/257/252 1341/265/260
f 121/49/273 106/50/273 117/274/273
f 121/52/49 118/53/49 119/51/49
f 960/248/245 865/275/274 167/249/246
f 168/65/275 1889/276/276 960/248/245
f 867/64/277 868/63/278 1889/276/276
f 1889/276/276 162/61/279 865/275/274
f 959/66/280 867/64/277 168/65/275
f 959/66/280 870/277/281 1890/278/282
f 870/277/281 871/69/283 1890/278/282
f 1890/278/282 160/67/284 867/64/277
f 169/279/285 1891/280/286 870/277/281
f 958/281/287 873/55/264 1891/280/286
f 1891/280/286 156/2/263 874/74/288
f 870/277/281 874/74/288 158/282/289
f 927/202/290 170/57/291 926/252/292
f 1460/283/293 431/284/294 437/285/295
f 171/56/296 1892/286/297 875/81/262
f 957/287/298 877/288/299 1892/286/297
f 1892/286/297 152/83/300 878/82/301
f 875/81/262 878/82/301 154/3/302
f 172/289/303 1893/86/304 877/288/299
f 956/290/305 880/291/306 1893/86/304
f 880/291/306 881/88/307 1893/86/304
f 877/288/299 881/88/307 152/83/300
f 955/292/308 880/291/306 173/293/309
f 174/294/310 1894/93/311 955/292/308
f 883/295/312 884/94/313 1894/93/311
f 1894/93/311 150/92/314 880/291/306
f 954/296/315 883/295/312 174/294/310
f 175/297/316 1895/99/317 954/296/315
f 886/298/318 887/100/319 1895/99/317
f 1895/99/317 148/98/320 883/295/312
f 889/110/321 918/109/322 1896/107/155
f 1896/107/155 164/106/323 922/108/156
f 178/299/324 1897/300/325 934/301/326
f 953/302/327 933/117/328 1897/300/325
f 1897/300/325 141/116/329 894/115/330
f 934/301/326 894/115/330 139/124/331
f 952/303/332 935/304/333 179/305/334
f 952/303/332 934/301/326 1898/123/335
f 1898/123/335 139/124/331 897/122/336
f 935/304/333 897/122/336 137/306/337
f 951/126/338 936/125/42 180/45/44
f 179/305/334 1899/307/339 951/126/338
f 935/304/333 900/129/340 1899/307/339
f 1899/307/339 135/127/341 936/125/42
f 171/56/296 873/55/264 170/57/291
f 1709/308/342 701/309/343 707/310/344
f 950/311/345 938/312/346 182/132/347
f 181/44/43 1900/134/348 950/311/345
f 937/136/349 904/135/350 1900/134/348
f 1900/134/348 131/133/351 938/312/346
f 949/313/352 939/137/353 183/314/354
f 182/132/347 1901/315/355 949/313/352
f 938/312/346 907/140/356 1901/315/355
f 939/137/353 907/140/356 129/147/357
f 184/316/358 1902/317/359 940/145/360
f 948/144/361 939/137/353 1902/317/359
f 1902/317/359 129/147/357 910/146/362
f 940/145/360 910/146/362 127/153/363
f 185/318/364 1903/319/365 941/320/366
f 947/321/367 940/145/360 1903/319/365
f 1903/319/365 127/153/363 913/152/368
f 941/320/366 913/152/368 125/159/369
f 187/218/215 1904/322/370 921/157/371
f 946/156/372 941/320/366 1904/322/370
f 1904/322/370 125/159/369 920/158/373
f 921/157/371 920/158/373 166/163/374
f 12/105/375 736/104/158 1869/162/160
f 1905/103/99 166/163/374 916/161/376
f 942/104/100 916/161/376 123/323/377
f 945/164/378 886/298/318 175/297/316
f 188/160/157 1906/324/379 945/164/378
f 922/108/156 890/167/380 1906/324/379
f 1906/324/379 146/165/381 886/298/318
f 917/170/382 931/325/383 145/171/384
f 163/174/385 1907/326/386 917/170/382
f 944/327/387 945/164/378 1907/326/386
f 1907/326/386 175/297/316 931/325/383
f 124/175/388 1908/217/214 914/328/389
f 919/177/390 943/329/391 1908/217/214
f 1917/178/392 176/330/393 188/160/157
f 165/180/394 1909/181/395 943/329/391
f 915/182/396 911/331/397 1909/181/395
f 1909/181/395 185/318/364 946/156/372
f 943/329/391 946/156/372 187/218/215
f 126/184/398 1910/332/399 911/331/397
f 912/186/400 908/187/401 1910/332/399
f 1910/332/399 184/316/358 947/321/367
f 911/331/397 947/321/367 185/318/364
f 909/189/402 908/187/401 128/188/403
f 130/192/404 1911/333/405 909/189/402
f 905/191/406 948/144/361 1911/333/405
f 908/187/401 948/144/361 184/316/358
f 906/193/407 905/191/406 130/192/404
f 132/196/408 1912/334/409 906/193/407
f 902/195/410 949/313/352 1912/334/409
f 1912/334/409 183/314/354 905/191/406
f 903/197/411 902/195/410 132/196/408
f 134/200/269 1913/335/412 903/197/411
f 901/199/271 950/311/345 1913/335/412
f 1913/335/412 182/132/347 902/195/410
f 899/204/413 898/203/270 136/205/414
f 138/208/415 1914/336/416 899/204/413
f 895/337/417 951/126/338 1914/336/416
f 1914/336/416 180/45/44 898/203/270
f 896/209/418 895/337/417 138/208/415
f 140/212/419 1915/210/420 896/209/418
f 892/338/421 952/303/332 1915/210/420
f 1915/210/420 179/305/334 895/337/417
f 893/213/422 892/338/421 140/212/419
f 142/215/423 1916/339/424 893/213/422
f 780/340/425 1880/214/211 839/113/109
f 1916/339/424 178/299/324 892/338/421
f 888/216/426 944/327/387 163/174/385
f 143/219/427 1917/178/392 888/216/426
f 2139/341/428 447/342/429 1495/343/430
f 885/221/431 930/344/432 147/222/433
f 145/171/384 1918/345/434 885/221/431
f 931/325/383 954/296/315 1918/345/434
f 1918/345/434 174/294/310 930/344/432
f 149/224/435 1919/346/436 929/347/437
f 882/226/438 930/344/432 1919/346/436
f 930/344/432 955/292/308 1919/346/436
f 929/347/437 955/292/308 173/293/309
f 151/228/439 1920/348/440 928/349/441
f 879/230/442 929/347/437 1920/348/440
f 1920/348/440 173/293/309 956/290/305
f 928/349/441 956/290/305 172/289/303
f 153/232/443 1921/350/444 927/202/290
f 876/234/445 928/349/441 1921/350/444
f 1921/350/444 172/289/303 957/287/298
f 927/202/290 957/287/298 171/56/296
f 901/201/271 180/45/44 181/44/43
f 153/232/443 926/252/292 155/240/446
f 157/235/447 1922/351/448 925/238/449
f 872/237/450 926/239/292 1922/351/448
f 1922/351/448 170/75/291 958/281/287
f 925/238/449 958/281/287 169/279/285
f 159/241/451 1923/352/452 924/353/453
f 869/243/454 925/238/449 1923/352/452
f 1923/352/452 169/279/285 959/66/280
f 924/353/453 959/66/280 168/65/275
f 161/245/455 1924/354/456 923/250/247
f 866/247/457 924/353/453 1924/354/456
f 1924/354/456 168/65/275 960/248/245
f 2093/355/458 207/356/459 200/357/460
f 1965/358/461 1065/359/462 1700/360/463
f 248/361/464 1925/362/465 962/363/466
f 963/364/467 964/365/468 1925/362/465
f 961/366/469 964/365/468 249/367/470
f 252/368/471 1926/369/472 965/370/473
f 966/371/474 967/372/475 1926/369/472
f 1926/369/472 250/373/476 963/364/467
f 246/374/477 1927/375/478 968/376/479
f 969/377/480 970/378/481 1927/375/478
f 1927/375/478 253/379/482 966/371/474
f 968/376/479 966/371/474 252/368/471
f 251/380/483 1928/381/484 970/378/481
f 971/382/485 972/383/486 1928/381/484
f 1928/381/484 256/384/487 973/385/488
f 970/378/481 973/385/488 253/379/482
f 975/386/489 974/387/490 247/388/491
f 254/389/492 1929/390/493 975/386/489
f 976/391/494 972/383/486 1929/390/493
f 1929/390/493 255/392/495 974/387/490
f 420/393/496 1959/394/497 2122/395/498
f 1966/396/499 504/397/500 2227/398/501
f 1930/399/502 250/400/476 977/401/503
f 1930/399/502 256/402/487 976/391/494
f 967/403/475 977/404/503 250/405/476
f 253/406/482 1931/407/504 967/408/475
f 977/409/503 973/410/488 256/411/487
f 261/412/505 1932/413/506 978/414/507
f 979/415/508 980/416/509 1932/413/506
f 980/416/509 981/417/510 1932/413/506
f 1932/413/506 265/418/511 978/414/507
f 264/419/512 1933/420/513 980/416/509
f 982/421/514 983/422/515 1933/420/513
f 1933/420/513 269/423/516 984/424/517
f 980/416/509 984/424/517 266/425/518
f 1095/426/519 519/427/520 1614/428/521
f 267/429/522 1934/430/523 986/431/524
f 987/432/525 983/433/515 1934/430/523
f 985/434/526 983/433/515 268/435/527
f 987/432/525 267/436/522 988/437/528
f 271/438/529 1935/439/530 988/437/528
f 989/440/531 990/441/532 1935/439/530
f 1935/439/530 269/442/516 987/432/525
f 263/443/533 1936/444/534 991/445/535
f 992/446/536 993/447/537 1936/444/534
f 1936/444/534 272/448/538 989/440/531
f 991/445/535 989/440/531 271/449/529
f 270/450/539 1937/451/540 993/447/537
f 994/452/541 981/453/510 1937/451/540
f 1937/451/540 266/425/518 995/454/542
f 993/447/537 995/454/542 272/448/538
f 984/455/517 995/456/542 266/457/518
f 990/458/532 984/455/517 269/459/516
f 272/448/538 1938/460/543 990/461/532
f 287/462/544 1939/463/545 996/464/546
f 290/465/547 1939/463/545 997/466/548
f 998/467/549 999/468/550 1939/463/545
f 996/464/546 999/468/550 291/469/551
f 288/470/552 1940/471/553 1002/472/554
f 1003/473/555 1004/474/556 1940/471/553
f 1004/474/556 1000/475/557 1940/471/553
f 1940/471/553 294/476/558 1002/472/554
f 1005/477/559 1004/474/556 293/478/560
f 297/479/561 1941/480/562 1005/477/559
f 1006/481/563 1007/482/564 1941/480/562
f 1941/480/562 295/483/565 1004/474/556
f 289/484/566 1942/485/567 1008/486/568
f 1009/487/569 1010/488/570 1942/485/571
f 1942/485/571 298/489/572 1006/490/563
f 1008/486/573 1006/490/563 297/491/561
f 296/492/574 1943/493/575 1010/488/570
f 1011/494/576 999/495/550 1943/493/575
f 1943/493/575 292/496/577 1012/497/578
f 1010/488/570 1012/497/578 298/489/572
f 1001/498/579 1012/499/578 292/500/577
f 1007/501/564 1001/502/579 295/503/565
f 298/504/572 1944/505/580 1007/506/564
f 339/507/581 1945/508/582 1013/509/583
f 1014/510/584 1015/511/585 1945/508/582
f 1015/511/585 1016/512/586 1945/508/582
f 1945/508/582 343/513/587 1013/509/583
f 1017/514/588 1015/511/585 342/515/589
f 346/516/590 1946/517/591 1017/514/588
f 1018/518/592 1019/519/593 1946/517/591
f 1946/517/591 344/520/594 1015/511/585
f 340/521/595 1947/522/596 1020/523/597
f 1021/524/598 1022/525/599 1947/522/600
f 1947/522/600 347/526/601 1018/527/592
f 1020/523/602 1018/527/592 346/528/590
f 345/529/603 1948/530/604 1022/525/599
f 1023/531/605 1024/532/606 1948/530/604
f 1948/530/604 350/533/607 1025/534/608
f 1022/525/599 1025/534/608 347/526/601
f 341/535/609 1949/536/610 1026/537/611
f 348/538/612 1949/536/610 1027/539/613
f 1028/540/614 1024/541/606 1949/536/610
f 1026/537/611 1024/541/606 349/542/615
f 290/543/547 1001/544/579 998/467/549
f 294/545/558 1000/475/557 1001/544/579
f 1019/546/593 1029/547/616 344/520/594
f 347/548/601 1950/549/617 1019/519/593
f 1029/547/616 1025/550/608 350/551/607
f 361/552/618 1951/553/619 1030/554/620
f 364/555/621 1951/553/619 1031/556/622
f 1032/557/623 1033/558/624 1951/553/619
f 1030/554/620 1033/558/624 365/559/625
f 1034/560/626 1032/557/623 364/555/621
f 368/561/627 1952/562/628 1034/560/626
f 1035/563/629 1036/564/630 1952/562/628
f 1952/562/628 366/565/631 1032/557/623
f 362/566/632 1953/567/633 1037/568/634
f 1038/569/635 1039/570/636 1953/567/633
f 1953/567/633 369/571/637 1035/572/629
f 1037/568/634 1035/572/629 368/573/627
f 367/574/638 1954/575/639 1039/570/636
f 1704/576/640 464/577/641 691/578/642
f 1954/575/639 372/579/643 1042/580/644
f 1039/570/636 1042/580/644 369/571/637
f 1993/581/645 1141/582/646 1610/583/647
f 1044/584/648 1045/585/649 1955/586/650
f 1045/585/649 1041/587/651 1955/586/650
f 1955/586/650 371/588/652 1043/589/653
f 1046/590/654 1045/585/649 370/591/655
f 365/592/625 1956/593/656 1046/590/654
f 1033/594/624 1047/595/657 1956/593/656
f 1956/593/656 372/579/643 1045/585/649
f 1036/596/630 1047/597/657 366/598/631
f 369/599/637 1957/600/658 1036/601/630
f 1047/602/657 1042/603/644 372/604/643
f 302/605/659 296/492/574 2064/606/660
f 1049/607/661 1050/608/662 1958/609/663
f 1050/608/662 1051/610/664 1958/609/663
f 1958/609/663 417/611/665 1048/612/666
f 2090/613/667 1369/614/668 249/367/470
f 106/615/669 855/616/49 852/617/670
f 1959/394/497 421/618/671 1053/619/672
f 1959/394/497 418/620/673 1050/608/662
f 1055/621/674 1054/622/675 414/623/676
f 419/624/677 1960/625/678 1055/621/674
f 1056/626/679 1052/627/680 1960/625/678
f 1960/625/678 420/628/496 1054/622/675
f 1057/629/681 1056/626/679 419/624/677
f 423/630/682 1961/631/683 1057/629/681
f 1058/632/684 1059/633/685 1961/631/683
f 1961/631/683 421/634/671 1056/626/679
f 415/635/686 1962/636/687 1060/637/688
f 1061/638/689 1062/639/690 1962/636/687
f 1962/636/687 424/640/691 1058/641/684
f 1060/637/688 1058/641/684 423/642/682
f 422/643/692 1963/644/693 1062/645/690
f 963/364/467 248/646/464 965/370/473
f 1963/644/693 418/620/673 1064/647/694
f 1062/645/690 1064/647/694 424/648/691
f 1053/619/672 1064/649/694 418/650/673
f 1059/651/685 1053/652/672 421/618/671
f 424/648/691 1964/653/695 1059/651/685
f 1153/654/696 1998/655/697 1778/17/698
f 1066/656/699 1067/365/700 1965/358/461
f 1067/365/700 1068/657/701 1965/358/461
f 1965/358/461 505/361/702 1065/359/462
f 1011/658/576 302/659/659 1295/660/703
f 1930/399/502 254/661/492 2090/613/667
f 1966/396/499 509/662/704 1070/401/705
f 1966/396/499 506/663/706 1067/365/700
f 1072/664/707 1071/665/708 502/666/709
f 507/667/710 1967/668/711 1072/664/707
f 1073/669/712 1069/670/713 1967/668/711
f 1967/668/711 508/671/714 1071/665/708
f 1074/672/715 1073/669/712 507/667/710
f 511/380/716 1968/673/717 1074/672/715
f 1075/674/718 1076/675/719 1968/673/717
f 1968/673/717 509/676/704 1073/669/712
f 503/677/720 1969/678/721 1077/679/722
f 1078/680/723 1079/681/724 1969/678/721
f 1969/678/721 512/682/725 1075/683/718
f 1077/679/722 1075/683/718 511/380/716
f 510/684/726 1970/685/727 1079/681/724
f 1970/685/727 506/686/706 1081/687/728
f 1079/681/724 1081/687/728 512/682/725
f 1070/688/705 1081/408/728 506/689/706
f 1076/690/719 1070/691/705 509/384/704
f 512/692/725 1971/693/729 1076/690/719
f 517/412/730 1972/694/731 1082/695/732
f 520/418/733 1972/694/731 1083/696/734
f 1084/453/735 1085/697/736 1972/694/731
f 1082/695/732 1085/697/736 521/698/737
f 1086/699/738 1084/453/735 520/418/733
f 524/700/739 1973/451/740 1086/699/738
f 1087/701/741 1088/702/742 1973/451/740
f 1973/451/740 522/703/743 1084/453/735
f 518/704/744 1974/705/745 1089/706/746
f 1090/707/747 1091/440/748 1974/705/745
f 1974/705/745 525/708/749 1087/709/741
f 1089/706/746 1087/709/741 524/450/739
f 523/438/750 1975/710/751 1091/440/748
f 1975/710/751 528/711/752 1094/461/753
f 1091/440/748 1094/461/753 525/708/749
f 673/712/754 2003/713/755 2259/395/756
f 1096/714/757 1097/433/758 1976/715/759
f 1097/433/758 1093/716/760 1976/715/759
f 1976/715/759 527/429/761 1095/426/519
f 1098/717/762 1097/433/758 526/718/763
f 521/698/737 1977/719/764 1098/717/762
f 1085/720/736 1099/721/765 1977/719/764
f 1977/719/764 528/722/752 1097/433/758
f 1088/723/742 1099/724/765 522/725/743
f 525/708/749 1978/726/766 1088/727/742
f 1099/455/765 1094/728/753 528/729/752
f 543/730/767 1979/731/768 1100/466/769
f 1101/732/770 1102/733/771 1979/731/768
f 1102/733/771 1103/734/772 1979/731/768
f 1979/731/768 547/735/773 1100/466/769
f 1104/736/774 1102/733/771 546/737/775
f 550/738/776 1980/739/777 1104/736/774
f 1105/740/778 1106/741/779 1980/739/777
f 1980/739/777 548/742/780 1102/733/771
f 544/484/781 1981/743/782 1107/744/783
f 1108/745/784 1109/746/785 1981/743/786
f 1981/743/786 551/747/787 1105/748/778
f 1107/744/788 1105/748/778 550/749/776
f 549/750/789 1982/751/790 1109/746/785
f 1110/752/791 1111/753/792 1982/751/790
f 1982/751/790 554/754/793 1112/755/794
f 1109/746/785 1112/755/794 551/747/787
f 545/756/795 1983/757/796 1113/758/797
f 552/759/798 1983/757/796 1114/472/799
f 1115/760/800 1111/761/792 1983/757/796
f 1113/758/797 1111/761/792 553/762/801
f 1103/763/772 548/742/780 1116/764/802
f 552/545/798 1116/764/802 1115/760/800
f 1106/765/779 1116/764/802 548/766/780
f 551/767/787 1984/768/803 1106/769/779
f 1116/764/802 1112/770/794 554/771/793
f 595/772/804 1985/773/805 1117/774/806
f 598/775/807 1985/773/805 1118/776/808
f 1119/777/809 1120/778/810 1985/773/805
f 1117/774/806 1120/778/810 599/779/811
f 94/168/166 810/108/104 1860/107/103
f 1872/176/174 734/328/812 12/105/375
f 596/780/813 1986/781/814 1123/782/815
f 1124/783/816 1125/784/817 1986/781/814
f 1125/784/817 1121/785/818 1986/781/814
f 1986/781/814 602/786/819 1123/782/815
f 1126/787/820 1125/784/817 601/788/821
f 605/789/822 1987/790/823 1126/787/820
f 1127/791/824 1128/792/825 1987/790/823
f 1987/790/823 603/793/826 1125/784/817
f 597/794/827 1988/795/828 1129/796/829
f 1130/797/830 1131/798/831 1988/795/832
f 1988/795/832 606/799/833 1127/791/824
f 1129/796/834 1127/791/824 605/800/822
f 604/801/835 1989/802/836 1131/798/831
f 1132/803/837 1120/804/810 1989/802/836
f 1989/802/836 600/805/838 1133/806/839
f 1131/798/831 1133/806/839 606/799/833
f 1122/807/840 1133/808/839 600/809/838
f 1128/810/825 1122/807/840 603/811/826
f 606/812/833 1990/813/841 1128/814/825
f 617/815/842 1991/816/843 1134/817/844
f 1135/818/845 1136/819/846 1991/816/843
f 1136/819/846 1137/820/847 1991/816/843
f 1991/816/843 621/821/848 1134/817/844
f 620/559/849 1992/822/850 1136/819/846
f 1138/823/851 1139/585/852 1992/822/850
f 1992/822/850 625/579/853 1140/824/854
f 1136/819/846 1140/824/854 622/825/855
f 986/431/524 1934/430/523 1278/428/856
f 623/826/857 1993/581/645 1142/827/858
f 1143/828/859 1139/829/852 1993/581/645
f 1141/830/646 1139/829/852 624/831/860
f 1092/832/861 1144/833/862 527/436/761
f 627/834/863 1994/835/864 1144/833/862
f 1145/836/865 1146/837/866 1994/835/864
f 1994/835/864 625/604/853 1143/828/859
f 619/838/867 1995/567/868 1147/839/869
f 1148/840/870 1149/841/871 1995/567/868
f 1995/567/868 628/842/872 1145/843/865
f 1147/839/869 1145/843/865 627/834/863
f 626/561/873 1996/844/874 1149/841/871
f 1150/845/875 1137/820/847 1996/844/874
f 1996/844/874 622/846/855 1151/847/876
f 1149/841/871 1151/847/876 628/842/872
f 1140/824/854 1151/848/876 622/849/855
f 1146/850/866 1140/595/854 625/851/853
f 628/852/872 1997/853/877 1146/854/866
f 1048/612/666 413/76/71 1448/855/17
f 672/856/878 1998/655/697 1153/654/696
f 1154/857/879 1155/858/880 1998/655/697
f 1152/859/881 1155/858/880 673/860/754
f 1080/861/882 1156/862/883 505/646/702
f 676/863/884 1999/864/885 1156/862/883
f 1157/865/886 1158/647/887 1999/864/885
f 1999/864/885 674/866/888 1154/857/879
f 670/867/889 2000/868/890 1159/869/891
f 1160/870/892 1161/871/893 2000/868/890
f 2000/868/890 677/872/894 1157/639/886
f 1159/869/891 1157/639/886 676/873/884
f 675/874/895 2001/875/896 1161/871/893
f 1162/876/897 1163/877/898 2001/875/896
f 2001/875/896 680/878/899 1164/879/900
f 1161/871/893 1164/879/900 677/872/894
f 1166/880/901 1165/881/902 671/882/903
f 678/628/904 2002/883/905 1166/880/901
f 1167/627/906 1163/884/898 2002/883/905
f 2002/883/905 679/885/907 1165/881/902
f 2227/398/501 1702/886/908 508/887/714
f 1959/394/497 1050/608/662 416/888/909
f 2003/713/755 674/889/888 1168/890/910
f 2003/713/755 680/891/899 1167/892/906
f 1158/647/887 1168/893/910 674/894/888
f 677/895/894 2004/653/911 1158/896/887
f 1168/893/910 1164/651/900 680/891/899
f 1170/42/41 1169/897/912 316/898/39
f 319/899/913 2005/900/914 1170/42/41
f 1171/901/915 1172/902/916 2005/900/914
f 2005/900/914 318/903/917 1169/897/912
f 1172/902/916 1173/904/918 318/903/917
f 321/905/919 2006/906/920 1172/902/916
f 1174/907/921 1175/908/922 2006/906/920
f 2006/906/920 317/909/923 1173/904/918
f 1175/908/922 1176/910/924 317/909/923
f 322/911/925 2007/912/926 1175/908/922
f 1177/913/927 1178/914/928 2007/912/926
f 2007/912/926 315/915/929 1176/910/924
f 258/916/930 2008/917/931 1179/918/932
f 1180/41/40 1181/919/933 2008/917/931
f 2008/917/931 313/920/934 1182/921/935
f 1179/918/932 1182/921/935 260/922/936
f 260/922/936 2009/923/937 1183/924/938
f 1182/921/935 1184/925/939 2009/923/937
f 2009/923/937 314/926/940 1185/927/941
f 1183/924/938 1185/927/941 259/928/942
f 259/928/942 2010/929/943 1186/930/944
f 1185/927/941 1187/931/945 2010/929/943
f 2010/929/943 312/932/946 1188/933/947
f 1186/930/944 1188/933/947 257/934/948
f 1190/935/949 1189/936/950 324/255/951
f 316/898/39 2011/937/952 1190/935/949
f 1169/897/912 1191/938/953 2011/937/952
f 2011/937/952 326/939/954 1189/936/950
f 1191/938/953 1192/940/955 326/939/954
f 318/903/917 2012/941/956 1191/938/953
f 1173/904/918 1193/942/957 2012/941/956
f 2012/941/956 325/943/958 1192/940/955
f 1193/942/957 1194/944/959 325/943/958
f 317/909/923 2013/945/960 1193/942/957
f 1176/910/924 1195/946/961 2013/945/960
f 2013/945/960 323/947/962 1194/944/959
f 311/948/963 2014/949/964 1181/919/933
f 1196/950/965 1197/951/966 2014/949/964
f 2014/949/964 309/952/967 1198/953/968
f 1181/919/933 1198/953/968 313/920/934
f 313/920/934 2015/954/969 1184/925/939
f 1198/953/968 1199/955/970 2015/954/969
f 2015/954/969 310/956/971 1200/957/972
f 1184/925/939 1200/957/972 314/926/940
f 314/926/940 2016/958/973 1187/931/945
f 1200/957/972 1201/959/974 2016/958/973
f 2016/958/973 308/960/975 1202/961/976
f 1187/931/945 1202/961/976 312/932/946
f 328/962/977 2017/963/978 1203/964/979
f 324/255/951 2017/963/978 1204/254/980
f 1189/936/950 1205/965/981 2017/963/978
f 1203/964/979 1205/965/981 330/966/982
f 330/966/982 2018/967/983 1206/968/984
f 326/939/954 2018/967/983 1205/965/981
f 1192/940/955 1207/969/985 2018/967/983
f 1206/968/984 1207/969/985 329/970/986
f 329/970/986 2019/971/987 1208/972/988
f 325/943/958 2019/971/987 1207/969/985
f 1194/944/959 1209/973/989 2019/971/987
f 1208/972/988 1209/973/989 327/974/990
f 307/975/991 2020/976/992 1197/951/966
f 303/977/993 2020/976/992 1210/978/994
f 1211/979/995 1212/980/996 2020/976/992
f 1197/951/966 1212/980/996 309/952/967
f 309/952/967 2021/981/997 1199/955/970
f 305/982/998 2021/981/997 1212/980/996
f 1213/983/999 1214/984/1000 2021/981/997
f 1199/955/970 1214/984/1000 310/956/971
f 310/956/971 2022/985/1001 1201/959/974
f 306/986/1002 2022/985/1001 1214/984/1000
f 1215/987/1003 1216/988/1004 2022/985/1001
f 1201/959/974 1216/988/1004 308/960/975
f 332/989/1005 2023/990/1006 1217/991/1007
f 1218/992/1008 1203/964/979 2023/990/1006
f 2023/990/1006 330/966/982 1219/993/1009
f 1217/991/1007 1219/993/1009 334/994/1010
f 334/994/1010 2024/995/1011 1220/996/1012
f 1219/993/1009 1206/968/984 2024/995/1011
f 2024/995/1011 329/970/986 1221/997/1013
f 1220/996/1012 1221/997/1013 333/998/1014
f 333/998/1014 2025/999/1015 1222/1000/1016
f 1221/997/1013 1208/972/988 2025/999/1015
f 2025/999/1015 327/974/990 1223/1001/1017
f 1222/1000/1016 1223/1001/1017 331/1002/1018
f 1118/1003/808 543/730/767 1100/1004/769
f 1118/1003/808 547/1005/773 598/513/807
f 363/1006/1019 1267/1007/1020 1274/1008/1021
f 596/780/813 1114/1009/799 545/756/795
f 336/1010/1022 2026/1011/1023 1224/1012/1024
f 1225/1013/1025 1026/537/611 2026/1011/1023
f 2026/1011/1023 349/542/615 1226/1014/1026
f 2026/1011/1023 338/1015/1027 1224/1012/1024
f 1226/1016/1026 1227/1017/1028 338/1018/1027
f 349/1019/615 2027/1020/1029 1226/1016/1026
f 1023/1021/605 1228/1022/1030 2027/1020/1029
f 2027/1020/1029 337/1023/1031 1227/1017/1028
f 1228/1024/1030 1229/1025/1032 337/1026/1031
f 345/1027/603 2028/1028/1033 1228/1024/1030
f 1021/1029/598 1230/1030/1034 2028/1028/1033
f 2028/1028/1033 335/1031/1035 1229/1025/1032
f 1231/1032/1036 1003/1033/555 288/470/552
f 283/1034/1037 2029/1035/1038 1231/1032/1036
f 2029/1035/1038 285/1036/1039 1233/1037/1040
f 2029/1035/1038 293/1038/560 1003/1033/555
f 293/1039/560 2030/1040/1041 1005/1041/559
f 1233/1042/1040 1234/1043/1042 2030/1040/1041
f 2030/1040/1041 286/1044/1043 1235/1045/1044
f 1005/1041/559 1235/1045/1044 297/479/561
f 297/479/561 2031/1046/1045 1008/1047/573
f 1235/1048/1044 1236/1049/1046 2031/1046/1045
f 2031/1046/1045 284/1050/1047 1237/1051/1048
f 1008/1047/573 1237/1051/1048 289/484/1049
f 1239/1052/1050 1238/1053/1051 352/1054/1052
f 336/1055/1022 2032/1056/1053 1239/1052/1050
f 1224/1057/1024 1240/1058/1054 2032/1056/1053
f 2032/1056/1053 354/1059/1055 1238/1053/1051
f 1240/1058/1054 1241/1060/1056 354/1059/1055
f 338/1018/1027 2033/1061/1057 1240/1058/1054
f 1227/1017/1028 1242/1062/1058 2033/1061/1057
f 2033/1061/1057 353/1063/1059 1241/1060/1056
f 1242/1062/1058 1243/1064/1060 353/1063/1059
f 337/1023/1031 2034/1065/1061 1242/1062/1058
f 1229/1066/1032 1244/1067/1062 2034/1065/1061
f 2034/1065/1061 351/1068/1063 1243/1064/1060
f 283/1069/1037 2035/1070/1064 1232/1071/1065
f 1245/1072/1066 1246/1073/1067 2035/1070/1064
f 2035/1070/1064 281/1074/1068 1247/1075/1069
f 1232/1071/1065 1247/1075/1069 285/1076/1039
f 285/1076/1039 2036/1077/1070 1234/1043/1042
f 1247/1075/1069 1248/1078/1071 2036/1077/1070
f 2036/1077/1070 282/1079/1072 1249/1080/1073
f 1234/1043/1042 1249/1080/1073 286/1044/1043
f 286/1044/1043 2037/1081/1074 1236/1082/1046
f 1249/1080/1073 1250/1083/1075 2037/1081/1074
f 2037/1081/1074 280/1084/1076 1251/1085/1077
f 1236/1082/1046 1251/1085/1077 284/1086/1047
f 1253/1087/1078 1252/1088/1079 356/1089/1080
f 352/1054/1052 2038/1090/1081 1253/1087/1078
f 1238/1053/1051 1254/1091/1082 2038/1090/1081
f 2038/1090/1081 358/1092/1083 1252/1088/1079
f 1254/1091/1082 1255/1093/1084 358/1092/1083
f 354/1059/1055 2039/1094/1085 1254/1091/1082
f 1241/1060/1056 1256/1095/1086 2039/1094/1085
f 2039/1094/1085 357/1096/1087 1255/1093/1084
f 1256/1095/1086 1257/1097/1088 357/1096/1087
f 353/1063/1059 2040/1098/1089 1256/1095/1086
f 1243/1064/1060 1258/1099/1090 2040/1098/1089
f 2040/1098/1089 355/1100/1091 1257/1097/1088
f 279/1101/1092 2041/1102/1093 1246/1073/1067
f 1259/1103/1094 1260/1104/1095 2041/1102/1093
f 2041/1102/1093 277/1105/1096 1261/1106/1097
f 1246/1073/1067 1261/1106/1097 281/1074/1068
f 281/1074/1068 2042/1107/1098 1248/1078/1071
f 1261/1106/1097 1262/1108/1099 2042/1107/1098
f 2042/1107/1098 278/1109/1100 1263/1110/1101
f 1248/1078/1071 1263/1110/1101 282/1079/1072
f 282/1079/1072 2043/1111/1102 1250/1083/1075
f 1263/1110/1101 1264/1112/1103 2043/1111/1102
f 2043/1111/1102 276/1113/1104 1265/1114/1105
f 1250/1083/1075 1265/1114/1105 280/1084/1076
f 359/1115/1106 2044/1116/1107 1266/1117/1108
f 356/1089/1080 2044/1116/1107 1267/1118/1020
f 1252/1088/1079 1268/1119/1109 2044/1116/1107
f 2044/1116/1107 360/1120/1110 1266/1117/1108
f 616/1121/1111 1609/1122/1112 1138/1123/851
f 358/1092/1083 2045/1124/1113 1268/1119/1109
f 1255/1093/1084 1269/1125/1114 2045/1124/1113
f 2181/1126/1115 1608/1127/1116 2187/1128/1117
f 357/1096/1087 2046/1129/1118 1269/1125/1114
f 276/1113/1104 1264/1112/1103 2049/1130/1119
f 275/1131/1120 2047/1132/1121 1260/1104/1095
f 273/1133/1122 2047/1132/1121 1270/1134/1123
f 2047/1132/1121 274/1135/1124 1272/1136/1125
f 1260/1104/1095 1272/1136/1125 277/1105/1096
f 277/1105/1096 2048/1137/1126 1262/1108/1099
f 2045/1124/1113 1269/1125/1114 1276/1138/1127
f 1262/1108/1099 1273/1139/1128 278/1109/1100
f 278/1109/1100 2049/1130/1119 1264/1112/1103
f 2184/1140/1129 1612/1141/1130 1603/1142/1131
f 1611/1143/1132 2189/1144/1133 2184/1140/1129
f 359/1145/1106 2050/1146/1134 1274/1147/1021
f 1266/1148/1108 1275/1149/1135 2050/1146/1134
f 2050/1146/1134 370/831/655 1044/1150/648
f 365/1151/625 2051/1152/1136 1030/554/620
f 1030/554/620 1277/1153/1137 361/552/618
f 273/1133/1122 2052/1154/1138 1271/1155/1139
f 2052/1154/1138 268/435/527 1279/1156/1140
f 1271/1155/1139 1279/1156/1140 274/1157/1124
f 264/419/512 2053/1158/1141 1280/1159/1142
f 979/1160/508 1281/1161/1143 2053/1158/1141
f 413/76/71 962/1162/466 245/77/72
f 1038/1163/635 263/443/533 991/1164/535
f 937/78/349 135/127/341 133/1165/1144
f 1048/612/666 248/646/464 962/1162/466
f 1291/1166/1145 257/1167/948 194/1168/1146
f 1378/308/1147 428/1169/1148 1466/1170/1149
f 2057/1171/1150 259/1172/942 196/1173/1151
f 1174/907/921 1284/1174/1152 2054/1175/1153
f 2054/1175/1153 192/1176/1154 1283/1177/1155
f 1284/1174/1152 1285/1178/1156 192/1176/1154
f 321/1179/919 2055/1180/1157 1284/1174/1152
f 1171/1181/915 1286/1182/1158 2055/1180/1157
f 2055/1180/1157 190/1183/1159 1285/1178/1156
f 193/1184/1160 2056/1185/1161 1287/1186/1162
f 1288/1187/1163 1179/1188/932 2056/1185/1161
f 2056/1185/1161 260/1189/936 1289/1190/1164
f 1287/1186/1162 1289/1190/1164 195/1191/1165
f 195/1191/1165 2057/1171/1150 1290/1192/1166
f 1289/1190/1164 1183/1193/938 2057/1171/1150
f 2193/1194/1167 1621/1195/1168 687/1196/1169
f 1504/1197/1170 684/1198/1171 577/1199/1172
f 1619/1200/1173 575/1201/1174 682/1202/1175
f 1292/23/1176 1211/979/995 303/977/993
f 299/1203/1177 2058/1204/1178 1292/23/1176
f 1293/1205/1179 1294/1206/1180 2058/1204/1178
f 2058/1204/1178 305/982/998 1211/979/995
f 1294/1206/1180 1213/983/999 305/982/998
f 301/1207/1181 2059/1208/1182 1294/1206/1180
f 1295/660/703 1296/1209/1183 2059/1208/1182
f 2059/1208/1182 306/986/1002 1213/983/999
f 1296/1209/1183 1215/987/1003 306/986/1002
f 302/659/659 2060/1210/1184 1296/1209/1183
f 1297/1211/1185 1298/1212/1186 2060/1210/1184
f 2060/1210/1184 304/1213/1187 1215/987/1003
f 1299/1214/1188 1014/1215/584 339/507/581
f 332/989/1189 2061/1216/1190 1299/1214/1188
f 1217/1217/1191 1300/1218/1192 2061/1216/1190
f 2061/1216/1190 342/1219/589 1014/1215/584
f 1553/1220/1193 589/1221/1194 1633/1222/1195
f 339/507/581 997/1004/548 287/462/544
f 1632/1223/1196 2198/1224/1197 604/1225/835
f 2062/1226/1198 331/1002/1018 1301/1227/1199
f 299/1203/1200 2063/1228/1201 1293/1229/1202
f 1302/1230/1203 996/464/546 2063/1228/1201
f 2063/1228/1201 291/469/551 1303/1231/1204
f 1293/1229/1202 1303/1231/1204 301/1207/1205
f 1017/514/588 1300/1232/1192 1220/996/1012
f 1104/1233/774 557/1234/1206 550/1235/776
f 333/1236/1014 1222/1000/1016 2062/1226/1198
f 2064/606/660 300/1237/1207 1297/1238/1185
f 1306/1239/1208 1305/1240/1209 210/1241/1210
f 205/1242/1211 2065/1243/1212 1306/1239/1208
f 1307/1244/1213 1308/1245/1214 2065/1243/1212
f 2065/1243/1212 212/1246/1215 1305/1240/1209
f 1308/1245/1214 1309/1247/1216 212/1246/1215
f 207/1248/459 2066/1249/1217 1308/1245/1214
f 1310/1250/1218 1311/1251/1219 2066/1249/1217
f 2066/1249/1217 211/1252/1220 1309/1247/1216
f 1311/1251/1219 1312/1253/1221 211/1252/1220
f 208/1254/1222 2067/1255/1223 1311/1251/1219
f 1313/1256/1224 1314/4/4 2067/1255/1223
f 2067/1255/1223 209/1257/1225 1312/1253/1221
f 1316/1258/1226 1315/1259/1227 214/1260/1228
f 210/1241/1210 2068/1261/1229 1316/1258/1226
f 1305/1240/1209 1317/1262/1230 2068/1261/1229
f 2068/1261/1229 216/1263/1231 1315/1259/1227
f 1317/1262/1230 1318/1264/1232 216/1263/1231
f 212/1246/1215 2069/1265/1233 1317/1262/1230
f 1309/1247/1216 1319/1266/1234 2069/1265/1233
f 2069/1265/1233 215/1267/1235 1318/1264/1232
f 1319/1266/1234 1320/1268/1236 215/1267/1235
f 211/1252/1220 2070/1269/1237 1319/1266/1234
f 1312/1253/1221 1321/9/9 2070/1269/1237
f 2070/1269/1237 213/1270/1238 1320/1268/1236
f 218/1271/1239 2071/1272/1240 1322/1273/1241
f 214/1260/1228 2071/1272/1240 1323/1274/1242
f 1315/1259/1227 1324/1275/1243 2071/1272/1240
f 1322/1273/1241 1324/1275/1243 220/1276/1244
f 220/1276/1244 2072/1277/1245 1325/1278/1246
f 216/1263/1231 2072/1277/1245 1324/1275/1243
f 1318/1264/1232 1326/1279/1247 2072/1277/1245
f 1325/1278/1246 1326/1279/1247 219/1280/1248
f 219/1280/1248 2073/1281/1249 1327/1282/1250
f 215/1267/1235 2073/1281/1249 1326/1279/1247
f 1320/1268/1236 1328/1283/1251 2073/1281/1249
f 1327/1282/1250 1328/1283/1251 217/18/1252
f 222/32/30 2074/1284/1253 1329/1285/1254
f 1330/1286/1255 1322/1273/1241 2074/1284/1253
f 2074/1284/1253 220/1276/1244 1331/1287/1256
f 1329/1285/1254 1331/1287/1256 224/264/259
f 224/264/259 2075/1288/1257 1332/273/272
f 1331/1287/1256 1325/1278/1246 2075/1288/1257
f 2075/1288/1257 219/1280/1248 1333/1289/1258
f 1332/273/272 1333/1289/1258 223/13/1259
f 223/13/1259 2076/1290/1260 1334/1291/1261
f 1333/1289/1258 1327/1282/1250 2076/1290/1260
f 2076/1290/1260 217/18/1252 1335/21/1262
f 1334/1291/1261 1335/21/1262 221/1292/1263
f 230/1293/1264 2077/1294/1265 1336/1295/1266
f 1337/1296/1267 1338/33/31 2077/1294/1265
f 2077/1294/1265 227/266/261 1339/1297/1268
f 1336/1295/1266 1339/1297/1268 232/1298/1269
f 232/1298/1269 2078/1299/1270 1340/1300/1271
f 1339/1297/1268 1341/265/260 2078/1299/1270
f 2078/1299/1270 228/257/1272 1342/1301/1273
f 1340/1300/1271 1342/1301/1273 231/1302/1274
f 231/1302/1274 2079/1303/1275 1343/1304/1276
f 1342/1301/1273 1344/256/1277 2079/1303/1275
f 2079/1303/1275 226/1305/1278 1345/1306/1279
f 1343/1304/1276 1345/1306/1279 229/1307/1280
f 234/1308/1281 2080/1309/1282 1346/1310/1283
f 1347/1311/1284 1336/1295/1266 2080/1309/1282
f 2080/1309/1282 232/1298/1269 1348/1312/1285
f 1346/1310/1283 1348/1312/1285 236/1313/1286
f 236/1313/1286 2081/1314/1287 1349/1315/1288
f 1348/1312/1285 1340/1300/1271 2081/1314/1287
f 2081/1314/1287 231/1302/1274 1350/1316/1289
f 1349/1315/1288 1350/1316/1289 235/1317/1290
f 235/1317/1290 2082/1318/1291 1351/1319/1292
f 1350/1316/1289 1343/1304/1276 2082/1318/1291
f 2082/1318/1291 229/1307/1280 1352/1320/1293
f 1351/1319/1292 1352/1320/1293 233/39/1294
f 1354/1321/1295 1353/1322/1296 238/1323/1297
f 234/1308/1281 2083/1324/1298 1354/1321/1295
f 1346/1310/1283 1355/1325/1299 2083/1324/1298
f 2083/1324/1298 240/1326/1300 1353/1322/1296
f 1355/1325/1299 1356/1327/1301 240/1326/1300
f 236/1313/1286 2084/1328/1302 1355/1325/1299
f 1349/1315/1288 1357/1329/1303 2084/1328/1302
f 2084/1328/1302 239/1330/1304 1356/1327/1301
f 1357/1329/1303 1358/1331/1305 239/1330/1304
f 235/1317/1290 2085/1332/1306 1357/1329/1303
f 1351/1319/1292 1359/37/1307 2085/1332/1306
f 2085/1332/1306 237/1333/1308 1358/1331/1305
f 1361/1334/1309 1360/1335/1310 242/1336/1311
f 238/1323/1297 2086/1337/1312 1361/1334/1309
f 1353/1322/1296 1362/1338/1313 2086/1337/1312
f 2086/1337/1312 244/1339/1314 1360/1335/1310
f 1362/1338/1313 1363/1340/1315 244/1339/1314
f 240/1326/1300 2087/1341/1316 1362/1338/1313
f 1356/1327/1301 1364/1342/1317 2087/1341/1316
f 2087/1341/1316 243/1343/1318 1363/1340/1315
f 1364/1342/1317 1365/1344/1319 243/1343/1318
f 239/1330/1304 2088/1345/1320 1364/1342/1317
f 1358/1331/1305 1366/1346/1321 2088/1345/1320
f 2088/1345/1320 241/1347/1322 1365/1344/1319
f 1367/1348/1323 975/1349/489 247/388/491
f 242/1350/1311 2089/1351/1324 1367/1348/1323
f 1360/1352/1310 1368/1353/1325 2089/1351/1324
f 2089/1351/1324 254/1354/492 975/1349/489
f 244/1339/1314 2090/613/667 1368/1355/1325
f 1363/1340/1315 1369/614/668 2090/613/667
f 249/397/470 2091/1356/1326 961/1357/469
f 1369/614/668 1365/1358/1319 2091/1356/1326
f 2091/1356/1326 241/1347/1322 1370/15/15
f 1372/1359/1327 1371/1360/1328 197/1361/1329
f 206/7/7 2092/1362/1330 1372/1359/1327
f 1313/1256/1224 1373/1363/1331 2092/1362/1330
f 2092/1362/1330 199/1364/1332 1371/1360/1328
f 1373/1363/1331 1374/1365/1333 199/1364/1332
f 208/1366/1222 2093/355/458 1373/1363/1331
f 2229/1367/1334 1705/1365/1335 691/578/642
f 450/1368/1336 2133/1369/1337 1479/1370/1338
f 689/1371/1339 1646/1372/1340 1704/576/640
f 1444/1373/1341 237/1333/1308 406/1374/1342
f 1549/1375/1343 583/1376/1344 1542/254/249
f 1329/1285/1254 227/266/261 1338/33/31
f 434/1377/1345 1465/263/258 426/1378/1346
f 433/1379/1347 1466/1170/1149 427/262/257
f 1379/1380/1348 1031/1381/622 361/552/618
f 1379/1380/1348 974/387/490 2094/1382/1349
f 974/387/490 1380/1383/1350 2094/1382/1349
f 1031/1381/622 1380/1383/1350 364/1384/621
f 364/1385/621 2095/1386/1351 1034/1387/626
f 255/392/495 2095/1386/1351 1380/1388/1350
f 971/1389/485 1381/1390/1352 2095/1386/1351
f 1034/1387/626 1381/1390/1352 368/1391/627
f 368/1392/627 2096/1393/1353 1037/840/634
f 251/380/483 2096/1393/1353 1381/1394/1352
f 969/1395/480 1382/1396/1354 2096/1393/1353
f 1037/840/634 1382/1396/1354 362/566/632
f 374/1397/1355 2097/1398/1356 1383/1399/1357
f 1384/1400/1358 1385/1401/1359 2097/1398/1356
f 2097/1398/1356 379/1402/1360 1386/1403/1361
f 1383/1399/1357 1386/1403/1361 376/1404/1362
f 376/1405/1362 2098/1406/1363 1387/1407/1364
f 1386/1408/1361 1388/1409/1365 2098/1406/1363
f 2098/1406/1363 380/1410/1366 1389/1411/1367
f 1387/1407/1364 1389/1411/1367 375/1412/1368
f 375/1413/1368 2099/1414/1369 1390/1415/1370
f 1389/1416/1367 1391/1417/1371 2099/1414/1369
f 2099/1414/1369 378/10/10 1392/6/6
f 1390/1415/1370 1392/6/6 373/5/5
f 377/1418/1372 2100/1419/1373 1385/1401/1359
f 1393/1420/1374 1394/1421/1375 2100/1419/1373
f 2100/1419/1373 383/1422/1376 1395/1423/1377
f 1385/1401/1359 1395/1423/1377 379/1402/1360
f 379/1424/1360 2101/1425/1378 1388/1409/1365
f 1395/1426/1377 1396/1427/1379 2101/1425/1378
f 2101/1425/1378 384/1428/1380 1397/1429/1381
f 1388/1409/1365 1397/1429/1381 380/1410/1366
f 380/1430/1366 2102/1431/1382 1391/1417/1371
f 1397/1432/1381 1398/1433/1383 2102/1431/1382
f 2102/1431/1382 382/1434/1384 1399/11/11
f 1391/1417/1371 1399/11/11 378/10/10
f 381/1435/1385 2103/1436/1386 1394/1421/1375
f 385/1437/1387 2103/1436/1386 1400/1438/1388
f 1401/1439/1389 1402/1440/1390 2103/1436/1386
f 1394/1421/1375 1402/1440/1390 383/1422/1376
f 383/1441/1376 2104/1442/1391 1396/1427/1379
f 387/1443/1392 2104/1442/1391 1402/1444/1390
f 1403/1445/1393 1404/1446/1394 2104/1442/1391
f 1396/1427/1379 1404/1446/1394 384/1428/1380
f 384/1447/1380 2105/1448/1395 1398/1433/1383
f 388/1449/1396 2105/1448/1395 1404/1450/1394
f 1405/1451/1397 1406/1452/1398 2105/1448/1395
f 1398/1433/1383 1406/1452/1398 382/1434/1384
f 1407/1453/1399 1401/1439/1389 385/1437/1387
f 389/259/254 2106/1454/1400 1407/1453/1399
f 1408/1455/33 1409/1456/1401 2106/1454/1400
f 2106/1454/1400 387/1457/1392 1401/1439/1389
f 1409/1458/1401 1403/1445/1393 387/1443/1392
f 391/271/35 2107/1459/1402 1409/1458/1401
f 1410/1460/1403 1411/1461/1404 2107/1459/1402
f 2107/1459/1402 388/1462/1396 1403/1445/1393
f 1411/1463/1404 1405/1451/1397 388/1449/1396
f 392/48/1405 2108/1464/1406 1411/1463/1404
f 1412/1465/1407 1413/1466/1408 2108/1464/1406
f 2108/1464/1406 386/20/1409 1405/1451/1397
f 1415/1467/1410 1414/1468/255 394/1469/1411
f 397/1470/1412 2109/1471/1413 1415/1467/1410
f 1416/1472/1414 1417/1473/1415 2109/1471/1413
f 2109/1471/1413 396/35/34 1414/1468/255
f 1417/1474/1415 1418/1475/268 396/272/34
f 399/1476/1416 2110/1477/1417 1417/1474/1415
f 1419/1478/1418 1420/1479/1419 2110/1477/1417
f 2110/1477/1417 395/46/1420 1418/1475/268
f 1420/1480/1419 1421/1481/1421 395/1482/1420
f 400/1483/1422 2111/1484/1423 1420/1480/1419
f 1422/1485/1424 1423/1486/1425 2111/1484/1423
f 2111/1484/1423 393/1487/1426 1421/1481/1421
f 1424/1488/1427 1416/1472/1414 397/1470/1412
f 401/1489/1428 2112/1490/1429 1424/1488/1427
f 1425/1491/1430 1426/1492/1431 2112/1490/1429
f 2112/1490/1429 399/1493/1416 1416/1472/1414
f 1426/1494/1431 1419/1478/1418 399/1476/1416
f 403/1495/1432 2113/1496/1433 1426/1494/1431
f 1427/1497/1434 1428/1498/1435 2113/1496/1433
f 2113/1496/1433 400/1499/1422 1419/1478/1418
f 1428/1500/1435 1422/1485/1424 400/1483/1422
f 404/1501/1436 2114/1502/1437 1428/1500/1435
f 1429/1503/1438 1430/1504/1439 2114/1502/1437
f 2114/1502/1437 398/1505/1440 1422/1485/1424
f 401/1489/1428 2115/1506/1441 1425/1491/1430
f 1431/1507/1442 1432/1508/1443 2115/1506/1441
f 2115/1506/1441 407/1509/1444 1433/1510/1445
f 1425/1491/1430 1433/1510/1445 403/1511/1432
f 403/1495/1432 2116/1512/1446 1427/1497/1434
f 1433/1513/1445 1434/1514/1447 2116/1512/1446
f 2116/1512/1446 408/1515/1448 1435/1516/1449
f 1427/1497/1434 1435/1516/1449 404/1501/1436
f 404/1501/1436 2117/1517/1450 1429/1503/1438
f 1435/1516/1449 1436/1518/1451 2117/1517/1450
f 2117/1517/1450 406/1374/1342 1437/1519/1452
f 1429/1503/1438 1437/1519/1452 402/38/1453
f 405/1520/1454 2118/1521/1455 1432/1508/1443
f 1438/1522/1456 1439/1523/1457 2118/1521/1455
f 2118/1521/1455 411/1524/1458 1440/1525/1459
f 1432/1508/1443 1440/1525/1459 407/1509/1444
f 407/1526/1444 2119/1527/1460 1434/1514/1447
f 1440/1528/1459 1441/1529/1461 2119/1527/1460
f 2119/1527/1460 412/1530/1462 1442/1531/1463
f 1434/1514/1447 1442/1531/1463 408/1515/1448
f 408/1532/1448 2120/1533/1464 1436/1518/1451
f 1442/1534/1463 1443/1535/1465 2120/1533/1464
f 2120/1533/1464 410/1536/16 1444/1537/1341
f 1436/1518/1451 1444/1537/1341 406/1374/1342
f 409/1538/1466 2121/1539/1467 1439/1523/1457
f 1445/1540/1468 1054/622/675 2121/1539/1467
f 2121/1539/1467 420/628/496 1446/1541/1469
f 1439/1523/1457 1446/1541/1469 411/1524/1458
f 411/1542/1458 2122/395/498 1441/1529/1461
f 1441/1529/1461 1447/1543/1470 412/1530/1462
f 1447/1543/1470 1443/1544/1465 412/1530/1462
f 416/888/909 2123/1545/1471 1447/1543/1470
f 2123/1545/1471 410/16/16 1443/1544/1465
f 1307/1546/1213 198/1547/1472 1375/576/1473
f 1787/1548/1474 696/1549/1475 1786/1550/1476
f 1786/1551/1476 696/1552/1475 2262/1553/1477
f 2124/1554/1478 375/1412/1368 1452/1555/1479
f 1451/1556/1480 1452/1555/1479 204/1557/1481
f 204/1557/1481 2125/1558/1482 1453/1559/1483
f 1452/1555/1479 1390/1560/1370 2125/1558/1482
f 2125/1558/1482 373/1561/5 1454/1562/8
f 1453/1559/1483 1454/1562/8 202/1563/1484
f 45/127/123 824/78/75 43/1165/1485
f 1570/1564/1486 596/780/813 545/756/795
f 478/1292/1487 650/1565/1488 645/22/1489
f 1455/1566/1490 1055/1567/674 414/623/676
f 1455/1566/1490 978/414/507 2126/1568/1491
f 978/414/507 1456/1569/1492 2126/1568/1491
f 1055/1567/674 1456/1569/1492 419/1570/677
f 419/885/677 2127/1571/1493 1057/1572/681
f 265/1573/511 2127/1571/1493 1456/1574/1492
f 994/1575/541 1457/1576/1494 2127/1571/1493
f 1057/1572/681 1457/1576/1494 423/1577/682
f 423/1577/682 2128/1578/1495 1060/1579/688
f 270/450/539 2128/1578/1495 1457/1580/1494
f 992/1581/536 1458/1582/1496 2128/1578/1495
f 1060/1579/688 1458/1582/1496 415/635/686
f 1142/1583/858 519/427/520 1095/1584/519
f 1061/1585/689 246/374/477 968/1586/479
f 1159/869/891 510/684/726 1078/1587/723
f 518/704/744 1147/839/869 1090/707/747
f 704/1588/1497 1792/1589/1498 1711/1590/1499
f 1142/1583/858 527/436/761 623/1591/857
f 1196/950/965 316/40/39 1190/1592/949
f 1412/1465/1500 393/1487/1488 390/22/1489
f 1469/1593/1501 435/1594/1502 429/1595/1503
f 438/1596/1504 1467/1597/1505 1462/1598/1506
f 1464/1599/1507 1463/1600/1508 425/1601/1509
f 439/1602/1510 2129/1603/1511 1464/1599/1507
f 2266/1604/1512 1798/1605/1513 699/1378/1514
f 1407/1606/1399 385/1607/1387 1298/1212/1186
f 428/1169/1148 1462/1598/1506 1467/1597/1505
f 1123/782/815 552/1608/798 1114/1009/799
f 1468/269/267 437/285/295 431/284/294
f 1063/1609/1515 252/368/471 965/370/473
f 455/1610/1516 2130/1611/1517 1470/1612/1518
f 1471/1613/1519 1472/1614/1520 2130/1611/1517
f 2130/1611/1517 453/1615/1521 1473/1616/1522
f 1470/1612/1518 1473/1616/1522 457/1617/1523
f 457/1617/1523 2131/1618/1524 1474/1619/1525
f 1473/1616/1522 1475/1620/1526 2131/1618/1524
f 2131/1618/1524 452/1621/1527 1476/1622/1528
f 1474/1619/1525 1476/1622/1528 456/1623/1529
f 456/1623/1529 2132/1624/1530 1477/1625/1531
f 1476/1622/1528 1478/1626/1532 2132/1624/1530
f 1478/1626/1532 1479/1370/1338 2132/1624/1530
f 2132/1624/1530 454/1627/1533 1477/1625/1531
f 1186/930/944 196/1173/1151 259/1172/942
f 2133/1369/1337 445/1628/1534 1482/1629/1535
f 1480/1630/1536 1482/1629/1535 460/1631/1537
f 1482/1629/1535 1483/1632/1538 460/1631/1537
f 445/1628/1534 2134/1633/1539 1482/1629/1535
f 1484/1634/1540 1485/1635/1541 2134/1633/1539
f 2134/1633/1539 459/1636/1542 1483/1632/1538
f 1485/1635/1541 1486/1637/1543 459/1636/1542
f 444/1638/1544 2135/1639/1545 1485/1635/1541
f 1487/1640/1546 1488/1641/1547 2135/1639/1545
f 2135/1639/1545 458/1642/1548 1486/1637/1543
f 1490/1643/1549 1489/1644/1550 446/1645/1551
f 455/1610/1516 2136/1646/1552 1490/1643/1549
f 1470/1612/1518 1491/1647/1553 2136/1646/1552
f 2136/1646/1552 448/1648/1554 1489/1644/1550
f 1491/1647/1553 1492/1649/1555 448/1648/1554
f 1491/1647/1553 1474/1619/1525 2137/1650/1556
f 2137/1650/1556 456/1623/1529 1493/1651/1557
f 2137/1650/1556 449/1652/1558 1492/1649/1555
f 449/1652/1558 2138/1653/1559 1494/1654/1560
f 1493/1651/1557 1477/1625/1531 2138/1653/1559
f 2138/1653/1559 454/1627/1533 1495/343/430
f 1494/1654/1560 1495/343/430 447/342/429
f 718/1655/1561 2278/1656/1562 1823/1657/1563
f 1823/1657/1563 1820/1658/1564 727/1659/1565
f 1480/1630/1536 1497/1660/1566 2139/341/428
f 2139/341/428 441/1661/1567 1496/1662/1568
f 441/1661/1567 2140/1663/1569 1498/1664/1570
f 460/1631/1537 2140/1663/1569 1497/1660/1566
f 1483/1632/1538 1499/1665/1571 2140/1663/1569
f 1498/1664/1570 1499/1665/1571 442/1666/1572
f 442/1666/1572 2141/1667/1573 1500/1668/1574
f 1499/1665/1571 1486/1637/1543 2141/1667/1573
f 2141/1667/1573 458/1642/1548 1501/1669/1575
f 1500/1668/1574 1501/1669/1575 440/1670/1576
f 572/915/1577 2142/1671/1578 1502/1672/1579
f 1503/1673/1580 1504/1674/1170 2142/1671/1578
f 2142/1671/1578 577/1675/1172 1505/1676/1581
f 1502/1672/1579 1505/1676/1581 574/1677/1582
f 574/1677/1582 2143/1678/1583 1506/1679/1584
f 1505/1676/1581 1507/1680/1585 2143/1678/1583
f 2143/1678/1583 578/1681/1586 1508/1682/1587
f 1506/1679/1584 1508/1682/1587 573/1683/1588
f 573/1683/1588 2144/1684/1589 1509/1685/1590
f 1508/1682/1587 1510/1686/1591 2144/1684/1589
f 2144/1684/1589 576/1687/1592 1511/42/1593
f 1509/1685/1590 1511/42/1593 571/898/1594
f 1513/933/1595 1512/1688/1596 514/1689/1597
f 567/1690/1598 2145/1691/1599 1513/933/1595
f 1514/1692/1600 1515/1693/1601 2145/1691/1599
f 2145/1691/1599 516/1694/1602 1512/1688/1596
f 1515/1693/1601 1516/1695/1603 516/1694/1602
f 569/1696/1604 2146/1697/1605 1515/1693/1601
f 1517/1698/1606 1518/921/1607 2146/1697/1605
f 2146/1697/1605 515/1699/1608 1516/1695/1603
f 1518/921/1607 1519/1700/1609 515/1699/1608
f 570/920/1610 2147/1701/1611 1518/921/1607
f 1520/1702/1612 1521/1703/1613 2147/1701/1611
f 2147/1701/1611 513/1704/1614 1519/1700/1609
f 580/947/1615 2148/1705/1616 1522/1706/1617
f 1523/946/1618 1502/1672/1579 2148/1705/1616
f 2148/1705/1616 574/1677/1582 1524/942/1619
f 1522/1706/1617 1524/942/1619 582/1707/1620
f 582/1707/1620 2149/941/1621 1525/1708/1622
f 1524/942/1619 1506/1679/1584 2149/941/1621
f 2149/941/1621 573/1683/1588 1526/938/1623
f 1525/1708/1622 1526/938/1623 581/1709/1624
f 581/1709/1624 2150/1710/1625 1527/936/1626
f 1526/938/1623 1509/1685/1590 2150/1710/1625
f 2150/1710/1625 571/898/1594 1528/935/1627
f 1527/936/1626 1528/935/1627 579/255/250
f 1529/961/1628 1514/1692/1600 567/1690/1598
f 563/960/1629 2151/1711/1630 1529/961/1628
f 1530/1712/1631 1531/1713/1632 2151/1711/1630
f 2151/1711/1630 569/1696/1604 1514/1692/1600
f 1531/1713/1632 1517/1698/1606 569/1696/1604
f 565/1714/1633 2152/1715/1634 1531/1713/1632
f 1532/1716/1635 1533/953/1636 2152/1715/1634
f 2152/1715/1634 570/920/1610 1517/1698/1606
f 1533/953/1636 1520/1702/1612 570/920/1610
f 566/952/1637 2153/949/1638 1533/953/1636
f 1534/1717/1639 1535/1718/1640 2153/949/1638
f 2153/949/1638 568/1719/1641 1520/1702/1612
f 1537/973/1642 1536/1720/1643 584/1721/1644
f 1537/973/1642 1522/1706/1617 2154/971/1645
f 2154/971/1645 582/1707/1620 1538/1722/1646
f 2154/971/1645 586/1723/1647 1536/1720/1643
f 1538/1722/1646 1539/1724/1648 586/1723/1647
f 1538/1722/1646 1525/1708/1622 2155/1725/1649
f 2155/1725/1649 581/1709/1624 1540/965/1650
f 2155/1725/1649 585/1726/1651 1539/1724/1648
f 1540/965/1650 1541/1727/1652 585/1726/1651
f 1540/965/1650 1527/936/1626 2156/1728/1653
f 2156/1728/1653 579/255/250 1542/254/249
f 2156/1728/1653 583/1376/1344 1541/1727/1652
f 1543/1729/1654 1530/1712/1631 563/960/1629
f 1543/1729/1654 1544/1730/1655 2157/1731/1656
f 2157/1731/1656 561/1732/1657 1545/1733/1658
f 2157/1731/1656 565/1714/1633 1530/1712/1631
f 1545/1733/1658 1532/1716/1635 565/1714/1633
f 1545/1733/1658 1546/1734/1659 2158/1735/1660
f 2158/1735/1660 562/1736/1661 1547/1737/1662
f 2158/1735/1660 566/952/1637 1532/1716/1635
f 1547/1737/1662 1534/1717/1639 566/952/1637
f 1547/1737/1662 1548/979/1663 2159/1738/1664
f 2159/1738/1664 560/1739/1665 1549/1375/1343
f 2159/1738/1664 564/253/248 1534/1717/1639
f 1551/1740/1666 1550/1000/1667 588/1002/1668
f 584/1721/1644 2160/999/1669 1551/1740/1666
f 1536/1720/1643 1552/997/1670 2160/999/1669
f 2160/999/1669 590/998/1671 1550/1000/1667
f 1552/997/1670 1553/1220/1193 590/998/1671
f 586/1723/1647 2161/1741/1672 1552/997/1670
f 1539/1724/1648 1554/1742/1673 2161/1741/1672
f 2161/1741/1672 589/1221/1674 1553/1220/1193
f 1554/1742/1673 1555/1743/1675 589/1221/1674
f 585/1726/1651 2162/1744/1676 1554/1742/1673
f 1541/1727/1652 1556/1745/25 2162/1744/1676
f 2162/1744/1676 587/24/24 1555/1743/1675
f 1295/660/703 1303/1231/1204 1011/658/576
f 1598/1103/1677 611/1746/1678 1591/1747/1679
f 363/1006/1019 986/426/524 262/1748/1680
f 592/1749/1681 2163/1750/1682 1557/1751/1683
f 1558/1030/1684 1129/796/834 2163/1750/1682
f 2163/1750/1682 605/800/822 1559/1752/1685
f 1557/1751/1683 1559/1752/1685 594/1753/1686
f 594/1754/1686 2164/1755/1687 1560/1756/1688
f 1559/1757/1685 1126/1758/820 2164/1755/1687
f 2164/1755/1687 601/1759/821 1561/1760/1689
f 1560/1756/1688 1561/1760/1689 593/1761/1690
f 593/1762/1690 2165/1763/1691 1562/1764/1692
f 601/788/821 2165/1763/1691 1561/1765/1689
f 1124/1766/816 1563/1013/1693 2165/1763/1691
f 2165/1763/1691 591/1767/1694 1562/1764/1692
f 1564/1051/1695 1108/745/784 544/484/1696
f 539/1050/1697 2166/1768/1698 1564/1051/1695
f 1565/1769/1699 1566/1770/1700 2166/1768/1698
f 2166/1768/1698 549/1771/789 1108/745/784
f 1566/1772/1700 1110/1773/791 549/1774/789
f 541/1775/1701 2167/1776/1702 1566/1772/1700
f 1567/1777/1703 1568/1778/1704 2167/1776/1702
f 2167/1776/1702 553/1779/801 1110/1773/791
f 553/1779/801 2168/1780/1705 1113/758/797
f 542/1781/1706 2168/1780/1705 1568/1782/1704
f 2168/1780/1705 540/1069/1707 1570/1564/1486
f 1113/758/797 1570/1564/1486 545/756/795
f 608/1783/1708 2169/1784/1709 1571/1785/1710
f 1572/1067/1711 1557/1786/1683 2169/1784/1709
f 2169/1784/1709 594/1754/1686 1573/1787/1712
f 1571/1785/1710 1573/1787/1712 610/1063/1713
f 610/1063/1713 2170/1788/1714 1574/1789/1715
f 1573/1787/1712 1560/1756/1688 2170/1788/1714
f 2170/1788/1714 593/1761/1690 1575/1790/1716
f 1574/1789/1715 1575/1790/1716 609/1791/1717
f 609/1791/1717 2171/1792/1718 1576/1793/1719
f 1575/1790/1716 1562/1794/1692 2171/1792/1718
f 2171/1792/1718 591/1010/1694 1577/1795/1720
f 1576/1793/1719 1577/1795/1720 607/1796/1721
f 1578/1797/1722 1565/1798/1699 539/1086/1697
f 535/1799/1723 2172/1800/1724 1578/1797/1722
f 1579/1801/1725 1580/1802/1726 2172/1800/1724
f 2172/1800/1724 541/1775/1701 1565/1798/1699
f 1580/1802/1726 1567/1777/1703 541/1775/1701
f 537/1803/1727 2173/1804/1728 1580/1802/1726
f 1581/1805/1729 1582/1806/1730 2173/1804/1728
f 2173/1804/1728 542/1807/1706 1567/1777/1703
f 1582/1806/1730 1569/1808/1731 542/1807/1706
f 538/1809/1732 2174/1810/1733 1582/1806/1730
f 1583/1073/1734 1584/1072/1735 2174/1810/1733
f 2174/1810/1733 540/1069/1707 1569/1808/1731
f 612/1811/1736 2175/1812/1737 1585/1813/1738
f 1586/1099/1739 1571/1785/1710 2175/1812/1737
f 2175/1812/1737 610/1063/1713 1587/1814/1740
f 1585/1813/1738 1587/1814/1740 614/1815/1741
f 614/1815/1741 2176/1816/1742 1588/1093/1743
f 1587/1814/1740 1574/1789/1715 2176/1816/1742
f 2176/1816/1742 609/1791/1717 1589/1817/1744
f 1588/1093/1743 1589/1817/1744 613/1818/1745
f 613/1818/1745 2177/1819/1746 1590/1820/1747
f 1589/1817/1744 1576/1793/1719 2177/1819/1746
f 2177/1819/1746 607/1796/1721 1591/1821/1679
f 1590/1820/1747 1591/1821/1679 611/1822/1678
f 1592/1823/1748 1579/1801/1725 535/1799/1723
f 531/1824/1749 2178/1825/1750 1592/1823/1748
f 1593/1826/1751 1594/1827/1752 2178/1825/1750
f 2178/1825/1750 537/1803/1727 1579/1801/1725
f 1594/1827/1752 1581/1805/1729 537/1803/1727
f 533/1828/1753 2179/1829/1754 1594/1827/1752
f 1595/1830/1755 1596/1831/1756 2179/1829/1754
f 2179/1829/1754 538/1809/1732 1581/1805/1729
f 1596/1831/1756 1583/1073/1734 538/1809/1732
f 534/1832/1757 2180/1833/1758 1596/1831/1756
f 1597/1834/1759 1598/1103/1677 2180/1833/1758
f 2180/1833/1758 536/1101/1760 1583/1073/1734
f 1841/1835/1761 455/1610/1516 1490/1836/1549
f 2181/1126/1115 614/1815/1741 1599/1125/1762
f 1280/1159/1142 2049/1130/1119 1273/1139/1128
f 2185/1137/1763 1612/1837/1130 1098/1838/762
f 1599/1125/1762 1588/1093/1743 2182/1839/1764
f 2182/1839/1764 613/1818/1745 1600/1840/1765
f 1098/1838/762 1613/1841/1766 530/1842/1767
f 616/1121/1111 2183/1843/1768 1601/1844/1769
f 1600/1840/1765 1590/1820/1747 2183/1843/1768
f 2183/1843/1768 611/1822/1678 1602/1118/1770
f 2183/1843/1768 615/1845/1771 1601/1844/1769
f 612/1811/1736 1585/1813/1738 2181/1126/1115
f 1602/1007/1770 1606/1846/1772 519/427/520
f 2184/1140/1129 533/1828/1753 1593/1826/1751
f 1603/1142/1131 1595/1830/1755 533/1828/1753
f 982/1847/514 264/419/512 1280/1848/1142
f 2048/1137/1126 1272/1136/1125 274/1135/1124
f 2185/1137/1763 534/1832/1757 1595/1830/1755
f 1604/1136/1773 1597/1834/1759 534/1832/1757
f 530/1842/1767 2186/1849/1774 1604/1136/1773
f 2186/1849/1774 529/1850/1775 1606/1846/1772
f 2186/1849/1774 532/1131/1776 1597/1834/1759
f 1607/1851/1777 1135/1852/845 617/815/842
f 2187/1128/1117 620/1853/849 1135/1852/845
f 1027/539/613 288/470/552 1002/1009/554
f 624/1854/860 2188/1855/1778 1141/582/646
f 1609/1856/1112 1601/1857/1769 2188/1855/1778
f 2188/1855/1778 615/1145/1771 1610/583/647
f 1611/1143/1132 1082/695/732 2189/1144/1133
f 2189/1144/1133 521/698/737 1612/1141/1130
f 1613/1858/1766 1605/1859/1779 530/1860/1767
f 526/1861/763 2190/1862/1780 1613/1858/1766
f 2190/1862/1780 529/1863/1775 1605/1859/1779
f 1153/654/696 505/1864/702 672/856/878
f 367/574/638 991/1164/535 271/1865/529
f 1090/707/747 627/834/863 523/449/750
f 627/1866/863 1092/832/861 523/1867/750
f 986/426/524 371/588/652 267/1868/522
f 681/1869/1781 2191/1870/1782 1615/1178/1783
f 1616/1182/1784 1510/1871/1591 2191/1870/1782
f 2191/1870/1782 578/1872/1586 1617/1873/1785
f 1615/1178/1783 1617/1873/1785 683/1176/1786
f 683/1176/1786 2192/1874/1787 1618/1875/1788
f 1617/1873/1785 1507/1876/1585 2192/1874/1787
f 1512/1877/1596 687/1196/1169 1620/1878/1789
f 2045/1124/1113 1046/1879/654 360/1120/1110
f 320/1880/1790 1282/1881/1791 189/1882/1792
f 1177/1197/927 191/1883/1793 1282/1881/1791
f 2192/1874/1787 577/1199/1172 684/1198/1171
f 1516/1695/1603 1622/1884/1794 2193/1194/1167
f 2193/1194/1167 688/1191/1795 1621/1195/1168
f 1622/1884/1794 1623/1186/1796 688/1191/1795
f 515/1699/1608 2194/1185/1797 1622/1884/1794
f 1519/1885/1609 1624/1886/1798 2194/1185/1797
f 2194/1185/1797 686/1887/1799 1623/1186/1796
f 559/1213/1800 2195/1888/1801 1544/1730/1655
f 1625/1889/1802 1626/1211/1803 2195/1888/1801
f 2195/1888/1801 557/1234/1206 1627/1890/1804
f 1544/1730/1655 1627/1890/1804 561/1732/1657
f 561/1732/1657 2196/1891/1805 1546/1734/1659
f 1627/1890/1804 1628/660/1806 2196/1891/1805
f 2196/1891/1805 558/1207/1807 1629/1892/1808
f 1546/1734/1659 1629/1892/1808 562/1736/1661
f 562/1736/1661 2197/1893/1809 1548/979/1663
f 1629/1892/1808 1630/1894/1810 2197/1893/1809
f 2197/1893/1809 556/1895/1811 1631/23/23
f 1548/979/1663 1631/23/23 560/1739/1665
f 588/1002/1668 2198/1224/1197 1632/1223/1196
f 1635/1896/1812 544/484/1696 1107/744/788
f 1017/514/588 333/998/1014 346/1897/590
f 1104/1233/774 546/1898/775 1636/1899/1813
f 599/1900/811 2199/1901/1814 1117/1902/806
f 1633/1903/1195 1555/1743/1815 2199/1901/1814
f 2199/1901/1814 587/24/1816 1634/1904/1817
f 1117/1902/806 1634/1904/1817 595/772/804
f 555/1905/1818 2200/1906/1819 1626/1211/1803
f 1820/1658/1564 1804/1907/1820 727/1659/1565
f 590/998/1671 1132/1908/837 604/1909/835
f 1955/586/650 1043/589/653 1274/1147/1021
f 1636/1910/1813 1630/1894/1821 558/1207/1822
f 546/1911/775 2201/1912/1823 1636/1910/1813
f 1101/1913/770 1637/1914/1824 2201/1912/1823
f 2201/1912/1823 556/1895/1825 1630/1894/1821
f 466/1257/1826 2202/1255/1827 1638/1253/1828
f 1639/4/1829 1640/1256/1830 2202/1255/1827
f 2202/1255/1827 463/1254/1831 1641/1915/1832
f 1638/1253/1828 1641/1915/1832 468/1916/1833
f 468/1916/1833 2203/1917/1834 1642/1918/1835
f 1641/1915/1832 1643/1919/1836 2203/1917/1834
f 2203/1917/1834 464/1920/641 1644/1245/1837
f 1642/1918/1835 1644/1245/1837 467/1921/1838
f 467/1921/1838 2204/1243/1839 1645/1922/1840
f 1644/1245/1837 1646/1923/1340 2204/1243/1839
f 2204/1243/1839 462/1924/1841 1647/1925/1842
f 1645/1922/1840 1647/1925/1842 465/1926/1843
f 470/1927/1844 2205/1928/1845 1648/1929/1846
f 1649/1930/1847 1638/1253/1828 2205/1928/1845
f 2205/1928/1845 468/1916/1833 1650/1931/1848
f 1648/1929/1846 1650/1931/1848 472/1932/1849
f 472/1932/1849 2206/1933/1850 1651/1934/1851
f 1650/1931/1848 1642/1918/1835 2206/1933/1850
f 2206/1933/1850 467/1921/1838 1652/1935/1852
f 1651/1934/1851 1652/1935/1852 471/1263/1853
f 471/1263/1853 2207/1936/1854 1653/1937/1855
f 1652/1935/1852 1645/1922/1840 2207/1936/1854
f 2207/1936/1854 465/1926/1843 1654/1938/1856
f 1653/1937/1855 1654/1938/1856 469/1260/1857
f 1656/1283/1858 1655/1939/1859 474/18/18
f 1656/1283/1858 1648/1929/1846 2208/1940/1860
f 2208/1940/1860 472/1932/1849 1657/1941/1861
f 2208/1940/1860 476/1942/1862 1655/1939/1859
f 1657/1941/1861 1658/1943/1863 476/1942/1862
f 1657/1941/1861 1651/1934/1851 2209/1944/1864
f 2209/1944/1864 471/1263/1853 1659/1945/1865
f 2209/1944/1864 475/1946/1866 1658/1943/1863
f 1659/1945/1865 1660/1273/1867 475/1946/1866
f 1659/1945/1865 1653/1937/1855 2210/1272/1868
f 2210/1272/1868 469/1260/1857 1661/1274/1869
f 2210/1272/1868 473/1947/1870 1660/1273/1867
f 1663/21/21 1662/1948/1871 478/1292/1872
f 474/18/18 2211/1949/1873 1663/21/21
f 1655/1939/1859 1664/1950/1874 2211/1949/1873
f 2211/1949/1873 480/13/1875 1662/1948/1871
f 1664/1950/1874 1665/258/253 480/13/1875
f 476/1942/1862 2212/1951/1876 1664/1950/1874
f 1658/1943/1863 1666/1952/1877 2212/1951/1876
f 2212/1951/1876 479/1953/1878 1665/258/253
f 1666/1952/1877 1667/1285/1879 479/1953/1878
f 475/1946/1866 2213/1954/1880 1666/1952/1877
f 1660/1273/1867 1668/1955/1881 2213/1954/1880
f 2213/1954/1880 477/1956/1882 1667/1285/1879
f 1670/1957/1883 1669/1958/1884 486/1307/1885
f 481/1959/1886 2214/1960/1887 1670/1957/1883
f 1671/12/1888 1672/1301/1889 2214/1960/1887
f 2214/1960/1887 488/1302/1890 1669/1958/1884
f 1672/1301/1889 1673/1961/1891 488/1302/1890
f 483/14/1892 2215/1962/1893 1672/1301/1889
f 1674/1963/1894 1675/1964/1895 2215/1962/1893
f 2215/1962/1893 487/1298/1896 1673/1961/1891
f 1675/1964/1895 1676/1965/1897 487/1298/1896
f 484/266/1898 2216/1294/1899 1675/1964/1895
f 1677/1966/1900 1678/1967/1901 2216/1294/1899
f 2216/1294/1899 485/1968/1902 1676/1965/1897
f 1680/1320/1903 1679/1969/1904 490/39/38
f 486/1307/1885 2217/1970/1905 1680/1320/1903
f 1669/1958/1884 1681/1971/1906 2217/1970/1905
f 2217/1970/1905 492/1317/1907 1679/1969/1904
f 1681/1971/1906 1682/1972/1908 492/1317/1907
f 488/1302/1890 2218/1973/1909 1681/1971/1906
f 1673/1961/1891 1683/1312/1910 2218/1973/1909
f 2218/1973/1909 491/1313/1911 1682/1972/1908
f 1683/1312/1910 1684/1974/1912 491/1313/1911
f 487/1298/1896 2219/1975/1913 1683/1312/1910
f 1676/1965/1897 1685/1976/1914 2219/1975/1913
f 2219/1975/1913 489/1977/1915 1684/1974/1912
f 494/1333/1916 2220/1978/1917 1686/1979/1918
f 1687/37/36 1679/1969/1904 2220/1978/1917
f 2220/1978/1917 492/1317/1907 1688/1980/1919
f 1686/1979/1918 1688/1980/1919 496/1981/1920
f 496/1981/1920 2221/1328/1921 1689/1982/1922
f 1688/1980/1919 1682/1972/1908 2221/1328/1921
f 2221/1328/1921 491/1313/1911 1690/1325/1923
f 1689/1982/1922 1690/1325/1923 495/1983/1924
f 495/1983/1924 2222/1324/1925 1691/1322/1926
f 1690/1325/1923 1684/1974/1912 2222/1324/1925
f 2222/1324/1925 489/1977/1915 1692/1321/1927
f 1691/1322/1926 1692/1321/1927 493/1984/1928
f 498/1347/1929 2223/1985/1930 1693/1986/1931
f 1694/1346/1932 1686/1979/1918 2223/1985/1930
f 2223/1985/1930 496/1981/1920 1695/1987/1933
f 1693/1986/1931 1695/1987/1933 500/1988/1934
f 500/1988/1934 2224/1989/1935 1696/1990/1936
f 1695/1987/1933 1689/1982/1922 2224/1989/1935
f 2224/1989/1935 495/1983/1924 1697/1991/1937
f 1696/1990/1936 1697/1991/1937 499/1339/1938
f 499/1339/1938 2225/1992/1939 1698/1993/1940
f 1697/1991/1937 1691/1322/1926 2225/1992/1939
f 2225/1992/1939 493/1984/1928 1699/1994/1941
f 1698/1993/1940 1699/1994/1941 497/1995/1942
f 498/1996/1929 2226/1997/1943 1700/360/463
f 1693/1998/1931 1701/1999/1944 2226/1997/1943
f 2226/1997/1943 504/2000/500 1066/2001/699
f 1701/2002/1944 1696/1990/1936 2227/398/501
f 2227/398/501 499/1339/1938 1702/886/908
f 508/2003/714 2228/2004/1945 1071/2005/708
f 1702/886/908 1698/2006/1940 2228/2004/1945
f 2228/2004/1945 497/2007/1942 1703/2008/1946
f 1071/2005/708 1703/2008/1946 502/666/709
f 1723/2009/1947 694/2010/1948 1787/1548/1474
f 2272/2011/1949 723/2012/1950 1804/1907/1820
f 2124/1554/1478 1451/1556/1480 203/1552/1951
f 2229/1367/1334 463/2013/1831 1706/2014/1952
f 1705/1365/1335 1706/2014/1952 692/1364/1953
f 692/1364/1953 2230/2015/1954 1707/2016/1955
f 1706/2014/1952 1640/2017/1830 2230/2015/1954
f 2230/2015/1954 461/7/1956 1708/2018/1957
f 1707/2016/1955 1708/2018/1957 690/2019/1958
f 1674/1963/1894 479/1953/1878 484/266/1898
f 1754/2020/1959 646/2021/1960 1745/30/28
f 1677/1966/1900 477/1956/1882 482/34/1961
f 706/2022/1962 1796/2023/1963 1709/308/342
f 1027/539/613 294/545/558 348/538/612
f 1712/2024/1964 1148/2025/870 619/838/867
f 1712/2024/1964 1077/679/722 2231/2026/1965
f 2231/2026/1965 511/380/716 1713/2027/1966
f 2231/2026/1965 626/573/873 1148/2025/870
f 1713/2028/1966 1150/845/875 626/2029/873
f 1713/2028/1966 1074/2030/715 2232/2031/1967
f 2232/2031/1967 507/2032/710 1714/2033/1968
f 2232/2031/1967 621/2034/848 1150/845/875
f 1714/2035/1968 1134/817/844 621/2034/848
f 1714/2035/1968 1072/2036/707 2233/2037/1969
f 1072/2036/707 1715/2038/1970 2233/2037/1969
f 1134/817/844 1715/2038/1970 617/815/842
f 1717/6/1971 1716/2039/1972 630/2040/1973
f 633/2041/1974 2234/1414/1975 1717/6/1971
f 1718/2042/1976 1719/1411/1977 2234/1414/1975
f 2234/1414/1975 632/2043/1978 1716/2039/1972
f 1719/2044/1977 1720/2045/1979 632/2046/1978
f 635/2047/1980 2235/2048/1981 1719/2044/1977
f 1721/2049/1982 1722/1408/1983 2235/2048/1981
f 2235/2048/1981 631/1405/1984 1720/2045/1979
f 1722/1403/1983 1723/2009/1947 631/1404/1984
f 636/1402/1985 2236/2050/1986 1722/1403/1983
f 1724/2051/1987 1725/1400/1988 2236/2050/1986
f 2236/2050/1986 629/1397/1989 1723/2009/1947
f 1726/11/1990 1718/2042/1976 633/2041/1974
f 637/2052/1991 2237/2053/1992 1726/11/1990
f 1727/2054/1993 1728/2055/1994 2237/2053/1992
f 2237/2053/1992 635/1430/1980 1718/2042/1976
f 1728/2056/1994 1721/2049/1982 635/2047/1980
f 639/2057/1995 2238/2058/1996 1728/2056/1994
f 1729/2059/1997 1730/1426/1998 2238/2058/1996
f 2238/2058/1996 636/1424/1985 1721/2049/1982
f 1730/1423/1998 1724/2051/1987 636/1402/1985
f 640/1422/1999 2239/2060/2000 1730/1423/1998
f 1731/2061/2001 1732/2062/2002 2239/2060/2000
f 2239/2060/2000 634/1418/2003 1724/2051/1987
f 1733/2063/2004 1727/2054/1993 637/2052/1991
f 1733/2063/2004 1734/2064/2005 2240/2065/2006
f 2240/2065/2006 643/2066/2007 1735/1446/2008
f 2240/2065/2006 639/2067/1995 1727/2054/1993
f 1735/2068/2008 1729/2059/1997 639/2057/1995
f 1735/2068/2008 1736/2069/2009 2241/2070/2010
f 2241/2070/2010 644/1443/2011 1737/1444/2012
f 2241/2070/2010 640/1441/1999 1729/2059/1997
f 1737/1440/2012 1731/2061/2001 640/1422/1999
f 1737/1440/2012 1738/2071/2013 2242/2072/2014
f 2242/2072/2014 642/2073/2015 1739/1438/2016
f 2242/2072/2014 638/1435/2017 1731/2061/2001
f 641/20/20 2243/2074/2018 1734/2064/2005
f 1740/1466/19 1741/2075/2019 2243/2074/2018
f 2243/2074/2018 647/48/2020 1742/1463/2021
f 1734/2064/2005 1742/1463/2021 643/2066/2007
f 643/2076/2007 2244/1459/2022 1736/2069/2009
f 1742/2077/2021 1743/2078/46 2244/1459/2022
f 2244/1459/2022 648/271/29 1744/1458/2023
f 1736/2069/2009 1744/1458/2023 644/1443/2011
f 644/2079/2011 2245/2080/2024 1738/2071/2013
f 1744/2081/2023 1745/1455/28 2245/2080/2024
f 2245/2080/2024 646/2021/1960 1746/2082/2025
f 1738/2071/2013 1746/2082/2025 642/2073/2015
f 650/1565/2026 2246/2083/2027 1747/2084/2028
f 1748/2085/2029 1749/2086/2030 2246/2083/2027
f 2246/2083/2027 655/2087/2031 1750/2088/2032
f 1747/2084/2028 1750/2088/2032 652/46/2033
f 652/46/2033 2247/2089/2034 1751/1475/2035
f 1750/1479/2032 1752/1478/2036 2247/2089/2034
f 2247/2089/2034 656/1476/2037 1753/1474/2038
f 1751/1475/2035 1753/1474/2038 651/272/27
f 651/29/27 2248/2090/2039 1754/2091/1959
f 1753/2092/2038 1755/2093/2040 2248/2090/2039
f 2248/2090/2039 654/1470/2041 1756/2094/2042
f 1754/2091/1959 1756/2094/2042 649/2095/2043
f 653/1505/2044 2249/2096/2045 1749/2086/2030
f 1757/1504/2046 1758/2097/2047 2249/2096/2045
f 2249/2096/2045 659/1501/2048 1759/2098/2049
f 1749/2086/2030 1759/2098/2049 655/2087/2031
f 655/1499/2031 2250/2099/2050 1752/1478/2036
f 1759/2100/2049 1760/2101/2051 2250/2099/2050
f 2250/2099/2050 660/2102/2052 1761/2103/2053
f 1752/1478/2036 1761/2103/2053 656/1476/2037
f 656/2104/2037 2251/2105/2054 1755/2093/2040
f 1761/1492/2053 1762/2106/2055 2251/2105/2054
f 2251/2105/2054 658/1489/2056 1763/2107/2057
f 1755/2093/2040 1763/2107/2057 654/1470/2041
f 1764/1519/2058 1758/2097/2047 657/2108/37
f 661/1374/2059 2252/2109/2060 1764/1519/2058
f 1765/2110/2061 1766/2111/2062 2252/2109/2060
f 2252/2109/2060 659/1501/2048 1758/2097/2047
f 1766/2112/2062 1760/2101/2051 659/2113/2048
f 663/2114/2063 2253/2115/2064 1766/2112/2062
f 1767/2116/2065 1768/2117/2066 2253/2115/2064
f 2253/2115/2064 660/2102/2052 1760/2101/2051
f 1768/1510/2066 1762/2106/2055 660/2118/2052
f 664/2119/2067 2254/1506/2068 1768/1510/2066
f 1769/2120/2069 1770/1507/2070 2254/1506/2068
f 2254/1506/2068 658/1489/2056 1762/2106/2055
f 1771/2121/2071 1765/2110/2061 661/1374/2059
f 665/2122/2072 2255/2123/2073 1771/2121/2071
f 1772/2124/2074 1773/1531/2075 2255/2123/2073
f 2255/2123/2073 663/2114/2063 1765/2110/2061
f 1773/1531/2075 1767/2116/2065 663/2114/2063
f 667/1530/2076 2256/1527/2077 1773/1531/2075
f 1774/2125/2078 1775/2126/2079 2256/1527/2077
f 2256/1527/2077 664/2127/2067 1767/2116/2065
f 1775/1525/2079 1769/2120/2069 664/2119/2067
f 668/2128/2080 2257/2129/2081 1775/1525/2079
f 1776/2130/2082 1777/2131/2083 2257/2129/2081
f 2257/2129/2081 662/1520/2084 1769/2120/2069
f 665/2132/2072 2258/2133/2085 1772/1544/2074
f 2258/2133/2085 673/860/754 1779/2134/2086
f 1772/1544/2074 1779/2134/2086 667/1530/2076
f 1779/2134/2086 1774/2125/2078 667/1530/2076
f 2259/395/756 668/2135/2080 1774/2125/2078
f 1780/1541/2087 1776/2130/2082 668/2128/2080
f 678/628/904 2260/2136/2088 1780/1541/2087
f 1166/2137/901 1781/1540/2089 2260/2136/2088
f 2260/2136/2088 666/2138/2090 1776/2130/2082
f 1783/8/2091 1782/2139/2092 693/2140/2093
f 630/1561/1973 2261/2141/2094 1783/8/2091
f 1716/2039/1972 1784/2142/2095 2261/2141/2094
f 2261/2141/2094 695/1557/2096 1782/2139/2092
f 1784/2142/2095 1785/2143/2097 695/1557/2096
f 632/2046/1978 2262/1553/1477 1784/2142/2095
f 2054/1175/1153 1283/1177/1155 191/1883/1793
f 207/356/459 1375/576/1473 200/357/460
f 514/1689/1597 1620/1878/1789 685/2144/2098
f 1156/2145/883 510/684/726 676/863/884
f 1751/1475/2035 648/271/29 1743/47/46
f 1788/2146/2099 1160/870/892 670/867/889
f 1788/2146/2099 1089/706/746 2263/2147/2100
f 2263/2147/2100 524/450/739 1789/2148/2101
f 2263/2147/2100 675/2149/895 1160/870/892
f 1789/2150/2101 1162/2151/897 675/1577/895
f 1789/2150/2101 1086/2152/738 2264/2153/2102
f 2264/2153/2102 520/418/733 1790/2154/2103
f 2264/2153/2102 679/2155/907 1162/2151/897
f 1790/2156/2103 1165/881/902 679/2157/907
f 1790/2156/2103 1083/2158/734 2265/2159/2104
f 1083/2158/734 1791/2160/2105 2265/2159/2104
f 1165/881/902 1791/2160/2105 671/882/903
f 1013/509/583 290/543/547 997/1004/548
f 708/1594/2106 1800/2161/2107 700/2162/2108
f 1061/1585/689 252/368/471 422/2163/692
f 503/677/720 1159/869/891 1078/1587/723
f 1667/1285/1879 484/266/1898 479/1953/1878
f 1710/2164/2109 698/2165/2110 706/2022/1962
f 1649/1930/1847 633/2041/1974 466/1257/1826
f 701/309/343 1793/1598/2111 707/310/344
f 1616/1182/1784 686/1887/1799 1624/2166/1798
f 481/1959/2112 1662/1948/2113 1671/12/12
f 1925/362/465 961/1357/469 1370/15/15
f 1797/2167/2114 705/1377/2115 699/1378/1514
f 846/59/55 1888/246/243 811/2168/2116
f 201/2169/2117 1383/1399/1357 1449/1548/2118
f 2266/1604/1512 711/2170/2119 1799/2171/2120
f 1798/1605/1513 1799/2171/2120 697/2172/2121
f 702/2173/2122 1795/2174/2123 710/285/2124
f 209/1257/1225 1392/6/6 378/10/10
f 1794/268/2125 703/2175/2126 1801/2176/2127
f 727/1659/1565 2267/2177/2128 1803/1625/2129
f 1804/1907/1820 1805/1626/2130 2267/2177/2128
f 1805/1626/2130 1806/2178/2131 2267/2177/2128
f 2267/2177/2128 729/2179/2132 1803/1625/2129
f 1806/2178/2131 1807/2180/2133 729/2179/2132
f 725/2181/2134 2268/2182/2135 1806/2178/2131
f 1808/2183/2136 1809/2184/2137 2268/2182/2135
f 2268/2182/2135 728/2185/2138 1807/2180/2133
f 1809/2184/2137 1810/2186/2139 728/2185/2138
f 724/2187/2140 2269/2188/2141 1809/2184/2137
f 1811/1614/2142 1812/2189/2143 2269/2188/2141
f 2269/2188/2141 726/2190/2144 1810/2186/2139
f 730/1642/2145 2270/2191/2146 1813/2192/2147
f 1814/1641/2148 1815/2193/2149 2270/2191/2146
f 2270/2191/2146 717/2194/2150 1816/2195/2151
f 1813/2192/2147 1816/2195/2151 732/2196/2152
f 732/2196/2152 2271/2197/2153 1817/2198/2154
f 1816/2195/2151 1818/2199/2155 2271/2197/2153
f 2271/2197/2153 716/2200/2156 1819/1629/2157
f 1817/2198/2154 1819/1629/2157 731/2201/2158
f 1819/1629/2157 1820/1658/1564 731/2201/2158
f 716/2200/2156 2272/2011/1949 1819/1629/2157
f 1383/1399/1357 376/1404/1362 1450/1550/2159
f 1479/1370/1338 1480/1630/1536 454/1627/1533
f 1823/1657/1563 1822/2202/2160 718/1655/1561
f 727/1659/1565 2273/2203/2161 1823/1657/1563
f 1803/1625/2129 1824/2204/2162 2273/2203/2161
f 2273/2203/2161 720/2205/2163 1822/2202/2160
f 720/2205/2163 2274/2206/2164 1825/2207/2165
f 729/2179/2132 2274/2206/2164 1824/2204/2162
f 1807/2180/2133 1826/2208/2166 2274/2206/2164
f 1825/2207/2165 1826/2208/2166 721/2209/2167
f 721/2209/2167 2275/2210/2168 1827/2211/2169
f 1826/2208/2166 1810/2186/2139 2275/2210/2168
f 2275/2210/2168 726/2190/2144 1828/1643/2170
f 1827/2211/2169 1828/1643/2170 719/1645/2171
f 1830/1669/2172 1829/1668/2173 712/1670/2174
f 730/1642/2145 2276/2212/2175 1830/1669/2172
f 1813/2192/2147 1831/2213/2176 2276/2212/2175
f 2276/2212/2175 713/1666/2177 1829/1668/2173
f 1831/2213/2176 1832/2214/2178 713/1666/2177
f 1831/2213/2176 1817/2198/2154 2277/2215/2179
f 2277/2215/2179 731/2201/2158 1833/1660/2180
f 2277/2215/2179 714/2216/2181 1832/2214/2178
f 714/2216/2181 2278/1656/1562 1834/2217/2182
f 1833/1660/2180 1820/1658/1564 2278/1656/1562
f 2046/1129/1118 355/1100/1091 1277/1153/1137
f 1480/1630/1536 1495/343/430 454/1627/1533
f 1372/2218/1327 202/1563/1484 1454/8/8
f 1668/1955/1881 473/1947/1870 1551/1740/1666
f 1231/1032/1036 341/535/609 1225/1013/1025
f 1421/1481/2183 392/48/47 395/1482/2184
f 1802/2219/2185 709/1596/2186 1793/1598/2111
f 233/39/1294 1430/1504/1439 402/38/1453
f 221/1292/1263 1413/19/1408 390/22/2187
f 1413/19/1408 217/18/1252 386/2220/1409
f 331/1002/1018 1330/1286/1255 222/32/30
f 1345/1306/1279 393/1487/1426 1423/2221/1425
f 229/1307/1280 1423/2221/1425 398/1505/1440
f 241/1347/1322 1444/1373/1341 410/16/16
f 1352/1320/1293 398/1505/1440 1430/1504/1439
f 390/22/1489 226/1305/2112 221/1292/1487
f 1687/37/36 661/1374/2059 1764/1519/2058
f 237/1333/1308 1437/1519/1452 406/1374/1342
f 1639/4/1829 633/2041/1974 1717/2222/1971
f 263/443/533 362/566/632 246/374/477
f 953/302/327 1916/339/424 891/340/2188
f 1180/41/40 319/2223/913 1170/42/41
f 1747/2084/2183 647/48/47 1741/2075/1500
f 1231/1032/1036 336/1010/1022 283/1034/1037
f 1270/1134/1123 356/1089/1080 1267/1007/1020
f 1259/1103/1094 356/1089/1080 275/1131/1120
f 1410/47/1403 395/1482/2184 392/48/47
f 1245/1072/1066 352/2224/1052 279/1101/1092
f 1245/1072/1066 336/2225/1022 1239/2226/1050
f 1259/1103/1094 352/2224/1052 1253/1087/1078
f 1670/1957/1883 650/1565/2026 481/1959/1886
f 439/1602/1510 2280/2227/2189 432/2228/2190
f 1210/978/994 324/255/951 1204/2229/980
f 332/989/1189 1299/1214/1188 339/507/581
f 1292/23/1176 332/989/1005 299/1203/1177
f 1292/23/1176 328/1376/977 1218/25/1008
f 587/24/1816 556/1895/1825 543/730/767
f 1138/1123/851 1608/2230/1116 2182/1839/1764
f 2279/2231/2191 425/1601/1509 1835/2232/2192
f 1334/1291/2113 226/1305/2112 1344/256/12
f 461/2233/1956 1717/2222/1971 630/5/1973
f 1210/978/994 328/1376/977 303/977/993
f 432/2228/2190 1459/2234/2193 439/2170/1510
f 1040/2235/2194 271/2236/529 988/2237/528
f 84/118/114 2281/2238/2195 1838/2239/2196
f 820/117/113 1839/2240/2197 2281/2238/2195
f 2281/2238/2195 440/1670/1576 1501/1669/1575
f 1838/2239/2196 1501/1669/1575 458/2241/1548
f 780/340/425 1840/2242/2198 52/215/212
f 1838/2239/2196 1488/2243/1547 2282/2244/2199
f 2282/2244/2199 443/2245/2200 1840/2242/2198
f 1828/1836/2170 726/2190/2144 1850/2246/2201
f 446/1645/1551 2283/2247/2202 1490/1836/1549
f 1842/2248/2203 755/58/54 2283/2247/2202
f 451/2249/2204 2284/2250/2205 1843/2251/2206
f 1471/1613/1519 1841/1835/1761 2284/2250/2205
f 1843/2251/2206 811/2168/2116 69/245/242
f 1359/37/1307 402/38/1453 1437/1519/1452
f 690/2019/1958 1783/8/2091 693/2140/2093
f 1286/1182/1158 258/916/930 1288/2252/1163
f 1708/2253/1957 630/5/1973 1783/8/2091
f 217/18/1252 1406/2254/1398 386/2220/1409
f 1649/1930/1847 637/2255/1991 1726/11/1990
f 1328/1283/1251 382/2256/1384 1406/2254/1398
f 213/1270/1238 1399/11/11 382/2256/1384
f 1656/1283/1858 637/2255/1991 470/1927/1844
f 710/285/2124 1801/2176/2127 702/2173/2122
f 1670/1957/1883 653/2257/2044 1748/2221/2029
f 1521/1703/1613 571/40/1594 1511/42/1593
f 1680/1320/1903 653/2257/2044 486/1307/1885
f 494/1333/1916 1771/1373/2071 661/1374/2059
f 513/1704/1614 1511/42/1593 576/2258/1592
f 1196/950/965 324/255/951 307/975/991
f 1694/1346/1932 665/2132/2072 1771/1373/2071
f 1700/360/463 669/2259/2207 1778/2260/698
f 1700/360/463 665/2132/2072 498/1996/1929
f 518/704/744 1788/2146/2099 670/867/889
f 1656/1283/1858 641/20/20 1733/2063/2004
f 1616/1182/1784 513/1704/1614 576/2258/1592
f 536/1101/1760 1591/1747/1679 607/1796/1721
f 190/1183/1159 1288/2252/1163 193/1184/1160
f 532/1131/1776 1602/1007/1770 611/1746/1678
f 650/1565/1488 1741/2075/1500 645/22/1489
f 540/1069/1707 1577/2226/1720 591/1010/1694
f 560/1739/1665 1556/25/25 583/1376/1344
f 555/1905/1818 1746/1453/2025 646/2021/1960
f 1584/1072/1735 607/1796/1721 1577/2226/1720
f 1535/1718/1640 579/255/250 1528/1592/1627
f 1570/1564/1486 591/1010/1694 1563/2261/1693
f 741/2262/49 18/2263/49 745/616/49
f 697/2172/2121 2285/2264/2208 1844/2265/2209
f 1153/654/696 501/2266/2210 1065/2267/462
f 2003/713/755 1167/892/906 678/2268/904
f 711/2269/2119 704/1588/1497 2286/2227/2211
f 1680/1320/1903 657/38/37 1757/2270/2046
f 1276/1138/1127 2046/1129/1118 2051/1152/1136
f 177/2271/2212 2287/2272/2213 933/117/328
f 1847/2273/2214 1830/2274/2172 2287/2272/2213
f 2287/2272/2213 712/1670/2174 1848/2240/2215
f 933/117/328 1848/2240/2215 141/116/329
f 1849/2242/2216 891/340/2188 142/215/423
f 715/2245/2217 2288/2275/2218 1849/2242/2216
f 1814/2243/2148 1847/2273/2214 2288/2275/2218
f 1459/2234/2193 426/1378/1346 2129/1603/1511
f 865/275/274 1851/2248/2219 2289/2276/2220
f 2289/2276/2220 719/1645/2171 1828/1836/2170
f 722/2277/2221 2290/2278/2222 1812/2279/2143
f 1852/2280/2223 923/250/247 2290/2278/2222
f 1812/2279/2143 1850/2246/2201 726/2190/2144
f 1535/1718/1640 571/40/1594 568/1719/1641
f 765/1/1 763/55/51 64/2/2
f 1314/4/4 206/7/7 373/5/5
f 206/7/7 1372/2218/1327 1454/8/8
f 1321/9/9 209/1257/1225 378/10/10
f 1671/12/12 1662/1948/2113 480/13/13
f 1370/15/15 241/1347/1322 410/16/16
f 474/18/18 1663/21/21 1740/19/19
f 1663/21/21 478/1292/1872 645/22/22
f 1631/23/23 556/1895/1811 587/24/24
f 435/1594/1502 6/2281/26 31/2282/26
f 6/2281/26 3/2283/26 27/2284/26
f 27/2284/26 3/2283/26 749/2285/26
f 3/2283/26 753/2286/26 749/2285/26
f 753/2286/26 24/2287/26 749/2285/26
f 24/2287/26 746/2288/26 749/2285/26
f 746/2288/26 23/2289/26 749/2285/26
f 23/2289/26 747/2290/26 749/2285/26
f 747/2290/26 25/2291/26 26/2292/26
f 749/2285/26 747/2290/26 26/2292/26
f 25/2291/26 748/2293/26 26/2292/26
f 1837/2294/26 429/1595/1503 435/1594/1502
f 31/2282/26 1837/2294/26 435/1594/1502
f 752/2295/26 31/2282/26 6/2281/26
f 30/2296/26 752/2295/26 6/2281/26
f 6/2281/26 27/2284/26 30/2296/26
f 30/2296/26 27/2284/26 751/27/26
f 754/28/26 29/2297/26 28/26/26
f 29/2297/26 750/2298/26 28/26/26
f 27/2284/26 754/28/26 751/27/26
f 651/29/27 1754/2020/1959 1745/30/28
f 222/32/30 1329/1285/1254 1338/33/31
f 1408/30/33 1414/260/255 396/35/34
f 1687/37/36 1764/1519/2058 657/38/37
f 316/40/39 311/948/963 1180/41/40
f 936/43/42 937/78/349 181/44/43
f 652/46/45 1751/1475/2035 1743/47/46
f 34/49/48 32/274/48 22/50/48
f 34/52/49 33/51/49 4/53/49
f 22/50/50 2/2299/50 4/53/50
f 763/55/51 765/1/1 79/56/52
f 755/58/54 1853/62/58 846/59/55
f 70/61/57 758/63/59 1853/62/58
f 758/63/59 68/67/63 757/64/60
f 1853/62/58 757/64/60 76/65/61
f 757/64/60 1854/68/64 845/66/62
f 68/67/63 761/69/65 1854/68/64
f 761/69/65 66/282/2224 760/70/66
f 845/66/62 1854/68/64 760/70/66
f 77/71/67 760/70/66 1855/72/68
f 760/70/66 66/282/2224 764/74/70
f 1855/72/68 764/74/70 64/2/2
f 844/73/69 1855/72/68 763/55/51
f 1370/15/15 1448/17/17 413/76/71
f 823/43/73 87/45/122 88/44/74
f 79/56/52 765/81/1 1856/79/76
f 765/81/1 62/3/3 768/82/78
f 1856/79/76 768/82/78 60/83/79
f 843/80/77 1856/79/76 767/84/80
f 80/85/81 767/84/80 1857/86/82
f 767/84/80 60/83/79 771/88/84
f 771/88/84 58/92/88 770/89/85
f 842/87/83 1857/86/82 770/89/85
f 770/89/85 1858/93/89 841/91/87
f 58/92/88 774/94/90 1858/93/89
f 774/94/90 56/98/94 773/95/91
f 1858/93/89 773/95/91 82/96/92
f 773/95/91 1859/99/95 840/97/93
f 56/98/94 777/100/96 1859/99/95
f 777/100/96 54/165/163 776/101/97
f 1859/99/95 776/101/97 83/102/98
f 186/105/101 187/218/215 1905/103/99
f 187/218/215 921/157/371 1905/103/99
f 72/106/102 806/109/105 1860/107/103
f 806/109/105 10/2300/2225 733/110/106
f 85/111/107 821/114/110 1861/112/108
f 821/114/110 49/124/120 783/115/111
f 1861/112/108 783/115/111 51/116/112
f 839/113/109 1861/112/108 820/117/113
f 822/119/115 1862/123/119 838/120/116
f 822/119/115 47/306/2226 786/122/118
f 1862/123/119 786/122/118 49/124/120
f 838/120/116 1862/123/119 821/114/110
f 823/125/73 1863/128/124 837/126/121
f 45/127/123 789/129/125 1863/128/124
f 789/129/125 47/306/2226 822/119/115
f 1863/128/124 822/119/115 86/121/117
f 825/130/126 1864/134/130 836/131/127
f 41/133/129 793/135/131 1864/134/130
f 793/135/131 43/1165/1485 824/136/75
f 1864/134/130 824/136/75 88/44/74
f 826/137/132 1865/141/136 835/138/133
f 826/137/132 39/147/142 796/140/135
f 796/140/135 41/133/129 825/130/126
f 1865/141/136 825/130/126 89/132/128
f 91/142/137 827/145/140 1866/143/138
f 827/145/140 37/153/148 799/146/141
f 1866/143/138 799/146/141 39/147/142
f 834/144/139 1866/143/138 826/137/132
f 92/148/143 828/151/146 1867/149/144
f 828/151/146 35/159/154 802/152/147
f 1867/149/144 802/152/147 37/153/148
f 833/150/145 1867/149/144 827/145/140
f 93/154/149 809/157/152 1868/155/150
f 809/157/152 74/163/161 808/158/153
f 1868/155/150 808/158/153 35/159/154
f 832/156/151 1868/155/150 828/151/146
f 188/160/157 176/330/393 1896/107/155
f 176/330/393 889/110/321 1896/107/155
f 736/104/158 7/323/2227 804/161/159
f 1869/162/160 804/161/159 74/163/161
f 776/101/97 1870/166/164 831/164/162
f 54/165/163 779/167/165 1870/166/164
f 779/167/165 72/106/102 810/108/104
f 1870/166/164 810/108/104 94/168/166
f 819/169/167 1871/172/170 805/170/168
f 83/102/98 831/164/162 1871/172/170
f 831/164/162 94/168/166 830/173/171
f 1871/172/170 830/173/171 71/174/172
f 8/175/173 734/328/812 1872/176/174
f 94/168/166 11/330/2228 1881/178/176
f 11/330/2228 735/2301/2229 1881/178/176
f 807/177/175 1872/176/174 829/179/177
f 73/180/178 829/179/177 1873/181/179
f 829/179/177 93/154/149 832/156/151
f 1873/181/179 832/156/151 92/148/143
f 803/182/180 1873/181/179 800/183/181
f 36/184/182 800/183/181 1874/185/183
f 800/183/181 92/148/143 833/150/145
f 1874/185/183 833/150/145 91/142/137
f 801/186/184 1874/185/183 797/187/185
f 797/187/185 1875/190/188 798/189/187
f 797/187/185 91/142/137 834/144/139
f 834/144/139 90/139/134 794/191/189
f 1875/190/188 794/191/189 40/192/190
f 794/191/189 1876/194/192 795/193/191
f 90/139/134 835/138/133 1876/194/192
f 835/138/133 89/132/128 791/195/193
f 1876/194/192 791/195/193 42/196/194
f 791/195/193 1877/198/196 792/197/195
f 89/132/128 836/131/127 1877/198/196
f 836/131/127 88/44/74 790/199/197
f 1877/198/196 790/199/197 44/200/198
f 87/45/122 787/251/200 790/201/197
f 815/202/199 814/252/236 78/57/53
f 787/203/200 1878/206/203 788/204/201
f 87/45/122 837/126/121 1878/206/203
f 837/126/121 86/121/117 784/207/204
f 1878/206/203 784/207/204 48/208/205
f 784/207/204 1879/210/207 785/209/206
f 86/121/117 838/120/116 1879/210/207
f 838/120/116 85/111/107 781/211/208
f 1879/210/207 781/211/208 50/212/209
f 781/211/208 1880/214/211 782/213/210
f 85/111/107 839/113/109 1880/214/211
f 1880/214/211 780/340/425 52/215/212
f 830/173/171 1881/178/176 778/216/213
f 186/105/101 914/328/389 1908/217/214
f 1908/217/214 943/329/391 187/218/215
f 1881/178/176 735/2301/2229 9/219/216
f 818/220/217 1882/223/220 775/221/218
f 82/96/92 840/97/93 1882/223/220
f 840/97/93 83/102/98 819/169/167
f 1882/223/220 819/169/167 53/171/169
f 57/224/221 817/227/224 1883/225/222
f 817/227/224 81/90/86 841/91/87
f 841/91/87 82/96/92 818/220/217
f 772/226/223 1883/225/222 818/220/217
f 59/228/225 816/231/228 1884/229/226
f 816/231/228 80/85/81 842/87/83
f 1884/229/226 842/87/83 81/90/86
f 769/230/227 1884/229/226 817/227/224
f 61/232/229 815/202/199 1885/233/230
f 815/202/199 79/56/52 843/80/77
f 1885/233/230 843/80/77 80/85/81
f 766/234/231 1885/233/230 816/231/228
f 65/235/232 813/238/235 1886/236/233
f 813/238/235 77/71/67 844/73/69
f 1886/236/233 844/73/69 78/75/53
f 762/237/234 1886/236/233 814/239/236
f 67/241/238 812/244/241 1887/242/239
f 812/244/241 76/65/61 845/66/62
f 1887/242/239 845/66/62 77/71/67
f 759/243/240 1887/242/239 813/238/235
f 69/245/242 811/2168/2116 1888/246/243
f 1850/2246/2201 2290/2278/2222 167/249/246
f 2290/2278/2222 923/250/247 167/249/246
f 923/250/247 1924/354/456 960/248/245
f 1888/246/243 846/59/55 76/65/61
f 756/247/244 1888/246/243 812/244/241
f 787/251/200 46/205/202 44/200/198
f 814/252/236 815/202/199 61/232/229
f 564/253/248 1549/1375/1343 1542/254/249
f 223/13/251 1334/1291/2113 1344/256/12
f 1665/258/253 1674/1963/1894 483/14/14
f 389/259/254 394/1469/1411 1414/260/255
f 1377/261/256 433/1379/1347 427/262/257
f 224/264/259 1332/273/272 1341/265/260
f 875/1/262 154/3/302 156/2/263
f 430/267/265 438/1596/1504 1461/268/266
f 863/2286/26 116/2283/26 859/2285/26
f 116/2283/26 122/2281/26 111/2284/26
f 859/2285/26 116/2283/26 111/2284/26
f 122/2281/26 708/1594/2106 115/2282/26
f 708/1594/2106 700/2162/2108 1846/2302/26
f 708/1594/2106 1846/2302/26 115/2282/26
f 108/2287/26 863/2286/26 859/2285/26
f 107/2289/26 856/2288/26 859/2285/26
f 856/2288/26 108/2287/26 859/2285/26
f 109/2291/26 857/2290/26 110/2292/26
f 857/2290/26 107/2289/26 859/2285/26
f 110/2292/26 858/2293/26 109/2291/26
f 859/2285/26 110/2292/26 857/2290/26
f 122/2281/26 115/2282/26 862/2295/26
f 122/2281/26 862/2295/26 114/2296/26
f 122/2281/26 114/2296/26 111/2284/26
f 114/2296/26 861/27/26 111/2284/26
f 860/2298/26 113/2297/26 112/26/26
f 113/2297/26 864/28/26 112/26/26
f 864/28/26 111/2284/26 861/27/26
f 1418/270/268 1410/47/1403 391/271/35
f 118/53/50 105/2299/50 106/50/50
f 134/200/269 136/205/414 898/251/270
f 1332/273/272 223/13/251 228/257/252
f 121/49/273 119/51/273 106/50/273
f 121/52/49 120/54/49 118/53/49
f 960/248/245 1889/276/276 865/275/274
f 168/65/275 867/64/277 1889/276/276
f 867/64/277 160/67/284 868/63/278
f 1889/276/276 868/63/278 162/61/279
f 959/66/280 1890/278/282 867/64/277
f 959/66/280 169/279/285 870/277/281
f 870/277/281 158/282/289 871/69/283
f 1890/278/282 871/69/283 160/67/284
f 169/279/285 958/281/287 1891/280/286
f 958/281/287 170/75/291 873/55/264
f 1891/280/286 873/55/264 156/2/263
f 870/277/281 1891/280/286 874/74/288
f 927/202/290 171/56/296 170/57/291
f 1460/283/293 1469/1593/1501 431/284/294
f 171/56/296 957/287/298 1892/286/297
f 957/287/298 172/289/303 877/288/299
f 1892/286/297 877/288/299 152/83/300
f 875/81/262 1892/286/297 878/82/301
f 172/289/303 956/290/305 1893/86/304
f 956/290/305 173/293/309 880/291/306
f 880/291/306 150/92/314 881/88/307
f 877/288/299 1893/86/304 881/88/307
f 955/292/308 1894/93/311 880/291/306
f 174/294/310 883/295/312 1894/93/311
f 883/295/312 148/98/320 884/94/313
f 1894/93/311 884/94/313 150/92/314
f 954/296/315 1895/99/317 883/295/312
f 175/297/316 886/298/318 1895/99/317
f 886/298/318 146/165/381 887/100/319
f 1895/99/317 887/100/319 148/98/320
f 889/110/321 144/2300/2230 918/109/322
f 1896/107/155 918/109/322 164/106/323
f 178/299/324 953/302/327 1897/300/325
f 953/302/327 177/2271/2212 933/117/328
f 1897/300/325 933/117/328 141/116/329
f 934/301/326 1897/300/325 894/115/330
f 952/303/332 1898/123/335 935/304/333
f 952/303/332 178/299/324 934/301/326
f 1898/123/335 934/301/326 139/124/331
f 935/304/333 1898/123/335 897/122/336
f 951/126/338 1899/307/339 936/125/42
f 179/305/334 935/304/333 1899/307/339
f 935/304/333 137/306/337 900/129/340
f 1899/307/339 900/129/340 135/127/341
f 171/56/296 875/1/262 873/55/264
f 1709/308/342 1796/2023/1963 701/309/343
f 950/311/345 1900/134/348 938/312/346
f 181/44/43 937/136/349 1900/134/348
f 937/136/349 133/1165/1144 904/135/350
f 1900/134/348 904/135/350 131/133/351
f 949/313/352 1901/315/355 939/137/353
f 182/132/347 938/312/346 1901/315/355
f 938/312/346 131/133/351 907/140/356
f 939/137/353 1901/315/355 907/140/356
f 184/316/358 948/144/361 1902/317/359
f 948/144/361 183/314/354 939/137/353
f 1902/317/359 939/137/353 129/147/357
f 940/145/360 1902/317/359 910/146/362
f 185/318/364 947/321/367 1903/319/365
f 947/321/367 184/316/358 940/145/360
f 1903/319/365 940/145/360 127/153/363
f 941/320/366 1903/319/365 913/152/368
f 187/218/215 946/156/372 1904/322/370
f 946/156/372 185/318/364 941/320/366
f 1904/322/370 941/320/366 125/159/369
f 921/157/371 1904/322/370 920/158/373
f 1869/162/160 809/157/152 93/154/149
f 93/154/149 12/105/375 1869/162/160
f 1905/103/99 921/157/371 166/163/374
f 942/104/100 1905/103/99 916/161/376
f 945/164/378 1906/324/379 886/298/318
f 188/160/157 922/108/156 1906/324/379
f 922/108/156 164/106/323 890/167/380
f 1906/324/379 890/167/380 146/165/381
f 917/170/382 1907/326/386 931/325/383
f 163/174/385 944/327/387 1907/326/386
f 944/327/387 188/160/157 945/164/378
f 1907/326/386 945/164/378 175/297/316
f 124/175/388 919/177/390 1908/217/214
f 919/177/390 165/180/394 943/329/391
f 188/160/157 944/327/387 1917/178/392
f 1917/178/392 932/2301/2231 176/330/393
f 165/180/394 915/182/396 1909/181/395
f 915/182/396 126/184/398 911/331/397
f 1909/181/395 911/331/397 185/318/364
f 943/329/391 1909/181/395 946/156/372
f 126/184/398 912/186/400 1910/332/399
f 912/186/400 128/188/403 908/187/401
f 1910/332/399 908/187/401 184/316/358
f 911/331/397 1910/332/399 947/321/367
f 909/189/402 1911/333/405 908/187/401
f 130/192/404 905/191/406 1911/333/405
f 905/191/406 183/314/354 948/144/361
f 908/187/401 1911/333/405 948/144/361
f 906/193/407 1912/334/409 905/191/406
f 132/196/408 902/195/410 1912/334/409
f 902/195/410 182/132/347 949/313/352
f 1912/334/409 949/313/352 183/314/354
f 903/197/411 1913/335/412 902/195/410
f 134/200/269 901/199/271 1913/335/412
f 901/199/271 181/44/43 950/311/345
f 1913/335/412 950/311/345 182/132/347
f 899/204/413 1914/336/416 898/203/270
f 138/208/415 895/337/417 1914/336/416
f 895/337/417 179/305/334 951/126/338
f 1914/336/416 951/126/338 180/45/44
f 896/209/418 1915/210/420 895/337/417
f 140/212/419 892/338/421 1915/210/420
f 892/338/421 178/299/324 952/303/332
f 1915/210/420 952/303/332 179/305/334
f 893/213/422 1916/339/424 892/338/421
f 142/215/423 891/340/2188 1916/339/424
f 839/113/109 84/118/114 780/340/425
f 84/118/114 1838/2239/2196 2282/2244/2199
f 780/340/425 84/118/114 2282/2244/2199
f 1916/339/424 953/302/327 178/299/324
f 888/216/426 1917/178/392 944/327/387
f 143/219/427 932/2301/2231 1917/178/392
f 2139/341/428 1496/1662/1568 447/342/429
f 885/221/431 1918/345/434 930/344/432
f 145/171/384 931/325/383 1918/345/434
f 931/325/383 175/297/316 954/296/315
f 1918/345/434 954/296/315 174/294/310
f 149/224/435 882/226/438 1919/346/436
f 882/226/438 147/222/433 930/344/432
f 930/344/432 174/294/310 955/292/308
f 929/347/437 1919/346/436 955/292/308
f 151/228/439 879/230/442 1920/348/440
f 879/230/442 149/224/435 929/347/437
f 1920/348/440 929/347/437 173/293/309
f 928/349/441 1920/348/440 956/290/305
f 153/232/443 876/234/445 1921/350/444
f 876/234/445 151/228/439 928/349/441
f 1921/350/444 928/349/441 172/289/303
f 927/202/290 1921/350/444 957/287/298
f 901/201/271 898/251/270 180/45/44
f 153/232/443 927/202/290 926/252/292
f 157/235/447 872/237/450 1922/351/448
f 872/237/450 155/240/446 926/239/292
f 1922/351/448 926/239/292 170/75/291
f 925/238/449 1922/351/448 958/281/287
f 159/241/451 869/243/454 1923/352/452
f 869/243/454 157/235/447 925/238/449
f 1923/352/452 925/238/449 169/279/285
f 924/353/453 1923/352/452 959/66/280
f 161/245/455 866/247/457 1924/354/456
f 866/247/457 159/241/451 924/353/453
f 1924/354/456 924/353/453 168/65/275
f 200/357/460 1374/1365/1333 2093/355/458
f 2093/355/458 1310/1919/1218 207/356/459
f 1065/359/462 501/2266/2210 1700/360/463
f 1700/360/463 2226/1997/1943 1066/656/699
f 1066/656/699 1965/358/461 1700/360/463
f 248/361/464 963/364/467 1925/362/465
f 963/364/467 250/373/476 964/365/468
f 961/366/469 1925/362/465 964/365/468
f 252/368/471 966/371/474 1926/369/472
f 966/371/474 253/406/482 967/372/475
f 1926/369/472 967/372/475 250/373/476
f 246/374/477 969/377/480 1927/375/478
f 969/377/480 251/380/483 970/378/481
f 1927/375/478 970/378/481 253/379/482
f 968/376/479 1927/375/478 966/371/474
f 251/380/483 971/382/485 1928/381/484
f 971/382/485 255/2303/495 972/383/486
f 1928/381/484 972/383/486 256/384/487
f 970/378/481 1928/381/484 973/385/488
f 975/386/489 1929/390/493 974/387/490
f 254/389/492 976/391/494 1929/390/493
f 976/391/494 256/402/487 972/383/486
f 1929/390/493 972/383/486 255/392/495
f 2122/395/498 1446/2304/1469 420/393/496
f 420/393/496 1052/2305/680 1959/394/497
f 1067/365/700 504/397/500 1966/396/499
f 504/397/500 1701/2002/1944 2227/398/501
f 1930/399/502 964/2306/468 250/400/476
f 1930/399/502 977/401/503 256/402/487
f 967/403/475 1931/407/504 977/404/503
f 253/406/482 973/2307/488 1931/407/504
f 977/409/503 1931/407/504 973/410/488
f 261/412/505 979/415/508 1932/413/506
f 979/415/508 264/419/512 980/416/509
f 980/416/509 266/425/518 981/417/510
f 1932/413/506 981/417/510 265/418/511
f 264/419/512 982/421/514 1933/420/513
f 982/421/514 268/1861/527 983/422/515
f 1933/420/513 983/422/515 269/423/516
f 980/416/509 1933/420/513 984/424/517
f 1614/428/521 2190/1862/1780 1096/714/757
f 1096/714/757 1976/715/759 1614/428/521
f 1976/715/759 1095/426/519 1614/428/521
f 267/429/522 987/432/525 1934/430/523
f 987/432/525 269/442/516 983/433/515
f 985/434/526 1934/430/523 983/433/515
f 267/436/522 371/2308/652 1040/2235/2194
f 371/2308/652 1041/587/651 1040/2235/2194
f 1041/587/651 1954/575/639 1040/2235/2194
f 988/437/528 1935/439/530 987/432/525
f 1040/2235/2194 988/437/528 267/436/522
f 271/438/529 989/440/531 1935/439/530
f 989/440/531 272/2309/538 990/441/532
f 1935/439/530 990/441/532 269/442/516
f 263/443/533 992/446/536 1936/444/534
f 992/446/536 270/450/539 993/447/537
f 1936/444/534 993/447/537 272/448/538
f 991/445/535 1936/444/534 989/440/531
f 270/450/539 994/452/541 1937/451/540
f 994/452/541 265/418/511 981/453/510
f 1937/451/540 981/453/510 266/425/518
f 993/447/537 1937/451/540 995/454/542
f 984/455/517 1938/460/543 995/456/542
f 990/458/532 1938/460/543 984/455/517
f 272/448/538 995/723/542 1938/460/543
f 287/462/544 997/466/548 1939/463/545
f 290/465/547 998/467/549 1939/463/545
f 998/467/549 292/500/577 999/468/550
f 996/464/546 1939/463/545 999/468/550
f 288/470/552 1003/473/555 1940/471/553
f 1003/473/555 293/478/560 1004/474/556
f 1004/474/556 295/483/565 1000/475/557
f 1940/471/553 1000/475/557 294/476/558
f 1005/477/559 1941/480/562 1004/474/556
f 297/479/561 1006/481/563 1941/480/562
f 1006/481/563 298/489/572 1007/482/564
f 1941/480/562 1007/482/564 295/483/565
f 289/484/566 1009/487/2232 1942/485/567
f 1009/487/569 296/492/574 1010/488/570
f 1942/485/571 1010/488/570 298/489/572
f 1008/486/573 1942/485/571 1006/490/563
f 296/492/574 1011/494/576 1943/493/575
f 1011/494/576 291/2310/551 999/495/550
f 1943/493/575 999/495/550 292/496/577
f 1010/488/570 1943/493/575 1012/497/578
f 1001/498/579 1944/505/580 1012/499/578
f 1007/501/564 1944/505/580 1001/502/579
f 298/504/572 1012/499/578 1944/505/580
f 339/507/581 1014/510/584 1945/508/582
f 1014/510/584 342/515/589 1015/511/585
f 1015/511/585 344/520/594 1016/512/586
f 1945/508/582 1016/512/586 343/513/587
f 1017/514/588 1946/517/591 1015/511/585
f 346/516/590 1018/518/592 1946/517/591
f 1018/518/592 347/548/601 1019/519/593
f 1946/517/591 1019/519/593 344/520/594
f 340/521/595 1021/524/2233 1947/522/596
f 1021/524/598 345/529/603 1022/525/599
f 1947/522/600 1022/525/599 347/526/601
f 1020/523/602 1947/522/600 1018/527/592
f 345/529/603 1023/531/605 1948/530/604
f 1023/531/605 349/2311/615 1024/532/606
f 1948/530/604 1024/532/606 350/533/607
f 1022/525/599 1948/530/604 1025/534/608
f 341/535/609 1027/539/613 1949/536/610
f 348/538/612 1028/540/614 1949/536/610
f 1028/540/614 350/2312/607 1024/541/606
f 1026/537/611 1949/536/610 1024/541/606
f 290/543/547 343/775/587 1029/2313/616
f 343/775/587 1016/2314/586 1029/2313/616
f 1016/2314/586 344/2315/594 1029/2313/616
f 1029/2313/616 1001/544/579 290/543/547
f 1001/544/579 292/500/577 998/467/549
f 295/2316/565 1001/544/579 1000/475/557
f 1001/544/579 1029/2313/616 294/545/558
f 1029/2313/616 350/2312/607 1028/540/614
f 1028/540/614 348/2317/612 1029/2313/616
f 348/2317/612 294/545/558 1029/2313/616
f 1019/546/593 1950/549/617 1029/547/616
f 347/548/601 1025/550/608 1950/549/617
f 1029/547/616 1950/549/617 1025/550/608
f 361/552/618 1031/556/622 1951/553/619
f 364/555/621 1032/557/623 1951/553/619
f 1032/557/623 366/565/631 1033/558/624
f 1030/554/620 1951/553/619 1033/558/624
f 1034/560/626 1952/562/628 1032/557/623
f 368/561/627 1035/563/629 1952/562/628
f 1035/563/629 369/571/637 1036/564/630
f 1952/562/628 1036/564/630 366/565/631
f 362/566/632 1038/569/635 1953/567/633
f 1038/569/635 367/574/638 1039/570/636
f 1953/567/633 1039/570/636 369/571/637
f 1037/568/634 1953/567/633 1035/572/629
f 367/574/638 1040/2318/2194 1954/575/639
f 1704/576/640 1646/1372/1340 464/577/641
f 1954/575/639 1041/587/651 372/579/643
f 1039/570/636 1954/575/639 1042/580/644
f 1141/582/646 2188/1855/1778 1610/583/647
f 1610/583/647 618/2319/2234 1142/827/858
f 1142/827/858 1993/581/645 1610/583/647
f 1044/584/648 370/591/655 1045/585/649
f 1045/585/649 372/579/643 1041/587/651
f 1955/586/650 1041/587/651 371/588/652
f 1046/590/654 1956/593/656 1045/585/649
f 365/592/625 1033/594/624 1956/593/656
f 1033/594/624 366/565/631 1047/595/657
f 1956/593/656 1047/595/657 372/579/643
f 1036/596/630 1957/600/658 1047/597/657
f 369/599/637 1042/2320/644 1957/600/658
f 1047/602/657 1957/600/658 1042/603/644
f 1009/2321/569 289/484/1049 1304/2322/2235
f 2064/606/660 1297/1238/1185 302/605/659
f 1009/2321/569 1304/2322/2235 296/492/574
f 1304/2322/2235 2064/606/660 296/492/574
f 1049/607/661 416/2323/909 1050/608/662
f 1050/608/662 418/620/673 1051/610/664
f 1958/609/663 1051/610/664 417/611/665
f 964/2306/468 1930/399/502 249/367/470
f 1930/399/502 2090/613/667 249/367/470
f 1844/2265/2209 2285/2264/2208 103/2324/2236
f 2285/2264/2208 2286/2227/2211 106/615/669
f 103/2324/2236 2285/2264/2208 853/2325/2237
f 2286/2227/2211 1845/2326/2238 106/615/669
f 1845/2326/2238 117/274/2239 106/615/669
f 106/615/669 105/2327/49 99/2328/49
f 105/2327/49 104/2329/49 854/2330/49
f 850/2331/49 105/2327/49 96/2332/49
f 853/2325/2237 2285/2264/2208 102/2333/2240
f 102/2333/2240 2285/2264/2208 852/617/670
f 105/2327/49 850/2331/49 99/2328/49
f 854/2330/49 95/2334/49 105/2327/49
f 95/2334/49 847/2335/49 105/2327/49
f 847/2335/49 96/2332/49 105/2327/49
f 96/2332/49 848/2336/49 850/2331/49
f 848/2336/49 97/2337/49 98/2338/49
f 850/2331/49 848/2336/49 98/2338/49
f 97/2337/49 849/2339/49 98/2338/49
f 852/617/670 2285/2264/2208 106/615/669
f 101/2340/49 852/617/670 855/616/49
f 855/616/49 106/615/669 99/2328/49
f 855/616/49 100/2263/49 851/2262/49
f 851/2262/49 101/2340/49 855/616/49
f 1959/394/497 1052/2305/680 421/618/671
f 1959/394/497 1053/619/672 418/620/673
f 1055/621/674 1960/625/678 1054/622/675
f 419/624/677 1056/626/679 1960/625/678
f 1056/626/679 421/634/671 1052/627/680
f 1960/625/678 1052/627/680 420/628/496
f 1057/629/681 1961/631/683 1056/626/679
f 423/630/682 1058/632/684 1961/631/683
f 1058/632/684 424/640/691 1059/633/685
f 1961/631/683 1059/633/685 421/634/671
f 415/635/686 1061/638/689 1962/636/687
f 1061/638/689 422/2163/692 1062/639/690
f 1962/636/687 1062/639/690 424/640/691
f 1060/637/688 1962/636/687 1058/641/684
f 422/643/692 1063/2341/1515 1963/644/693
f 248/646/464 417/2342/665 1063/1609/1515
f 417/2342/665 1051/610/664 1063/1609/1515
f 1051/610/664 1963/644/693 1063/1609/1515
f 965/370/473 1926/369/472 963/364/467
f 1063/1609/1515 965/370/473 248/646/464
f 1963/644/693 1051/610/664 418/620/673
f 1062/645/690 1963/644/693 1064/647/694
f 1053/619/672 1964/653/695 1064/649/694
f 1059/651/685 1964/653/695 1053/652/672
f 424/648/691 1064/2343/694 1964/653/695
f 2258/2133/2085 1778/17/698 1152/859/881
f 1778/17/698 669/2259/2207 1153/654/696
f 1152/859/881 1778/17/698 1998/655/697
f 1066/656/699 504/397/500 1067/365/700
f 1067/365/700 506/663/706 1068/657/701
f 1965/358/461 1068/657/701 505/361/702
f 1011/658/576 296/2344/574 302/659/659
f 976/391/494 254/661/492 1930/399/502
f 254/661/492 1368/1355/1325 2090/613/667
f 1966/396/499 1069/2345/713 509/662/704
f 1966/396/499 1070/401/705 506/663/706
f 1072/664/707 1967/668/711 1071/665/708
f 507/667/710 1073/669/712 1967/668/711
f 1073/669/712 509/676/704 1069/670/713
f 1967/668/711 1069/670/713 508/671/714
f 1074/672/715 1968/673/717 1073/669/712
f 511/380/716 1075/674/718 1968/673/717
f 1075/674/718 512/406/725 1076/675/719
f 1968/673/717 1076/675/719 509/676/704
f 503/677/720 1078/680/723 1969/678/721
f 1078/680/723 510/684/726 1079/681/724
f 1969/678/721 1079/681/724 512/682/725
f 1077/679/722 1969/678/721 1075/683/718
f 510/684/726 1080/2346/882 1970/685/727
f 1970/685/727 1068/2347/701 506/686/706
f 1079/681/724 1970/685/727 1081/687/728
f 1070/688/705 1971/693/729 1081/408/728
f 1076/690/719 1971/693/729 1070/691/705
f 512/692/725 1081/2348/728 1971/693/729
f 517/412/730 1083/696/734 1972/694/731
f 520/418/733 1084/453/735 1972/694/731
f 1084/453/735 522/703/743 1085/697/736
f 1082/695/732 1972/694/731 1085/697/736
f 1086/699/738 1973/451/740 1084/453/735
f 524/700/739 1087/701/741 1973/451/740
f 1087/701/741 525/2349/749 1088/702/742
f 1973/451/740 1088/702/742 522/703/743
f 518/704/744 1090/707/747 1974/705/745
f 1090/707/747 523/438/750 1091/440/748
f 1974/705/745 1091/440/748 525/708/749
f 1089/706/746 1974/705/745 1087/709/741
f 523/438/750 1092/2350/861 1975/710/751
f 1975/710/751 1093/2351/760 528/711/752
f 1091/440/748 1975/710/751 1094/461/753
f 2259/395/756 1779/2134/2086 673/712/754
f 673/712/754 1155/2352/880 2003/713/755
f 1096/714/757 526/718/763 1097/433/758
f 1097/433/758 528/722/752 1093/716/760
f 1976/715/759 1093/716/760 527/429/761
f 1098/717/762 1977/719/764 1097/433/758
f 521/698/737 1085/720/736 1977/719/764
f 1085/720/736 522/703/743 1099/721/765
f 1977/719/764 1099/721/765 528/722/752
f 1088/723/742 1978/726/766 1099/724/765
f 525/708/749 1094/2353/753 1978/726/766
f 1099/455/765 1978/726/766 1094/728/753
f 543/730/767 1101/732/770 1979/731/768
f 1101/732/770 546/737/775 1102/733/771
f 1102/733/771 548/742/780 1103/734/772
f 1979/731/768 1103/734/772 547/735/773
f 1104/736/774 1980/739/777 1102/733/771
f 550/738/776 1105/740/778 1980/739/777
f 1105/740/778 551/2354/787 1106/741/779
f 1980/739/777 1106/741/779 548/742/780
f 544/484/781 1108/745/2241 1981/743/782
f 1108/745/784 549/750/789 1109/746/785
f 1981/743/786 1109/746/785 551/747/787
f 1107/744/788 1981/743/786 1105/748/778
f 549/750/789 1110/752/791 1982/751/790
f 1110/752/791 553/1779/801 1111/753/792
f 1982/751/790 1111/753/792 554/754/793
f 1109/746/785 1982/751/790 1112/755/794
f 545/756/795 1114/472/799 1983/757/796
f 552/759/798 1115/760/800 1983/757/796
f 1115/760/800 554/754/793 1111/761/792
f 1113/758/797 1983/757/796 1111/761/792
f 1116/764/802 1122/2355/840 598/2356/807
f 1122/2355/840 600/2357/838 1119/777/809
f 598/2356/807 1122/2355/840 1119/777/809
f 598/2356/807 547/2358/773 1116/764/802
f 547/2358/773 1103/763/772 1116/764/802
f 552/545/798 602/2359/819 1122/2355/840
f 602/2359/819 1121/2360/818 1122/2355/840
f 1121/2360/818 603/811/826 1122/2355/840
f 1122/2355/840 1116/764/802 552/545/798
f 1116/764/802 554/754/793 1115/760/800
f 1106/765/779 1984/768/803 1116/764/802
f 551/767/787 1112/2361/794 1984/768/803
f 1116/764/802 1984/768/803 1112/770/794
f 595/772/804 1118/776/808 1985/773/805
f 598/775/807 1119/777/809 1985/773/805
f 1119/777/809 600/2357/838 1120/778/810
f 1117/774/806 1985/773/805 1120/778/810
f 1860/107/103 733/110/106 11/330/2228
f 11/330/2228 94/168/166 1860/107/103
f 12/105/375 93/154/149 1872/176/174
f 93/154/149 829/179/177 1872/176/174
f 596/780/813 1124/783/816 1986/781/814
f 1124/783/816 601/788/821 1125/784/817
f 1125/784/817 603/793/826 1121/785/818
f 1986/781/814 1121/785/818 602/786/819
f 1126/787/820 1987/790/823 1125/784/817
f 605/789/822 1127/791/824 1987/790/823
f 1127/791/824 606/2362/833 1128/792/825
f 1987/790/823 1128/792/825 603/793/826
f 597/794/827 1130/797/2242 1988/795/828
f 1130/797/830 604/801/835 1131/798/831
f 1988/795/832 1131/798/831 606/799/833
f 1129/796/834 1988/795/832 1127/791/824
f 604/801/835 1132/803/837 1989/802/836
f 1132/803/837 599/2363/811 1120/804/810
f 1989/802/836 1120/804/810 600/805/838
f 1131/798/831 1989/802/836 1133/806/839
f 1122/807/840 1990/813/841 1133/808/839
f 1128/810/825 1990/813/841 1122/807/840
f 606/812/833 1133/808/839 1990/813/841
f 617/815/842 1135/818/845 1991/816/843
f 1135/818/845 620/559/849 1136/819/846
f 1136/819/846 622/825/855 1137/820/847
f 1991/816/843 1137/820/847 621/821/848
f 620/559/849 1138/823/851 1992/822/850
f 1138/823/851 624/591/860 1139/585/852
f 1992/822/850 1139/585/852 625/579/853
f 1136/819/846 1992/822/850 1140/824/854
f 2052/1154/1138 1278/428/856 985/434/526
f 1278/428/856 262/1748/1680 986/431/524
f 985/434/526 1278/428/856 1934/430/523
f 623/826/857 1143/828/859 1993/581/645
f 1143/828/859 625/604/853 1139/829/852
f 1141/830/646 1993/581/645 1139/829/852
f 1144/833/862 1994/835/864 1143/828/859
f 1143/828/859 623/2364/857 1144/833/862
f 623/2364/857 527/436/761 1144/833/862
f 527/436/761 1093/2351/760 1092/832/861
f 1093/2351/760 1975/710/751 1092/832/861
f 627/834/863 1145/836/865 1994/835/864
f 1145/836/865 628/842/872 1146/837/866
f 1994/835/864 1146/837/866 625/604/853
f 619/838/867 1148/840/870 1995/567/868
f 1148/840/870 626/561/873 1149/841/871
f 1995/567/868 1149/841/871 628/842/872
f 1147/839/869 1995/567/868 1145/843/865
f 626/561/873 1150/845/875 1996/844/874
f 1150/845/875 621/2365/848 1137/820/847
f 1996/844/874 1137/820/847 622/846/855
f 1149/841/871 1996/844/874 1151/847/876
f 1140/824/854 1997/853/877 1151/848/876
f 1146/850/866 1997/853/877 1140/595/854
f 628/852/872 1151/564/876 1997/853/877
f 1448/855/17 2123/1545/1471 1049/607/661
f 1049/607/661 1958/609/663 1448/855/17
f 1958/609/663 1048/612/666 1448/855/17
f 672/856/878 1154/857/879 1998/655/697
f 1154/857/879 674/866/888 1155/858/880
f 1152/859/881 1998/655/697 1155/858/880
f 1156/862/883 1999/864/885 1154/857/879
f 1154/857/879 672/856/878 1156/862/883
f 672/856/878 505/646/702 1156/862/883
f 505/646/702 1068/2347/701 1080/861/882
f 1068/2347/701 1970/685/727 1080/861/882
f 676/863/884 1157/865/886 1999/864/885
f 1157/865/886 677/895/894 1158/647/887
f 1999/864/885 1158/647/887 674/866/888
f 670/867/889 1160/870/892 2000/868/890
f 1160/870/892 675/874/895 1161/871/893
f 2000/868/890 1161/871/893 677/872/894
f 1159/869/891 2000/868/890 1157/639/886
f 675/874/895 1162/876/897 2001/875/896
f 1162/876/897 679/1570/907 1163/877/898
f 2001/875/896 1163/877/898 680/878/899
f 1161/871/893 2001/875/896 1164/879/900
f 1166/880/901 2002/883/905 1165/881/902
f 678/628/904 1167/627/906 2002/883/905
f 1167/627/906 680/878/899 1163/884/898
f 2002/883/905 1163/884/898 679/885/907
f 1069/2345/713 1966/396/499 508/887/714
f 1966/396/499 2227/398/501 508/887/714
f 1447/1543/1470 2122/395/498 416/888/909
f 2122/395/498 1959/394/497 416/888/909
f 2003/713/755 1155/2352/880 674/889/888
f 2003/713/755 1168/890/910 680/891/899
f 1158/647/887 2004/653/911 1168/893/910
f 677/895/894 1164/651/900 2004/653/911
f 1168/893/910 2004/653/911 1164/651/900
f 1170/42/41 2005/900/914 1169/897/912
f 319/899/913 1171/901/915 2005/900/914
f 1171/901/915 321/905/919 1172/902/916
f 2005/900/914 1172/902/916 318/903/917
f 1172/902/916 2006/906/920 1173/904/918
f 321/905/919 1174/907/921 2006/906/920
f 1174/907/921 322/911/925 1175/908/922
f 2006/906/920 1175/908/922 317/909/923
f 1175/908/922 2007/912/926 1176/910/924
f 322/911/925 1177/913/927 2007/912/926
f 1177/913/927 320/1201/1790 1178/914/928
f 2007/912/926 1178/914/928 315/915/929
f 258/916/930 1180/41/40 2008/917/931
f 1180/41/40 311/948/963 1181/919/933
f 2008/917/931 1181/919/933 313/920/934
f 1179/918/932 2008/917/931 1182/921/935
f 260/922/936 1182/921/935 2009/923/937
f 1182/921/935 313/920/934 1184/925/939
f 2009/923/937 1184/925/939 314/926/940
f 1183/924/938 2009/923/937 1185/927/941
f 259/928/942 1185/927/941 2010/929/943
f 1185/927/941 314/926/940 1187/931/945
f 2010/929/943 1187/931/945 312/932/946
f 1186/930/944 2010/929/943 1188/933/947
f 1190/935/949 2011/937/952 1189/936/950
f 316/898/39 1169/897/912 2011/937/952
f 1169/897/912 318/903/917 1191/938/953
f 2011/937/952 1191/938/953 326/939/954
f 1191/938/953 2012/941/956 1192/940/955
f 318/903/917 1173/904/918 2012/941/956
f 1173/904/918 317/909/923 1193/942/957
f 2012/941/956 1193/942/957 325/943/958
f 1193/942/957 2013/945/960 1194/944/959
f 317/909/923 1176/910/924 2013/945/960
f 1176/910/924 315/915/929 1195/946/961
f 2013/945/960 1195/946/961 323/947/962
f 311/948/963 1196/950/965 2014/949/964
f 1196/950/965 307/975/991 1197/951/966
f 2014/949/964 1197/951/966 309/952/967
f 1181/919/933 2014/949/964 1198/953/968
f 313/920/934 1198/953/968 2015/954/969
f 1198/953/968 309/952/967 1199/955/970
f 2015/954/969 1199/955/970 310/956/971
f 1184/925/939 2015/954/969 1200/957/972
f 314/926/940 1200/957/972 2016/958/973
f 1200/957/972 310/956/971 1201/959/974
f 2016/958/973 1201/959/974 308/960/975
f 1187/931/945 2016/958/973 1202/961/976
f 328/962/977 1204/254/980 2017/963/978
f 324/255/951 1189/936/950 2017/963/978
f 1189/936/950 326/939/954 1205/965/981
f 1203/964/979 2017/963/978 1205/965/981
f 330/966/982 1205/965/981 2018/967/983
f 326/939/954 1192/940/955 2018/967/983
f 1192/940/955 325/943/958 1207/969/985
f 1206/968/984 2018/967/983 1207/969/985
f 329/970/986 1207/969/985 2019/971/987
f 325/943/958 1194/944/959 2019/971/987
f 1194/944/959 323/947/962 1209/973/989
f 1208/972/988 2019/971/987 1209/973/989
f 307/975/991 1210/978/994 2020/976/992
f 303/977/993 1211/979/995 2020/976/992
f 1211/979/995 305/982/998 1212/980/996
f 1197/951/966 2020/976/992 1212/980/996
f 309/952/967 1212/980/996 2021/981/997
f 305/982/998 1213/983/999 2021/981/997
f 1213/983/999 306/986/1002 1214/984/1000
f 1199/955/970 2021/981/997 1214/984/1000
f 310/956/971 1214/984/1000 2022/985/1001
f 306/986/1002 1215/987/1003 2022/985/1001
f 1215/987/1003 304/1213/1187 1216/988/1004
f 1201/959/974 2022/985/1001 1216/988/1004
f 332/989/1005 1218/992/1008 2023/990/1006
f 1218/992/1008 328/962/977 1203/964/979
f 2023/990/1006 1203/964/979 330/966/982
f 1217/991/1007 2023/990/1006 1219/993/1009
f 334/994/1010 1219/993/1009 2024/995/1011
f 1219/993/1009 330/966/982 1206/968/984
f 2024/995/1011 1206/968/984 329/970/986
f 1220/996/1012 2024/995/1011 1221/997/1013
f 333/998/1014 1221/997/1013 2025/999/1015
f 1221/997/1013 329/970/986 1208/972/988
f 2025/999/1015 1208/972/988 327/974/990
f 1222/1000/1016 2025/999/1015 1223/1001/1017
f 1118/1003/808 595/772/804 543/730/767
f 1118/1003/808 1100/1004/769 547/1005/773
f 363/1006/1019 262/1748/1680 1270/1134/1123
f 262/1748/1680 1278/428/856 1270/1134/1123
f 1278/428/856 273/1133/1122 1270/1134/1123
f 1270/1134/1123 1267/1007/1020 363/1006/1019
f 1267/1007/1020 359/1115/1106 1274/1008/1021
f 596/780/813 1123/782/815 1114/1009/799
f 336/1010/1022 1225/1013/1025 2026/1011/1023
f 1225/1013/1025 341/535/609 1026/537/611
f 2026/1011/1023 1026/537/611 349/542/615
f 2026/1011/1023 1226/1014/1026 338/1015/1027
f 1226/1016/1026 2027/1020/1029 1227/1017/1028
f 349/1019/615 1023/1021/605 2027/1020/1029
f 1023/1021/605 345/1027/603 1228/1022/1030
f 2027/1020/1029 1228/1022/1030 337/1023/1031
f 1228/1024/1030 2028/1028/1033 1229/1025/1032
f 345/1027/603 1021/1029/598 2028/1028/1033
f 1021/1029/598 340/521/2243 1230/1030/1034
f 2028/1028/1033 1230/1030/1034 335/1031/1035
f 1231/1032/1036 2029/1035/1038 1003/1033/555
f 283/1034/1037 1232/2366/1065 2029/1035/1038
f 2029/1035/1038 1232/2366/1065 285/1036/1039
f 2029/1035/1038 1233/1037/1040 293/1038/560
f 293/1039/560 1233/1042/1040 2030/1040/1041
f 1233/1042/1040 285/1076/1039 1234/1043/1042
f 2030/1040/1041 1234/1043/1042 286/1044/1043
f 1005/1041/559 2030/1040/1041 1235/1045/1044
f 297/479/561 1235/1048/1044 2031/1046/1045
f 1235/1048/1044 286/1044/1043 1236/1049/1046
f 2031/1046/1045 1236/1049/1046 284/1050/1047
f 1008/1047/573 2031/1046/1045 1237/1051/1048
f 1239/1052/1050 2032/1056/1053 1238/1053/1051
f 336/1055/1022 1224/1057/1024 2032/1056/1053
f 1224/1057/1024 338/1018/1027 1240/1058/1054
f 2032/1056/1053 1240/1058/1054 354/1059/1055
f 1240/1058/1054 2033/1061/1057 1241/1060/1056
f 338/1018/1027 1227/1017/1028 2033/1061/1057
f 1227/1017/1028 337/1023/1031 1242/1062/1058
f 2033/1061/1057 1242/1062/1058 353/1063/1059
f 1242/1062/1058 2034/1065/1061 1243/1064/1060
f 337/1023/1031 1229/1066/1032 2034/1065/1061
f 1229/1066/1032 335/1031/1035 1244/1067/1062
f 2034/1065/1061 1244/1067/1062 351/1068/1063
f 283/1069/1037 1245/1072/1066 2035/1070/1064
f 1245/1072/1066 279/1101/1092 1246/1073/1067
f 2035/1070/1064 1246/1073/1067 281/1074/1068
f 1232/1071/1065 2035/1070/1064 1247/1075/1069
f 285/1076/1039 1247/1075/1069 2036/1077/1070
f 1247/1075/1069 281/1074/1068 1248/1078/1071
f 2036/1077/1070 1248/1078/1071 282/1079/1072
f 1234/1043/1042 2036/1077/1070 1249/1080/1073
f 286/1044/1043 1249/1080/1073 2037/1081/1074
f 1249/1080/1073 282/1079/1072 1250/1083/1075
f 2037/1081/1074 1250/1083/1075 280/1084/1076
f 1236/1082/1046 2037/1081/1074 1251/1085/1077
f 1253/1087/1078 2038/1090/1081 1252/1088/1079
f 352/1054/1052 1238/1053/1051 2038/1090/1081
f 1238/1053/1051 354/1059/1055 1254/1091/1082
f 2038/1090/1081 1254/1091/1082 358/1092/1083
f 1254/1091/1082 2039/1094/1085 1255/1093/1084
f 354/1059/1055 1241/1060/1056 2039/1094/1085
f 1241/1060/1056 353/1063/1059 1256/1095/1086
f 2039/1094/1085 1256/1095/1086 357/1096/1087
f 1256/1095/1086 2040/1098/1089 1257/1097/1088
f 353/1063/1059 1243/1064/1060 2040/1098/1089
f 1243/1064/1060 351/1068/1063 1258/1099/1090
f 2040/1098/1089 1258/1099/1090 355/1100/1091
f 279/1101/1092 1259/1103/1094 2041/1102/1093
f 1259/1103/1094 275/1131/1120 1260/1104/1095
f 2041/1102/1093 1260/1104/1095 277/1105/1096
f 1246/1073/1067 2041/1102/1093 1261/1106/1097
f 281/1074/1068 1261/1106/1097 2042/1107/1098
f 1261/1106/1097 277/1105/1096 1262/1108/1099
f 2042/1107/1098 1262/1108/1099 278/1109/1100
f 1248/1078/1071 2042/1107/1098 1263/1110/1101
f 282/1079/1072 1263/1110/1101 2043/1111/1102
f 1263/1110/1101 278/1109/1100 1264/1112/1103
f 2043/1111/1102 1264/1112/1103 276/1113/1104
f 1250/1083/1075 2043/1111/1102 1265/1114/1105
f 359/1115/1106 1267/1118/1020 2044/1116/1107
f 356/1089/1080 1252/1088/1079 2044/1116/1107
f 1252/1088/1079 358/1092/1083 1268/1119/1109
f 2044/1116/1107 1268/1119/1109 360/1120/1110
f 624/2367/860 1138/1123/851 1609/1122/1112
f 1138/1123/851 2182/1839/1764 616/1121/1111
f 2182/1839/1764 1600/1840/1765 616/1121/1111
f 358/1092/1083 1255/1093/1084 2045/1124/1113
f 1255/1093/1084 357/1096/1087 1269/1125/1114
f 2181/1126/1115 1599/1125/1762 1608/1127/1116
f 357/1096/1087 1257/1097/1088 2046/1129/1118
f 2049/1130/1119 2053/1158/1141 1281/1161/1143
f 1281/1161/1143 276/1113/1104 2049/1130/1119
f 275/1131/1120 1270/1134/1123 2047/1132/1121
f 273/1133/1122 1271/2368/1139 2047/1132/1121
f 2047/1132/1121 1271/2368/1139 274/1135/1124
f 1260/1104/1095 2047/1132/1121 1272/1136/1125
f 277/1105/1096 1272/1136/1125 2048/1137/1126
f 365/1151/625 1046/1879/654 1276/1138/1127
f 1046/1879/654 2045/1124/1113 1276/1138/1127
f 1262/1108/1099 2048/1137/1126 1273/1139/1128
f 278/1109/1100 1273/1139/1128 2049/1130/1119
f 2184/1140/1129 2189/1144/1133 1612/1141/1130
f 1593/1826/1751 531/1824/1749 2184/1140/1129
f 531/1824/1749 1611/1143/1132 2184/1140/1129
f 359/1145/1106 1266/1148/1108 2050/1146/1134
f 1266/1148/1108 360/2369/1110 1275/1149/1135
f 2050/1146/1134 1275/1149/1135 370/831/655
f 365/1151/625 1276/1138/1127 2051/1152/1136
f 1030/554/620 2051/1152/1136 1277/1153/1137
f 273/1133/1122 1278/428/856 2052/1154/1138
f 2052/1154/1138 985/434/526 268/435/527
f 1271/1155/1139 2052/1154/1138 1279/1156/1140
f 264/419/512 979/1160/508 2053/1158/1141
f 979/1160/508 261/412/505 1281/1161/1143
f 413/76/71 1048/612/666 962/1162/466
f 1038/1163/635 362/566/632 263/443/533
f 937/78/349 936/43/42 135/127/341
f 1048/612/666 417/611/665 248/646/464
f 1291/1166/1145 1186/930/944 257/1167/948
f 1378/308/1147 436/310/2244 428/1169/1148
f 196/1173/1151 1290/1192/1166 2057/1171/1150
f 2057/1171/1150 1183/1193/938 259/1172/942
f 1174/907/921 321/1179/919 1284/1174/1152
f 2054/1175/1153 1284/1174/1152 192/1176/1154
f 1284/1174/1152 2055/1180/1157 1285/1178/1156
f 321/1179/919 1171/1181/915 2055/1180/1157
f 1171/1181/915 319/899/913 1286/1182/1158
f 2055/1180/1157 1286/1182/1158 190/1183/1159
f 193/1184/1160 1288/1187/1163 2056/1185/1161
f 1288/1187/1163 258/2370/930 1179/1188/932
f 2056/1185/1161 1179/1188/932 260/1189/936
f 1287/1186/1162 2056/1185/1161 1289/1190/1164
f 195/1191/1165 1289/1190/1164 2057/1171/1150
f 1289/1190/1164 260/1189/936 1183/1193/938
f 687/1196/1169 516/2371/1602 2193/1194/1167
f 516/2371/1602 1516/1695/1603 2193/1194/1167
f 1504/1197/1170 1619/1200/1173 684/1198/1171
f 1619/1200/1173 1504/1197/1170 575/1201/1174
f 1292/23/1176 2058/1204/1178 1211/979/995
f 299/1203/1177 1293/1205/1179 2058/1204/1178
f 1293/1205/1179 301/1207/1181 1294/1206/1180
f 2058/1204/1178 1294/1206/1180 305/982/998
f 1294/1206/1180 2059/1208/1182 1213/983/999
f 301/1207/1181 1295/660/703 2059/1208/1182
f 1295/660/703 302/659/659 1296/1209/1183
f 2059/1208/1182 1296/1209/1183 306/986/1002
f 1296/1209/1183 2060/1210/1184 1215/987/1003
f 302/659/659 1297/1211/1185 2060/1210/1184
f 1297/1211/1185 300/1237/1207 1298/1212/1186
f 2060/1210/1184 1298/1212/1186 304/1213/1187
f 1299/1214/1188 2061/1216/1190 1014/1215/584
f 332/989/1189 1217/1217/1191 2061/1216/1190
f 1217/1217/1191 334/2372/2245 1300/1218/1192
f 2061/1216/1190 1300/1218/1192 342/1219/589
f 599/2373/811 1132/1908/837 1633/1222/1195
f 1132/1908/837 1553/1220/1193 1633/1222/1195
f 339/507/581 1013/509/583 997/1004/548
f 1550/1000/1667 590/1236/1671 2198/1224/1197
f 590/1236/1671 604/1225/835 2198/1224/1197
f 1130/2374/830 597/794/2246 1632/1223/1196
f 1130/2374/830 1632/1223/1196 604/1225/835
f 2062/1226/1198 1222/1000/1016 331/1002/1018
f 299/1203/1200 1302/1230/1203 2063/1228/1201
f 1302/1230/1203 287/462/544 996/464/546
f 2063/1228/1201 996/464/546 291/469/551
f 1293/1229/1202 2063/1228/1201 1303/1231/1204
f 342/515/589 1300/1232/1192 1017/514/588
f 1300/1232/1192 334/994/2245 1220/996/1012
f 1104/1233/774 1628/660/1806 557/1234/1206
f 2062/1226/1198 1301/1227/1199 346/1897/590
f 1301/1227/1199 340/521/2243 1020/2375/602
f 1020/2375/602 346/1897/590 1301/1227/1199
f 346/1897/590 333/1236/1014 2062/1226/1198
f 2064/606/660 1304/2322/2235 300/1237/1207
f 1306/1239/1208 2065/1243/1212 1305/1240/1209
f 205/1242/1211 1307/1244/1213 2065/1243/1212
f 1307/1244/1213 207/1248/459 1308/1245/1214
f 2065/1243/1212 1308/1245/1214 212/1246/1215
f 1308/1245/1214 2066/1249/1217 1309/1247/1216
f 207/1248/459 1310/1250/1218 2066/1249/1217
f 1310/1250/1218 208/1254/1222 1311/1251/1219
f 2066/1249/1217 1311/1251/1219 211/1252/1220
f 1311/1251/1219 2067/1255/1223 1312/1253/1221
f 208/1254/1222 1313/1256/1224 2067/1255/1223
f 1313/1256/1224 206/7/7 1314/4/4
f 2067/1255/1223 1314/4/4 209/1257/1225
f 1316/1258/1226 2068/1261/1229 1315/1259/1227
f 210/1241/1210 1305/1240/1209 2068/1261/1229
f 1305/1240/1209 212/1246/1215 1317/1262/1230
f 2068/1261/1229 1317/1262/1230 216/1263/1231
f 1317/1262/1230 2069/1265/1233 1318/1264/1232
f 212/1246/1215 1309/1247/1216 2069/1265/1233
f 1309/1247/1216 211/1252/1220 1319/1266/1234
f 2069/1265/1233 1319/1266/1234 215/1267/1235
f 1319/1266/1234 2070/1269/1237 1320/1268/1236
f 211/1252/1220 1312/1253/1221 2070/1269/1237
f 1312/1253/1221 209/1257/1225 1321/9/9
f 2070/1269/1237 1321/9/9 213/1270/1238
f 218/1271/1239 1323/1274/1242 2071/1272/1240
f 214/1260/1228 1315/1259/1227 2071/1272/1240
f 1315/1259/1227 216/1263/1231 1324/1275/1243
f 1322/1273/1241 2071/1272/1240 1324/1275/1243
f 220/1276/1244 1324/1275/1243 2072/1277/1245
f 216/1263/1231 1318/1264/1232 2072/1277/1245
f 1318/1264/1232 215/1267/1235 1326/1279/1247
f 1325/1278/1246 2072/1277/1245 1326/1279/1247
f 219/1280/1248 1326/1279/1247 2073/1281/1249
f 215/1267/1235 1320/1268/1236 2073/1281/1249
f 1320/1268/1236 213/1270/1238 1328/1283/1251
f 1327/1282/1250 2073/1281/1249 1328/1283/1251
f 222/32/30 1330/1286/1255 2074/1284/1253
f 1330/1286/1255 218/1271/1239 1322/1273/1241
f 2074/1284/1253 1322/1273/1241 220/1276/1244
f 1329/1285/1254 2074/1284/1253 1331/1287/1256
f 224/264/259 1331/1287/1256 2075/1288/1257
f 1331/1287/1256 220/1276/1244 1325/1278/1246
f 2075/1288/1257 1325/1278/1246 219/1280/1248
f 1332/273/272 2075/1288/1257 1333/1289/1258
f 223/13/1259 1333/1289/1258 2076/1290/1260
f 1333/1289/1258 219/1280/1248 1327/1282/1250
f 2076/1290/1260 1327/1282/1250 217/18/1252
f 1334/1291/1261 2076/1290/1260 1335/21/1262
f 230/1293/1264 1337/1296/1267 2077/1294/1265
f 1337/1296/1267 225/34/32 1338/33/31
f 2077/1294/1265 1338/33/31 227/266/261
f 1336/1295/1266 2077/1294/1265 1339/1297/1268
f 232/1298/1269 1339/1297/1268 2078/1299/1270
f 1339/1297/1268 227/266/261 1341/265/260
f 2078/1299/1270 1341/265/260 228/257/1272
f 1340/1300/1271 2078/1299/1270 1342/1301/1273
f 231/1302/1274 1342/1301/1273 2079/1303/1275
f 1342/1301/1273 228/257/1272 1344/256/1277
f 2079/1303/1275 1344/256/1277 226/1305/1278
f 1343/1304/1276 2079/1303/1275 1345/1306/1279
f 234/1308/1281 1347/1311/1284 2080/1309/1282
f 1347/1311/1284 230/1293/1264 1336/1295/1266
f 2080/1309/1282 1336/1295/1266 232/1298/1269
f 1346/1310/1283 2080/1309/1282 1348/1312/1285
f 236/1313/1286 1348/1312/1285 2081/1314/1287
f 1348/1312/1285 232/1298/1269 1340/1300/1271
f 2081/1314/1287 1340/1300/1271 231/1302/1274
f 1349/1315/1288 2081/1314/1287 1350/1316/1289
f 235/1317/1290 1350/1316/1289 2082/1318/1291
f 1350/1316/1289 231/1302/1274 1343/1304/1276
f 2082/1318/1291 1343/1304/1276 229/1307/1280
f 1351/1319/1292 2082/1318/1291 1352/1320/1293
f 1354/1321/1295 2083/1324/1298 1353/1322/1296
f 234/1308/1281 1346/1310/1283 2083/1324/1298
f 1346/1310/1283 236/1313/1286 1355/1325/1299
f 2083/1324/1298 1355/1325/1299 240/1326/1300
f 1355/1325/1299 2084/1328/1302 1356/1327/1301
f 236/1313/1286 1349/1315/1288 2084/1328/1302
f 1349/1315/1288 235/1317/1290 1357/1329/1303
f 2084/1328/1302 1357/1329/1303 239/1330/1304
f 1357/1329/1303 2085/1332/1306 1358/1331/1305
f 235/1317/1290 1351/1319/1292 2085/1332/1306
f 1351/1319/1292 233/39/1294 1359/37/1307
f 2085/1332/1306 1359/37/1307 237/1333/1308
f 1361/1334/1309 2086/1337/1312 1360/1335/1310
f 238/1323/1297 1353/1322/1296 2086/1337/1312
f 1353/1322/1296 240/1326/1300 1362/1338/1313
f 2086/1337/1312 1362/1338/1313 244/1339/1314
f 1362/1338/1313 2087/1341/1316 1363/1340/1315
f 240/1326/1300 1356/1327/1301 2087/1341/1316
f 1356/1327/1301 239/1330/1304 1364/1342/1317
f 2087/1341/1316 1364/1342/1317 243/1343/1318
f 1364/1342/1317 2088/1345/1320 1365/1344/1319
f 239/1330/1304 1358/1331/1305 2088/1345/1320
f 1358/1331/1305 237/1333/1308 1366/1346/1321
f 2088/1345/1320 1366/1346/1321 241/1347/1322
f 1367/1348/1323 2089/1351/1324 975/1349/489
f 242/1350/1311 1360/1352/1310 2089/1351/1324
f 1360/1352/1310 244/2376/1314 1368/1353/1325
f 2089/1351/1324 1368/1353/1325 254/1354/492
f 244/1339/1314 1363/1340/1315 2090/613/667
f 1363/1340/1315 243/1343/1318 1369/614/668
f 249/397/470 1369/614/668 2091/1356/1326
f 1369/614/668 243/1343/1318 1365/1358/1319
f 2091/1356/1326 1365/1358/1319 241/1347/1322
f 1372/1359/1327 2092/1362/1330 1371/1360/1328
f 206/7/7 1313/1256/1224 2092/1362/1330
f 1313/1256/1224 208/1366/1222 1373/1363/1331
f 2092/1362/1330 1373/1363/1331 199/1364/1332
f 1373/1363/1331 2093/355/458 1374/1365/1333
f 208/1366/1222 1310/1919/1218 2093/355/458
f 691/578/642 464/577/641 2229/1367/1334
f 464/577/641 1643/1919/1836 2229/1367/1334
f 450/1368/1336 1481/2377/2247 2133/1369/1337
f 689/1371/1339 462/1242/1841 1646/1372/1340
f 1444/1373/1341 1366/1346/1321 237/1333/1308
f 1549/1375/1343 560/1739/1665 583/1376/1344
f 1329/1285/1254 224/264/259 227/266/261
f 434/1377/1345 1377/261/256 1465/263/258
f 433/1379/1347 1378/308/1147 1466/1170/1149
f 1379/1380/1348 2094/1382/1349 1031/1381/622
f 1379/1380/1348 247/388/491 974/387/490
f 974/387/490 255/392/495 1380/1383/1350
f 1031/1381/622 2094/1382/1349 1380/1383/1350
f 364/1385/621 1380/1388/1350 2095/1386/1351
f 255/392/495 971/1389/485 2095/1386/1351
f 971/1389/485 251/2378/483 1381/1390/1352
f 1034/1387/626 2095/1386/1351 1381/1390/1352
f 368/1392/627 1381/1394/1352 2096/1393/1353
f 251/380/483 969/1395/480 2096/1393/1353
f 969/1395/480 246/374/477 1382/1396/1354
f 1037/840/634 2096/1393/1353 1382/1396/1354
f 374/1397/1355 1384/1400/1358 2097/1398/1356
f 1384/1400/1358 377/1418/1372 1385/1401/1359
f 2097/1398/1356 1385/1401/1359 379/1402/1360
f 1383/1399/1357 2097/1398/1356 1386/1403/1361
f 376/1405/1362 1386/1408/1361 2098/1406/1363
f 1386/1408/1361 379/1424/1360 1388/1409/1365
f 2098/1406/1363 1388/1409/1365 380/1410/1366
f 1387/1407/1364 2098/1406/1363 1389/1411/1367
f 375/1413/1368 1389/1416/1367 2099/1414/1369
f 1389/1416/1367 380/1430/1366 1391/1417/1371
f 2099/1414/1369 1391/1417/1371 378/10/10
f 1390/1415/1370 2099/1414/1369 1392/6/6
f 377/1418/1372 1393/1420/1374 2100/1419/1373
f 1393/1420/1374 381/1435/1385 1394/1421/1375
f 2100/1419/1373 1394/1421/1375 383/1422/1376
f 1385/1401/1359 2100/1419/1373 1395/1423/1377
f 379/1424/1360 1395/1426/1377 2101/1425/1378
f 1395/1426/1377 383/1441/1376 1396/1427/1379
f 2101/1425/1378 1396/1427/1379 384/1428/1380
f 1388/1409/1365 2101/1425/1378 1397/1429/1381
f 380/1430/1366 1397/1432/1381 2102/1431/1382
f 1397/1432/1381 384/1447/1380 1398/1433/1383
f 2102/1431/1382 1398/1433/1383 382/1434/1384
f 1391/1417/1371 2102/1431/1382 1399/11/11
f 381/1435/1385 1400/1438/1388 2103/1436/1386
f 385/1437/1387 1401/1439/1389 2103/1436/1386
f 1401/1439/1389 387/1457/1392 1402/1440/1390
f 1394/1421/1375 2103/1436/1386 1402/1440/1390
f 383/1441/1376 1402/1444/1390 2104/1442/1391
f 387/1443/1392 1403/1445/1393 2104/1442/1391
f 1403/1445/1393 388/1462/1396 1404/1446/1394
f 1396/1427/1379 2104/1442/1391 1404/1446/1394
f 384/1447/1380 1404/1450/1394 2105/1448/1395
f 388/1449/1396 1405/1451/1397 2105/1448/1395
f 1405/1451/1397 386/20/1409 1406/1452/1398
f 1398/1433/1383 2105/1448/1395 1406/1452/1398
f 1407/1453/1399 2106/1454/1400 1401/1439/1389
f 389/259/254 1408/1455/33 2106/1454/1400
f 1408/1455/33 391/36/35 1409/1456/1401
f 2106/1454/1400 1409/1456/1401 387/1457/1392
f 1409/1458/1401 2107/1459/1402 1403/1445/1393
f 391/271/35 1410/1460/1403 2107/1459/1402
f 1410/1460/1403 392/2379/1405 1411/1461/1404
f 2107/1459/1402 1411/1461/1404 388/1462/1396
f 1411/1463/1404 2108/1464/1406 1405/1451/1397
f 392/48/1405 1412/1465/1407 2108/1464/1406
f 1412/1465/1407 390/22/2187 1413/1466/1408
f 2108/1464/1406 1413/1466/1408 386/20/1409
f 1415/1467/1410 2109/1471/1413 1414/1468/255
f 397/1470/1412 1416/1472/1414 2109/1471/1413
f 1416/1472/1414 399/1493/1416 1417/1473/1415
f 2109/1471/1413 1417/1473/1415 396/35/34
f 1417/1474/1415 2110/1477/1417 1418/1475/268
f 399/1476/1416 1419/1478/1418 2110/1477/1417
f 1419/1478/1418 400/1499/1422 1420/1479/1419
f 2110/1477/1417 1420/1479/1419 395/46/1420
f 1420/1480/1419 2111/1484/1423 1421/1481/1421
f 400/1483/1422 1422/1485/1424 2111/1484/1423
f 1422/1485/1424 398/1505/1440 1423/1486/1425
f 2111/1484/1423 1423/1486/1425 393/1487/1426
f 1424/1488/1427 2112/1490/1429 1416/1472/1414
f 401/1489/1428 1425/1491/1430 2112/1490/1429
f 1425/1491/1430 403/1511/1432 1426/1492/1431
f 2112/1490/1429 1426/1492/1431 399/1493/1416
f 1426/1494/1431 2113/1496/1433 1419/1478/1418
f 403/1495/1432 1427/1497/1434 2113/1496/1433
f 1427/1497/1434 404/1501/1436 1428/1498/1435
f 2113/1496/1433 1428/1498/1435 400/1499/1422
f 1428/1500/1435 2114/1502/1437 1422/1485/1424
f 404/1501/1436 1429/1503/1438 2114/1502/1437
f 1429/1503/1438 402/38/1453 1430/1504/1439
f 2114/1502/1437 1430/1504/1439 398/1505/1440
f 401/1489/1428 1431/1507/1442 2115/1506/1441
f 1431/1507/1442 405/1520/1454 1432/1508/1443
f 2115/1506/1441 1432/1508/1443 407/1509/1444
f 1425/1491/1430 2115/1506/1441 1433/1510/1445
f 403/1495/1432 1433/1513/1445 2116/1512/1446
f 1433/1513/1445 407/1526/1444 1434/1514/1447
f 2116/1512/1446 1434/1514/1447 408/1515/1448
f 1427/1497/1434 2116/1512/1446 1435/1516/1449
f 404/1501/1436 1435/1516/1449 2117/1517/1450
f 1435/1516/1449 408/1532/1448 1436/1518/1451
f 2117/1517/1450 1436/1518/1451 406/1374/1342
f 1429/1503/1438 2117/1517/1450 1437/1519/1452
f 405/1520/1454 1438/1522/1456 2118/1521/1455
f 1438/1522/1456 409/1538/1466 1439/1523/1457
f 2118/1521/1455 1439/1523/1457 411/1524/1458
f 1432/1508/1443 2118/1521/1455 1440/1525/1459
f 407/1526/1444 1440/1528/1459 2119/1527/1460
f 1440/1528/1459 411/1542/1458 1441/1529/1461
f 2119/1527/1460 1441/1529/1461 412/1530/1462
f 1434/1514/1447 2119/1527/1460 1442/1531/1463
f 408/1532/1448 1442/1534/1463 2120/1533/1464
f 1442/1534/1463 412/2380/1462 1443/1535/1465
f 2120/1533/1464 1443/1535/1465 410/1536/16
f 1436/1518/1451 2120/1533/1464 1444/1537/1341
f 409/1538/1466 1445/1540/1468 2121/1539/1467
f 1445/1540/1468 414/623/676 1054/622/675
f 2121/1539/1467 1054/622/675 420/628/496
f 1439/1523/1457 2121/1539/1467 1446/1541/1469
f 411/1542/1458 1446/2304/1469 2122/395/498
f 1441/1529/1461 2122/395/498 1447/1543/1470
f 1447/1543/1470 2123/1545/1471 1443/1544/1465
f 416/888/909 1049/859/661 2123/1545/1471
f 2123/1545/1471 1448/855/17 410/16/16
f 1307/1546/1213 205/1242/1211 198/1547/1472
f 1786/1550/1476 631/1404/1984 1723/2009/1947
f 1723/2009/1947 1787/1548/1474 1786/1550/1476
f 696/1552/1475 1785/2143/2097 2262/1553/1477
f 2262/1553/1477 1720/2045/1979 631/1405/1984
f 631/1405/1984 1786/1551/1476 2262/1553/1477
f 2124/1554/1478 1387/1407/1364 375/1412/1368
f 1451/1556/1480 2124/1554/1478 1452/1555/1479
f 204/1557/1481 1452/1555/1479 2125/1558/1482
f 1452/1555/1479 375/1412/1368 1390/1560/1370
f 2125/1558/1482 1390/1560/1370 373/1561/5
f 1453/1559/1483 2125/1558/1482 1454/1562/8
f 45/127/123 823/43/73 824/78/75
f 1570/1564/1486 1563/2261/1693 596/780/813
f 478/1292/1487 481/1959/2112 650/1565/1488
f 1455/1566/1490 2126/1568/1491 1055/1567/674
f 1455/1566/1490 261/412/505 978/414/507
f 978/414/507 265/418/511 1456/1569/1492
f 1055/1567/674 2126/1568/1491 1456/1569/1492
f 419/885/677 1456/1574/1492 2127/1571/1493
f 265/1573/511 994/1575/541 2127/1571/1493
f 994/1575/541 270/2381/539 1457/1576/1494
f 1057/1572/681 2127/1571/1493 1457/1576/1494
f 423/1577/682 1457/1580/1494 2128/1578/1495
f 270/450/539 992/1581/536 2128/1578/1495
f 992/1581/536 263/443/533 1458/1582/1496
f 1060/1579/688 2128/1578/1495 1458/1582/1496
f 1142/1583/858 618/2319/2234 519/427/520
f 1061/1585/689 415/635/686 246/374/477
f 1159/869/891 676/873/884 510/684/726
f 518/704/744 619/838/867 1147/839/869
f 704/1588/1497 711/1602/2119 1792/1589/1498
f 1142/1583/858 1095/1584/519 527/436/761
f 1196/950/965 311/948/963 316/40/39
f 1412/1465/1500 1421/1481/2183 393/1487/1488
f 1469/1593/1501 1460/283/293 435/1594/1502
f 438/1596/1504 430/267/265 1467/1597/1505
f 1464/1599/1507 2129/1603/1511 1463/1600/1508
f 439/1602/1510 1459/2382/2193 2129/1603/1511
f 699/1378/1514 705/1377/2115 1792/2383/1498
f 705/1377/2115 1711/1590/1499 1792/2383/1498
f 1792/2383/1498 2266/1604/1512 699/1378/1514
f 276/1113/1104 1281/1161/1143 409/2384/1466
f 1281/1161/1143 261/412/505 1445/1540/1468
f 1445/1540/1468 261/412/505 414/623/676
f 261/412/505 1455/1566/1490 414/623/676
f 1445/1540/1468 409/2384/1466 1281/1161/1143
f 409/2384/1466 1438/2385/1456 276/1113/1104
f 1438/2385/1456 405/1520/1454 276/1113/1104
f 405/1520/1454 1431/2386/1442 1265/1114/1105
f 1431/2386/1442 401/2387/1428 280/1084/1076
f 401/2387/1428 1424/1488/1427 280/1084/1076
f 1424/1488/1427 397/1470/1412 1251/1085/1077
f 397/1470/1412 1415/1467/1410 284/1086/1047
f 1415/1467/1410 394/1469/1411 1237/1051/1048
f 284/1086/1047 1415/1467/1410 1237/1051/1048
f 374/1397/1355 201/2169/2117 194/1168/1146
f 194/1168/1146 257/934/948 374/1397/1355
f 257/934/948 1188/933/947 1384/2388/1358
f 374/1397/1355 257/934/948 1384/2388/1358
f 1188/933/947 312/932/946 377/2389/1372
f 312/932/946 1202/961/976 1393/2390/1374
f 1202/961/976 308/960/975 381/2391/1385
f 308/960/975 1216/988/1004 1400/2392/1388
f 381/2391/1385 308/960/975 1400/2392/1388
f 1216/988/1004 304/1213/1187 1400/2392/1388
f 304/1213/1187 1298/1212/1186 385/1607/1387
f 300/1237/1207 1304/2322/2235 389/259/254
f 1304/2322/2235 289/2393/1049 394/1469/1411
f 304/1213/1187 385/1607/1387 1400/2392/1388
f 1298/1212/1186 300/1237/1207 1407/1606/1399
f 312/932/946 1393/2390/1374 377/2389/1372
f 1393/2390/1374 1202/961/976 381/2391/1385
f 1431/2386/1442 280/1084/1076 1265/1114/1105
f 1424/1488/1427 1251/1085/1077 280/1084/1076
f 1251/1085/1077 397/1470/1412 284/1086/1047
f 1265/1114/1105 276/1113/1104 405/1520/1454
f 377/2389/1372 1384/2388/1358 1188/933/947
f 289/2393/1049 1237/1051/1048 394/1469/1411
f 1304/2322/2235 394/1469/1411 389/259/254
f 300/1237/1207 389/259/254 1407/1606/1399
f 428/1169/1148 436/310/2244 1462/1598/1506
f 1123/782/815 602/786/819 552/1608/798
f 1468/269/267 1461/268/266 437/285/295
f 1063/1609/1515 422/643/692 252/368/471
f 455/1610/1516 1471/1613/1519 2130/1611/1517
f 1471/1613/1519 451/2249/2204 1472/1614/1520
f 2130/1611/1517 1472/1614/1520 453/1615/1521
f 1470/1612/1518 2130/1611/1517 1473/1616/1522
f 457/1617/1523 1473/1616/1522 2131/1618/1524
f 1473/1616/1522 453/1615/1521 1475/1620/1526
f 2131/1618/1524 1475/1620/1526 452/1621/1527
f 1474/1619/1525 2131/1618/1524 1476/1622/1528
f 456/1623/1529 1476/1622/1528 2132/1624/1530
f 1476/1622/1528 452/1621/1527 1478/1626/1532
f 1478/1626/1532 450/1368/1336 1479/1370/1338
f 2132/1624/1530 1479/1370/1338 454/1627/1533
f 1186/930/944 1291/1166/1145 196/1173/1151
f 2133/1369/1337 1481/2377/2247 445/1628/1534
f 1480/1630/1536 2133/1369/1337 1482/1629/1535
f 1482/1629/1535 2134/1633/1539 1483/1632/1538
f 445/1628/1534 1484/1634/1540 2134/1633/1539
f 1484/1634/1540 444/1638/1544 1485/1635/1541
f 2134/1633/1539 1485/1635/1541 459/1636/1542
f 1485/1635/1541 2135/1639/1545 1486/1637/1543
f 444/1638/1544 1487/1640/1546 2135/1639/1545
f 1487/1640/1546 443/2245/2200 1488/1641/1547
f 2135/1639/1545 1488/1641/1547 458/1642/1548
f 1490/1643/1549 2136/1646/1552 1489/1644/1550
f 455/1610/1516 1470/1612/1518 2136/1646/1552
f 1470/1612/1518 457/1617/1523 1491/1647/1553
f 2136/1646/1552 1491/1647/1553 448/1648/1554
f 1491/1647/1553 2137/1650/1556 1492/1649/1555
f 1491/1647/1553 457/1617/1523 1474/1619/1525
f 2137/1650/1556 1474/1619/1525 456/1623/1529
f 2137/1650/1556 1493/1651/1557 449/1652/1558
f 449/1652/1558 1493/1651/1557 2138/1653/1559
f 1493/1651/1557 456/1623/1529 1477/1625/1531
f 2138/1653/1559 1477/1625/1531 454/1627/1533
f 1494/1654/1560 2138/1653/1559 1495/343/430
f 718/1655/1561 1834/2217/2182 2278/1656/1562
f 1823/1657/1563 2278/1656/1562 1820/1658/1564
f 1480/1630/1536 460/1631/1537 1497/1660/1566
f 2139/341/428 1497/1660/1566 441/1661/1567
f 441/1661/1567 1497/1660/1566 2140/1663/1569
f 460/1631/1537 1483/1632/1538 2140/1663/1569
f 1483/1632/1538 459/1636/1542 1499/1665/1571
f 1498/1664/1570 2140/1663/1569 1499/1665/1571
f 442/1666/1572 1499/1665/1571 2141/1667/1573
f 1499/1665/1571 459/1636/1542 1486/1637/1543
f 2141/1667/1573 1486/1637/1543 458/1642/1548
f 1500/1668/1574 2141/1667/1573 1501/1669/1575
f 572/915/1577 1503/1673/1580 2142/1671/1578
f 1503/1673/1580 575/1201/1174 1504/1674/1170
f 2142/1671/1578 1504/1674/1170 577/1675/1172
f 1502/1672/1579 2142/1671/1578 1505/1676/1581
f 574/1677/1582 1505/1676/1581 2143/1678/1583
f 1505/1676/1581 577/1675/1172 1507/1680/1585
f 2143/1678/1583 1507/1680/1585 578/1681/1586
f 1506/1679/1584 2143/1678/1583 1508/1682/1587
f 573/1683/1588 1508/1682/1587 2144/1684/1589
f 1508/1682/1587 578/1681/1586 1510/1686/1591
f 2144/1684/1589 1510/1686/1591 576/1687/1592
f 1509/1685/1590 2144/1684/1589 1511/42/1593
f 1513/933/1595 2145/1691/1599 1512/1688/1596
f 567/1690/1598 1514/1692/1600 2145/1691/1599
f 1514/1692/1600 569/1696/1604 1515/1693/1601
f 2145/1691/1599 1515/1693/1601 516/1694/1602
f 1515/1693/1601 2146/1697/1605 1516/1695/1603
f 569/1696/1604 1517/1698/1606 2146/1697/1605
f 1517/1698/1606 570/920/1610 1518/921/1607
f 2146/1697/1605 1518/921/1607 515/1699/1608
f 1518/921/1607 2147/1701/1611 1519/1700/1609
f 570/920/1610 1520/1702/1612 2147/1701/1611
f 1520/1702/1612 568/1719/1641 1521/1703/1613
f 2147/1701/1611 1521/1703/1613 513/1704/1614
f 580/947/1615 1523/946/1618 2148/1705/1616
f 1523/946/1618 572/915/1577 1502/1672/1579
f 2148/1705/1616 1502/1672/1579 574/1677/1582
f 1522/1706/1617 2148/1705/1616 1524/942/1619
f 582/1707/1620 1524/942/1619 2149/941/1621
f 1524/942/1619 574/1677/1582 1506/1679/1584
f 2149/941/1621 1506/1679/1584 573/1683/1588
f 1525/1708/1622 2149/941/1621 1526/938/1623
f 581/1709/1624 1526/938/1623 2150/1710/1625
f 1526/938/1623 573/1683/1588 1509/1685/1590
f 2150/1710/1625 1509/1685/1590 571/898/1594
f 1527/936/1626 2150/1710/1625 1528/935/1627
f 1529/961/1628 2151/1711/1630 1514/1692/1600
f 563/960/1629 1530/1712/1631 2151/1711/1630
f 1530/1712/1631 565/1714/1633 1531/1713/1632
f 2151/1711/1630 1531/1713/1632 569/1696/1604
f 1531/1713/1632 2152/1715/1634 1517/1698/1606
f 565/1714/1633 1532/1716/1635 2152/1715/1634
f 1532/1716/1635 566/952/1637 1533/953/1636
f 2152/1715/1634 1533/953/1636 570/920/1610
f 1533/953/1636 2153/949/1638 1520/1702/1612
f 566/952/1637 1534/1717/1639 2153/949/1638
f 1534/1717/1639 564/253/248 1535/1718/1640
f 2153/949/1638 1535/1718/1640 568/1719/1641
f 1537/973/1642 2154/971/1645 1536/1720/1643
f 1537/973/1642 580/947/1615 1522/1706/1617
f 2154/971/1645 1522/1706/1617 582/1707/1620
f 2154/971/1645 1538/1722/1646 586/1723/1647
f 1538/1722/1646 2155/1725/1649 1539/1724/1648
f 1538/1722/1646 582/1707/1620 1525/1708/1622
f 2155/1725/1649 1525/1708/1622 581/1709/1624
f 2155/1725/1649 1540/965/1650 585/1726/1651
f 1540/965/1650 2156/1728/1653 1541/1727/1652
f 1540/965/1650 581/1709/1624 1527/936/1626
f 2156/1728/1653 1527/936/1626 579/255/250
f 2156/1728/1653 1542/254/249 583/1376/1344
f 1543/1729/1654 2157/1731/1656 1530/1712/1631
f 1543/1729/1654 559/1213/1800 1544/1730/1655
f 2157/1731/1656 1544/1730/1655 561/1732/1657
f 2157/1731/1656 1545/1733/1658 565/1714/1633
f 1545/1733/1658 2158/1735/1660 1532/1716/1635
f 1545/1733/1658 561/1732/1657 1546/1734/1659
f 2158/1735/1660 1546/1734/1659 562/1736/1661
f 2158/1735/1660 1547/1737/1662 566/952/1637
f 1547/1737/1662 2159/1738/1664 1534/1717/1639
f 1547/1737/1662 562/1736/1661 1548/979/1663
f 2159/1738/1664 1548/979/1663 560/1739/1665
f 2159/1738/1664 1549/1375/1343 564/253/248
f 1551/1740/1666 2160/999/1669 1550/1000/1667
f 584/1721/1644 1536/1720/1643 2160/999/1669
f 1536/1720/1643 586/1723/1647 1552/997/1670
f 2160/999/1669 1552/997/1670 590/998/1671
f 1552/997/1670 2161/1741/1672 1553/1220/1193
f 586/1723/1647 1539/1724/1648 2161/1741/1672
f 1539/1724/1648 585/1726/1651 1554/1742/1673
f 2161/1741/1672 1554/1742/1673 589/1221/1674
f 1554/1742/1673 2162/1744/1676 1555/1743/1675
f 585/1726/1651 1541/1727/1652 2162/1744/1676
f 1541/1727/1652 583/1376/1344 1556/1745/25
f 2162/1744/1676 1556/1745/25 587/24/24
f 301/1207/1205 1303/1231/1204 1295/660/703
f 1303/1231/1204 291/2394/551 1011/658/576
f 1598/1103/1677 532/1131/1776 611/1746/1678
f 363/1006/1019 1043/589/653 986/426/524
f 592/1749/1681 1558/1030/1684 2163/1750/1682
f 1558/1030/1684 597/794/2246 1129/796/834
f 2163/1750/1682 1129/796/834 605/800/822
f 1557/1751/1683 2163/1750/1682 1559/1752/1685
f 594/1754/1686 1559/1757/1685 2164/1755/1687
f 1559/1757/1685 605/2395/822 1126/1758/820
f 2164/1755/1687 1126/1758/820 601/1759/821
f 1560/1756/1688 2164/1755/1687 1561/1760/1689
f 593/1762/1690 1561/1765/1689 2165/1763/1691
f 601/788/821 1124/1766/816 2165/1763/1691
f 1124/1766/816 596/780/813 1563/1013/1693
f 2165/1763/1691 1563/1013/1693 591/1767/1694
f 1564/1051/1695 2166/1768/1698 1108/745/784
f 539/1050/1697 1565/1769/1699 2166/1768/1698
f 1565/1769/1699 541/2396/1701 1566/1770/1700
f 2166/1768/1698 1566/1770/1700 549/1771/789
f 1566/1772/1700 2167/1776/1702 1110/1773/791
f 541/1775/1701 1567/1777/1703 2167/1776/1702
f 1567/1777/1703 542/1807/1706 1568/1778/1704
f 2167/1776/1702 1568/1778/1704 553/1779/801
f 553/1779/801 1568/1782/1704 2168/1780/1705
f 542/1781/1706 1569/2397/1731 2168/1780/1705
f 2168/1780/1705 1569/2397/1731 540/1069/1707
f 1113/758/797 2168/1780/1705 1570/1564/1486
f 608/1783/1708 1572/1067/1711 2169/1784/1709
f 1572/1067/1711 592/2398/1681 1557/1786/1683
f 2169/1784/1709 1557/1786/1683 594/1754/1686
f 1571/1785/1710 2169/1784/1709 1573/1787/1712
f 610/1063/1713 1573/1787/1712 2170/1788/1714
f 1573/1787/1712 594/1754/1686 1560/1756/1688
f 2170/1788/1714 1560/1756/1688 593/1761/1690
f 1574/1789/1715 2170/1788/1714 1575/1790/1716
f 609/1791/1717 1575/1790/1716 2171/1792/1718
f 1575/1790/1716 593/1761/1690 1562/1794/1692
f 2171/1792/1718 1562/1794/1692 591/1010/1694
f 1576/1793/1719 2171/1792/1718 1577/1795/1720
f 1578/1797/1722 2172/1800/1724 1565/1798/1699
f 535/1799/1723 1579/1801/1725 2172/1800/1724
f 1579/1801/1725 537/1803/1727 1580/1802/1726
f 2172/1800/1724 1580/1802/1726 541/1775/1701
f 1580/1802/1726 2173/1804/1728 1567/1777/1703
f 537/1803/1727 1581/1805/1729 2173/1804/1728
f 1581/1805/1729 538/1809/1732 1582/1806/1730
f 2173/1804/1728 1582/1806/1730 542/1807/1706
f 1582/1806/1730 2174/1810/1733 1569/1808/1731
f 538/1809/1732 1583/1073/1734 2174/1810/1733
f 1583/1073/1734 536/1101/1760 1584/1072/1735
f 2174/1810/1733 1584/1072/1735 540/1069/1707
f 612/1811/1736 1586/1099/1739 2175/1812/1737
f 1586/1099/1739 608/1783/1708 1571/1785/1710
f 2175/1812/1737 1571/1785/1710 610/1063/1713
f 1585/1813/1738 2175/1812/1737 1587/1814/1740
f 614/1815/1741 1587/1814/1740 2176/1816/1742
f 1587/1814/1740 610/1063/1713 1574/1789/1715
f 2176/1816/1742 1574/1789/1715 609/1791/1717
f 1588/1093/1743 2176/1816/1742 1589/1817/1744
f 613/1818/1745 1589/1817/1744 2177/1819/1746
f 1589/1817/1744 609/1791/1717 1576/1793/1719
f 2177/1819/1746 1576/1793/1719 607/1796/1721
f 1590/1820/1747 2177/1819/1746 1591/1821/1679
f 1592/1823/1748 2178/1825/1750 1579/1801/1725
f 531/1824/1749 1593/1826/1751 2178/1825/1750
f 1593/1826/1751 533/1828/1753 1594/1827/1752
f 2178/1825/1750 1594/1827/1752 537/1803/1727
f 1594/1827/1752 2179/1829/1754 1581/1805/1729
f 533/1828/1753 1595/1830/1755 2179/1829/1754
f 1595/1830/1755 534/1832/1757 1596/1831/1756
f 2179/1829/1754 1596/1831/1756 538/1809/1732
f 1596/1831/1756 2180/1833/1758 1583/1073/1734
f 534/1832/1757 1597/1834/1759 2180/1833/1758
f 1597/1834/1759 532/1131/1776 1598/1103/1677
f 2180/1833/1758 1598/1103/1677 536/1101/1760
f 1490/1836/1549 2283/2247/2202 1841/1835/1761
f 2283/2247/2202 755/58/54 75/60/56
f 1841/1835/1761 2283/2247/2202 75/60/56
f 2181/1126/1115 1585/1813/1738 614/1815/1741
f 1280/1159/1142 2053/1158/1141 2049/1130/1119
f 1603/1142/1131 1612/1837/1130 2185/1137/1763
f 1612/1837/1130 521/2399/737 1098/1838/762
f 1599/1125/1762 614/1815/1741 1588/1093/1743
f 2182/1839/1764 1588/1093/1743 613/1818/1745
f 1604/1136/1773 2185/1137/1763 530/1842/1767
f 2185/1137/1763 1098/1838/762 530/1842/1767
f 1098/1838/762 526/2400/763 1613/1841/1766
f 616/1121/1111 1600/1840/1765 2183/1843/1768
f 1600/1840/1765 613/1818/1745 1590/1820/1747
f 2183/1843/1768 1590/1820/1747 611/1822/1678
f 2183/1843/1768 1602/1118/1770 615/1845/1771
f 2187/1128/1117 1607/1851/1777 2181/1126/1115
f 1607/1851/1777 612/1811/1736 2181/1126/1115
f 529/1863/1775 1614/428/521 1606/1846/1772
f 1614/428/521 519/427/520 1606/1846/1772
f 519/427/520 618/2319/2234 1602/1007/1770
f 618/2319/2234 1610/2401/647 1602/1007/1770
f 1610/2401/647 615/1845/1771 1602/1007/1770
f 2184/1140/1129 1603/1142/1131 533/1828/1753
f 1603/1142/1131 2185/1137/1763 1595/1830/1755
f 1273/1139/1128 2048/1137/1126 1280/1848/1142
f 2048/1137/1126 982/1847/514 1280/1848/1142
f 274/1135/1124 1279/1858/1140 982/1847/514
f 1279/1858/1140 268/2402/527 982/1847/514
f 982/1847/514 2048/1137/1126 274/1135/1124
f 2185/1137/1763 1604/1136/1773 534/1832/1757
f 1604/1136/1773 2186/1849/1774 1597/1834/1759
f 530/1842/1767 1605/1859/1779 2186/1849/1774
f 2186/1849/1774 1605/1859/1779 529/1850/1775
f 2186/1849/1774 1606/1846/1772 532/1131/1776
f 1607/1851/1777 2187/1128/1117 1135/1852/845
f 2187/1128/1117 1608/1127/1116 620/1853/849
f 1027/539/613 341/535/609 288/470/552
f 624/1854/860 1609/1856/1112 2188/1855/1778
f 1609/1856/1112 616/2403/1111 1601/1857/1769
f 2188/1855/1778 1601/1857/1769 615/1145/1771
f 1611/1143/1132 517/412/730 1082/695/732
f 2189/1144/1133 1082/695/732 521/698/737
f 1613/1858/1766 2190/1862/1780 1605/1859/1779
f 526/1861/763 1096/2404/757 2190/1862/1780
f 2190/1862/1780 1614/428/521 529/1863/1775
f 1153/654/696 1065/2267/462 505/1864/702
f 367/574/638 1038/1163/635 991/1164/535
f 1090/707/747 1147/839/869 627/834/863
f 627/1866/863 1144/2405/862 1092/832/861
f 986/426/524 1043/589/653 371/588/652
f 681/1869/1781 1616/1182/1784 2191/1870/1782
f 1616/1182/1784 576/1687/1592 1510/1871/1591
f 2191/1870/1782 1510/1871/1591 578/1872/1586
f 1615/1178/1783 2191/1870/1782 1617/1873/1785
f 683/1176/1786 1617/1873/1785 2192/1874/1787
f 1617/1873/1785 578/1872/1586 1507/1876/1585
f 1512/1877/1596 516/2371/1602 687/1196/1169
f 370/2367/655 1275/2406/1135 1046/1879/654
f 1275/2406/1135 360/1120/1110 1046/1879/654
f 360/1120/1110 1268/1119/1109 2045/1124/1113
f 320/1880/1790 1177/1197/927 1282/1881/1791
f 1177/1197/927 322/2407/925 191/1883/1793
f 684/1198/1171 1618/1875/1788 2192/1874/1787
f 2192/1874/1787 1507/1876/1585 577/1199/1172
f 1516/1695/1603 515/1699/1608 1622/1884/1794
f 2193/1194/1167 1622/1884/1794 688/1191/1795
f 1622/1884/1794 2194/1185/1797 1623/1186/1796
f 515/1699/1608 1519/1885/1609 2194/1185/1797
f 1519/1885/1609 513/2408/1614 1624/1886/1798
f 2194/1185/1797 1624/1886/1798 686/1887/1799
f 559/1213/1800 1625/1889/1802 2195/1888/1801
f 1625/1889/1802 555/1905/1818 1626/1211/1803
f 2195/1888/1801 1626/1211/1803 557/1234/1206
f 1544/1730/1655 2195/1888/1801 1627/1890/1804
f 561/1732/1657 1627/1890/1804 2196/1891/1805
f 1627/1890/1804 557/1234/1206 1628/660/1806
f 2196/1891/1805 1628/660/1806 558/1207/1807
f 1546/1734/1659 2196/1891/1805 1629/1892/1808
f 562/1736/1661 1629/1892/1808 2197/1893/1809
f 1629/1892/1808 558/1207/1807 1630/1894/1810
f 2197/1893/1809 1630/1894/1810 556/1895/1811
f 1548/979/1663 2197/1893/1809 1631/23/23
f 588/1002/1668 1550/1000/1667 2198/1224/1197
f 1107/744/788 550/749/776 1635/1896/1812
f 550/749/776 557/605/1206 2200/1906/1819
f 557/605/1206 1626/1211/1803 2200/1906/1819
f 2200/1906/1819 1635/1896/1812 550/749/776
f 1017/514/588 1220/996/1012 333/998/1014
f 558/1207/1822 1628/660/1806 1636/1899/1813
f 1628/660/1806 1104/1233/774 1636/1899/1813
f 599/1900/811 1633/1903/1195 2199/1901/1814
f 1633/1903/1195 589/2409/1194 1555/1743/1815
f 2199/1901/1814 1555/1743/1815 587/24/1816
f 1117/1902/806 2199/1901/1814 1634/1904/1817
f 555/1905/1818 1635/1896/1812 2200/1906/1819
f 1820/1658/1564 2272/2011/1949 1804/1907/1820
f 590/998/1671 1553/1220/1193 1132/1908/837
f 1043/589/653 363/1006/1019 1274/1147/1021
f 1274/1147/1021 2050/1146/1134 1044/584/648
f 1044/584/648 1955/586/650 1274/1147/1021
f 1636/1910/1813 2201/1912/1823 1630/1894/1821
f 546/1911/775 1101/1913/770 2201/1912/1823
f 1101/1913/770 543/730/767 1637/1914/1824
f 2201/1912/1823 1637/1914/1824 556/1895/1825
f 466/1257/1826 1639/4/1829 2202/1255/1827
f 1639/4/1829 461/2233/1956 1640/1256/1830
f 2202/1255/1827 1640/1256/1830 463/1254/1831
f 1638/1253/1828 2202/1255/1827 1641/1915/1832
f 468/1916/1833 1641/1915/1832 2203/1917/1834
f 1641/1915/1832 463/1254/1831 1643/1919/1836
f 2203/1917/1834 1643/1919/1836 464/1920/641
f 1642/1918/1835 2203/1917/1834 1644/1245/1837
f 467/1921/1838 1644/1245/1837 2204/1243/1839
f 1644/1245/1837 464/1920/641 1646/1923/1340
f 2204/1243/1839 1646/1923/1340 462/1924/1841
f 1645/1922/1840 2204/1243/1839 1647/1925/1842
f 470/1927/1844 1649/1930/1847 2205/1928/1845
f 1649/1930/1847 466/1257/1826 1638/1253/1828
f 2205/1928/1845 1638/1253/1828 468/1916/1833
f 1648/1929/1846 2205/1928/1845 1650/1931/1848
f 472/1932/1849 1650/1931/1848 2206/1933/1850
f 1650/1931/1848 468/1916/1833 1642/1918/1835
f 2206/1933/1850 1642/1918/1835 467/1921/1838
f 1651/1934/1851 2206/1933/1850 1652/1935/1852
f 471/1263/1853 1652/1935/1852 2207/1936/1854
f 1652/1935/1852 467/1921/1838 1645/1922/1840
f 2207/1936/1854 1645/1922/1840 465/1926/1843
f 1653/1937/1855 2207/1936/1854 1654/1938/1856
f 1656/1283/1858 2208/1940/1860 1655/1939/1859
f 1656/1283/1858 470/1927/1844 1648/1929/1846
f 2208/1940/1860 1648/1929/1846 472/1932/1849
f 2208/1940/1860 1657/1941/1861 476/1942/1862
f 1657/1941/1861 2209/1944/1864 1658/1943/1863
f 1657/1941/1861 472/1932/1849 1651/1934/1851
f 2209/1944/1864 1651/1934/1851 471/1263/1853
f 2209/1944/1864 1659/1945/1865 475/1946/1866
f 1659/1945/1865 2210/1272/1868 1660/1273/1867
f 1659/1945/1865 471/1263/1853 1653/1937/1855
f 2210/1272/1868 1653/1937/1855 469/1260/1857
f 2210/1272/1868 1661/1274/1869 473/1947/1870
f 1663/21/21 2211/1949/1873 1662/1948/1871
f 474/18/18 1655/1939/1859 2211/1949/1873
f 1655/1939/1859 476/1942/1862 1664/1950/1874
f 2211/1949/1873 1664/1950/1874 480/13/1875
f 1664/1950/1874 2212/1951/1876 1665/258/253
f 476/1942/1862 1658/1943/1863 2212/1951/1876
f 1658/1943/1863 475/1946/1866 1666/1952/1877
f 2212/1951/1876 1666/1952/1877 479/1953/1878
f 1666/1952/1877 2213/1954/1880 1667/1285/1879
f 475/1946/1866 1660/1273/1867 2213/1954/1880
f 1660/1273/1867 473/1947/1870 1668/1955/1881
f 2213/1954/1880 1668/1955/1881 477/1956/1882
f 1670/1957/1883 2214/1960/1887 1669/1958/1884
f 481/1959/1886 1671/12/1888 2214/1960/1887
f 1671/12/1888 483/14/1892 1672/1301/1889
f 2214/1960/1887 1672/1301/1889 488/1302/1890
f 1672/1301/1889 2215/1962/1893 1673/1961/1891
f 483/14/1892 1674/1963/1894 2215/1962/1893
f 1674/1963/1894 484/266/1898 1675/1964/1895
f 2215/1962/1893 1675/1964/1895 487/1298/1896
f 1675/1964/1895 2216/1294/1899 1676/1965/1897
f 484/266/1898 1677/1966/1900 2216/1294/1899
f 1677/1966/1900 482/34/1961 1678/1967/1901
f 2216/1294/1899 1678/1967/1901 485/1968/1902
f 1680/1320/1903 2217/1970/1905 1679/1969/1904
f 486/1307/1885 1669/1958/1884 2217/1970/1905
f 1669/1958/1884 488/1302/1890 1681/1971/1906
f 2217/1970/1905 1681/1971/1906 492/1317/1907
f 1681/1971/1906 2218/1973/1909 1682/1972/1908
f 488/1302/1890 1673/1961/1891 2218/1973/1909
f 1673/1961/1891 487/1298/1896 1683/1312/1910
f 2218/1973/1909 1683/1312/1910 491/1313/1911
f 1683/1312/1910 2219/1975/1913 1684/1974/1912
f 487/1298/1896 1676/1965/1897 2219/1975/1913
f 1676/1965/1897 485/1968/1902 1685/1976/1914
f 2219/1975/1913 1685/1976/1914 489/1977/1915
f 494/1333/1916 1687/37/36 2220/1978/1917
f 1687/37/36 490/39/38 1679/1969/1904
f 2220/1978/1917 1679/1969/1904 492/1317/1907
f 1686/1979/1918 2220/1978/1917 1688/1980/1919
f 496/1981/1920 1688/1980/1919 2221/1328/1921
f 1688/1980/1919 492/1317/1907 1682/1972/1908
f 2221/1328/1921 1682/1972/1908 491/1313/1911
f 1689/1982/1922 2221/1328/1921 1690/1325/1923
f 495/1983/1924 1690/1325/1923 2222/1324/1925
f 1690/1325/1923 491/1313/1911 1684/1974/1912
f 2222/1324/1925 1684/1974/1912 489/1977/1915
f 1691/1322/1926 2222/1324/1925 1692/1321/1927
f 498/1347/1929 1694/1346/1932 2223/1985/1930
f 1694/1346/1932 494/1333/1916 1686/1979/1918
f 2223/1985/1930 1686/1979/1918 496/1981/1920
f 1693/1986/1931 2223/1985/1930 1695/1987/1933
f 500/1988/1934 1695/1987/1933 2224/1989/1935
f 1695/1987/1933 496/1981/1920 1689/1982/1922
f 2224/1989/1935 1689/1982/1922 495/1983/1924
f 1696/1990/1936 2224/1989/1935 1697/1991/1937
f 499/1339/1938 1697/1991/1937 2225/1992/1939
f 1697/1991/1937 495/1983/1924 1691/1322/1926
f 2225/1992/1939 1691/1322/1926 493/1984/1928
f 1698/1993/1940 2225/1992/1939 1699/1994/1941
f 498/1996/1929 1693/1998/1931 2226/1997/1943
f 1693/1998/1931 500/2410/1934 1701/1999/1944
f 2226/1997/1943 1701/1999/1944 504/2000/500
f 1701/2002/1944 500/1988/1934 1696/1990/1936
f 2227/398/501 1696/1990/1936 499/1339/1938
f 508/2003/714 1702/886/908 2228/2004/1945
f 1702/886/908 499/2411/1938 1698/2006/1940
f 2228/2004/1945 1698/2006/1940 497/2007/1942
f 1071/2005/708 2228/2004/1945 1703/2008/1946
f 1723/2009/1947 629/1397/1989 694/2010/1948
f 2272/2011/1949 1821/2412/2248 723/2012/1950
f 203/1552/1951 1450/1551/2159 2124/1554/1478
f 1450/1551/2159 376/1405/1362 2124/1554/1478
f 376/1405/1362 1387/1407/1364 2124/1554/1478
f 2229/1367/1334 1643/1919/1836 463/2013/1831
f 1705/1365/1335 2229/1367/1334 1706/2014/1952
f 692/1364/1953 1706/2014/1952 2230/2015/1954
f 1706/2014/1952 463/2013/1831 1640/2017/1830
f 2230/2015/1954 1640/2017/1830 461/7/1956
f 1707/2016/1955 2230/2015/1954 1708/2018/1957
f 1674/1963/1894 1665/258/253 479/1953/1878
f 1754/2020/1959 649/2095/2043 646/2021/1960
f 1677/1966/1900 1667/1285/1879 477/1956/1882
f 706/2022/1962 698/2165/2110 1796/2023/1963
f 1027/539/613 1002/1009/554 294/545/558
f 1712/2024/1964 2231/2026/1965 1148/2025/870
f 1712/2024/1964 503/677/720 1077/679/722
f 2231/2026/1965 1077/679/722 511/380/716
f 2231/2026/1965 1713/2027/1966 626/573/873
f 1713/2028/1966 2232/2031/1967 1150/845/875
f 1713/2028/1966 511/2413/716 1074/2030/715
f 2232/2031/1967 1074/2030/715 507/2032/710
f 2232/2031/1967 1714/2033/1968 621/2034/848
f 1714/2035/1968 2233/2037/1969 1134/817/844
f 1714/2035/1968 507/2414/710 1072/2036/707
f 1072/2036/707 502/666/709 1715/2038/1970
f 1134/817/844 2233/2037/1969 1715/2038/1970
f 1717/6/1971 2234/1414/1975 1716/2039/1972
f 633/2041/1974 1718/2042/1976 2234/1414/1975
f 1718/2042/1976 635/1430/1980 1719/1411/1977
f 2234/1414/1975 1719/1411/1977 632/2043/1978
f 1719/2044/1977 2235/2048/1981 1720/2045/1979
f 635/2047/1980 1721/2049/1982 2235/2048/1981
f 1721/2049/1982 636/1424/1985 1722/1408/1983
f 2235/2048/1981 1722/1408/1983 631/1405/1984
f 1722/1403/1983 2236/2050/1986 1723/2009/1947
f 636/1402/1985 1724/2051/1987 2236/2050/1986
f 1724/2051/1987 634/1418/2003 1725/1400/1988
f 2236/2050/1986 1725/1400/1988 629/1397/1989
f 1726/11/1990 2237/2053/1992 1718/2042/1976
f 637/2052/1991 1727/2054/1993 2237/2053/1992
f 1727/2054/1993 639/2067/1995 1728/2055/1994
f 2237/2053/1992 1728/2055/1994 635/1430/1980
f 1728/2056/1994 2238/2058/1996 1721/2049/1982
f 639/2057/1995 1729/2059/1997 2238/2058/1996
f 1729/2059/1997 640/1441/1999 1730/1426/1998
f 2238/2058/1996 1730/1426/1998 636/1424/1985
f 1730/1423/1998 2239/2060/2000 1724/2051/1987
f 640/1422/1999 1731/2061/2001 2239/2060/2000
f 1731/2061/2001 638/1435/2017 1732/2062/2002
f 2239/2060/2000 1732/2062/2002 634/1418/2003
f 1733/2063/2004 2240/2065/2006 1727/2054/1993
f 1733/2063/2004 641/20/20 1734/2064/2005
f 2240/2065/2006 1734/2064/2005 643/2066/2007
f 2240/2065/2006 1735/1446/2008 639/2067/1995
f 1735/2068/2008 2241/2070/2010 1729/2059/1997
f 1735/2068/2008 643/2076/2007 1736/2069/2009
f 2241/2070/2010 1736/2069/2009 644/1443/2011
f 2241/2070/2010 1737/1444/2012 640/1441/1999
f 1737/1440/2012 2242/2072/2014 1731/2061/2001
f 1737/1440/2012 644/2079/2011 1738/2071/2013
f 2242/2072/2014 1738/2071/2013 642/2073/2015
f 2242/2072/2014 1739/1438/2016 638/1435/2017
f 641/20/20 1740/1466/19 2243/2074/2018
f 1740/1466/19 645/22/22 1741/2075/2019
f 2243/2074/2018 1741/2075/2019 647/48/2020
f 1734/2064/2005 2243/2074/2018 1742/1463/2021
f 643/2076/2007 1742/2077/2021 2244/1459/2022
f 1742/2077/2021 647/2415/2020 1743/2078/46
f 2244/1459/2022 1743/2078/46 648/271/29
f 1736/2069/2009 2244/1459/2022 1744/1458/2023
f 644/2079/2011 1744/2081/2023 2245/2080/2024
f 1744/2081/2023 648/31/29 1745/1455/28
f 2245/2080/2024 1745/1455/28 646/2021/1960
f 1738/2071/2013 2245/2080/2024 1746/2082/2025
f 650/1565/2026 1748/2085/2029 2246/2083/2027
f 1748/2085/2029 653/1505/2044 1749/2086/2030
f 2246/2083/2027 1749/2086/2030 655/2087/2031
f 1747/2084/2028 2246/2083/2027 1750/2088/2032
f 652/46/2033 1750/1479/2032 2247/2089/2034
f 1750/1479/2032 655/1499/2031 1752/1478/2036
f 2247/2089/2034 1752/1478/2036 656/1476/2037
f 1751/1475/2035 2247/2089/2034 1753/1474/2038
f 651/29/27 1753/2092/2038 2248/2090/2039
f 1753/2092/2038 656/2104/2037 1755/2093/2040
f 2248/2090/2039 1755/2093/2040 654/1470/2041
f 1754/2091/1959 2248/2090/2039 1756/2094/2042
f 653/1505/2044 1757/1504/2046 2249/2096/2045
f 1757/1504/2046 657/2108/37 1758/2097/2047
f 2249/2096/2045 1758/2097/2047 659/1501/2048
f 1749/2086/2030 2249/2096/2045 1759/2098/2049
f 655/1499/2031 1759/2100/2049 2250/2099/2050
f 1759/2100/2049 659/2113/2048 1760/2101/2051
f 2250/2099/2050 1760/2101/2051 660/2102/2052
f 1752/1478/2036 2250/2099/2050 1761/2103/2053
f 656/2104/2037 1761/1492/2053 2251/2105/2054
f 1761/1492/2053 660/2118/2052 1762/2106/2055
f 2251/2105/2054 1762/2106/2055 658/1489/2056
f 1755/2093/2040 2251/2105/2054 1763/2107/2057
f 1764/1519/2058 2252/2109/2060 1758/2097/2047
f 661/1374/2059 1765/2110/2061 2252/2109/2060
f 1765/2110/2061 663/2114/2063 1766/2111/2062
f 2252/2109/2060 1766/2111/2062 659/1501/2048
f 1766/2112/2062 2253/2115/2064 1760/2101/2051
f 663/2114/2063 1767/2116/2065 2253/2115/2064
f 1767/2116/2065 664/2127/2067 1768/2117/2066
f 2253/2115/2064 1768/2117/2066 660/2102/2052
f 1768/1510/2066 2254/1506/2068 1762/2106/2055
f 664/2119/2067 1769/2120/2069 2254/1506/2068
f 1769/2120/2069 662/1520/2084 1770/1507/2070
f 2254/1506/2068 1770/1507/2070 658/1489/2056
f 1771/2121/2071 2255/2123/2073 1765/2110/2061
f 665/2122/2072 1772/2124/2074 2255/2123/2073
f 1772/2124/2074 667/2416/2076 1773/1531/2075
f 2255/2123/2073 1773/1531/2075 663/2114/2063
f 1773/1531/2075 2256/1527/2077 1767/2116/2065
f 667/1530/2076 1774/2125/2078 2256/1527/2077
f 1774/2125/2078 668/2135/2080 1775/2126/2079
f 2256/1527/2077 1775/2126/2079 664/2127/2067
f 1775/1525/2079 2257/2129/2081 1769/2120/2069
f 668/2128/2080 1776/2130/2082 2257/2129/2081
f 1776/2130/2082 666/2138/2090 1777/2131/2083
f 2257/2129/2081 1777/2131/2083 662/1520/2084
f 665/2132/2072 1778/17/698 2258/2133/2085
f 2258/2133/2085 1152/859/881 673/860/754
f 1772/1544/2074 2258/2133/2085 1779/2134/2086
f 1779/2134/2086 2259/395/756 1774/2125/2078
f 2259/395/756 1780/2417/2087 668/2135/2080
f 1780/1541/2087 2260/2136/2088 1776/2130/2082
f 678/628/904 1166/2137/901 2260/2136/2088
f 1166/2137/901 671/882/903 1781/1540/2089
f 2260/2136/2088 1781/1540/2089 666/2138/2090
f 1783/8/2091 2261/2141/2094 1782/2139/2092
f 630/1561/1973 1716/2039/1972 2261/2141/2094
f 1716/2039/1972 632/2046/1978 1784/2142/2095
f 2261/2141/2094 1784/2142/2095 695/1557/2096
f 1784/2142/2095 2262/1553/1477 1785/2143/2097
f 632/2046/1978 1720/2045/1979 2262/1553/1477
f 191/1883/1793 322/2407/925 2054/1175/1153
f 322/2407/925 1174/907/921 2054/1175/1153
f 207/356/459 1307/1546/1213 1375/576/1473
f 514/1689/1597 1512/1877/1596 1620/1878/1789
f 1156/2145/883 1080/861/882 510/684/726
f 1751/1475/2035 651/272/27 648/271/29
f 1788/2146/2099 2263/2147/2100 1160/870/892
f 1788/2146/2099 518/704/744 1089/706/746
f 2263/2147/2100 1089/706/746 524/450/739
f 2263/2147/2100 1789/2148/2101 675/2149/895
f 1789/2150/2101 2264/2153/2102 1162/2151/897
f 1789/2150/2101 524/2418/739 1086/2152/738
f 2264/2153/2102 1086/2152/738 520/418/733
f 2264/2153/2102 1790/2154/2103 679/2155/907
f 1790/2156/2103 2265/2159/2104 1165/881/902
f 1790/2156/2103 520/2419/733 1083/2158/734
f 1083/2158/734 517/412/730 1791/2160/2105
f 1165/881/902 2265/2159/2104 1791/2160/2105
f 1013/509/583 343/513/587 290/543/547
f 708/1594/2106 1795/2174/2123 1800/2161/2107
f 1061/1585/689 968/1586/479 252/368/471
f 503/677/720 670/867/889 1159/869/891
f 1667/1285/1879 1677/1966/1900 484/266/1898
f 1710/2164/2109 1797/2167/2114 698/2165/2110
f 1649/1930/1847 1726/11/1990 633/2041/1974
f 701/309/343 1802/2219/2185 1793/1598/2111
f 1616/1182/1784 681/1869/1781 686/1887/1799
f 481/1959/2112 478/1292/1487 1662/1948/2113
f 961/1357/469 2091/1356/1326 1370/15/15
f 1370/15/15 245/77/72 962/363/466
f 962/363/466 1925/362/465 1370/15/15
f 1797/2167/2114 1710/2164/2109 705/1377/2115
f 811/2168/2116 2284/2250/2205 75/60/56
f 2284/2250/2205 1841/1835/1761 75/60/56
f 75/60/56 846/59/55 811/2168/2116
f 201/2169/2117 374/1397/1355 1383/1399/1357
f 2266/1604/1512 1792/2383/1498 711/2170/2119
f 1798/1605/1513 2266/1604/1512 1799/2171/2120
f 702/2173/2122 1800/2161/2107 1795/2174/2123
f 209/1257/1225 1314/4/4 1392/6/6
f 1794/268/2125 709/1596/2186 703/2175/2126
f 727/1659/1565 1804/1907/1820 2267/2177/2128
f 1804/1907/1820 723/2012/1950 1805/1626/2130
f 1805/1626/2130 725/2181/2134 1806/2178/2131
f 2267/2177/2128 1806/2178/2131 729/2179/2132
f 1806/2178/2131 2268/2182/2135 1807/2180/2133
f 725/2181/2134 1808/2183/2136 2268/2182/2135
f 1808/2183/2136 724/2187/2140 1809/2184/2137
f 2268/2182/2135 1809/2184/2137 728/2185/2138
f 1809/2184/2137 2269/2188/2141 1810/2186/2139
f 724/2187/2140 1811/1614/2142 2269/2188/2141
f 1811/1614/2142 722/2277/2221 1812/2189/2143
f 2269/2188/2141 1812/2189/2143 726/2190/2144
f 730/1642/2145 1814/1641/2148 2270/2191/2146
f 1814/1641/2148 715/2245/2217 1815/2193/2149
f 2270/2191/2146 1815/2193/2149 717/2194/2150
f 1813/2192/2147 2270/2191/2146 1816/2195/2151
f 732/2196/2152 1816/2195/2151 2271/2197/2153
f 1816/2195/2151 717/2194/2150 1818/2199/2155
f 2271/2197/2153 1818/2199/2155 716/2200/2156
f 1817/2198/2154 2271/2197/2153 1819/1629/2157
f 1819/1629/2157 2272/2011/1949 1820/1658/1564
f 716/2200/2156 1821/2412/2248 2272/2011/1949
f 203/1549/1951 1449/1548/2118 1450/1550/2159
f 1449/1548/2118 1383/1399/1357 1450/1550/2159
f 1479/1370/1338 2133/1369/1337 1480/1630/1536
f 1823/1657/1563 2273/2203/2161 1822/2202/2160
f 727/1659/1565 1803/1625/2129 2273/2203/2161
f 1803/1625/2129 729/2179/2132 1824/2204/2162
f 2273/2203/2161 1824/2204/2162 720/2205/2163
f 720/2205/2163 1824/2204/2162 2274/2206/2164
f 729/2179/2132 1807/2180/2133 2274/2206/2164
f 1807/2180/2133 728/2185/2138 1826/2208/2166
f 1825/2207/2165 2274/2206/2164 1826/2208/2166
f 721/2209/2167 1826/2208/2166 2275/2210/2168
f 1826/2208/2166 728/2185/2138 1810/2186/2139
f 2275/2210/2168 1810/2186/2139 726/2190/2144
f 1827/2211/2169 2275/2210/2168 1828/1643/2170
f 1830/1669/2172 2276/2212/2175 1829/1668/2173
f 730/1642/2145 1813/2192/2147 2276/2212/2175
f 1813/2192/2147 732/2196/2152 1831/2213/2176
f 2276/2212/2175 1831/2213/2176 713/1666/2177
f 1831/2213/2176 2277/2215/2179 1832/2214/2178
f 1831/2213/2176 732/2196/2152 1817/2198/2154
f 2277/2215/2179 1817/2198/2154 731/2201/2158
f 2277/2215/2179 1833/1660/2180 714/2216/2181
f 714/2216/2181 1833/1660/2180 2278/1656/1562
f 1833/1660/2180 731/2201/2158 1820/1658/1564
f 1277/1153/1137 2051/1152/1136 2046/1129/1118
f 2046/1129/1118 1257/1097/1088 355/1100/1091
f 1480/1630/1536 2139/341/428 1495/343/430
f 1372/2218/1327 197/1361/1329 202/1563/1484
f 612/1811/1736 1607/1851/1777 497/1995/1942
f 1607/1851/1777 617/815/842 1703/2008/1946
f 1703/2008/1946 617/815/842 502/666/709
f 617/815/842 1715/2420/1970 502/666/709
f 1703/2008/1946 497/1995/1942 1607/1851/1777
f 497/1995/1942 1699/1994/1941 612/1811/1736
f 1699/1994/1941 493/1984/1928 612/1811/1736
f 493/1984/1928 1692/1321/1927 1586/1099/1739
f 1692/1321/1927 489/1977/1915 608/1783/1708
f 489/1977/1915 1685/1976/1914 608/1783/1708
f 1685/1976/1914 485/1968/1902 1572/1067/1711
f 485/1968/1902 1678/2421/1901 592/2398/1681
f 1678/2421/1901 482/34/1961 1558/1030/1684
f 592/2398/1681 1678/2421/1901 1558/1030/1684
f 462/1924/1841 689/1371/1339 682/1202/1175
f 682/1202/1175 575/1201/1174 462/1924/1841
f 575/1201/1174 1503/1673/1580 1647/1925/1842
f 462/1924/1841 575/1201/1174 1647/1925/1842
f 1503/1673/1580 572/915/1577 465/1926/1843
f 572/915/1577 1523/946/1618 1654/1938/1856
f 1523/946/1618 580/947/1615 469/1260/1857
f 580/947/1615 1537/973/1642 1661/1274/1869
f 469/1260/1857 580/947/1615 1661/1274/1869
f 1537/973/1642 584/1721/1644 1661/1274/1869
f 584/1721/1644 1551/1740/1666 473/1947/1870
f 588/1002/1668 1632/1223/1196 477/1956/1882
f 1632/1223/1196 597/2422/2246 482/34/1961
f 584/1721/1644 473/1947/1870 1661/1274/1869
f 1551/1740/1666 588/1002/1668 1668/1955/1881
f 572/915/1577 1654/1938/1856 465/1926/1843
f 1654/1938/1856 1523/946/1618 469/1260/1857
f 1692/1321/1927 608/1783/1708 1586/1099/1739
f 1685/1976/1914 1572/1067/1711 608/1783/1708
f 1572/1067/1711 485/1968/1902 592/2398/1681
f 1586/1099/1739 612/1811/1736 493/1984/1928
f 465/1926/1843 1647/1925/1842 1503/1673/1580
f 597/2422/2246 1558/1030/1684 482/34/1961
f 1632/1223/1196 482/34/1961 477/1956/1882
f 588/1002/1668 477/1956/1882 1668/1955/1881
f 1231/1032/1036 288/470/552 341/535/609
f 1421/1481/2183 1412/1465/1500 392/48/47
f 1802/2219/2185 703/2175/2126 709/1596/2186
f 233/39/1294 1352/1320/1293 1430/1504/1439
f 221/1292/1263 1335/21/1262 1413/19/1408
f 1413/19/1408 1335/21/1262 217/18/1252
f 230/1293/1264 1347/1311/1284 1244/1067/1062
f 1347/1311/1284 234/1308/1281 351/1068/1063
f 1244/1067/1062 1347/1311/1284 351/1068/1063
f 234/1308/1281 1354/1321/1295 351/1068/1063
f 1354/1321/1295 238/1323/1297 1258/1099/1090
f 351/1068/1063 1354/1321/1295 1258/1099/1090
f 238/1323/1297 1361/1334/1309 355/1100/1091
f 1361/1334/1309 242/1350/1311 355/1100/1091
f 242/1350/1311 1367/1348/1323 1277/1153/1137
f 1367/1348/1323 247/388/491 361/552/618
f 1277/1153/1137 1367/1348/1323 361/552/618
f 247/388/491 1379/2423/1348 361/552/618
f 1277/1153/1137 355/1100/1091 242/1350/1311
f 225/34/32 1337/1296/1267 1230/1030/1034
f 1337/1296/1267 230/1293/1264 335/1031/1035
f 189/1882/1792 198/1547/1472 205/1242/1211
f 1178/914/928 320/1201/1790 1306/1239/1208
f 320/1201/1790 189/1882/1792 205/1242/1211
f 1195/946/961 315/915/929 1316/1258/1226
f 315/915/929 1178/914/928 210/1241/1210
f 1316/1258/1226 315/915/929 210/1241/1210
f 1209/973/989 323/947/962 1323/1274/1242
f 323/947/962 1195/946/961 214/1260/1228
f 1223/1001/1017 327/974/990 218/1271/1239
f 327/974/990 1209/973/989 1323/1274/1242
f 218/1271/1239 327/974/990 1323/1274/1242
f 340/2424/2243 1301/1227/1199 225/34/32
f 1301/1227/1199 331/1002/1018 222/32/30
f 225/34/32 1301/1227/1199 222/32/30
f 331/1002/1018 1223/1001/1017 1330/1286/1255
f 1330/1286/1255 1223/1001/1017 218/1271/1239
f 323/947/962 214/1260/1228 1323/1274/1242
f 320/1201/1790 205/1242/1211 1306/1239/1208
f 355/1100/1091 1258/1099/1090 238/1323/1297
f 1337/1296/1267 335/1031/1035 1230/1030/1034
f 1178/914/928 1306/1239/1208 210/1241/1210
f 230/1293/1264 1244/1067/1062 335/1031/1035
f 1195/946/961 1316/1258/1226 214/1260/1228
f 225/34/32 1230/1030/1034 340/2424/2243
f 1345/1306/1279 226/1305/1278 393/1487/1426
f 229/1307/1280 1345/1306/1279 1423/2221/1425
f 241/1347/1322 1366/1346/1321 1444/1373/1341
f 1352/1320/1293 229/1307/1280 398/1505/1440
f 390/22/1489 393/1487/1488 226/1305/2112
f 1687/37/36 494/1333/1916 661/1374/2059
f 237/1333/1308 1359/37/1307 1437/1519/1452
f 1639/4/1829 466/1257/1826 633/2041/1974
f 362/566/632 1382/1396/1354 246/374/477
f 246/374/477 415/635/686 263/443/533
f 415/635/686 1458/1582/1496 263/443/533
f 891/340/2188 2288/2275/2218 177/2271/2212
f 2288/2275/2218 1847/2273/2214 177/2271/2212
f 177/2271/2212 953/302/327 891/340/2188
f 1180/41/40 258/916/930 319/2223/913
f 1747/2084/2183 652/46/45 647/48/47
f 1231/1032/1036 1225/1013/1025 336/1010/1022
f 1270/1134/1123 275/1131/1120 356/1089/1080
f 1259/1103/1094 1253/1087/1078 356/1089/1080
f 1410/47/1403 1418/270/268 395/1482/2184
f 1245/1072/1066 1239/2226/1050 352/2224/1052
f 1245/1072/1066 283/1069/1037 336/2225/1022
f 1259/1103/1094 279/1101/1092 352/2224/1052
f 1670/1957/1883 1748/2221/2029 650/1565/2026
f 439/1602/1510 1464/1599/1507 2279/2231/2191
f 2279/2231/2191 2280/2227/2189 439/1602/1510
f 2280/2227/2189 1836/2425/2249 432/2228/2190
f 1210/978/994 307/975/991 324/255/951
f 339/507/581 287/462/544 299/1203/1200
f 287/462/544 1302/1230/1203 299/1203/1200
f 299/1203/1200 332/989/1189 339/507/581
f 1292/23/1176 1218/25/1008 332/989/1005
f 1292/23/1176 303/977/993 328/1376/977
f 556/1895/1825 1637/1914/1824 543/730/767
f 543/730/767 595/772/804 587/24/1816
f 595/772/804 1634/2426/1817 587/24/1816
f 620/2427/849 1608/2230/1116 1138/1123/851
f 1608/2230/1116 1599/1125/1762 2182/1839/1764
f 2279/2231/2191 1464/1599/1507 425/1601/1509
f 1334/1291/2113 221/1292/1487 226/1305/2112
f 461/2233/1956 1639/4/1829 1717/2222/1971
f 1210/978/994 1204/2229/980 328/1376/977
f 432/2228/2190 1376/2428/2250 1459/2234/2193
f 1040/2235/2194 367/2429/638 271/2236/529
f 84/118/114 820/117/113 2281/2238/2195
f 820/117/113 51/116/112 1839/2240/2197
f 2281/2238/2195 1839/2240/2197 440/1670/1576
f 1838/2239/2196 2281/2238/2195 1501/1669/1575
f 780/340/425 2282/2244/2199 1840/2242/2198
f 1838/2239/2196 458/2241/1548 1488/2243/1547
f 2282/2244/2199 1488/2243/1547 443/2245/2200
f 1850/2246/2201 167/249/246 2289/2276/2220
f 167/249/246 865/275/274 2289/2276/2220
f 2289/2276/2220 1828/1836/2170 1850/2246/2201
f 446/1645/1551 1842/2248/2203 2283/2247/2202
f 1842/2248/2203 70/61/57 755/58/54
f 451/2249/2204 1471/1613/1519 2284/2250/2205
f 1471/1613/1519 455/1610/1516 1841/1835/1761
f 1843/2251/2206 2284/2250/2205 811/2168/2116
f 1359/37/1307 233/39/1294 402/38/1453
f 690/2019/1958 1708/2253/1957 1783/8/2091
f 1286/1182/1158 319/2223/913 258/916/930
f 1708/2253/1957 461/2233/1956 630/5/1973
f 217/18/1252 1328/1283/1251 1406/2254/1398
f 1649/1930/1847 470/1927/1844 637/2255/1991
f 1328/1283/1251 213/1270/1238 382/2256/1384
f 213/1270/1238 1321/9/9 1399/11/11
f 1656/1283/1858 1733/2063/2004 637/2255/1991
f 710/285/2124 1794/268/2125 1801/2176/2127
f 1670/1957/1883 486/1307/1885 653/2257/2044
f 1521/1703/1613 568/1719/1641 571/40/1594
f 1680/1320/1903 1757/2270/2046 653/2257/2044
f 494/1333/1916 1694/1346/1932 1771/1373/2071
f 513/1704/1614 1521/1703/1613 1511/42/1593
f 1196/950/965 1190/1592/949 324/255/951
f 1694/1346/1932 498/1347/1929 665/2132/2072
f 1700/360/463 501/2266/2210 669/2259/2207
f 1700/360/463 1778/2260/698 665/2132/2072
f 670/867/889 503/677/720 518/704/744
f 503/677/720 1712/2024/1964 619/838/867
f 518/704/744 503/677/720 619/838/867
f 1656/1283/1858 474/18/18 641/20/20
f 1616/1182/1784 1624/2166/1798 513/1704/1614
f 536/1101/1760 1598/1103/1677 1591/1747/1679
f 190/1183/1159 1286/1182/1158 1288/2252/1163
f 532/1131/1776 1606/1846/1772 1602/1007/1770
f 650/1565/1488 1747/2084/2183 1741/2075/1500
f 540/1069/1707 1584/1072/1735 1577/2226/1720
f 560/1739/1665 1631/23/23 1556/25/25
f 662/2430/2084 1777/2131/2083 531/1824/1749
f 1777/2131/2083 666/2138/2090 531/1824/1749
f 666/2138/2090 1781/1540/2089 1611/1143/1132
f 1781/1540/2089 671/882/903 517/412/730
f 1611/1143/1132 1781/1540/2089 517/412/730
f 671/882/903 1791/2160/2105 517/412/730
f 1611/1143/1132 531/1824/1749 666/2138/2090
f 658/2387/2056 1770/2386/2070 535/1799/1723
f 1770/2386/2070 662/2430/2084 1592/1823/1748
f 654/2431/2041 1763/1488/2057 1578/1797/1722
f 1763/1488/2057 658/2387/2056 535/1799/1723
f 1578/1797/1722 1763/1488/2057 535/1799/1723
f 649/2095/2043 1756/2094/2042 1564/1051/1695
f 1756/2094/2042 654/2431/2041 539/1050/1697
f 685/2144/2098 694/2010/1948 629/2432/1989
f 1513/933/1595 514/1689/1597 1725/2433/1988
f 514/1689/1597 685/2144/2098 629/2432/1989
f 1529/961/1628 567/1690/1598 1732/2434/2002
f 567/1690/1598 1513/933/1595 634/2389/2003
f 1732/2434/2002 567/1690/1598 634/2389/2003
f 1543/1729/1654 563/960/1629 1739/2435/2016
f 563/960/1629 1529/961/1628 638/2391/2017
f 1625/1889/1802 559/1213/1800 642/2073/2015
f 559/1213/1800 1543/1729/1654 1739/2435/2016
f 642/2073/2015 559/1213/1800 1739/2435/2016
f 544/2393/1696 1635/1896/1812 649/2095/2043
f 1635/1896/1812 555/1905/1818 646/2021/1960
f 649/2095/2043 1635/1896/1812 646/2021/1960
f 555/1905/1818 1625/1889/1802 1746/1453/2025
f 1746/1453/2025 1625/1889/1802 642/2073/2015
f 563/960/1629 638/2391/2017 1739/2435/2016
f 514/1689/1597 629/2432/1989 1725/2433/1988
f 531/1824/1749 1592/1823/1748 662/2430/2084
f 1770/2386/2070 1592/1823/1748 535/1799/1723
f 1756/2094/2042 539/1050/1697 1564/1051/1695
f 1513/933/1595 1725/2433/1988 634/2389/2003
f 654/2431/2041 1578/1797/1722 539/1050/1697
f 1529/961/1628 1732/2434/2002 638/2391/2017
f 649/2095/2043 1564/1051/1695 544/2393/1696
f 1584/1072/1735 536/1101/1760 607/1796/1721
f 1535/1718/1640 564/253/248 579/255/250
f 1570/1564/1486 540/1069/1707 591/1010/1694
f 2280/2227/2189 2279/2231/2191 22/50/2251
f 2279/2231/2191 1835/2232/2192 21/2324/2252
f 2279/2231/2191 21/2324/2252 743/2325/2253
f 32/274/2254 1836/2425/2249 22/50/2251
f 1836/2425/2249 2280/2227/2189 22/50/2251
f 1/2329/49 2/2327/49 744/2330/49
f 2/2327/49 22/50/2251 17/2328/49
f 740/2331/49 2/2327/49 17/2328/49
f 2279/2231/2191 743/2325/2253 20/2333/2255
f 2279/2231/2191 20/2333/2255 742/617/670
f 2/2327/49 740/2331/49 14/2332/49
f 13/2334/49 744/2330/49 2/2327/49
f 14/2332/49 737/2335/49 2/2327/49
f 737/2335/49 13/2334/49 2/2327/49
f 15/2337/49 738/2336/49 16/2338/49
f 738/2336/49 14/2332/49 740/2331/49
f 16/2338/49 739/2339/49 15/2337/49
f 740/2331/49 16/2338/49 738/2336/49
f 2279/2231/2191 742/617/670 22/50/2251
f 742/617/670 19/2340/49 745/616/49
f 22/50/2251 745/616/49 17/2328/49
f 745/616/49 22/50/2251 742/617/670
f 19/2340/49 741/2262/49 745/616/49
f 697/2172/2121 1799/2436/2120 2285/2264/2208
f 1153/654/696 669/2259/2207 501/2266/2210
f 1780/2417/2087 2259/395/756 678/2268/904
f 2259/395/756 2003/713/755 678/2268/904
f 1845/2326/2238 2286/2227/2211 704/1588/1497
f 2286/2227/2211 2285/2264/2208 711/2269/2119
f 2285/2264/2208 1799/2436/2120 711/2269/2119
f 1680/1320/1903 490/39/38 657/38/37
f 1276/1138/1127 1269/1125/1114 2046/1129/1118
f 177/2271/2212 1847/2273/2214 2287/2272/2213
f 1847/2273/2214 730/1642/2145 1830/2274/2172
f 2287/2272/2213 1830/2274/2172 712/1670/2174
f 933/117/328 2287/2272/2213 1848/2240/2215
f 1849/2242/2216 2288/2275/2218 891/340/2188
f 715/2245/2217 1814/2243/2148 2288/2275/2218
f 1814/2243/2148 730/1642/2145 1847/2273/2214
f 1459/2234/2193 1376/2428/2250 434/1377/1345
f 434/1377/1345 426/1378/1346 1459/2234/2193
f 426/1378/1346 1463/1600/1508 2129/1603/1511
f 865/275/274 162/61/279 1851/2248/2219
f 2289/2276/2220 1851/2248/2219 719/1645/2171
f 722/2277/2221 1852/2280/2223 2290/2278/2222
f 1852/2280/2223 161/245/455 923/250/247
f 1812/2279/2143 2290/2278/2222 1850/2246/2201
f 1535/1718/1640 1528/1592/1627 571/40/1594
o ClosetBase
v 10.737907 -0.043717 -8.295575
v 10.106881 -0.043717 -8.862360
v 10.614800 -0.043717 -8.306465
v 10.496424 -0.043717 -8.338718
v 10.387328 -0.043717 -8.391095
v 10.291704 -0.043717 -8.461582
v 10.213228 -0.043717 -8.547471
v 10.154915 -0.043717 -8.645461
v 10.119006 -0.043717 -8.751785
v 10.106881 -0.043717 -11.804308
v 10.737907 -0.043717 -12.371093
v 10.119005 -0.043717 -11.914883
v 10.154915 -0.043717 -12.021208
v 10.213228 -0.043717 -12.119197
v 10.291704 -0.043717 -12.205086
v 10.387327 -0.043717 -12.275573
v 10.496424 -0.043717 -12.327950
v 10.614799 -0.043717 -12.360203
v 16.559786 -0.043717 -8.862359
v 15.928759 -0.043717 -8.295574
v 16.547661 -0.043717 -8.751785
v 16.511751 -0.043717 -8.645460
v 16.453438 -0.043717 -8.547471
v 16.374962 -0.043717 -8.461582
v 16.279339 -0.043717 -8.391095
v 16.170242 -0.043717 -8.338718
v 16.051867 -0.043717 -8.306465
v 15.928759 -0.043717 -12.371093
v 16.559786 -0.043717 -11.804307
v 16.051865 -0.043717 -12.360203
v 16.170242 -0.043717 -12.327949
v 16.279339 -0.043717 -12.275572
v 16.374962 -0.043717 -12.205085
v 16.453438 -0.043717 -12.119196
v 16.511751 -0.043717 -12.021206
v 16.547661 -0.043717 -11.914881
v 10.742908 2.662583 -12.333334
v 10.166666 2.662583 -11.781657
v 10.630488 2.662583 -12.322734
v 10.522389 2.662583 -12.291340
v 10.422765 2.662583 -12.240359
v 10.335443 2.662583 -12.171752
v 10.263781 2.662583 -12.088152
v 10.210530 2.662583 -11.992775
v 10.177738 2.662583 -11.889284
v 16.500000 2.662583 -11.781657
v 15.923759 2.662583 -12.333334
v 16.488928 2.662583 -11.889284
v 16.456137 2.662583 -11.992775
v 16.402885 2.662583 -12.088153
v 16.331223 2.662583 -12.171752
v 16.243900 2.662583 -12.240359
v 16.144278 2.662583 -12.291340
v 16.036179 2.662583 -12.322734
v 15.923759 2.662583 -8.333334
v 16.500000 2.662583 -8.885011
v 16.036179 2.662583 -8.343934
v 16.144276 2.662583 -8.375328
v 16.243900 2.662583 -8.426308
v 16.331223 2.662583 -8.494916
v 16.402885 2.662583 -8.578515
v 16.456137 2.662583 -8.673893
v 16.488928 2.662583 -8.777384
v 10.742908 2.662583 -8.333334
v 10.166666 2.662583 -8.885011
v 10.630488 2.662583 -8.343934
v 10.522389 2.662583 -8.375328
v 10.422765 2.662583 -8.426309
v 10.335443 2.662583 -8.494916
v 10.263781 2.662583 -8.578516
v 10.210530 2.662583 -8.673893
v 10.177738 2.662583 -8.777384
v 10.209125 2.703227 -8.544174
v 10.282926 2.703227 -8.459890
v 10.372852 2.703227 -8.390720
v 10.475450 2.703227 -8.339322
v 10.586774 2.703227 -8.307672
v 10.214672 3.159235 -8.176966
v 10.112541 3.159235 -8.229935
v 10.023023 3.159235 -8.301220
v 10.076723 2.726161 -8.833731
v 10.672798 2.726161 -8.276527
v 10.088177 2.726161 -8.725025
v 10.122097 2.726161 -8.620498
v 10.177180 2.726161 -8.524165
v 10.251310 2.726161 -8.439729
v 10.341637 2.726161 -8.370434
v 10.444691 2.726161 -8.318942
v 10.556510 2.726161 -8.287234
v 10.067655 2.757804 -8.828063
v 10.663099 2.757804 -8.270800
v 10.079096 2.757804 -8.719346
v 10.112980 2.757804 -8.614808
v 10.168005 2.757804 -8.518464
v 10.242056 2.757804 -8.434018
v 10.332288 2.757804 -8.364716
v 10.435233 2.757804 -8.313219
v 10.546934 2.757804 -8.281507
v 10.044334 2.787960 -8.813532
v 10.639024 2.787960 -8.256071
v 10.055761 2.787960 -8.704777
v 10.089602 2.787960 -8.600201
v 10.144557 2.787960 -8.503823
v 10.218514 2.787960 -8.419348
v 10.308632 2.787960 -8.350020
v 10.411446 2.787960 -8.298506
v 10.523005 2.787960 -8.266783
v 10.044334 2.810928 -8.814171
v 10.639492 2.810928 -8.256071
v 10.055770 2.810928 -8.705292
v 10.089638 2.810928 -8.600595
v 10.144636 2.810928 -8.504107
v 10.218652 2.810928 -8.419536
v 10.308840 2.810928 -8.350128
v 10.411735 2.810928 -8.298554
v 10.523382 2.810928 -8.266795
v 9.996917 2.862565 -8.785276
v 10.593431 2.862565 -8.226124
v 10.008379 2.862565 -8.676191
v 10.042324 2.862565 -8.571298
v 10.097448 2.862565 -8.474627
v 10.171632 2.862565 -8.389895
v 10.262026 2.862565 -8.320357
v 10.365155 2.862565 -8.268686
v 10.477057 2.862565 -8.236868
v 9.973856 2.920502 -8.771367
v 10.569937 2.920502 -8.211558
v 9.985310 2.920502 -8.662154
v 10.019230 2.920502 -8.557138
v 10.074313 2.920502 -8.460355
v 10.148444 2.920502 -8.375523
v 10.238771 2.920502 -8.305903
v 10.341826 2.920502 -8.254171
v 10.453647 2.920502 -8.222316
v 9.953646 2.983762 -8.760392
v 10.551730 2.983762 -8.198793
v 9.965137 2.983762 -8.650830
v 9.999172 2.983762 -8.545478
v 10.054440 2.983762 -8.448385
v 10.128820 2.983762 -8.363282
v 10.219452 2.983762 -8.293440
v 10.322853 2.983762 -8.241543
v 10.435049 2.983762 -8.209585
v 9.920737 3.035007 -8.742255
v 10.522327 3.035007 -8.178010
v 9.932297 3.035007 -8.632176
v 9.966531 3.035007 -8.526328
v 10.022123 3.035007 -8.428778
v 10.096939 3.035007 -8.343273
v 10.188102 3.035007 -8.273103
v 10.292109 3.035007 -8.220961
v 10.404963 3.035007 -8.188852
v 9.869433 3.077467 -8.711661
v 10.469402 3.077467 -8.145607
v 9.880961 3.077467 -8.601230
v 9.915103 3.077467 -8.495042
v 9.970547 3.077467 -8.397179
v 10.045160 3.077467 -8.311401
v 10.136077 3.077467 -8.241005
v 10.239803 3.077467 -8.188696
v 10.352354 3.077467 -8.156485
v 9.869433 3.098410 -8.713557
v 10.468321 3.098410 -8.145607
v 9.880940 3.098410 -8.602756
v 9.915021 3.098410 -8.496212
v 9.970365 3.098410 -8.398022
v 10.044844 3.098410 -8.311956
v 10.135597 3.098410 -8.241324
v 10.239137 3.098410 -8.188840
v 10.351484 3.098410 -8.156521
v 9.850000 3.110368 -8.704008
v 10.444111 3.110368 -8.133333
v 9.861416 3.110368 -8.592675
v 9.895224 3.110368 -8.485620
v 9.950126 3.110368 -8.386958
v 10.024011 3.110368 -8.300480
v 10.114040 3.110368 -8.229509
v 10.216754 3.110368 -8.176773
v 10.328205 3.110368 -8.144299
v 10.023023 3.159235 -12.365448
v 10.112541 3.159235 -12.436733
v 10.214672 3.159235 -12.489702
v 10.586774 2.703227 -12.358997
v 10.475450 2.703227 -12.327346
v 10.372852 2.703227 -12.275949
v 10.282926 2.703227 -12.206779
v 10.209125 2.703227 -12.122494
v 10.444110 3.110368 -12.533335
v 9.849999 3.110368 -11.962660
v 10.328205 3.110368 -12.522369
v 10.216754 3.110368 -12.489895
v 10.114040 3.110368 -12.437159
v 10.024011 3.110368 -12.366188
v 9.950125 3.110368 -12.279710
v 9.895224 3.110368 -12.181047
v 9.861415 3.110368 -12.073993
v 10.468321 3.098410 -12.521061
v 9.869432 3.098410 -11.953111
v 10.351483 3.098410 -12.510147
v 10.239136 3.098410 -12.477828
v 10.135597 3.098410 -12.425344
v 10.044844 3.098410 -12.354712
v 9.970365 3.098410 -12.268646
v 9.915021 3.098410 -12.170456
v 9.880940 3.098410 -12.063912
v 10.469401 3.077467 -12.521061
v 9.869432 3.077467 -11.955007
v 10.352353 3.077467 -12.510183
v 10.239803 3.077467 -12.477972
v 10.136077 3.077467 -12.425663
v 10.045159 3.077467 -12.355267
v 9.970546 3.077467 -12.269489
v 9.915103 3.077467 -12.171626
v 9.880960 3.077467 -12.065438
v 10.522327 3.035007 -12.488658
v 9.920737 3.035007 -11.924413
v 10.404963 3.035007 -12.477816
v 10.292109 3.035007 -12.445707
v 10.188102 3.035007 -12.393565
v 10.096939 3.035007 -12.323394
v 10.022123 3.035007 -12.237890
v 9.966531 3.035007 -12.140340
v 9.932297 3.035007 -12.034492
v 10.551730 2.983762 -12.467875
v 9.953645 2.983762 -11.906275
v 10.435049 2.983762 -12.457083
v 10.322852 2.983762 -12.425125
v 10.219452 2.983762 -12.373227
v 10.128819 2.983762 -12.303385
v 10.054440 2.983762 -12.218283
v 9.999171 2.983762 -12.121189
v 9.965137 2.983762 -12.015838
v 10.569937 2.920501 -12.455110
v 9.973856 2.920501 -11.895301
v 10.453647 2.920501 -12.444353
v 10.341825 2.920501 -12.412497
v 10.238771 2.920501 -12.360765
v 10.148443 2.920501 -12.291145
v 10.074314 2.920501 -12.206314
v 10.019230 2.920501 -12.109530
v 9.985310 2.920501 -12.004515
v 10.593431 2.862565 -12.440544
v 9.996916 2.862565 -11.881392
v 10.477057 2.862565 -12.429801
v 10.365155 2.862565 -12.397982
v 10.262026 2.862565 -12.346311
v 10.171631 2.862565 -12.276772
v 10.097447 2.862565 -12.192040
v 10.042323 2.862565 -12.095370
v 10.008378 2.862565 -11.990477
v 10.639492 2.810928 -12.410597
v 10.044334 2.810928 -11.852497
v 10.523382 2.810928 -12.399873
v 10.411735 2.810928 -12.368114
v 10.308840 2.810928 -12.316540
v 10.218652 2.810928 -12.247133
v 10.144636 2.810928 -12.162560
v 10.089638 2.810928 -12.066072
v 10.055770 2.810928 -11.961377
v 10.639024 2.787960 -12.410597
v 10.044334 2.787960 -11.853136
v 10.523006 2.787960 -12.399885
v 10.411447 2.787960 -12.368162
v 10.308632 2.787960 -12.316648
v 10.218515 2.787960 -12.247320
v 10.144558 2.787960 -12.162845
v 10.089602 2.787960 -12.066467
v 10.055761 2.787960 -11.961891
v 10.663099 2.757804 -12.395868
v 10.067655 2.757804 -11.838605
v 10.546934 2.757804 -12.385160
v 10.435233 2.757804 -12.353449
v 10.332288 2.757804 -12.301952
v 10.242056 2.757804 -12.232650
v 10.168005 2.757804 -12.148204
v 10.112980 2.757804 -12.051860
v 10.079096 2.757804 -11.947322
v 10.672798 2.726161 -12.390141
v 10.076723 2.726161 -11.832938
v 10.556510 2.726161 -12.379434
v 10.444691 2.726161 -12.347726
v 10.341637 2.726161 -12.296235
v 10.251309 2.726161 -12.226940
v 10.177180 2.726161 -12.142503
v 10.122097 2.726161 -12.046170
v 10.088177 2.726161 -11.941643
v 16.451994 3.159235 -12.489702
v 16.554125 3.159235 -12.436733
v 16.643642 3.159235 -12.365448
v 16.457542 2.703227 -12.122494
v 16.383741 2.703227 -12.206778
v 16.293814 2.703227 -12.275948
v 16.191217 2.703227 -12.327346
v 16.079893 2.703227 -12.358996
v 16.816666 3.110368 -11.962660
v 16.222555 3.110368 -12.533334
v 16.805250 3.110368 -12.073993
v 16.771442 3.110368 -12.181047
v 16.716541 3.110368 -12.279710
v 16.642654 3.110368 -12.366188
v 16.552626 3.110368 -12.437159
v 16.449913 3.110368 -12.489894
v 16.338461 3.110368 -12.522368
v 16.797234 3.098410 -11.953111
v 16.198345 3.098410 -12.521060
v 16.785725 3.098410 -12.063911
v 16.751644 3.098410 -12.170455
v 16.696302 3.098410 -12.268646
v 16.621822 3.098410 -12.354712
v 16.531069 3.098410 -12.425344
v 16.427528 3.098410 -12.477827
v 16.315182 3.098410 -12.510147
v 16.797234 3.077467 -11.955007
v 16.197264 3.077467 -12.521060
v 16.785704 3.077467 -12.065438
v 16.751562 3.077467 -12.171626
v 16.696119 3.077467 -12.269489
v 16.621506 3.077467 -12.355267
v 16.530588 3.077467 -12.425663
v 16.426863 3.077467 -12.477972
v 16.314312 3.077467 -12.510183
v 16.745928 3.035007 -11.924413
v 16.144339 3.035007 -12.488657
v 16.734369 3.035007 -12.034492
v 16.700134 3.035007 -12.140340
v 16.644543 3.035007 -12.237890
v 16.569727 3.035007 -12.323395
v 16.478563 3.035007 -12.393565
v 16.374557 3.035007 -12.445707
v 16.261703 3.035007 -12.477816
v 16.713020 2.983762 -11.906276
v 16.114937 2.983762 -12.467875
v 16.701530 2.983762 -12.015838
v 16.667496 2.983762 -12.121190
v 16.612226 2.983762 -12.218283
v 16.537846 2.983762 -12.303386
v 16.447214 2.983762 -12.373227
v 16.343813 2.983762 -12.425125
v 16.231617 2.983762 -12.457083
v 16.692810 2.920501 -11.895301
v 16.096729 2.920501 -12.455110
v 16.681356 2.920501 -12.004514
v 16.647436 2.920501 -12.109530
v 16.592354 2.920501 -12.206313
v 16.518223 2.920501 -12.291145
v 16.427895 2.920501 -12.360765
v 16.324841 2.920501 -12.412497
v 16.213020 2.920501 -12.444352
v 16.669750 2.862565 -11.881392
v 16.073235 2.862565 -12.440544
v 16.658287 2.862565 -11.990477
v 16.624342 2.862565 -12.095370
v 16.569220 2.862565 -12.192040
v 16.495035 2.862565 -12.276772
v 16.404640 2.862565 -12.346310
v 16.301512 2.862565 -12.397982
v 16.189610 2.862565 -12.429800
v 16.622332 2.810928 -11.852497
v 16.027174 2.810928 -12.410597
v 16.610895 2.810928 -11.961376
v 16.577028 2.810928 -12.066072
v 16.522030 2.810928 -12.162560
v 16.448013 2.810928 -12.247132
v 16.357826 2.810928 -12.316540
v 16.254930 2.810928 -12.368114
v 16.143284 2.810928 -12.399873
v 16.622332 2.787960 -11.853136
v 16.027641 2.787960 -12.410597
v 16.610905 2.787960 -11.961891
v 16.577065 2.787960 -12.066467
v 16.522108 2.787960 -12.162845
v 16.448151 2.787960 -12.247320
v 16.358034 2.787960 -12.316648
v 16.255220 2.787960 -12.368162
v 16.143661 2.787960 -12.399885
v 16.599010 2.757804 -11.838606
v 16.003567 2.757804 -12.395868
v 16.587570 2.757804 -11.947322
v 16.553686 2.757804 -12.051861
v 16.498661 2.757804 -12.148204
v 16.424610 2.757804 -12.232650
v 16.334377 2.757804 -12.301952
v 16.231434 2.757804 -12.353449
v 16.119732 2.757804 -12.385160
v 16.589943 2.726161 -11.832938
v 15.993869 2.726161 -12.390141
v 16.578489 2.726161 -11.941643
v 16.544569 2.726161 -12.046170
v 16.489487 2.726161 -12.142503
v 16.415358 2.726161 -12.226940
v 16.325029 2.726161 -12.296235
v 16.221977 2.726161 -12.347726
v 16.110157 2.726161 -12.379434
v 16.643642 3.159235 -8.301220
v 16.554125 3.159235 -8.229935
v 16.451994 3.159235 -8.176966
v 16.079893 2.703228 -8.307672
v 16.191217 2.703228 -8.339322
v 16.293814 2.703228 -8.390720
v 16.383741 2.703228 -8.459889
v 16.457542 2.703228 -8.544174
v 16.222555 3.110369 -8.133333
v 16.816666 3.110369 -8.704008
v 16.338461 3.110369 -8.144299
v 16.449911 3.110369 -8.176773
v 16.552626 3.110369 -8.229509
v 16.642654 3.110369 -8.300480
v 16.716541 3.110369 -8.386958
v 16.771442 3.110369 -8.485620
v 16.805250 3.110369 -8.592675
v 16.198345 3.098410 -8.145607
v 16.797232 3.098410 -8.713557
v 16.315182 3.098410 -8.156521
v 16.427528 3.098410 -8.188840
v 16.531069 3.098410 -8.241324
v 16.621822 3.098410 -8.311956
v 16.696301 3.098410 -8.398022
v 16.751644 3.098410 -8.496212
v 16.785725 3.098410 -8.602757
v 16.197264 3.077468 -8.145607
v 16.797232 3.077468 -8.711661
v 16.314312 3.077468 -8.156485
v 16.426861 3.077468 -8.188696
v 16.530588 3.077468 -8.241005
v 16.621506 3.077468 -8.311401
v 16.696119 3.077468 -8.397179
v 16.751562 3.077468 -8.495042
v 16.785704 3.077468 -8.601231
v 16.144339 3.035007 -8.178011
v 16.745928 3.035007 -8.742256
v 16.261703 3.035007 -8.188852
v 16.374557 3.035007 -8.220961
v 16.478565 3.035007 -8.273103
v 16.569727 3.035007 -8.343274
v 16.644543 3.035007 -8.428778
v 16.700136 3.035007 -8.526329
v 16.734369 3.035007 -8.632177
v 16.114937 2.983762 -8.198793
v 16.713020 2.983762 -8.760393
v 16.231617 2.983762 -8.209585
v 16.343813 2.983762 -8.241543
v 16.447214 2.983762 -8.293441
v 16.537846 2.983762 -8.363282
v 16.612226 2.983762 -8.448385
v 16.667496 2.983762 -8.545479
v 16.701529 2.983762 -8.650830
v 16.096729 2.920502 -8.211558
v 16.692810 2.920502 -8.771367
v 16.213020 2.920502 -8.222315
v 16.324841 2.920502 -8.254171
v 16.427895 2.920502 -8.305903
v 16.518223 2.920502 -8.375523
v 16.592352 2.920502 -8.460354
v 16.647436 2.920502 -8.557137
v 16.681356 2.920502 -8.662154
v 16.073235 2.862566 -8.226124
v 16.669748 2.862566 -8.785276
v 16.189608 2.862566 -8.236868
v 16.301510 2.862566 -8.268686
v 16.404640 2.862566 -8.320357
v 16.495033 2.862566 -8.389895
v 16.569218 2.862566 -8.474627
v 16.624342 2.862566 -8.571298
v 16.658287 2.862566 -8.676191
v 16.027174 2.810928 -8.256071
v 16.622332 2.810928 -8.814171
v 16.143284 2.810928 -8.266795
v 16.254930 2.810928 -8.298554
v 16.357826 2.810928 -8.350128
v 16.448013 2.810928 -8.419536
v 16.522030 2.810928 -8.504107
v 16.577028 2.810928 -8.600595
v 16.610895 2.810928 -8.705292
v 16.027641 2.787960 -8.256071
v 16.622332 2.787960 -8.813532
v 16.143661 2.787960 -8.266783
v 16.255220 2.787960 -8.298506
v 16.358034 2.787960 -8.350021
v 16.448151 2.787960 -8.419348
v 16.522108 2.787960 -8.503823
v 16.577065 2.787960 -8.600202
v 16.610905 2.787960 -8.704777
v 16.003567 2.757804 -8.270800
v 16.599010 2.757804 -8.828063
v 16.119732 2.757804 -8.281507
v 16.231434 2.757804 -8.313219
v 16.334377 2.757804 -8.364716
v 16.424610 2.757804 -8.434019
v 16.498661 2.757804 -8.518464
v 16.553686 2.757804 -8.614808
v 16.587570 2.757804 -8.719346
v 15.993868 2.726162 -8.276527
v 16.589943 2.726162 -8.833731
v 16.110157 2.726162 -8.287235
v 16.221975 2.726162 -8.318943
v 16.325029 2.726162 -8.370434
v 16.415356 2.726162 -8.439729
v 16.489485 2.726162 -8.524165
v 16.544569 2.726162 -8.620499
v 16.578489 2.726162 -8.725026
v 9.975618 3.600000 -8.876616
v 10.579604 3.600000 -8.265564
v 9.987224 3.600000 -8.757405
v 10.021594 3.600000 -8.642776
v 10.077408 3.600000 -8.537133
v 10.152521 3.600000 -8.444536
v 10.244047 3.600000 -8.368545
v 10.348469 3.600000 -8.312077
v 10.461772 3.600000 -8.277305
v 9.966688 3.573071 -8.862439
v 10.566518 3.573071 -8.256164
v 9.978213 3.573071 -8.744161
v 10.012347 3.573071 -8.630427
v 10.067778 3.573071 -8.525610
v 10.142374 3.573071 -8.433738
v 10.233271 3.573071 -8.358339
v 10.336973 3.573071 -8.302313
v 10.449497 3.573071 -8.267813
v 9.954681 3.544904 -8.847809
v 10.552975 3.544904 -8.243525
v 9.966177 3.544904 -8.729918
v 10.000223 3.544904 -8.616559
v 10.055511 3.544904 -8.512087
v 10.129917 3.544904 -8.420516
v 10.220581 3.544904 -8.345366
v 10.324018 3.544904 -8.289523
v 10.436253 3.544904 -8.255136
v 9.912808 3.489809 -8.801530
v 10.509645 3.489809 -8.199449
v 9.924276 3.489809 -8.684070
v 9.958241 3.489809 -8.571123
v 10.013393 3.489809 -8.467031
v 10.087618 3.489809 -8.375794
v 10.178061 3.489809 -8.300918
v 10.281245 3.489809 -8.245279
v 10.393208 3.489809 -8.211018
v 9.875123 3.445732 -8.756534
v 10.468075 3.445732 -8.159780
v 9.886517 3.445732 -8.640113
v 9.920259 3.445732 -8.528166
v 9.975054 3.445732 -8.424995
v 10.048795 3.445732 -8.334565
v 10.138648 3.445732 -8.260351
v 10.241161 3.445732 -8.205205
v 10.352395 3.445732 -8.171247
v 9.862322 3.413734 -8.738287
v 10.451849 3.413734 -8.146305
v 9.873650 3.413734 -8.622797
v 9.907197 3.413734 -8.511745
v 9.961676 3.413734 -8.409399
v 10.034990 3.413734 -8.319693
v 10.124325 3.413734 -8.246072
v 10.226247 3.413734 -8.191367
v 10.336838 3.413734 -8.157680
v 9.860468 3.379617 -8.735167
v 10.449933 3.379617 -8.144353
v 9.871795 3.379617 -8.619905
v 9.905338 3.379617 -8.509071
v 9.959811 3.379617 -8.406928
v 10.033119 3.379617 -8.317398
v 10.122444 3.379617 -8.243923
v 10.224355 3.379617 -8.189326
v 10.334934 3.379617 -8.155705
v 9.881404 3.335541 -8.758744
v 10.473803 3.335541 -8.166391
v 9.892786 3.335541 -8.643182
v 9.926497 3.335541 -8.532061
v 9.981241 3.335541 -8.429650
v 10.054913 3.335541 -8.339888
v 10.144683 3.335541 -8.266221
v 10.247101 3.335541 -8.211481
v 10.358231 3.335541 -8.177773
v 9.954681 3.302483 -8.832918
v 10.547605 3.302483 -8.243525
v 9.966074 3.302483 -8.717934
v 9.999815 3.302483 -8.607368
v 10.054606 3.302483 -8.505468
v 10.128345 3.302483 -8.416155
v 10.218194 3.302483 -8.342855
v 10.320703 3.302483 -8.288390
v 10.431931 3.302483 -8.254850
v 9.954681 3.269426 -8.830502
v 10.547673 3.269426 -8.243525
v 9.966075 3.269426 -8.715987
v 9.999821 3.269426 -8.605875
v 10.054619 3.269426 -8.504395
v 10.128365 3.269426 -8.415446
v 10.218225 3.269426 -8.342448
v 10.320745 3.269426 -8.288206
v 10.431986 3.269426 -8.254803
v 9.850000 3.269426 -8.712243
v 10.441957 3.269426 -8.133333
v 9.861374 3.269426 -8.599303
v 9.895061 3.269426 -8.490704
v 9.949763 3.269426 -8.390618
v 10.023380 3.269426 -8.302893
v 10.113084 3.269426 -8.230898
v 10.215425 3.269426 -8.177401
v 10.326472 3.269426 -8.144457
v 16.224709 3.269426 -8.133333
v 16.816666 3.269426 -8.712243
v 16.340195 3.269426 -8.144457
v 16.451241 3.269426 -8.177401
v 16.553583 3.269426 -8.230898
v 16.643286 3.269426 -8.302893
v 16.716904 3.269426 -8.390618
v 16.771606 3.269426 -8.490704
v 16.805292 3.269426 -8.599303
v 16.118994 3.269426 -8.243525
v 16.711985 3.269426 -8.830502
v 16.234680 3.269426 -8.254803
v 16.345921 3.269426 -8.288206
v 16.448441 3.269426 -8.342448
v 16.538301 3.269426 -8.415446
v 16.612047 3.269426 -8.504395
v 16.666845 3.269426 -8.605875
v 16.700590 3.269426 -8.715987
v 16.119062 3.302484 -8.243525
v 16.711985 3.302484 -8.832918
v 16.234735 3.302484 -8.254850
v 16.345964 3.302484 -8.288389
v 16.448471 3.302484 -8.342855
v 16.538322 3.302484 -8.416154
v 16.612059 3.302484 -8.505469
v 16.666851 3.302484 -8.607367
v 16.700592 3.302484 -8.717934
v 16.192863 3.335541 -8.166391
v 16.785261 3.335541 -8.758744
v 16.308434 3.335541 -8.177773
v 16.419563 3.335541 -8.211482
v 16.521982 3.335541 -8.266221
v 16.611752 3.335541 -8.339888
v 16.685425 3.335541 -8.429650
v 16.740168 3.335541 -8.532061
v 16.773880 3.335541 -8.643182
v 16.216732 3.379617 -8.144353
v 16.806198 3.379617 -8.735167
v 16.331732 3.379617 -8.155705
v 16.442310 3.379617 -8.189326
v 16.544222 3.379617 -8.243923
v 16.633547 3.379617 -8.317398
v 16.706856 3.379617 -8.406928
v 16.761328 3.379617 -8.509071
v 16.794872 3.379617 -8.619905
v 16.214817 3.413734 -8.146305
v 16.804344 3.413734 -8.738287
v 16.329828 3.413734 -8.157680
v 16.440418 3.413734 -8.191367
v 16.542339 3.413734 -8.246072
v 16.631676 3.413734 -8.319693
v 16.704990 3.413734 -8.409399
v 16.759468 3.413734 -8.511745
v 16.793016 3.413734 -8.622797
v 16.198591 3.445732 -8.159780
v 16.791542 3.445732 -8.756534
v 16.314270 3.445732 -8.171247
v 16.425505 3.445732 -8.205205
v 16.528017 3.445732 -8.260351
v 16.617872 3.445732 -8.334565
v 16.691612 3.445732 -8.424995
v 16.746407 3.445732 -8.528166
v 16.780149 3.445732 -8.640113
v 16.157021 3.489809 -8.199449
v 16.753857 3.489809 -8.801530
v 16.273458 3.489809 -8.211018
v 16.385420 3.489809 -8.245279
v 16.488605 3.489809 -8.300918
v 16.579048 3.489809 -8.375794
v 16.653273 3.489809 -8.467031
v 16.708426 3.489809 -8.571123
v 16.742390 3.489809 -8.684070
v 16.113691 3.544904 -8.243525
v 16.711985 3.544904 -8.847809
v 16.230413 3.544904 -8.255136
v 16.342649 3.544904 -8.289523
v 16.446085 3.544904 -8.345366
v 16.536749 3.544904 -8.420516
v 16.611155 3.544904 -8.512087
v 16.666443 3.544904 -8.616559
v 16.700489 3.544904 -8.729918
v 16.100149 3.573071 -8.256164
v 16.699978 3.573071 -8.862439
v 16.217169 3.573071 -8.267813
v 16.329693 3.573071 -8.302313
v 16.433395 3.573071 -8.358339
v 16.524292 3.573071 -8.433738
v 16.598888 3.573071 -8.525610
v 16.654320 3.573071 -8.630427
v 16.688452 3.573071 -8.744161
v 16.087063 3.600000 -8.265564
v 16.691048 3.600000 -8.876616
v 16.204893 3.600000 -8.277305
v 16.318197 3.600000 -8.312077
v 16.422619 3.600000 -8.368545
v 16.514145 3.600000 -8.444536
v 16.589258 3.600000 -8.537133
v 16.645073 3.600000 -8.642776
v 16.679443 3.600000 -8.757405
v 16.816666 3.269426 -11.954425
v 16.224709 3.269426 -12.533334
v 16.805292 3.269426 -12.067365
v 16.771606 3.269426 -12.175963
v 16.716904 3.269426 -12.276050
v 16.643286 3.269426 -12.363775
v 16.553583 3.269426 -12.435770
v 16.451241 3.269426 -12.489267
v 16.340195 3.269426 -12.522210
v 16.711985 3.269426 -11.836166
v 16.118994 3.269426 -12.423142
v 16.700590 3.269426 -11.950680
v 16.666845 3.269426 -12.060793
v 16.612047 3.269426 -12.162273
v 16.538301 3.269426 -12.251222
v 16.448441 3.269426 -12.324220
v 16.345921 3.269426 -12.378462
v 16.234680 3.269426 -12.411864
v 16.711985 3.302484 -11.833750
v 16.119062 3.302484 -12.423142
v 16.700592 3.302484 -11.948734
v 16.666851 3.302484 -12.059300
v 16.612059 3.302484 -12.161199
v 16.538322 3.302484 -12.250513
v 16.448473 3.302484 -12.323812
v 16.345963 3.302484 -12.378278
v 16.234735 3.302484 -12.411818
v 16.785263 3.335541 -11.907924
v 16.192863 3.335541 -12.500277
v 16.773880 3.335541 -12.023486
v 16.740168 3.335541 -12.134607
v 16.685425 3.335541 -12.237018
v 16.611752 3.335541 -12.326780
v 16.521982 3.335541 -12.400447
v 16.419565 3.335541 -12.455187
v 16.308435 3.335541 -12.488895
v 16.806198 3.379617 -11.931501
v 16.216732 3.379617 -12.522315
v 16.794872 3.379617 -12.046763
v 16.761328 3.379617 -12.157597
v 16.706856 3.379617 -12.259740
v 16.633547 3.379617 -12.349270
v 16.544222 3.379617 -12.422745
v 16.442310 3.379617 -12.477342
v 16.331732 3.379617 -12.510962
v 16.804344 3.413734 -11.928381
v 16.214817 3.413734 -12.520363
v 16.793016 3.413734 -12.043871
v 16.759468 3.413734 -12.154922
v 16.704990 3.413734 -12.257268
v 16.631676 3.413734 -12.346975
v 16.542341 3.413734 -12.420595
v 16.440418 3.413734 -12.475301
v 16.329828 3.413734 -12.508987
v 16.791542 3.445732 -11.910133
v 16.198591 3.445732 -12.506887
v 16.780149 3.445732 -12.026554
v 16.746407 3.445732 -12.138501
v 16.691612 3.445732 -12.241673
v 16.617870 3.445732 -12.332103
v 16.528017 3.445732 -12.406317
v 16.425505 3.445732 -12.461462
v 16.314270 3.445732 -12.495421
v 16.753857 3.489809 -11.865138
v 16.157021 3.489809 -12.467219
v 16.742390 3.489809 -11.982598
v 16.708426 3.489809 -12.095545
v 16.653273 3.489809 -12.199636
v 16.579048 3.489809 -12.290874
v 16.488605 3.489809 -12.365750
v 16.385420 3.489809 -12.421389
v 16.273458 3.489809 -12.455650
v 16.711985 3.544904 -11.818859
v 16.113691 3.544904 -12.423142
v 16.700489 3.544904 -11.936749
v 16.666443 3.544904 -12.050109
v 16.611155 3.544904 -12.154581
v 16.536749 3.544904 -12.246153
v 16.446085 3.544904 -12.321302
v 16.342649 3.544904 -12.377145
v 16.230413 3.544904 -12.411531
v 16.699978 3.573071 -11.804230
v 16.100149 3.573071 -12.410504
v 16.688452 3.573071 -11.922508
v 16.654320 3.573071 -12.036241
v 16.598888 3.573071 -12.141058
v 16.524292 3.573071 -12.232930
v 16.433395 3.573071 -12.308329
v 16.329693 3.573071 -12.364354
v 16.217169 3.573071 -12.398855
v 16.691048 3.600000 -11.790052
v 16.087063 3.600000 -12.401104
v 16.679443 3.600000 -11.909263
v 16.645073 3.600000 -12.023892
v 16.589258 3.600000 -12.129535
v 16.514145 3.600000 -12.222132
v 16.422619 3.600000 -12.298124
v 16.318197 3.600000 -12.354591
v 16.204893 3.600000 -12.389363
v 10.441957 3.269426 -12.533334
v 9.850000 3.269426 -11.954425
v 10.326472 3.269426 -12.522210
v 10.215425 3.269426 -12.489267
v 10.113084 3.269426 -12.435770
v 10.023380 3.269426 -12.363775
v 9.949763 3.269426 -12.276050
v 9.895061 3.269426 -12.175963
v 9.861374 3.269426 -12.067365
v 10.547673 3.269426 -12.423142
v 9.954681 3.269426 -11.836166
v 10.431986 3.269426 -12.411864
v 10.320745 3.269426 -12.378462
v 10.218225 3.269426 -12.324220
v 10.128365 3.269426 -12.251222
v 10.054619 3.269426 -12.162273
v 9.999821 3.269426 -12.060793
v 9.966075 3.269426 -11.950680
v 10.547605 3.302484 -12.423142
v 9.954681 3.302484 -11.833749
v 10.431931 3.302484 -12.411818
v 10.320703 3.302484 -12.378278
v 10.218194 3.302484 -12.323812
v 10.128345 3.302484 -12.250513
v 10.054606 3.302484 -12.161199
v 9.999815 3.302484 -12.059299
v 9.966074 3.302484 -11.948734
v 10.473803 3.335541 -12.500277
v 9.881405 3.335541 -11.907924
v 10.358231 3.335541 -12.488895
v 10.247102 3.335541 -12.455187
v 10.144684 3.335541 -12.400447
v 10.054914 3.335541 -12.326780
v 9.981241 3.335541 -12.237018
v 9.926497 3.335541 -12.134607
v 9.892787 3.335541 -12.023486
v 10.449933 3.379617 -12.522315
v 9.860468 3.379617 -11.931501
v 10.334934 3.379617 -12.510962
v 10.224355 3.379617 -12.477342
v 10.122444 3.379617 -12.422745
v 10.033118 3.379617 -12.349270
v 9.959810 3.379617 -12.259740
v 9.905338 3.379617 -12.157597
v 9.871795 3.379617 -12.046763
v 10.451849 3.413734 -12.520363
v 9.862322 3.413734 -11.928381
v 10.336838 3.413734 -12.508987
v 10.226247 3.413734 -12.475301
v 10.124326 3.413734 -12.420595
v 10.034990 3.413734 -12.346975
v 9.961676 3.413734 -12.257268
v 9.907197 3.413734 -12.154922
v 9.873650 3.413734 -12.043871
v 10.468075 3.445732 -12.506887
v 9.875123 3.445732 -11.910133
v 10.352395 3.445732 -12.495421
v 10.241161 3.445732 -12.461463
v 10.138648 3.445732 -12.406317
v 10.048795 3.445732 -12.332103
v 9.975054 3.445732 -12.241673
v 9.920259 3.445732 -12.138502
v 9.886517 3.445732 -12.026555
v 10.509645 3.489809 -12.467219
v 9.912808 3.489809 -11.865138
v 10.393208 3.489809 -12.455650
v 10.281245 3.489809 -12.421389
v 10.178061 3.489809 -12.365750
v 10.087618 3.489809 -12.290874
v 10.013393 3.489809 -12.199636
v 9.958241 3.489809 -12.095545
v 9.924276 3.489809 -11.982598
v 10.552975 3.544904 -12.423142
v 9.954681 3.544904 -11.818859
v 10.436254 3.544904 -12.411531
v 10.324018 3.544904 -12.377145
v 10.220581 3.544904 -12.321302
v 10.129917 3.544904 -12.246153
v 10.055511 3.544904 -12.154581
v 10.000223 3.544904 -12.050109
v 9.966177 3.544904 -11.936749
v 10.566518 3.573071 -12.410504
v 9.966688 3.573071 -11.804230
v 10.449497 3.573071 -12.398855
v 10.336973 3.573071 -12.364354
v 10.233271 3.573071 -12.308329
v 10.142374 3.573071 -12.232930
v 10.067778 3.573071 -12.141058
v 10.012347 3.573071 -12.036241
v 9.978213 3.573071 -11.922508
v 10.579604 3.600000 -12.401104
v 9.975618 3.600000 -11.790052
v 10.461773 3.600000 -12.389363
v 10.348469 3.600000 -12.354591
v 10.244047 3.600000 -12.298124
v 10.152521 3.600000 -12.222132
v 10.077408 3.600000 -12.129535
v 10.021594 3.600000 -12.023892
v 9.987224 3.600000 -11.909263
v 10.714927 2.133277 -12.333764
v 10.165985 2.133277 -11.793811
v 10.607834 2.133277 -12.323389
v 10.504856 2.133277 -12.292663
v 10.409951 2.133277 -12.242765
v 10.326766 2.133277 -12.175615
v 10.258498 2.133277 -12.093793
v 10.207771 2.133277 -12.000443
v 10.176533 2.133277 -11.899151
v 10.707150 2.001908 -12.336932
v 10.160969 2.001908 -11.798178
v 10.600595 2.001908 -12.326580
v 10.498136 2.001908 -12.295922
v 10.403708 2.001908 -12.246136
v 10.320941 2.001908 -12.179135
v 10.253016 2.001908 -12.097494
v 10.202544 2.001908 -12.004351
v 10.171463 2.001908 -11.903283
v 10.696117 1.874723 -12.342756
v 10.151749 1.874723 -11.804796
v 10.589916 1.874723 -12.332419
v 10.487797 1.874723 -12.301806
v 10.393682 1.874723 -12.252093
v 10.311191 1.874723 -12.185191
v 10.243491 1.874723 -12.103670
v 10.193187 1.874723 -12.010665
v 10.162209 1.874723 -11.909747
v 10.682388 1.752517 -12.350727
v 10.139127 1.752517 -11.813261
v 10.576404 1.752517 -12.340400
v 10.474491 1.752517 -12.309815
v 10.380569 1.752517 -12.260148
v 10.298244 1.752517 -12.193307
v 10.230682 1.752517 -12.111861
v 10.180480 1.752517 -12.018941
v 10.149565 1.752517 -11.918116
v 10.666554 1.636331 -12.360342
v 10.123903 1.636331 -11.823156
v 10.560688 1.636331 -12.350020
v 10.458891 1.636331 -12.319451
v 10.365074 1.636331 -12.269810
v 10.282843 1.636331 -12.203004
v 10.215357 1.636331 -12.121601
v 10.165211 1.636331 -12.028728
v 10.134331 1.636331 -11.927957
v 10.649224 1.527496 -12.371093
v 10.106881 1.527496 -11.834053
v 10.543418 1.527496 -12.360774
v 10.441678 1.527496 -12.330214
v 10.347914 1.527496 -12.280585
v 10.265730 1.527496 -12.213798
v 10.198282 1.527496 -12.132417
v 10.148165 1.527496 -12.039570
v 10.117302 1.527496 -11.938825
v 10.578428 1.142875 -12.415342
v 10.036819 1.142875 -11.878565
v 10.472766 1.142875 -12.405027
v 10.371163 1.142875 -12.374482
v 10.277527 1.142875 -12.324879
v 10.195454 1.142875 -12.258123
v 10.128098 1.142875 -12.176783
v 10.078047 1.142875 -12.083981
v 10.047227 1.142875 -11.983285
v 10.564300 1.052604 -12.424185
v 10.022820 1.052604 -11.887418
v 10.458662 1.052604 -12.413872
v 10.357084 1.052604 -12.383327
v 10.263470 1.052604 -12.333723
v 10.181416 1.052604 -12.266970
v 10.114075 1.052604 -12.185630
v 10.064037 1.052604 -12.092830
v 10.033224 1.052604 -11.992136
v 10.553423 0.961918 -12.431128
v 10.011826 0.961919 -11.894258
v 10.447762 0.961918 -12.420813
v 10.346163 0.961918 -12.390261
v 10.252527 0.961918 -12.340649
v 10.170456 0.961918 -12.273882
v 10.103102 0.961918 -12.192527
v 10.053053 0.961919 -12.099710
v 10.022232 0.961919 -11.998996
v 10.546796 0.869243 -12.435665
v 10.004642 0.869244 -11.898497
v 10.441027 0.869243 -12.425344
v 10.339323 0.869243 -12.394775
v 10.245592 0.869243 -12.345136
v 10.163436 0.869243 -12.278332
v 10.096012 0.869243 -12.196931
v 10.045912 0.869244 -12.104061
v 10.015060 0.869244 -12.003293
v 10.545409 0.773169 -12.437290
v 10.002069 0.773169 -11.899545
v 10.439408 0.773169 -12.426957
v 10.337481 0.773169 -12.396357
v 10.243546 0.773169 -12.346663
v 10.161210 0.773169 -12.279788
v 10.093638 0.773169 -12.198299
v 10.043428 0.773169 -12.105331
v 10.012510 0.773169 -12.004454
v 10.549953 0.672666 -12.435665
v 10.004642 0.672666 -11.896997
v 10.443568 0.672666 -12.425314
v 10.341271 0.672666 -12.394661
v 10.246995 0.672666 -12.344883
v 10.164360 0.672666 -12.277893
v 10.096544 0.672666 -12.196264
v 10.046152 0.672666 -12.103136
v 10.015121 0.672666 -12.002086
v 10.560019 0.567209 -12.431128
v 10.011826 0.567209 -11.891131
v 10.453072 0.567209 -12.420752
v 10.350235 0.567209 -12.390022
v 10.255459 0.567209 -12.340122
v 10.172388 0.567209 -12.272966
v 10.104214 0.567209 -12.191137
v 10.053555 0.567209 -12.097778
v 10.022360 0.567209 -11.996479
v 10.574947 0.456954 -12.424185
v 10.022820 0.456954 -11.882384
v 10.467233 0.456954 -12.413774
v 10.363657 0.456954 -12.382943
v 10.268202 0.456954 -12.332875
v 10.184534 0.456954 -12.265495
v 10.115870 0.456954 -12.183393
v 10.064847 0.456954 -12.089723
v 10.033428 0.456954 -11.988085
v 10.594135 0.348877 -12.415342
v 10.036819 0.348877 -11.871166
v 10.485409 0.348877 -12.404886
v 10.380859 0.348877 -12.373919
v 10.284508 0.348877 -12.323632
v 10.200054 0.348877 -12.255957
v 10.130745 0.348877 -12.173494
v 10.079243 0.348877 -12.079413
v 10.047528 0.348877 -11.977330
v 10.617058 0.245928 -12.405106
v 10.053028 0.245928 -11.857852
v 10.507021 0.245928 -12.394590
v 10.401213 0.245928 -12.363448
v 10.303699 0.245928 -12.312877
v 10.218228 0.245928 -12.244819
v 10.148085 0.245928 -12.161889
v 10.095963 0.245928 -12.067276
v 10.063866 0.245928 -11.964616
v 10.424154 0.146977 -12.352022
v 10.325149 0.146977 -12.301084
v 10.238370 0.146977 -12.232533
v 10.167152 0.146977 -12.149002
v 10.114233 0.146977 -12.053703
v 10.672628 0.050838 -12.382475
v 10.088860 0.050838 -11.826124
v 10.558741 0.050838 -12.371784
v 10.449230 0.050838 -12.340125
v 10.348304 0.050838 -12.288713
v 10.259842 0.050838 -12.219523
v 10.187243 0.050838 -12.135216
v 10.133297 0.050838 -12.039030
v 10.100077 0.050838 -11.934663
v 16.500681 2.133277 -11.793811
v 15.951739 2.133277 -12.333764
v 16.490133 2.133277 -11.899151
v 16.458895 2.133277 -12.000443
v 16.408167 2.133277 -12.093793
v 16.339899 2.133277 -12.175615
v 16.256714 2.133277 -12.242765
v 16.161810 2.133277 -12.292663
v 16.058832 2.133277 -12.323389
v 16.505697 2.001908 -11.798178
v 15.959517 2.001908 -12.336932
v 16.495203 2.001908 -11.903283
v 16.464123 2.001908 -12.004351
v 16.413651 2.001908 -12.097494
v 16.345724 2.001908 -12.179135
v 16.262959 2.001908 -12.246136
v 16.168531 2.001908 -12.295922
v 16.066071 2.001908 -12.326580
v 16.514917 1.874723 -11.804796
v 15.970549 1.874723 -12.342756
v 16.504457 1.874723 -11.909747
v 16.473480 1.874723 -12.010665
v 16.423174 1.874723 -12.103670
v 16.355474 1.874723 -12.185191
v 16.272984 1.874723 -12.252093
v 16.178869 1.874723 -12.301806
v 16.076750 1.874723 -12.332419
v 16.527540 1.752517 -11.813261
v 15.984278 1.752517 -12.350727
v 16.517101 1.752517 -11.918116
v 16.486187 1.752517 -12.018941
v 16.435984 1.752517 -12.111861
v 16.368422 1.752517 -12.193307
v 16.286098 1.752517 -12.260148
v 16.192175 1.752517 -12.309815
v 16.090263 1.752517 -12.340400
v 16.542763 1.636331 -11.823156
v 16.000113 1.636331 -12.360342
v 16.532335 1.636331 -11.927956
v 16.501455 1.636331 -12.028728
v 16.451309 1.636331 -12.121601
v 16.383823 1.636331 -12.203004
v 16.301592 1.636331 -12.269810
v 16.207775 1.636331 -12.319451
v 16.105978 1.636331 -12.350020
v 16.559786 1.527496 -11.834053
v 16.017441 1.527496 -12.371093
v 16.549364 1.527496 -11.938825
v 16.518501 1.527496 -12.039570
v 16.468384 1.527496 -12.132417
v 16.400936 1.527496 -12.213798
v 16.318752 1.527496 -12.280585
v 16.224987 1.527496 -12.330214
v 16.123247 1.527496 -12.360774
v 16.629847 1.142875 -11.878565
v 16.088238 1.142875 -12.415342
v 16.619438 1.142875 -11.983285
v 16.588619 1.142875 -12.083981
v 16.538568 1.142875 -12.176783
v 16.471212 1.142875 -12.258123
v 16.389139 1.142875 -12.324879
v 16.295502 1.142875 -12.374482
v 16.193899 1.142875 -12.405028
v 16.643847 1.052603 -11.887418
v 16.102365 1.052603 -12.424185
v 16.633442 1.052603 -11.992136
v 16.602629 1.052603 -12.092830
v 16.552591 1.052603 -12.185630
v 16.485250 1.052603 -12.266970
v 16.403196 1.052603 -12.333723
v 16.309582 1.052603 -12.383327
v 16.208004 1.052603 -12.413872
v 16.654840 0.961918 -11.894258
v 16.113243 0.961918 -12.431128
v 16.644434 0.961918 -11.998996
v 16.613613 0.961918 -12.099710
v 16.563564 0.961918 -12.192527
v 16.496210 0.961918 -12.273882
v 16.414139 0.961918 -12.340649
v 16.320503 0.961918 -12.390261
v 16.218903 0.961918 -12.420813
v 16.662024 0.869243 -11.898497
v 16.119869 0.869243 -12.435665
v 16.651606 0.869243 -12.003293
v 16.620754 0.869243 -12.104061
v 16.570654 0.869243 -12.196931
v 16.503231 0.869243 -12.278332
v 16.421074 0.869243 -12.345136
v 16.327343 0.869243 -12.394775
v 16.225639 0.869243 -12.425344
v 16.664597 0.773169 -11.899545
v 16.121258 0.773169 -12.437290
v 16.654156 0.773169 -12.004454
v 16.623238 0.773169 -12.105330
v 16.573027 0.773169 -12.198299
v 16.505457 0.773169 -12.279788
v 16.423120 0.773169 -12.346663
v 16.329184 0.773169 -12.396357
v 16.227257 0.773169 -12.426957
v 16.662024 0.672666 -11.896997
v 16.116713 0.672666 -12.435665
v 16.651546 0.672666 -12.002086
v 16.620514 0.672666 -12.103136
v 16.570122 0.672666 -12.196264
v 16.502306 0.672666 -12.277893
v 16.419672 0.672666 -12.344883
v 16.325394 0.672666 -12.394661
v 16.223099 0.672666 -12.425314
v 16.654840 0.567209 -11.891131
v 16.106647 0.567209 -12.431128
v 16.644306 0.567209 -11.996479
v 16.613111 0.567209 -12.097778
v 16.562452 0.567209 -12.191137
v 16.494278 0.567209 -12.272966
v 16.411207 0.567209 -12.340122
v 16.316431 0.567209 -12.390022
v 16.213594 0.567209 -12.420752
v 16.643847 0.456954 -11.882384
v 16.091719 0.456954 -12.424185
v 16.633238 0.456954 -11.988085
v 16.601818 0.456954 -12.089723
v 16.550797 0.456954 -12.183393
v 16.482132 0.456954 -12.265495
v 16.398464 0.456954 -12.332875
v 16.303009 0.456954 -12.382943
v 16.199432 0.456954 -12.413774
v 16.629847 0.348877 -11.871166
v 16.072531 0.348877 -12.415342
v 16.619137 0.348877 -11.977330
v 16.587423 0.348877 -12.079413
v 16.535921 0.348877 -12.173494
v 16.466612 0.348877 -12.255957
v 16.382158 0.348877 -12.323632
v 16.285807 0.348877 -12.373919
v 16.181257 0.348877 -12.404886
v 16.613638 0.245928 -11.857852
v 16.049608 0.245928 -12.405106
v 16.602800 0.245928 -11.964616
v 16.570704 0.245928 -12.067276
v 16.518581 0.245928 -12.161889
v 16.448437 0.245928 -12.244819
v 16.362967 0.245928 -12.312877
v 16.265453 0.245928 -12.363448
v 16.159645 0.245928 -12.394590
v 16.552433 0.146977 -12.053702
v 16.499514 0.146977 -12.149001
v 16.428295 0.146977 -12.232532
v 16.341518 0.146977 -12.301083
v 16.242512 0.146977 -12.352021
v 15.994038 0.050838 -12.382475
v 16.577806 0.050838 -11.826124
v 16.107925 0.050838 -12.371784
v 16.217436 0.050838 -12.340125
v 16.318361 0.050838 -12.288713
v 16.406824 0.050838 -12.219523
v 16.479424 0.050838 -12.135216
v 16.533369 0.050838 -12.039030
v 16.566589 0.050838 -11.934663
v 15.951739 2.133277 -8.332904
v 16.500681 2.133277 -8.872857
v 16.058832 2.133277 -8.343279
v 16.161810 2.133277 -8.374005
v 16.256714 2.133277 -8.423903
v 16.339899 2.133277 -8.491053
v 16.408167 2.133277 -8.572875
v 16.458895 2.133277 -8.666225
v 16.490133 2.133277 -8.767517
v 15.959517 2.001908 -8.329736
v 16.505697 2.001908 -8.868490
v 16.066071 2.001908 -8.340088
v 16.168531 2.001908 -8.370746
v 16.262959 2.001908 -8.420532
v 16.345724 2.001908 -8.487533
v 16.413651 2.001908 -8.569174
v 16.464123 2.001908 -8.662317
v 16.495203 2.001908 -8.763385
v 15.970549 1.874723 -8.323912
v 16.514917 1.874723 -8.861872
v 16.076750 1.874723 -8.334249
v 16.178869 1.874723 -8.364861
v 16.272984 1.874723 -8.414575
v 16.355474 1.874723 -8.481477
v 16.423174 1.874723 -8.562998
v 16.473480 1.874723 -8.656003
v 16.504457 1.874723 -8.756921
v 15.984278 1.752517 -8.315941
v 16.527540 1.752517 -8.853407
v 16.090263 1.752517 -8.326268
v 16.192175 1.752517 -8.356853
v 16.286098 1.752517 -8.406520
v 16.368422 1.752517 -8.473361
v 16.435984 1.752517 -8.554807
v 16.486187 1.752517 -8.647727
v 16.517101 1.752517 -8.748552
v 16.000113 1.636331 -8.306326
v 16.542763 1.636331 -8.843512
v 16.105978 1.636331 -8.316648
v 16.207775 1.636331 -8.347217
v 16.301592 1.636331 -8.396858
v 16.383823 1.636331 -8.463664
v 16.451309 1.636331 -8.545067
v 16.501455 1.636331 -8.637939
v 16.532335 1.636331 -8.738712
v 16.017441 1.527496 -8.295574
v 16.559786 1.527496 -8.832615
v 16.123247 1.527496 -8.305894
v 16.224987 1.527496 -8.336454
v 16.318752 1.527496 -8.386082
v 16.400936 1.527496 -8.452869
v 16.468384 1.527496 -8.534251
v 16.518501 1.527496 -8.627098
v 16.549364 1.527496 -8.727843
v 16.088238 1.142875 -8.251326
v 16.629847 1.142875 -8.788103
v 16.193899 1.142875 -8.261640
v 16.295502 1.142875 -8.292185
v 16.389139 1.142875 -8.341788
v 16.471212 1.142875 -8.408544
v 16.538568 1.142875 -8.489885
v 16.588619 1.142875 -8.582686
v 16.619438 1.142875 -8.683383
v 16.102365 1.052604 -8.242483
v 16.643847 1.052604 -8.779250
v 16.208004 1.052604 -8.252797
v 16.309582 1.052604 -8.283342
v 16.403196 1.052604 -8.332945
v 16.485250 1.052604 -8.399698
v 16.552591 1.052604 -8.481038
v 16.602629 1.052604 -8.573838
v 16.633442 1.052604 -8.674532
v 16.113243 0.961918 -8.235540
v 16.654840 0.961918 -8.772409
v 16.218903 0.961918 -8.245855
v 16.320503 0.961918 -8.276407
v 16.414139 0.961918 -8.326019
v 16.496210 0.961918 -8.392786
v 16.563564 0.961918 -8.474141
v 16.613613 0.961918 -8.566958
v 16.644434 0.961918 -8.667672
v 16.119869 0.869243 -8.231003
v 16.662024 0.869243 -8.768171
v 16.225639 0.869243 -8.241324
v 16.327343 0.869243 -8.271893
v 16.421074 0.869243 -8.321532
v 16.503231 0.869243 -8.388336
v 16.570654 0.869243 -8.469736
v 16.620754 0.869243 -8.562606
v 16.651606 0.869243 -8.663375
v 16.121258 0.773169 -8.229378
v 16.664597 0.773169 -8.767122
v 16.227257 0.773169 -8.239711
v 16.329184 0.773169 -8.270311
v 16.423120 0.773169 -8.320004
v 16.505457 0.773169 -8.386880
v 16.573027 0.773169 -8.468368
v 16.623238 0.773169 -8.561337
v 16.654156 0.773169 -8.662214
v 16.116713 0.672666 -8.231003
v 16.662024 0.672666 -8.769670
v 16.223099 0.672666 -8.241353
v 16.325394 0.672666 -8.272006
v 16.419672 0.672666 -8.321785
v 16.502306 0.672666 -8.388775
v 16.570122 0.672666 -8.470403
v 16.620514 0.672666 -8.563531
v 16.651546 0.672666 -8.664581
v 16.106647 0.567209 -8.235540
v 16.654840 0.567209 -8.775537
v 16.213594 0.567209 -8.245915
v 16.316431 0.567209 -8.276645
v 16.411207 0.567209 -8.326546
v 16.494278 0.567209 -8.393702
v 16.562452 0.567209 -8.475531
v 16.613111 0.567209 -8.568889
v 16.644306 0.567209 -8.670188
v 16.091719 0.456954 -8.242483
v 16.643847 0.456954 -8.784284
v 16.199432 0.456954 -8.252893
v 16.303009 0.456954 -8.283725
v 16.398464 0.456954 -8.333793
v 16.482132 0.456954 -8.401173
v 16.550797 0.456954 -8.483275
v 16.601818 0.456954 -8.576945
v 16.633238 0.456954 -8.678584
v 16.072531 0.348877 -8.251326
v 16.629847 0.348877 -8.795502
v 16.181257 0.348877 -8.261782
v 16.285807 0.348877 -8.292748
v 16.382158 0.348877 -8.343036
v 16.466612 0.348877 -8.410711
v 16.535921 0.348877 -8.493174
v 16.587423 0.348877 -8.587255
v 16.619137 0.348877 -8.689339
v 16.049608 0.245928 -8.261562
v 16.613638 0.245928 -8.808816
v 16.159645 0.245928 -8.272078
v 16.265453 0.245928 -8.303219
v 16.362967 0.245928 -8.353791
v 16.448437 0.245928 -8.421848
v 16.518581 0.245928 -8.504778
v 16.570704 0.245928 -8.599391
v 16.602800 0.245928 -8.702052
v 16.242512 0.146977 -8.314646
v 16.341518 0.146977 -8.365585
v 16.428295 0.146977 -8.434135
v 16.499514 0.146977 -8.517666
v 16.552433 0.146977 -8.612966
v 15.994038 0.050838 -8.284193
v 16.577806 0.050838 -8.840544
v 16.107925 0.050838 -8.294883
v 16.217436 0.050838 -8.326542
v 16.318361 0.050838 -8.377954
v 16.406824 0.050838 -8.447144
v 16.479424 0.050838 -8.531451
v 16.533369 0.050838 -8.627637
v 16.566589 0.050838 -8.732004
v 10.672629 0.050838 -8.284193
v 10.088861 0.050838 -8.840544
v 10.558742 0.050838 -8.294884
v 10.449230 0.050838 -8.326543
v 10.348305 0.050838 -8.377955
v 10.259842 0.050838 -8.447145
v 10.187243 0.050838 -8.531452
v 10.133297 0.050838 -8.627638
v 10.100078 0.050838 -8.732005
v 10.424154 0.146978 -8.314647
v 10.325149 0.146978 -8.365585
v 10.238370 0.146978 -8.434136
v 10.167152 0.146978 -8.517667
v 10.114233 0.146978 -8.612966
v 10.617059 0.245929 -8.261562
v 10.053028 0.245929 -8.808816
v 10.507021 0.245929 -8.272078
v 10.401214 0.245929 -8.303220
v 10.303700 0.245929 -8.353791
v 10.218229 0.245929 -8.421849
v 10.148085 0.245929 -8.504779
v 10.095963 0.245929 -8.599392
v 10.063866 0.245929 -8.702052
v 10.594135 0.348878 -8.251326
v 10.036820 0.348878 -8.795502
v 10.485409 0.348878 -8.261782
v 10.380860 0.348878 -8.292748
v 10.284508 0.348878 -8.343036
v 10.200054 0.348878 -8.410711
v 10.130745 0.348878 -8.493174
v 10.079244 0.348878 -8.587255
v 10.047529 0.348878 -8.689338
v 10.574947 0.456955 -8.242483
v 10.022820 0.456955 -8.784284
v 10.467233 0.456955 -8.252893
v 10.363657 0.456955 -8.283725
v 10.268202 0.456955 -8.333793
v 10.184534 0.456955 -8.401173
v 10.115870 0.456955 -8.483275
v 10.064847 0.456955 -8.576945
v 10.033428 0.456955 -8.678584
v 10.560019 0.567211 -8.235540
v 10.011826 0.567211 -8.775537
v 10.453072 0.567211 -8.245915
v 10.350235 0.567211 -8.276645
v 10.255459 0.567211 -8.326546
v 10.172388 0.567211 -8.393702
v 10.104214 0.567211 -8.475531
v 10.053555 0.567211 -8.568889
v 10.022360 0.567211 -8.670188
v 10.549953 0.672667 -8.231003
v 10.004642 0.672667 -8.769670
v 10.443568 0.672667 -8.241353
v 10.341271 0.672667 -8.272006
v 10.246995 0.672667 -8.321785
v 10.164360 0.672667 -8.388775
v 10.096544 0.672667 -8.470403
v 10.046152 0.672667 -8.563531
v 10.015121 0.672667 -8.664581
v 10.545409 0.773170 -8.229378
v 10.002069 0.773170 -8.767122
v 10.439408 0.773170 -8.239711
v 10.337481 0.773170 -8.270311
v 10.243546 0.773170 -8.320004
v 10.161210 0.773170 -8.386880
v 10.093638 0.773170 -8.468368
v 10.043428 0.773170 -8.561337
v 10.012510 0.773170 -8.662214
v 10.546796 0.869245 -8.231003
v 10.004642 0.869244 -8.768171
v 10.441027 0.869245 -8.241324
v 10.339323 0.869245 -8.271893
v 10.245592 0.869245 -8.321532
v 10.163435 0.869245 -8.388336
v 10.096012 0.869245 -8.469736
v 10.045912 0.869244 -8.562606
v 10.015060 0.869244 -8.663375
v 10.553423 0.961920 -8.235540
v 10.011826 0.961920 -8.772409
v 10.447762 0.961920 -8.245855
v 10.346163 0.961920 -8.276406
v 10.252527 0.961920 -8.326019
v 10.170456 0.961920 -8.392786
v 10.103102 0.961920 -8.474141
v 10.053053 0.961920 -8.566958
v 10.022232 0.961920 -8.667672
v 10.564300 1.052605 -8.242483
v 10.022820 1.052605 -8.779250
v 10.458662 1.052605 -8.252796
v 10.357084 1.052605 -8.283342
v 10.263470 1.052605 -8.332945
v 10.181416 1.052605 -8.399698
v 10.114075 1.052605 -8.481038
v 10.064037 1.052605 -8.573838
v 10.033224 1.052605 -8.674532
v 10.578428 1.142876 -8.251326
v 10.036819 1.142876 -8.788103
v 10.472765 1.142876 -8.261640
v 10.371163 1.142876 -8.292185
v 10.277527 1.142876 -8.341788
v 10.195454 1.142876 -8.408544
v 10.128098 1.142876 -8.489885
v 10.078047 1.142876 -8.582686
v 10.047226 1.142876 -8.683382
v 10.649224 1.527498 -8.295574
v 10.106881 1.527497 -8.832615
v 10.543418 1.527498 -8.305894
v 10.441679 1.527498 -8.336454
v 10.347915 1.527498 -8.386082
v 10.265730 1.527498 -8.452869
v 10.198282 1.527498 -8.534251
v 10.148165 1.527497 -8.627098
v 10.117302 1.527497 -8.727843
v 10.666554 1.636332 -8.306326
v 10.123903 1.636332 -8.843512
v 10.560688 1.636332 -8.316648
v 10.458891 1.636332 -8.347217
v 10.365074 1.636332 -8.396858
v 10.282843 1.636332 -8.463664
v 10.215357 1.636332 -8.545067
v 10.165211 1.636332 -8.637939
v 10.134331 1.636332 -8.738712
v 10.682388 1.752518 -8.315941
v 10.139127 1.752518 -8.853407
v 10.576404 1.752518 -8.326267
v 10.474491 1.752518 -8.356853
v 10.380569 1.752518 -8.406520
v 10.298244 1.752518 -8.473360
v 10.230682 1.752518 -8.554807
v 10.180480 1.752518 -8.647727
v 10.149565 1.752518 -8.748552
v 10.696117 1.874724 -8.323912
v 10.151749 1.874724 -8.861872
v 10.589916 1.874724 -8.334249
v 10.487797 1.874724 -8.364861
v 10.393682 1.874724 -8.414575
v 10.311191 1.874724 -8.481477
v 10.243491 1.874724 -8.562997
v 10.193187 1.874724 -8.656003
v 10.162209 1.874724 -8.756921
v 10.707150 2.001909 -8.329736
v 10.160969 2.001909 -8.868490
v 10.600595 2.001909 -8.340088
v 10.498136 2.001909 -8.370746
v 10.403708 2.001909 -8.420532
v 10.320941 2.001909 -8.487533
v 10.253016 2.001909 -8.569174
v 10.202544 2.001909 -8.662317
v 10.171463 2.001909 -8.763385
v 10.714927 2.133277 -8.332903
v 10.165985 2.133277 -8.872857
v 10.607834 2.133277 -8.343279
v 10.504856 2.133277 -8.374004
v 10.409951 2.133277 -8.423903
v 10.326766 2.133277 -8.491053
v 10.258498 2.133277 -8.572875
v 10.207771 2.133277 -8.666225
v 10.176533 2.133277 -8.767517
v 10.644034 -0.043717 -12.421091
v 10.027718 -0.043717 -11.856866
v 10.523797 -0.043717 -12.410250
v 10.408180 -0.043717 -12.378141
v 10.301627 -0.043717 -12.326002
v 10.208233 -0.043717 -12.255834
v 10.131586 -0.043717 -12.170332
v 10.074632 -0.043717 -12.072785
v 10.039560 -0.043717 -11.966941
v 10.027718 -0.043717 -8.809802
v 10.644034 -0.043717 -8.245577
v 10.039560 -0.043717 -8.699727
v 10.074633 -0.043717 -8.593883
v 10.131586 -0.043717 -8.496336
v 10.208233 -0.043717 -8.410834
v 10.301627 -0.043717 -8.340666
v 10.408180 -0.043717 -8.288527
v 10.523798 -0.043717 -8.256418
v 10.009254 0.050838 -11.871236
v 10.619616 0.050838 -12.432753
v 10.020983 0.050838 -11.980783
v 10.055716 0.050838 -12.086119
v 10.112119 0.050838 -12.183198
v 10.188025 0.050838 -12.268288
v 10.280518 0.050838 -12.338120
v 10.386041 0.050838 -12.390009
v 10.500540 0.050838 -12.421963
v 16.638948 -0.043717 -11.856866
v 16.022633 -0.043717 -12.421091
v 16.627106 -0.043717 -11.966941
v 16.592033 -0.043717 -12.072785
v 16.535080 -0.043717 -12.170332
v 16.458433 -0.043717 -12.255834
v 16.365040 -0.043717 -12.326002
v 16.258486 -0.043717 -12.378141
v 16.142868 -0.043717 -12.410250
v 16.657412 0.050838 -11.871236
v 16.047050 0.050838 -12.432753
v 16.645683 0.050838 -11.980783
v 16.610950 0.050838 -12.086119
v 16.554546 0.050838 -12.183198
v 16.478642 0.050838 -12.268288
v 16.386148 0.050838 -12.338120
v 16.280626 0.050838 -12.390009
v 16.166126 0.050838 -12.421963
v 16.638948 -0.043717 -8.809802
v 16.022633 -0.043717 -8.245577
v 16.627106 -0.043717 -8.699727
v 16.592033 -0.043717 -8.593882
v 16.535080 -0.043717 -8.496335
v 16.458433 -0.043717 -8.410834
v 16.365040 -0.043717 -8.340666
v 16.258486 -0.043717 -8.288526
v 16.142868 -0.043717 -8.256418
v 16.047050 0.050838 -8.233915
v 16.657412 0.050838 -8.795432
v 16.166126 0.050838 -8.244705
v 16.280626 0.050838 -8.276659
v 16.386148 0.050838 -8.328548
v 16.478642 0.050838 -8.398380
v 16.554546 0.050838 -8.483471
v 16.610950 0.050838 -8.580549
v 16.645683 0.050838 -8.685886
v 10.009254 0.050838 -8.795432
v 10.619617 0.050838 -8.233915
v 10.020983 0.050838 -8.685885
v 10.055716 0.050838 -8.580549
v 10.112120 0.050838 -8.483470
v 10.188025 0.050838 -8.398380
v 10.280518 0.050838 -8.328548
v 10.386041 0.050838 -8.276659
v 10.500541 0.050838 -8.244705
vn -0.0000 1.0000 -0.0000
vn -0.0460 0.0031 -0.9989
vn -0.0479 0.0150 -0.9987
vn -0.1907 0.0217 -0.9814
vn -0.1871 0.0090 -0.9823
vn -0.3751 0.0283 -0.9266
vn -0.3713 0.0144 -0.9284
vn 0.4849 -0.8493 0.2086
vn 0.4814 -0.8496 0.2156
vn 0.4279 -0.8517 0.3025
vn 0.4298 -0.8495 0.3058
vn 0.4330 -0.8468 0.3090
vn 0.8238 0.0144 -0.5668
vn 0.8252 0.0324 -0.5639
vn 0.6987 0.0334 -0.7147
vn 0.6961 0.0167 -0.7177
vn 0.9200 0.0107 -0.3918
vn 0.9204 0.0295 -0.3898
vn -0.9200 0.0107 -0.3918
vn -0.9204 0.0295 -0.3898
vn -0.9797 0.0252 -0.1991
vn -0.9799 0.0062 -0.1996
vn -0.1878 -0.0005 -0.9822
vn -0.1891 -0.0005 -0.9820
vn -0.0480 -0.0003 -0.9988
vn -0.0472 -0.0003 -0.9989
vn 0.1878 -0.0005 -0.9822
vn 0.1891 -0.0005 -0.9820
vn 0.3725 0.0040 -0.9280
vn 0.3733 -0.0009 -0.9277
vn 0.3687 -0.0056 -0.9295
vn -0.3687 -0.0056 0.9295
vn -0.3733 -0.0009 0.9277
vn -0.5448 0.0007 0.8386
vn -0.5407 -0.0089 0.8411
vn -0.6972 0.0064 0.7169
vn -0.6953 0.0016 0.7187
vn 0.8235 0.0109 0.5673
vn 0.8249 0.0109 0.5652
vn 0.6984 0.0110 0.7157
vn 0.6972 0.0064 0.7169
vn 0.6953 0.0016 0.7187
vn 0.9188 0.0112 0.3945
vn 0.9203 0.0111 0.3910
vn -0.9985 0.0212 0.0500
vn -0.9988 0.0026 0.0498
vn -0.9988 0.0026 -0.0498
vn -0.9985 0.0212 -0.0500
vn 0.5633 -0.8255 -0.0363
vn 0.5633 -0.8254 0.0363
vn 0.5690 -0.8221 0.0218
vn 0.5690 -0.8221 -0.0218
vn 0.0472 -0.0003 -0.9989
vn 0.0480 -0.0003 -0.9988
vn -0.3725 0.0040 0.9280
vn -0.1878 -0.0005 0.9822
vn -0.1891 -0.0005 0.9820
vn -0.3733 -0.0009 -0.9277
vn -0.3687 -0.0056 -0.9295
vn -0.5407 -0.0089 -0.8411
vn -0.5448 0.0007 -0.8386
vn -0.6953 0.0016 -0.7187
vn -0.6972 0.0064 -0.7169
vn -0.8249 0.0109 0.5652
vn -0.8235 0.0109 0.5673
vn -0.6984 0.0110 0.7157
vn -0.9203 0.0111 0.3910
vn -0.9188 0.0112 0.3945
vn 0.9791 0.0076 0.2035
vn 0.9801 0.0074 0.1983
vn 0.9986 0.0024 0.0523
vn 0.9988 0.0022 0.0490
vn -0.0128 -0.7283 0.6852
vn -0.0478 -0.7596 0.6487
vn -0.1320 -0.8199 0.5570
vn -0.0843 -0.7879 0.6100
vn -0.2066 -0.8569 0.4722
vn -0.1772 -0.8443 0.5057
vn -0.2699 -0.8762 0.3993
vn -0.2516 -0.8718 0.4204
vn -0.3271 -0.8851 0.3311
vn -0.3169 -0.8841 0.3435
vn -0.3805 -0.8868 0.2624
vn -0.3771 -0.8869 0.2670
vn -0.4308 -0.8825 0.1886
vn -0.4332 -0.8822 0.1848
vn -0.4772 -0.8723 0.1063
vn -0.4842 -0.8701 0.0921
vn -0.5115 -0.8587 0.0320
vn -0.5162 -0.8562 0.0203
vn -0.0478 -0.7596 -0.6487
vn -0.0128 -0.7283 -0.6852
vn -0.0843 -0.7879 -0.6100
vn -0.1320 -0.8199 -0.5570
vn -0.1772 -0.8443 -0.5057
vn -0.2066 -0.8569 -0.4722
vn -0.2516 -0.8718 -0.4204
vn -0.2699 -0.8762 -0.3993
vn -0.3169 -0.8841 -0.3435
vn -0.3271 -0.8851 -0.3311
vn -0.3770 -0.8869 -0.2670
vn -0.3805 -0.8868 -0.2624
vn -0.4332 -0.8822 -0.1848
vn -0.4308 -0.8825 -0.1886
vn -0.4842 -0.8701 -0.0921
vn -0.4772 -0.8723 -0.1063
vn -0.5162 -0.8562 -0.0203
vn -0.5115 -0.8587 -0.0320
vn -0.0449 -0.0017 0.9990
vn -0.0480 -0.0018 0.9988
vn -0.1875 -0.0048 0.9823
vn -0.1827 -0.0047 0.9832
vn -0.3669 -0.0042 0.9302
vn -0.3633 -0.0043 0.9316
vn -0.5361 0.0012 0.8442
vn -0.5332 0.0011 0.8460
vn -0.6889 0.0090 0.7248
vn -0.6862 0.0088 0.7273
vn -0.8184 0.0157 0.5745
vn -0.8156 0.0155 0.5784
vn -0.9174 0.0178 0.3976
vn -0.9147 0.0178 0.4038
vn -0.9795 0.0125 0.2010
vn -0.9776 0.0129 0.2101
vn -0.9988 0.0038 0.0489
vn -0.9985 0.0042 0.0548
vn -0.0480 -0.0018 -0.9988
vn -0.0449 -0.0017 -0.9990
vn -0.1827 -0.0047 -0.9832
vn -0.1875 -0.0048 -0.9823
vn -0.3633 -0.0043 -0.9316
vn -0.3669 -0.0042 -0.9302
vn -0.5332 0.0011 -0.8460
vn -0.5361 0.0012 -0.8442
vn -0.6862 0.0088 -0.7273
vn -0.6889 0.0090 -0.7248
vn -0.8156 0.0155 -0.5784
vn -0.8184 0.0157 -0.5745
vn -0.9147 0.0178 -0.4038
vn -0.9174 0.0178 -0.3976
vn -0.9776 0.0129 -0.2101
vn -0.9795 0.0125 -0.2010
vn -0.9985 0.0042 -0.0548
vn -0.9988 0.0038 -0.0489
vn -0.0365 -0.5174 0.8549
vn -0.0517 -0.6455 0.7620
vn -0.1544 -0.7123 0.6846
vn -0.1446 -0.5802 0.8016
vn -0.2525 -0.7627 0.5955
vn -0.2748 -0.6432 0.7147
vn -0.3349 -0.7936 0.5080
vn -0.3863 -0.6844 0.6184
vn -0.4064 -0.8111 0.4207
vn -0.4825 -0.7090 0.5143
vn -0.4703 -0.8179 0.3313
vn -0.5659 -0.7198 0.4021
vn -0.5287 -0.8151 0.2366
vn -0.6379 -0.7173 0.2801
vn -0.5825 -0.8019 0.1331
vn -0.6984 -0.7006 0.1459
vn -0.6225 -0.7815 0.0403
vn -0.7367 -0.6751 0.0376
vn -0.0517 -0.6455 -0.7620
vn -0.0365 -0.5174 -0.8549
vn -0.1446 -0.5802 -0.8016
vn -0.1544 -0.7123 -0.6846
vn -0.2748 -0.6432 -0.7147
vn -0.2525 -0.7627 -0.5955
vn -0.3863 -0.6844 -0.6184
vn -0.3349 -0.7936 -0.5080
vn -0.4825 -0.7090 -0.5143
vn -0.4064 -0.8111 -0.4207
vn -0.5659 -0.7197 -0.4021
vn -0.4703 -0.8179 -0.3313
vn -0.6379 -0.7173 -0.2801
vn -0.5287 -0.8151 -0.2366
vn -0.6984 -0.7006 -0.1459
vn -0.5825 -0.8019 -0.1331
vn -0.7367 -0.6751 -0.0376
vn -0.6225 -0.7815 -0.0403
vn -0.0411 -0.3033 0.9520
vn -0.1670 -0.3485 0.9223
vn -0.3287 -0.3997 0.8557
vn -0.4756 -0.4382 0.7628
vn -0.6055 -0.4639 0.6467
vn -0.7163 -0.4765 0.5098
vn -0.8054 -0.4755 0.3540
vn -0.8694 -0.4596 0.1816
vn -0.8987 -0.4362 0.0455
vn -0.0411 -0.3033 -0.9520
vn -0.1670 -0.3485 -0.9223
vn -0.3287 -0.3997 -0.8557
vn -0.4756 -0.4382 -0.7628
vn -0.6055 -0.4639 -0.6467
vn -0.7163 -0.4765 -0.5098
vn -0.8054 -0.4755 -0.3540
vn -0.8694 -0.4596 -0.1816
vn -0.8987 -0.4362 -0.0455
vn -0.0459 -0.2360 0.9707
vn -0.1781 -0.2756 0.9446
vn -0.3448 -0.3189 0.8829
vn -0.4984 -0.3515 0.7925
vn -0.6356 -0.3731 0.6759
vn -0.7528 -0.3831 0.5353
vn -0.8460 -0.3809 0.3732
vn -0.9104 -0.3657 0.1933
vn -0.9370 -0.3457 0.0496
vn -0.0459 -0.2360 -0.9707
vn -0.1781 -0.2756 -0.9446
vn -0.3448 -0.3189 -0.8829
vn -0.4984 -0.3515 -0.7925
vn -0.6356 -0.3731 -0.6759
vn -0.7528 -0.3831 -0.5353
vn -0.8460 -0.3809 -0.3732
vn -0.9104 -0.3657 -0.1933
vn -0.9370 -0.3457 -0.0496
vn -0.0445 -0.3998 0.9155
vn -0.1661 -0.4548 0.8750
vn -0.3132 -0.5100 0.8011
vn -0.4449 -0.5488 0.7077
vn -0.5613 -0.5729 0.5973
vn -0.6618 -0.5833 0.4709
vn -0.7452 -0.5801 0.3289
vn -0.8088 -0.5623 0.1719
vn -0.8401 -0.5405 0.0449
vn -0.0445 -0.3998 -0.9155
vn -0.1661 -0.4548 -0.8750
vn -0.3132 -0.5100 -0.8011
vn -0.4449 -0.5488 -0.7077
vn -0.5613 -0.5729 -0.5973
vn -0.6618 -0.5833 -0.4709
vn -0.7452 -0.5801 -0.3289
vn -0.8088 -0.5623 -0.1719
vn -0.8401 -0.5405 -0.0449
vn -0.0232 -0.5170 0.8557
vn -0.1221 -0.5774 0.8073
vn -0.2563 -0.6467 0.7184
vn -0.3705 -0.6927 0.6188
vn -0.4685 -0.7203 0.5116
vn -0.5536 -0.7323 0.3966
vn -0.6278 -0.7294 0.2717
vn -0.6914 -0.7100 0.1338
vn -0.7281 -0.6849 0.0292
vn -0.0232 -0.5170 -0.8557
vn -0.1221 -0.5774 -0.8073
vn -0.2563 -0.6467 -0.7184
vn -0.3705 -0.6927 -0.6188
vn -0.4685 -0.7202 -0.5116
vn -0.5536 -0.7323 -0.3966
vn -0.6278 -0.7294 -0.2717
vn -0.6914 -0.7100 -0.1338
vn -0.7281 -0.6849 -0.0292
vn -0.0527 -0.2420 0.9688
vn -0.0454 0.0010 0.9990
vn -0.1826 0.0036 0.9832
vn -0.1845 0.0036 0.9828
vn -0.3618 0.0066 0.9322
vn -0.3630 0.0066 0.9318
vn -0.5311 0.0088 0.8473
vn -0.5316 0.0088 0.8470
vn -0.6844 0.0100 0.7290
vn -0.6843 0.0100 0.7291
vn -0.8150 0.0099 0.5794
vn -0.8144 0.0100 0.5803
vn -0.9153 0.0083 0.4028
vn -0.9145 0.0083 0.4046
vn -0.9786 0.0049 0.2059
vn -0.9780 0.0050 0.2087
vn -0.9987 0.0014 0.0514
vn -0.9986 0.0014 0.0532
vn -0.0454 0.0010 -0.9990
vn -0.0527 -0.2420 -0.9688
vn -0.1845 0.0036 -0.9828
vn -0.1826 0.0036 -0.9832
vn -0.3630 0.0066 -0.9318
vn -0.3618 0.0066 -0.9322
vn -0.5316 0.0088 -0.8470
vn -0.5311 0.0088 -0.8473
vn -0.6843 0.0100 -0.7291
vn -0.6844 0.0100 -0.7290
vn -0.8144 0.0099 -0.5803
vn -0.8150 0.0099 -0.5794
vn -0.9145 0.0083 -0.4046
vn -0.9153 0.0083 -0.4028
vn -0.9780 0.0050 -0.2087
vn -0.9786 0.0049 -0.2059
vn -0.9986 0.0014 -0.0532
vn -0.9987 0.0014 -0.0514
vn -0.0393 -0.3285 0.9437
vn -0.1786 -0.5422 0.8210
vn -0.1621 -0.3812 0.9102
vn -0.3070 -0.6016 0.7375
vn -0.3199 -0.4391 0.8396
vn -0.4187 -0.6414 0.6429
vn -0.4624 -0.4797 0.7457
vn -0.5163 -0.6653 0.5393
vn -0.5887 -0.5049 0.6313
vn -0.6019 -0.6751 0.4265
vn -0.6975 -0.5154 0.4979
vn -0.6762 -0.6714 0.3034
vn -0.7866 -0.5113 0.3462
vn -0.7386 -0.6529 0.1679
vn -0.8526 -0.4915 0.1776
vn -0.7784 -0.6258 0.0492
vn -0.8849 -0.4637 0.0443
vn -0.0393 -0.3285 -0.9437
vn -0.1621 -0.3812 -0.9102
vn -0.1786 -0.5422 -0.8210
vn -0.3199 -0.4391 -0.8396
vn -0.3070 -0.6016 -0.7375
vn -0.4624 -0.4797 -0.7457
vn -0.4187 -0.6414 -0.6429
vn -0.5887 -0.5049 -0.6313
vn -0.5163 -0.6653 -0.5393
vn -0.6975 -0.5154 -0.4979
vn -0.6019 -0.6751 -0.4265
vn -0.7866 -0.5113 -0.3462
vn -0.6762 -0.6714 -0.3034
vn -0.8526 -0.4915 -0.1776
vn -0.7386 -0.6529 -0.1679
vn -0.8849 -0.4637 -0.0443
vn -0.7784 -0.6258 -0.0492
vn -0.0369 -0.1889 0.9813
vn -0.1640 -0.2234 0.9608
vn -0.3377 -0.2643 0.9034
vn -0.4995 -0.2948 0.8146
vn -0.6451 -0.3144 0.6964
vn -0.7698 -0.3225 0.5508
vn -0.8680 -0.3187 0.3807
vn -0.9338 -0.3024 0.1910
vn -0.9581 -0.2828 0.0452
vn -0.0369 -0.1888 -0.9813
vn -0.1640 -0.2234 -0.9608
vn -0.3377 -0.2643 -0.9034
vn -0.4995 -0.2948 -0.8146
vn -0.6451 -0.3144 -0.6964
vn -0.7698 -0.3225 -0.5508
vn -0.8680 -0.3187 -0.3807
vn -0.9338 -0.3024 -0.1910
vn -0.9581 -0.2828 -0.0452
vn 0.1227 -0.7364 -0.6653
vn 0.1049 -0.7248 -0.6809
vn 0.0197 -0.6784 -0.7344
vn 0.0476 -0.6948 -0.7176
vn 0.1432 -0.7559 -0.6389
vn -0.1227 -0.7364 0.6654
vn -0.1432 -0.7559 0.6389
vn -0.2321 -0.8016 0.5510
vn -0.2211 -0.7872 0.5756
vn -0.3059 -0.8298 0.4668
vn -0.3029 -0.8202 0.4853
vn -0.3689 -0.8464 0.3841
vn -0.3709 -0.8403 0.3955
vn -0.4279 -0.8517 0.3025
vn -0.4298 -0.8495 0.3058
vn 0.4814 -0.8496 -0.2156
vn 0.4849 -0.8493 -0.2086
vn 0.4330 -0.8468 -0.3090
vn 0.4298 -0.8495 -0.3058
vn 0.4278 -0.8517 -0.3024
vn -0.4814 -0.8496 -0.2156
vn -0.4849 -0.8493 -0.2086
vn -0.5359 -0.8381 -0.1017
vn -0.5277 -0.8409 -0.1201
vn 0.5432 0.0169 0.8395
vn 0.5465 0.0322 0.8368
vn 0.6987 0.0334 0.7147
vn 0.6961 0.0167 0.7177
vn -0.1432 -0.7559 -0.6389
vn -0.1227 -0.7364 -0.6653
vn -0.2211 -0.7872 -0.5756
vn -0.2321 -0.8016 -0.5510
vn -0.3029 -0.8202 -0.4853
vn -0.3059 -0.8298 -0.4668
vn -0.3709 -0.8403 -0.3955
vn -0.3689 -0.8464 -0.3841
vn -0.4298 -0.8495 -0.3058
vn -0.4278 -0.8517 -0.3024
vn -0.9612 -0.1930 -0.1970
vn -0.9597 -0.2076 -0.1893
vn -0.9812 -0.1878 -0.0453
vn -0.9832 -0.1752 -0.0504
vn 0.5277 -0.8409 -0.1201
vn 0.5359 -0.8381 -0.1017
vn -0.9986 0.0024 -0.0523
vn -0.9988 0.0022 -0.0490
vn -0.9801 0.0075 -0.1983
vn -0.9791 0.0076 -0.2035
vn -0.9203 0.0111 -0.3910
vn -0.9188 0.0112 -0.3945
vn -0.8249 0.0109 -0.5652
vn -0.8235 0.0109 -0.5673
vn 0.1871 -0.1495 0.9709
vn 0.1705 -0.1586 0.9725
vn 0.3496 -0.1997 0.9154
vn 0.3617 -0.1981 0.9110
vn 0.3664 -0.1792 0.9130
vn 0.6972 0.0064 -0.7169
vn 0.6953 0.0016 -0.7187
vn 0.5407 -0.0089 -0.8411
vn 0.5448 0.0007 -0.8386
vn 0.0387 -0.1225 0.9917
vn 0.0479 -0.1208 0.9915
vn 0.0482 -0.1020 0.9936
vn -0.0482 -0.1020 0.9936
vn -0.0479 -0.1208 0.9915
vn -0.0387 -0.1225 0.9917
vn 0.1878 -0.0005 0.9822
vn 0.1891 -0.0005 0.9820
vn 0.0480 -0.0003 0.9988
vn 0.0472 -0.0003 0.9989
vn 0.5115 -0.8587 -0.0320
vn 0.5162 -0.8562 -0.0203
vn 0.4842 -0.8701 -0.0921
vn 0.4772 -0.8723 -0.1063
vn 0.4332 -0.8822 -0.1848
vn 0.4308 -0.8825 -0.1886
vn 0.3771 -0.8869 -0.2670
vn 0.3805 -0.8868 -0.2624
vn 0.3169 -0.8841 -0.3435
vn 0.3271 -0.8851 -0.3311
vn 0.2516 -0.8718 -0.4204
vn 0.2699 -0.8762 -0.3993
vn 0.1772 -0.8443 -0.5057
vn 0.2066 -0.8569 -0.4722
vn 0.0843 -0.7879 -0.6100
vn 0.1319 -0.8199 -0.5570
vn 0.0128 -0.7283 -0.6852
vn 0.0478 -0.7596 -0.6487
vn 0.9988 0.0038 -0.0489
vn 0.9985 0.0042 -0.0548
vn 0.9776 0.0129 -0.2101
vn 0.9795 0.0125 -0.2010
vn 0.9147 0.0178 -0.4038
vn 0.9174 0.0178 -0.3976
vn 0.8156 0.0155 -0.5784
vn 0.8184 0.0157 -0.5745
vn 0.6862 0.0088 -0.7273
vn 0.6889 0.0090 -0.7248
vn 0.5332 0.0011 -0.8460
vn 0.5361 0.0013 -0.8442
vn 0.3633 -0.0043 -0.9316
vn 0.3669 -0.0042 -0.9302
vn 0.1827 -0.0047 -0.9832
vn 0.1875 -0.0048 -0.9823
vn 0.0449 -0.0017 -0.9990
vn 0.0480 -0.0018 -0.9988
vn 0.6225 -0.7815 -0.0403
vn 0.7367 -0.6751 -0.0376
vn 0.6984 -0.7006 -0.1459
vn 0.5825 -0.8019 -0.1331
vn 0.6379 -0.7173 -0.2801
vn 0.5287 -0.8151 -0.2366
vn 0.5659 -0.7197 -0.4021
vn 0.4703 -0.8179 -0.3313
vn 0.4825 -0.7090 -0.5143
vn 0.4064 -0.8111 -0.4207
vn 0.3863 -0.6844 -0.6184
vn 0.3349 -0.7936 -0.5080
vn 0.2748 -0.6432 -0.7147
vn 0.2525 -0.7627 -0.5955
vn 0.1446 -0.5802 -0.8016
vn 0.1544 -0.7123 -0.6847
vn 0.0365 -0.5174 -0.8549
vn 0.0517 -0.6455 -0.7620
vn 0.8987 -0.4362 -0.0455
vn 0.8694 -0.4596 -0.1816
vn 0.8054 -0.4755 -0.3540
vn 0.7163 -0.4765 -0.5098
vn 0.6055 -0.4639 -0.6467
vn 0.4756 -0.4382 -0.7628
vn 0.3287 -0.3997 -0.8557
vn 0.1670 -0.3485 -0.9223
vn 0.0411 -0.3033 -0.9520
vn 0.9370 -0.3457 -0.0496
vn 0.9104 -0.3657 -0.1933
vn 0.8460 -0.3809 -0.3732
vn 0.7528 -0.3831 -0.5353
vn 0.6356 -0.3731 -0.6759
vn 0.4984 -0.3515 -0.7925
vn 0.3448 -0.3189 -0.8829
vn 0.1781 -0.2756 -0.9446
vn 0.0459 -0.2360 -0.9707
vn 0.8401 -0.5405 -0.0449
vn 0.8088 -0.5623 -0.1719
vn 0.7452 -0.5801 -0.3289
vn 0.6618 -0.5833 -0.4709
vn 0.5613 -0.5729 -0.5973
vn 0.4449 -0.5488 -0.7077
vn 0.3132 -0.5100 -0.8011
vn 0.1661 -0.4548 -0.8750
vn 0.0445 -0.3998 -0.9155
vn 0.7281 -0.6849 -0.0292
vn 0.6914 -0.7100 -0.1338
vn 0.6278 -0.7294 -0.2717
vn 0.5536 -0.7323 -0.3966
vn 0.4685 -0.7203 -0.5116
vn 0.3705 -0.6927 -0.6188
vn 0.2563 -0.6467 -0.7184
vn 0.1221 -0.5774 -0.8073
vn 0.0232 -0.5170 -0.8557
vn 0.9987 0.0014 -0.0514
vn 0.9986 0.0014 -0.0532
vn 0.9780 0.0050 -0.2087
vn 0.9786 0.0049 -0.2059
vn 0.9145 0.0083 -0.4046
vn 0.9153 0.0083 -0.4028
vn 0.8144 0.0100 -0.5803
vn 0.8150 0.0100 -0.5794
vn 0.6843 0.0100 -0.7291
vn 0.6844 0.0100 -0.7290
vn 0.5316 0.0088 -0.8470
vn 0.5311 0.0088 -0.8473
vn 0.3630 0.0066 -0.9318
vn 0.3618 0.0066 -0.9322
vn 0.1845 0.0036 -0.9828
vn 0.1826 0.0036 -0.9832
vn 0.0527 -0.2420 -0.9688
vn 0.0454 0.0010 -0.9990
vn 0.7784 -0.6258 -0.0492
vn 0.8849 -0.4637 -0.0443
vn 0.8526 -0.4915 -0.1776
vn 0.7386 -0.6529 -0.1679
vn 0.7866 -0.5113 -0.3462
vn 0.6762 -0.6714 -0.3034
vn 0.6975 -0.5154 -0.4979
vn 0.6019 -0.6751 -0.4265
vn 0.5887 -0.5049 -0.6313
vn 0.5163 -0.6653 -0.5393
vn 0.4624 -0.4797 -0.7457
vn 0.4187 -0.6414 -0.6429
vn 0.3199 -0.4391 -0.8396
vn 0.3070 -0.6016 -0.7375
vn 0.1621 -0.3812 -0.9102
vn 0.1786 -0.5422 -0.8210
vn 0.0393 -0.3285 -0.9437
vn 0.9581 -0.2828 -0.0452
vn 0.9338 -0.3024 -0.1910
vn 0.8680 -0.3187 -0.3807
vn 0.7698 -0.3225 -0.5508
vn 0.6451 -0.3144 -0.6964
vn 0.4995 -0.2948 -0.8146
vn 0.3377 -0.2643 -0.9034
vn 0.1640 -0.2234 -0.9608
vn 0.0369 -0.1889 -0.9813
vn 0.1871 0.0090 0.9823
vn 0.1907 0.0217 0.9814
vn 0.3751 0.0283 0.9266
vn 0.3713 0.0144 0.9284
vn -0.4330 -0.8468 -0.3090
vn 0.3709 -0.8403 -0.3955
vn 0.3689 -0.8464 -0.3841
vn 0.3029 -0.8202 -0.4853
vn 0.3059 -0.8298 -0.4668
vn 0.2211 -0.7873 -0.5756
vn 0.2321 -0.8016 -0.5509
vn -0.0476 -0.6948 -0.7176
vn -0.0197 -0.6784 -0.7344
vn -0.1049 -0.7248 -0.6809
vn -0.3725 0.0040 -0.9280
vn 0.3733 -0.0009 0.9277
vn 0.3687 -0.0056 0.9295
vn 0.5407 -0.0089 0.8411
vn 0.5448 0.0007 0.8386
vn 0.6984 0.0110 -0.7157
vn 0.8249 0.0109 -0.5652
vn 0.8235 0.0109 -0.5673
vn -0.9801 0.0075 0.1983
vn -0.9791 0.0076 0.2035
vn -0.5633 -0.8254 0.0363
vn -0.5633 -0.8254 -0.0363
vn -0.5690 -0.8221 -0.0218
vn -0.5690 -0.8221 0.0218
vn 0.0478 -0.7596 0.6487
vn 0.0128 -0.7283 0.6852
vn 0.0843 -0.7879 0.6100
vn 0.1320 -0.8199 0.5570
vn 0.1772 -0.8443 0.5057
vn 0.2066 -0.8569 0.4722
vn 0.2516 -0.8718 0.4204
vn 0.2699 -0.8762 0.3993
vn 0.3169 -0.8841 0.3435
vn 0.3271 -0.8851 0.3311
vn 0.3771 -0.8869 0.2670
vn 0.3805 -0.8868 0.2624
vn 0.4332 -0.8822 0.1848
vn 0.4308 -0.8825 0.1886
vn 0.4842 -0.8701 0.0921
vn 0.4772 -0.8723 0.1063
vn 0.5162 -0.8562 0.0203
vn 0.5115 -0.8587 0.0320
vn 0.0480 -0.0018 0.9988
vn 0.0449 -0.0017 0.9990
vn 0.1827 -0.0047 0.9832
vn 0.1875 -0.0048 0.9823
vn 0.3633 -0.0043 0.9317
vn 0.3669 -0.0042 0.9302
vn 0.5332 0.0011 0.8460
vn 0.5361 0.0012 0.8442
vn 0.6862 0.0088 0.7273
vn 0.6889 0.0090 0.7248
vn 0.8156 0.0155 0.5784
vn 0.8184 0.0157 0.5745
vn 0.9147 0.0179 0.4038
vn 0.9174 0.0178 0.3976
vn 0.9776 0.0129 0.2101
vn 0.9795 0.0125 0.2010
vn 0.9985 0.0042 0.0548
vn 0.9988 0.0038 0.0489
vn 0.0517 -0.6455 0.7620
vn 0.0365 -0.5174 0.8549
vn 0.1446 -0.5802 0.8016
vn 0.1544 -0.7123 0.6846
vn 0.2748 -0.6432 0.7147
vn 0.2525 -0.7627 0.5955
vn 0.3863 -0.6844 0.6184
vn 0.3349 -0.7936 0.5080
vn 0.4825 -0.7090 0.5143
vn 0.4064 -0.8111 0.4207
vn 0.5659 -0.7197 0.4021
vn 0.4703 -0.8179 0.3313
vn 0.6379 -0.7173 0.2801
vn 0.5287 -0.8151 0.2366
vn 0.6984 -0.7006 0.1459
vn 0.5825 -0.8019 0.1331
vn 0.7367 -0.6751 0.0376
vn 0.6225 -0.7815 0.0403
vn 0.0411 -0.3033 0.9520
vn 0.1670 -0.3485 0.9223
vn 0.3287 -0.3997 0.8557
vn 0.4756 -0.4382 0.7628
vn 0.6055 -0.4639 0.6467
vn 0.7163 -0.4765 0.5098
vn 0.8054 -0.4755 0.3540
vn 0.8694 -0.4596 0.1816
vn 0.8987 -0.4362 0.0455
vn 0.0459 -0.2360 0.9707
vn 0.1781 -0.2756 0.9446
vn 0.3448 -0.3189 0.8829
vn 0.4984 -0.3515 0.7925
vn 0.6356 -0.3731 0.6759
vn 0.7528 -0.3831 0.5353
vn 0.8460 -0.3809 0.3732
vn 0.9104 -0.3657 0.1933
vn 0.9370 -0.3457 0.0496
vn 0.0445 -0.3998 0.9155
vn 0.1661 -0.4548 0.8750
vn 0.3132 -0.5100 0.8011
vn 0.4449 -0.5488 0.7077
vn 0.5613 -0.5729 0.5973
vn 0.6618 -0.5833 0.4709
vn 0.7452 -0.5801 0.3289
vn 0.8088 -0.5623 0.1719
vn 0.8401 -0.5405 0.0449
vn 0.0232 -0.5170 0.8557
vn 0.1221 -0.5774 0.8073
vn 0.2563 -0.6467 0.7184
vn 0.3705 -0.6927 0.6188
vn 0.4685 -0.7203 0.5116
vn 0.5536 -0.7323 0.3966
vn 0.6278 -0.7294 0.2717
vn 0.6914 -0.7100 0.1338
vn 0.7281 -0.6849 0.0292
vn 0.0454 0.0010 0.9990
vn 0.0527 -0.2420 0.9688
vn 0.1845 0.0036 0.9828
vn 0.1826 0.0036 0.9832
vn 0.3630 0.0066 0.9318
vn 0.3618 0.0066 0.9322
vn 0.5316 0.0088 0.8470
vn 0.5311 0.0088 0.8473
vn 0.6843 0.0100 0.7291
vn 0.6844 0.0100 0.7290
vn 0.8144 0.0100 0.5803
vn 0.8150 0.0099 0.5794
vn 0.9145 0.0083 0.4046
vn 0.9153 0.0083 0.4028
vn 0.9780 0.0050 0.2087
vn 0.9786 0.0049 0.2059
vn 0.9986 0.0014 0.0532
vn 0.9987 0.0014 0.0514
vn 0.0393 -0.3285 0.9437
vn 0.1621 -0.3812 0.9102
vn 0.1786 -0.5422 0.8210
vn 0.3199 -0.4391 0.8396
vn 0.3070 -0.6016 0.7375
vn 0.4624 -0.4797 0.7457
vn 0.4187 -0.6414 0.6429
vn 0.5887 -0.5049 0.6313
vn 0.5163 -0.6653 0.5393
vn 0.6975 -0.5154 0.4979
vn 0.6019 -0.6751 0.4265
vn 0.7866 -0.5113 0.3462
vn 0.6762 -0.6714 0.3034
vn 0.8526 -0.4915 0.1776
vn 0.7386 -0.6529 0.1679
vn 0.8849 -0.4637 0.0443
vn 0.7784 -0.6258 0.0492
vn 0.0369 -0.1889 0.9813
vn 0.1640 -0.2234 0.9608
vn 0.3377 -0.2643 0.9034
vn 0.4995 -0.2948 0.8146
vn 0.6451 -0.3144 0.6964
vn 0.7698 -0.3225 0.5508
vn 0.8680 -0.3187 0.3807
vn 0.9338 -0.3024 0.1910
vn 0.9581 -0.2828 0.0452
vn -0.0197 -0.6784 0.7344
vn -0.0476 -0.6948 0.7177
vn -0.1049 -0.7248 0.6809
vn 0.1432 -0.7559 0.6389
vn 0.1227 -0.7364 0.6654
vn 0.2211 -0.7872 0.5756
vn 0.2321 -0.8016 0.5510
vn 0.3029 -0.8202 0.4853
vn 0.3059 -0.8298 0.4668
vn 0.3709 -0.8403 0.3955
vn 0.3689 -0.8464 0.3841
vn -0.4330 -0.8468 0.3090
vn -0.4814 -0.8496 0.2156
vn -0.4849 -0.8493 0.2086
vn -0.5277 -0.8409 0.1201
vn -0.5359 -0.8381 0.1017
vn -0.2144 -0.7744 -0.5953
vn -0.3030 -0.8103 -0.5016
vn -0.3750 -0.8334 -0.4060
vn -0.2144 -0.7744 0.5953
vn -0.3030 -0.8103 0.5016
vn -0.3750 -0.8334 0.4060
vn 0.3750 -0.8334 0.4060
vn 0.3030 -0.8103 0.5017
vn 0.2144 -0.7744 0.5953
vn 0.1049 -0.7248 0.6809
vn 0.3750 -0.8334 -0.4060
vn 0.3030 -0.8103 -0.5017
vn 0.2144 -0.7744 -0.5953
vn 0.9261 0.3744 0.0451
vn 0.9434 0.3299 0.0326
vn 0.9108 0.3819 0.1571
vn 0.8880 0.4256 0.1742
vn 0.8376 0.4376 0.3270
vn 0.8148 0.4742 0.3335
vn 0.7406 0.4702 0.4799
vn 0.7212 0.5027 0.4765
vn 0.6237 0.4819 0.6155
vn 0.6102 0.5131 0.6037
vn 0.4881 0.4733 0.7334
vn 0.4826 0.5059 0.7149
vn 0.3339 0.4441 0.8314
vn 0.3382 0.4809 0.8089
vn 0.1616 0.3929 0.9053
vn 0.1768 0.4365 0.8821
vn 0.0341 0.3442 0.9383
vn 0.0458 0.3891 0.9200
vn -0.9434 0.3299 0.0326
vn -0.9261 0.3744 0.0451
vn -0.8880 0.4256 0.1742
vn -0.9108 0.3819 0.1571
vn -0.8148 0.4742 0.3335
vn -0.8376 0.4376 0.3270
vn -0.7212 0.5027 0.4765
vn -0.7406 0.4702 0.4799
vn -0.6102 0.5131 0.6037
vn -0.6237 0.4819 0.6155
vn -0.4826 0.5059 0.7149
vn -0.4881 0.4733 0.7334
vn -0.3382 0.4809 0.8089
vn -0.3339 0.4441 0.8314
vn -0.1768 0.4365 0.8821
vn -0.1616 0.3929 0.9053
vn -0.0458 0.3891 0.9200
vn -0.0341 0.3442 0.9383
vn 0.8519 0.5221 0.0401
vn 0.8054 0.5720 0.1558
vn 0.7282 0.6177 0.2969
vn 0.6386 0.6438 0.4216
vn 0.5380 0.6533 0.5327
vn 0.4257 0.6475 0.6321
vn 0.2996 0.6257 0.7202
vn 0.1572 0.5851 0.7956
vn 0.0405 0.5396 0.8410
vn -0.8519 0.5221 0.0401
vn -0.8054 0.5719 0.1558
vn -0.7282 0.6177 0.2969
vn -0.6386 0.6438 0.4216
vn -0.5380 0.6533 0.5327
vn -0.4257 0.6475 0.6321
vn -0.2996 0.6257 0.7202
vn -0.1572 0.5851 0.7956
vn -0.0405 0.5396 0.8410
vn 0.7616 0.6471 0.0358
vn 0.7061 0.6949 0.1362
vn 0.6257 0.7373 0.2549
vn 0.5420 0.7603 0.3580
vn 0.4544 0.7685 0.4505
vn 0.3603 0.7634 0.5361
vn 0.2559 0.7442 0.6170
vn 0.1364 0.7071 0.6938
vn 0.0359 0.6646 0.7464
vn -0.7616 0.6471 0.0358
vn -0.7061 0.6949 0.1362
vn -0.6257 0.7373 0.2549
vn -0.5420 0.7603 0.3580
vn -0.4544 0.7685 0.4505
vn -0.3603 0.7634 0.5361
vn -0.2559 0.7442 0.6170
vn -0.1364 0.7071 0.6938
vn -0.0359 0.6646 0.7464
vn 0.8420 0.5379 0.0410
vn 0.7946 0.5869 0.1554
vn 0.7167 0.6326 0.2935
vn 0.6277 0.6580 0.4158
vn 0.5287 0.6668 0.5253
vn 0.4185 0.6601 0.6237
vn 0.2952 0.6377 0.7115
vn 0.1561 0.5970 0.7869
vn 0.0411 0.5537 0.8317
vn -0.8420 0.5379 0.0410
vn -0.7946 0.5869 0.1554
vn -0.7167 0.6326 0.2935
vn -0.6277 0.6580 0.4158
vn -0.5287 0.6668 0.5253
vn -0.4185 0.6601 0.6237
vn -0.2952 0.6377 0.7115
vn -0.1561 0.5970 0.7869
vn -0.0411 0.5537 0.8317
vn 0.9715 0.2310 0.0527
vn 0.9446 0.2637 0.1952
vn 0.8817 0.2934 0.3695
vn 0.7899 0.3102 0.5290
vn 0.6722 0.3154 0.6699
vn 0.5316 0.3097 0.7883
vn 0.3716 0.2935 0.8808
vn 0.1962 0.2668 0.9436
vn 0.0529 0.2386 0.9697
vn -0.9715 0.2310 0.0527
vn -0.9446 0.2637 0.1952
vn -0.8817 0.2934 0.3695
vn -0.7899 0.3102 0.5290
vn -0.6722 0.3154 0.6699
vn -0.5316 0.3097 0.7883
vn -0.3716 0.2935 0.8808
vn -0.1962 0.2668 0.9436
vn -0.0529 0.2386 0.9697
vn 0.9969 0.0587 0.0516
vn 0.9776 0.0697 0.1984
vn 0.9201 0.0799 0.3834
vn 0.8282 0.0852 0.5539
vn 0.7052 0.0860 0.7038
vn 0.5554 0.0829 0.8274
vn 0.3842 0.0766 0.9201
vn 0.1979 0.0679 0.9779
vn 0.0508 0.0600 0.9969
vn -0.9969 0.0587 0.0516
vn -0.9776 0.0697 0.1984
vn -0.9201 0.0799 0.3834
vn -0.8282 0.0852 0.5539
vn -0.7052 0.0860 0.7038
vn -0.5554 0.0829 0.8274
vn -0.3842 0.0766 0.9201
vn -0.1979 0.0679 0.9779
vn -0.0508 0.0600 0.9969
vn 0.8961 -0.4427 0.0317
vn 0.8900 -0.4525 0.0554
vn 0.8450 -0.5013 0.1865
vn 0.8594 -0.4888 0.1502
vn 0.7708 -0.5436 0.3322
vn 0.7840 -0.5379 0.3097
vn 0.6804 -0.5691 0.4617
vn 0.6888 -0.5675 0.4512
vn 0.5765 -0.5792 0.5764
vn 0.5771 -0.5792 0.5757
vn 0.4597 -0.5744 0.6773
vn 0.4505 -0.5735 0.6843
vn 0.3295 -0.5540 0.7645
vn 0.3082 -0.5494 0.7766
vn 0.1847 -0.5160 0.8364
vn 0.1493 -0.5046 0.8504
vn 0.0549 -0.4700 0.8809
vn 0.0315 -0.4605 0.8871
vn -0.8900 -0.4525 0.0554
vn -0.8961 -0.4427 0.0317
vn -0.8594 -0.4888 0.1502
vn -0.8450 -0.5013 0.1865
vn -0.7840 -0.5379 0.3097
vn -0.7708 -0.5436 0.3322
vn -0.6888 -0.5675 0.4512
vn -0.6804 -0.5690 0.4617
vn -0.5771 -0.5791 0.5758
vn -0.5765 -0.5792 0.5764
vn -0.4505 -0.5734 0.6843
vn -0.4597 -0.5744 0.6773
vn -0.3082 -0.5494 0.7766
vn -0.3295 -0.5540 0.7645
vn -0.1493 -0.5046 0.8504
vn -0.1847 -0.5160 0.8364
vn -0.0315 -0.4605 0.8871
vn -0.0549 -0.4700 0.8809
vn 0.4022 -0.9155 0.0106
vn 0.3879 -0.9213 0.0273
vn 0.3410 -0.9367 0.0797
vn 0.3610 -0.9308 0.0576
vn 0.2936 -0.9471 0.1297
vn 0.3054 -0.9449 0.1175
vn 0.2509 -0.9525 0.1724
vn 0.2566 -0.9520 0.1668
vn 0.2103 -0.9545 0.2113
vn 0.2107 -0.9545 0.2109
vn 0.1694 -0.9536 0.2490
vn 0.1646 -0.9533 0.2533
vn 0.1258 -0.9494 0.2879
vn 0.1146 -0.9478 0.2977
vn 0.0763 -0.9406 0.3307
vn 0.0559 -0.9358 0.3480
vn 0.0258 -0.9275 0.3729
vn 0.0104 -0.9226 0.3855
vn -0.3879 -0.9213 0.0273
vn -0.4022 -0.9155 0.0106
vn -0.3610 -0.9308 0.0576
vn -0.3410 -0.9367 0.0797
vn -0.3054 -0.9449 0.1175
vn -0.2936 -0.9471 0.1297
vn -0.2566 -0.9520 0.1668
vn -0.2509 -0.9525 0.1724
vn -0.2107 -0.9545 0.2108
vn -0.2103 -0.9545 0.2113
vn -0.1646 -0.9533 0.2533
vn -0.1694 -0.9536 0.2490
vn -0.1146 -0.9478 0.2977
vn -0.1258 -0.9494 0.2879
vn -0.0559 -0.9358 0.3480
vn -0.0763 -0.9406 0.3307
vn -0.0104 -0.9226 0.3855
vn -0.0258 -0.9275 0.3729
vn 0.9987 0.0034 0.0518
vn 0.9989 0.0031 0.0472
vn 0.9811 0.0107 0.1930
vn 0.9797 0.0110 0.2001
vn 0.9237 0.0167 0.3828
vn 0.9217 0.0168 0.3876
vn 0.8302 0.0176 0.5571
vn 0.8283 0.0176 0.5599
vn 0.7049 0.0148 0.7091
vn 0.7035 0.0148 0.7105
vn 0.5529 0.0101 0.8332
vn 0.5521 0.0100 0.8337
vn 0.3803 0.0052 0.9249
vn 0.3799 0.0052 0.9250
vn 0.1937 0.0017 0.9811
vn 0.1935 0.0017 0.9811
vn 0.0487 0.0003 0.9988
vn 0.0486 0.0003 0.9988
vn -0.9989 0.0031 0.0472
vn -0.9987 0.0034 0.0518
vn -0.9797 0.0110 0.2001
vn -0.9811 0.0107 0.1930
vn -0.9217 0.0168 0.3876
vn -0.9237 0.0167 0.3828
vn -0.8283 0.0176 0.5599
vn -0.8302 0.0176 0.5571
vn -0.7035 0.0148 0.7105
vn -0.7049 0.0148 0.7091
vn -0.5521 0.0100 0.8337
vn -0.5529 0.0101 0.8332
vn -0.3799 0.0052 0.9250
vn -0.3803 0.0052 0.9249
vn -0.1935 0.0017 0.9811
vn -0.1937 0.0017 0.9811
vn -0.0486 0.0003 0.9988
vn -0.0487 0.0003 0.9988
vn 0.0458 0.3891 -0.9200
vn 0.0341 0.3442 -0.9383
vn 0.1616 0.3928 -0.9053
vn 0.1768 0.4365 -0.8821
vn 0.3339 0.4440 -0.8314
vn 0.3382 0.4809 -0.8089
vn 0.4881 0.4733 -0.7334
vn 0.4826 0.5059 -0.7149
vn 0.6237 0.4819 -0.6155
vn 0.6102 0.5131 -0.6037
vn 0.7406 0.4702 -0.4799
vn 0.7212 0.5027 -0.4765
vn 0.8376 0.4376 -0.3270
vn 0.8148 0.4742 -0.3335
vn 0.9108 0.3819 -0.1571
vn 0.8880 0.4256 -0.1742
vn 0.9434 0.3299 -0.0326
vn 0.9261 0.3744 -0.0451
vn 0.0405 0.5396 -0.8410
vn 0.1572 0.5851 -0.7956
vn 0.2996 0.6257 -0.7202
vn 0.4257 0.6475 -0.6321
vn 0.5380 0.6533 -0.5327
vn 0.6386 0.6438 -0.4216
vn 0.7282 0.6177 -0.2969
vn 0.8054 0.5719 -0.1558
vn 0.8519 0.5221 -0.0401
vn 0.0359 0.6646 -0.7464
vn 0.1364 0.7071 -0.6938
vn 0.2559 0.7442 -0.6170
vn 0.3603 0.7634 -0.5361
vn 0.4544 0.7685 -0.4505
vn 0.5420 0.7603 -0.3580
vn 0.6257 0.7373 -0.2549
vn 0.7061 0.6949 -0.1362
vn 0.7616 0.6471 -0.0358
vn 0.0411 0.5537 -0.8317
vn 0.1561 0.5970 -0.7869
vn 0.2952 0.6377 -0.7115
vn 0.4185 0.6601 -0.6237
vn 0.5287 0.6668 -0.5253
vn 0.6277 0.6580 -0.4158
vn 0.7167 0.6326 -0.2935
vn 0.7946 0.5869 -0.1554
vn 0.8420 0.5379 -0.0410
vn 0.0529 0.2386 -0.9697
vn 0.1962 0.2668 -0.9436
vn 0.3716 0.2935 -0.8808
vn 0.5316 0.3097 -0.7883
vn 0.6722 0.3154 -0.6699
vn 0.7899 0.3102 -0.5290
vn 0.8817 0.2934 -0.3695
vn 0.9446 0.2637 -0.1952
vn 0.9715 0.2310 -0.0527
vn 0.0508 0.0601 -0.9969
vn 0.1979 0.0679 -0.9779
vn 0.3842 0.0766 -0.9201
vn 0.5554 0.0829 -0.8274
vn 0.7052 0.0860 -0.7038
vn 0.8282 0.0852 -0.5539
vn 0.9201 0.0799 -0.3834
vn 0.9776 0.0697 -0.1984
vn 0.9969 0.0587 -0.0516
vn 0.0315 -0.4605 -0.8871
vn 0.0549 -0.4700 -0.8809
vn 0.1847 -0.5160 -0.8364
vn 0.1493 -0.5046 -0.8504
vn 0.3295 -0.5540 -0.7645
vn 0.3082 -0.5494 -0.7766
vn 0.4597 -0.5744 -0.6773
vn 0.4505 -0.5734 -0.6843
vn 0.5765 -0.5792 -0.5764
vn 0.5771 -0.5791 -0.5758
vn 0.6804 -0.5690 -0.4617
vn 0.6888 -0.5675 -0.4512
vn 0.7708 -0.5436 -0.3322
vn 0.7840 -0.5379 -0.3097
vn 0.8450 -0.5013 -0.1865
vn 0.8594 -0.4888 -0.1502
vn 0.8900 -0.4525 -0.0554
vn 0.8961 -0.4427 -0.0317
vn 0.0104 -0.9226 -0.3855
vn 0.0258 -0.9275 -0.3729
vn 0.0763 -0.9406 -0.3307
vn 0.0559 -0.9358 -0.3480
vn 0.1258 -0.9494 -0.2879
vn 0.1146 -0.9478 -0.2977
vn 0.1694 -0.9536 -0.2490
vn 0.1646 -0.9533 -0.2533
vn 0.2103 -0.9545 -0.2113
vn 0.2107 -0.9545 -0.2108
vn 0.2509 -0.9525 -0.1724
vn 0.2566 -0.9520 -0.1668
vn 0.2936 -0.9471 -0.1297
vn 0.3054 -0.9449 -0.1175
vn 0.3410 -0.9367 -0.0797
vn 0.3610 -0.9308 -0.0576
vn 0.3879 -0.9213 -0.0273
vn 0.4022 -0.9155 -0.0106
vn 0.0486 0.0003 -0.9988
vn 0.0487 0.0003 -0.9988
vn 0.1937 0.0017 -0.9811
vn 0.1935 0.0017 -0.9811
vn 0.3803 0.0052 -0.9249
vn 0.3799 0.0052 -0.9250
vn 0.5529 0.0101 -0.8332
vn 0.5521 0.0100 -0.8337
vn 0.7049 0.0148 -0.7091
vn 0.7035 0.0148 -0.7105
vn 0.8302 0.0176 -0.5571
vn 0.8283 0.0176 -0.5599
vn 0.9237 0.0167 -0.3828
vn 0.9217 0.0168 -0.3876
vn 0.9811 0.0107 -0.1930
vn 0.9797 0.0110 -0.2001
vn 0.9989 0.0031 -0.0472
vn 0.9987 0.0034 -0.0518
vn -0.9261 0.3744 -0.0451
vn -0.9434 0.3299 -0.0326
vn -0.9108 0.3819 -0.1571
vn -0.8880 0.4256 -0.1742
vn -0.8376 0.4376 -0.3270
vn -0.8148 0.4742 -0.3335
vn -0.7406 0.4702 -0.4799
vn -0.7212 0.5027 -0.4765
vn -0.6237 0.4819 -0.6155
vn -0.6102 0.5131 -0.6037
vn -0.4881 0.4733 -0.7334
vn -0.4826 0.5059 -0.7149
vn -0.3339 0.4440 -0.8314
vn -0.3382 0.4809 -0.8089
vn -0.1616 0.3928 -0.9053
vn -0.1768 0.4365 -0.8821
vn -0.0341 0.3442 -0.9383
vn -0.0458 0.3891 -0.9200
vn -0.8519 0.5221 -0.0401
vn -0.8054 0.5719 -0.1558
vn -0.7282 0.6177 -0.2969
vn -0.6386 0.6438 -0.4216
vn -0.5380 0.6533 -0.5327
vn -0.4257 0.6475 -0.6321
vn -0.2996 0.6257 -0.7202
vn -0.1572 0.5851 -0.7956
vn -0.0405 0.5396 -0.8410
vn -0.7616 0.6471 -0.0358
vn -0.7061 0.6949 -0.1362
vn -0.6257 0.7373 -0.2549
vn -0.5420 0.7603 -0.3580
vn -0.4544 0.7685 -0.4505
vn -0.3603 0.7634 -0.5361
vn -0.2559 0.7442 -0.6170
vn -0.1364 0.7071 -0.6938
vn -0.0359 0.6646 -0.7464
vn -0.8420 0.5379 -0.0410
vn -0.7946 0.5869 -0.1554
vn -0.7167 0.6326 -0.2935
vn -0.6277 0.6580 -0.4158
vn -0.5287 0.6668 -0.5253
vn -0.4185 0.6601 -0.6237
vn -0.2952 0.6377 -0.7115
vn -0.1561 0.5970 -0.7869
vn -0.0411 0.5537 -0.8317
vn -0.9715 0.2310 -0.0527
vn -0.9446 0.2637 -0.1952
vn -0.8817 0.2934 -0.3695
vn -0.7899 0.3102 -0.5290
vn -0.6722 0.3154 -0.6699
vn -0.5316 0.3097 -0.7883
vn -0.3716 0.2935 -0.8808
vn -0.1962 0.2668 -0.9436
vn -0.0529 0.2386 -0.9697
vn -0.9969 0.0587 -0.0516
vn -0.9776 0.0697 -0.1984
vn -0.9201 0.0799 -0.3834
vn -0.8282 0.0852 -0.5539
vn -0.7052 0.0860 -0.7038
vn -0.5554 0.0829 -0.8274
vn -0.3842 0.0766 -0.9201
vn -0.1979 0.0679 -0.9779
vn -0.0508 0.0601 -0.9969
vn -0.8961 -0.4427 -0.0317
vn -0.8900 -0.4525 -0.0554
vn -0.8450 -0.5013 -0.1865
vn -0.8594 -0.4888 -0.1502
vn -0.7708 -0.5436 -0.3322
vn -0.7840 -0.5379 -0.3097
vn -0.6804 -0.5690 -0.4617
vn -0.6888 -0.5675 -0.4512
vn -0.5765 -0.5792 -0.5764
vn -0.5771 -0.5791 -0.5758
vn -0.4597 -0.5744 -0.6773
vn -0.4505 -0.5734 -0.6843
vn -0.3295 -0.5540 -0.7645
vn -0.3082 -0.5494 -0.7766
vn -0.1847 -0.5160 -0.8364
vn -0.1493 -0.5046 -0.8504
vn -0.0549 -0.4700 -0.8809
vn -0.0315 -0.4605 -0.8871
vn -0.4022 -0.9155 -0.0106
vn -0.3879 -0.9213 -0.0273
vn -0.3410 -0.9367 -0.0797
vn -0.3610 -0.9308 -0.0576
vn -0.2936 -0.9471 -0.1297
vn -0.3054 -0.9449 -0.1175
vn -0.2509 -0.9525 -0.1724
vn -0.2566 -0.9520 -0.1668
vn -0.2103 -0.9545 -0.2113
vn -0.2107 -0.9545 -0.2108
vn -0.1694 -0.9536 -0.2490
vn -0.1646 -0.9533 -0.2533
vn -0.1258 -0.9494 -0.2879
vn -0.1146 -0.9478 -0.2977
vn -0.0763 -0.9406 -0.3307
vn -0.0559 -0.9358 -0.3480
vn -0.0258 -0.9275 -0.3729
vn -0.0104 -0.9226 -0.3855
vn -0.9987 0.0034 -0.0518
vn -0.9989 0.0031 -0.0472
vn -0.9811 0.0107 -0.1930
vn -0.9797 0.0110 -0.2001
vn -0.9237 0.0167 -0.3828
vn -0.9217 0.0168 -0.3876
vn -0.8302 0.0176 -0.5571
vn -0.8283 0.0176 -0.5599
vn -0.7049 0.0148 -0.7091
vn -0.7035 0.0148 -0.7105
vn -0.5529 0.0101 -0.8332
vn -0.5521 0.0100 -0.8337
vn -0.3803 0.0052 -0.9249
vn -0.3799 0.0052 -0.9250
vn -0.1937 0.0017 -0.9811
vn -0.1935 0.0017 -0.9811
vn -0.0487 0.0003 -0.9988
vn -0.0486 0.0003 -0.9988
vn 0.0460 0.0031 0.9989
vn 0.0479 0.0150 0.9987
vn 0.3713 0.0144 -0.9284
vn 0.3751 0.0283 -0.9266
vn 0.1907 0.0217 -0.9814
vn 0.1871 0.0090 -0.9823
vn -0.5465 0.0322 0.8368
vn -0.5432 0.0169 0.8395
vn -0.6961 0.0167 0.7177
vn -0.6987 0.0334 0.7147
vn 0.8252 0.0324 0.5639
vn 0.8238 0.0144 0.5668
vn -0.8252 0.0324 0.5639
vn -0.8238 0.0144 0.5668
vn -0.9200 0.0107 0.3918
vn -0.9204 0.0295 0.3898
vn 0.9799 0.0062 -0.1996
vn 0.9797 0.0252 -0.1991
vn 0.9791 0.0076 -0.2035
vn 0.9801 0.0074 -0.1983
vn 0.9988 0.0022 -0.0490
vn 0.9986 0.0024 -0.0523
vn 0.0479 0.0150 -0.9987
vn 0.0460 0.0031 -0.9989
vn -0.0460 0.0031 0.9989
vn -0.0479 0.0150 0.9987
vn -0.0479 0.0383 -0.9981
vn -0.1916 0.0476 -0.9803
vn -0.3770 0.0578 -0.9244
vn -0.5488 0.0649 -0.8334
vn -0.5465 0.0322 -0.8368
vn -0.7004 0.0689 -0.7104
vn -0.6987 0.0334 -0.7147
vn -0.8259 0.0697 -0.5595
vn -0.8252 0.0324 -0.5639
vn -0.9200 0.0676 -0.3861
vn -0.9784 0.0627 -0.1969
vn -0.9971 0.0573 -0.0494
vn -0.0480 0.0601 -0.9970
vn -0.1917 0.0730 -0.9787
vn -0.3768 0.0874 -0.9222
vn -0.5480 0.0979 -0.8307
vn -0.6989 0.1042 -0.7076
vn -0.8237 0.1063 -0.5570
vn -0.9173 0.1041 -0.3843
vn -0.9757 0.0978 -0.1960
vn -0.9947 0.0904 -0.0492
vn -0.0480 0.0817 -0.9955
vn -0.1915 0.0958 -0.9768
vn -0.3762 0.1140 -0.9195
vn -0.5466 0.1275 -0.8276
vn -0.6966 0.1360 -0.7044
vn -0.8206 0.1391 -0.5543
vn -0.9138 0.1367 -0.3824
vn -0.9723 0.1291 -0.1951
vn -0.9916 0.1200 -0.0490
vn -0.0484 0.0969 -0.9941
vn -0.1912 0.1166 -0.9746
vn -0.3752 0.1382 -0.9166
vn -0.5448 0.1544 -0.8243
vn -0.6938 0.1647 -0.7011
vn -0.8170 0.1686 -0.5514
vn -0.9098 0.1661 -0.3804
vn -0.9683 0.1573 -0.1942
vn -0.9880 0.1465 -0.0488
vn -0.0479 0.1115 -0.9926
vn -0.1907 0.1366 -0.9721
vn -0.3740 0.1616 -0.9132
vn -0.5425 0.1803 -0.8205
vn -0.6904 0.1922 -0.6974
vn -0.8128 0.1969 -0.5483
vn -0.9051 0.1942 -0.3783
vn -0.9638 0.1841 -0.1931
vn -0.9839 0.1718 -0.0486
vn 0.9204 0.0295 0.3898
vn 0.9200 0.0107 0.3918
vn -0.0479 -0.1208 -0.9915
vn -0.0387 -0.1225 -0.9917
vn -0.1705 -0.1586 -0.9725
vn -0.1871 -0.1495 -0.9709
vn -0.0487 0.1170 -0.9919
vn -0.1921 0.1361 -0.9719
vn -0.3752 0.1608 -0.9129
vn -0.5434 0.1793 -0.8201
vn -0.6911 0.1910 -0.6971
vn -0.8132 0.1956 -0.5482
vn -0.9053 0.1929 -0.3785
vn -0.9638 0.1831 -0.1937
vn -0.9840 0.1711 -0.0490
vn -0.0489 0.0966 -0.9941
vn -0.1930 0.1117 -0.9748
vn -0.3771 0.1320 -0.9167
vn -0.5466 0.1472 -0.8244
vn -0.6955 0.1569 -0.7012
vn -0.8185 0.1608 -0.5516
vn -0.9109 0.1587 -0.3808
vn -0.9692 0.1506 -0.1948
vn -0.9888 0.1408 -0.0493
vn -0.0492 0.0673 -0.9965
vn -0.1940 0.0800 -0.9777
vn -0.3790 0.0943 -0.9206
vn -0.5497 0.1053 -0.8287
vn -0.6998 0.1124 -0.7054
vn -0.8237 0.1154 -0.5552
vn -0.9166 0.1141 -0.3833
vn -0.9746 0.1085 -0.1961
vn -0.9936 0.1016 -0.0497
vn -0.0494 0.0350 -0.9982
vn -0.1947 0.0409 -0.9800
vn -0.3803 0.0477 -0.9236
vn -0.5519 0.0532 -0.8322
vn -0.7030 0.0570 -0.7089
vn -0.8277 0.0589 -0.5581
vn -0.9209 0.0588 -0.3854
vn -0.9787 0.0565 -0.1972
vn -0.9973 0.0533 -0.0500
vn -0.0494 -0.0004 -0.9988
vn -0.1947 -0.0021 -0.9809
vn -0.3805 -0.0037 -0.9248
vn -0.5523 -0.0043 -0.8336
vn -0.7038 -0.0042 -0.7104
vn -0.8288 -0.0034 -0.5595
vn -0.9223 -0.0023 -0.3864
vn -0.9802 -0.0009 -0.1978
vn -0.9987 0.0002 -0.0501
vn -0.0492 -0.0330 -0.9982
vn -0.1939 -0.0419 -0.9801
vn -0.3791 -0.0512 -0.9239
vn -0.5505 -0.0576 -0.8328
vn -0.7017 -0.0608 -0.7098
vn -0.8268 -0.0612 -0.5592
vn -0.9205 -0.0588 -0.3863
vn -0.9788 -0.0539 -0.1977
vn -0.9976 -0.0488 -0.0501
vn -0.0488 -0.0584 -0.9971
vn -0.1927 -0.0731 -0.9785
vn -0.3770 -0.0887 -0.9220
vn -0.5475 -0.0995 -0.8309
vn -0.6981 -0.1054 -0.7082
vn -0.8229 -0.1065 -0.5581
vn -0.9168 -0.1030 -0.3857
vn -0.9757 -0.0953 -0.1975
vn -0.9950 -0.0869 -0.0500
vn -0.0486 -0.0796 -0.9956
vn -0.1915 -0.0993 -0.9765
vn -0.3745 -0.1203 -0.9194
vn -0.5437 -0.1348 -0.8284
vn -0.6934 -0.1429 -0.7062
vn -0.8179 -0.1444 -0.5569
vn -0.9122 -0.1399 -0.3852
vn -0.9717 -0.1296 -0.1974
vn -0.9917 -0.1183 -0.0500
vn -0.0482 -0.1020 -0.9936
vn -0.1900 -0.1245 -0.9739
vn -0.3713 -0.1508 -0.9162
vn -0.5390 -0.1690 -0.8252
vn -0.6876 -0.1789 -0.7037
vn -0.8117 -0.1808 -0.5554
vn -0.9063 -0.1749 -0.3846
vn -0.9669 -0.1619 -0.1973
vn -0.9878 -0.1477 -0.0500
vn -0.3664 -0.1792 -0.9130
vn -0.5334 -0.1991 -0.8221
vn -0.6809 -0.2106 -0.7014
vn -0.8048 -0.2125 -0.5541
vn -0.8999 -0.2071 -0.3837
vn 0.1871 -0.1495 -0.9709
vn 0.1705 -0.1586 -0.9725
vn 0.0387 -0.1225 -0.9917
vn 0.0479 -0.1208 -0.9915
vn 0.0479 0.1115 0.9926
vn 0.0484 0.0969 0.9941
vn 0.0480 0.0817 0.9955
vn -0.0480 0.0817 0.9955
vn -0.0484 0.0969 0.9941
vn -0.0479 0.1115 0.9926
vn -0.3617 -0.1981 -0.9110
vn -0.5277 -0.2220 -0.8199
vn -0.6743 -0.2346 -0.7002
vn -0.7983 -0.2361 -0.5540
vn -0.8952 -0.2273 -0.3834
vn 0.8952 -0.2273 0.3834
vn 0.8956 -0.2314 0.3799
vn 0.9597 -0.2076 0.1893
vn 0.9612 -0.1930 0.1970
vn 0.8999 -0.2071 0.3837
vn 0.9832 -0.1752 -0.0504
vn 0.9812 -0.1878 -0.0453
vn 0.9597 -0.2076 -0.1893
vn 0.9612 -0.1930 -0.1970
vn -0.3496 -0.1997 -0.9154
vn -0.5182 -0.2308 -0.8236
vn -0.6681 -0.2444 -0.7028
vn -0.7951 -0.2459 -0.5544
vn -0.8956 -0.2314 -0.3799
vn 0.5277 -0.8409 0.1201
vn 0.5359 -0.8381 0.1017
vn -0.9799 0.0062 0.1996
vn -0.9797 0.0252 0.1991
vn 0.9203 0.0111 -0.3910
vn 0.9188 0.0112 -0.3945
vn -0.6961 0.0167 -0.7177
vn -0.8238 0.0144 -0.5668
vn -0.5432 0.0169 -0.8395
vn -0.1871 0.0090 0.9823
vn -0.1907 0.0217 0.9814
vn 0.9799 0.0062 0.1996
vn 0.9797 0.0252 0.1991
vn 0.9985 0.0212 0.0500
vn 0.9988 0.0026 0.0498
vn 0.9985 0.0212 -0.0500
vn 0.9971 0.0573 -0.0494
vn 0.9784 0.0627 -0.1969
vn 0.9200 0.0676 -0.3861
vn 0.8259 0.0697 -0.5595
vn 0.7004 0.0689 -0.7104
vn 0.5488 0.0649 -0.8334
vn 0.5465 0.0322 -0.8368
vn 0.3770 0.0578 -0.9244
vn 0.1916 0.0476 -0.9803
vn 0.0479 0.0383 -0.9981
vn 0.9947 0.0904 -0.0492
vn 0.9757 0.0978 -0.1960
vn 0.9173 0.1041 -0.3843
vn 0.8237 0.1063 -0.5570
vn 0.6989 0.1042 -0.7076
vn 0.5480 0.0979 -0.8307
vn 0.3768 0.0874 -0.9222
vn 0.1917 0.0730 -0.9787
vn 0.0480 0.0601 -0.9970
vn 0.9916 0.1200 -0.0490
vn 0.9723 0.1291 -0.1951
vn 0.9138 0.1367 -0.3824
vn 0.8206 0.1391 -0.5543
vn 0.6966 0.1360 -0.7044
vn 0.5466 0.1275 -0.8276
vn 0.3762 0.1140 -0.9195
vn 0.1915 0.0958 -0.9768
vn 0.0480 0.0817 -0.9955
vn 0.9880 0.1465 -0.0488
vn 0.9683 0.1573 -0.1942
vn 0.9098 0.1661 -0.3804
vn 0.8170 0.1686 -0.5514
vn 0.6938 0.1647 -0.7011
vn 0.5448 0.1544 -0.8243
vn 0.3752 0.1382 -0.9166
vn 0.1912 0.1166 -0.9746
vn 0.0484 0.0969 -0.9941
vn 0.9839 0.1718 -0.0486
vn 0.9638 0.1841 -0.1931
vn 0.9051 0.1942 -0.3783
vn 0.8128 0.1969 -0.5483
vn 0.6904 0.1922 -0.6974
vn 0.5425 0.1803 -0.8205
vn 0.3740 0.1616 -0.9132
vn 0.1907 0.1366 -0.9721
vn 0.0479 0.1115 -0.9926
vn 0.9840 0.1711 -0.0490
vn 0.9638 0.1831 -0.1937
vn 0.9053 0.1929 -0.3785
vn 0.8132 0.1956 -0.5482
vn 0.6911 0.1910 -0.6971
vn 0.5434 0.1793 -0.8201
vn 0.3752 0.1608 -0.9129
vn 0.1921 0.1361 -0.9719
vn 0.0487 0.1170 -0.9919
vn 0.9888 0.1408 -0.0493
vn 0.9692 0.1506 -0.1948
vn 0.9109 0.1587 -0.3808
vn 0.8185 0.1608 -0.5516
vn 0.6955 0.1569 -0.7012
vn 0.5466 0.1472 -0.8244
vn 0.3771 0.1320 -0.9167
vn 0.1930 0.1117 -0.9748
vn 0.0489 0.0966 -0.9941
vn 0.9936 0.1016 -0.0496
vn 0.9746 0.1085 -0.1961
vn 0.9166 0.1141 -0.3833
vn 0.8237 0.1154 -0.5552
vn 0.6998 0.1124 -0.7054
vn 0.5497 0.1052 -0.8287
vn 0.3790 0.0943 -0.9206
vn 0.1940 0.0800 -0.9777
vn 0.0492 0.0673 -0.9965
vn 0.9973 0.0533 -0.0500
vn 0.9787 0.0565 -0.1972
vn 0.9209 0.0588 -0.3854
vn 0.8277 0.0589 -0.5581
vn 0.7030 0.0570 -0.7089
vn 0.5519 0.0532 -0.8322
vn 0.3803 0.0477 -0.9236
vn 0.1947 0.0409 -0.9800
vn 0.0494 0.0350 -0.9982
vn 0.9987 0.0002 -0.0501
vn 0.9802 -0.0009 -0.1978
vn 0.9223 -0.0023 -0.3864
vn 0.8288 -0.0034 -0.5595
vn 0.7038 -0.0042 -0.7104
vn 0.5523 -0.0043 -0.8336
vn 0.3805 -0.0037 -0.9248
vn 0.1947 -0.0021 -0.9809
vn 0.0494 -0.0004 -0.9988
vn 0.9976 -0.0488 -0.0501
vn 0.9788 -0.0539 -0.1977
vn 0.9205 -0.0588 -0.3863
vn 0.8268 -0.0612 -0.5592
vn 0.7017 -0.0608 -0.7098
vn 0.5505 -0.0576 -0.8328
vn 0.3791 -0.0512 -0.9239
vn 0.1939 -0.0419 -0.9801
vn 0.0492 -0.0330 -0.9982
vn 0.9950 -0.0869 -0.0500
vn 0.9757 -0.0953 -0.1975
vn 0.9168 -0.1030 -0.3857
vn 0.8229 -0.1065 -0.5581
vn 0.6981 -0.1054 -0.7082
vn 0.5475 -0.0995 -0.8309
vn 0.3770 -0.0887 -0.9220
vn 0.1927 -0.0731 -0.9785
vn 0.0488 -0.0584 -0.9971
vn 0.9917 -0.1183 -0.0500
vn 0.9717 -0.1296 -0.1974
vn 0.9122 -0.1399 -0.3852
vn 0.8179 -0.1444 -0.5569
vn 0.6934 -0.1429 -0.7062
vn 0.5437 -0.1348 -0.8284
vn 0.3745 -0.1203 -0.9194
vn 0.1915 -0.0993 -0.9765
vn 0.0486 -0.0796 -0.9956
vn 0.9878 -0.1477 -0.0500
vn 0.9669 -0.1619 -0.1973
vn 0.9063 -0.1749 -0.3846
vn 0.8117 -0.1808 -0.5554
vn 0.6876 -0.1789 -0.7037
vn 0.5390 -0.1690 -0.8252
vn 0.3713 -0.1508 -0.9162
vn 0.1900 -0.1245 -0.9739
vn 0.0482 -0.1020 -0.9936
vn 0.8999 -0.2071 -0.3837
vn 0.8048 -0.2125 -0.5541
vn 0.6809 -0.2106 -0.7014
vn 0.5334 -0.1991 -0.8221
vn 0.3664 -0.1792 -0.9130
vn 0.9812 -0.1878 0.0453
vn 0.9832 -0.1752 0.0504
vn -0.8952 -0.2273 0.3834
vn -0.8999 -0.2071 0.3837
vn -0.9612 -0.1930 0.1970
vn -0.9597 -0.2076 0.1893
vn -0.8956 -0.2314 0.3799
vn 0.8952 -0.2273 -0.3834
vn 0.7983 -0.2361 -0.5540
vn 0.6743 -0.2346 -0.7002
vn 0.5277 -0.2220 -0.8199
vn 0.3617 -0.1981 -0.9110
vn -0.1705 -0.1586 0.9725
vn -0.1871 -0.1495 0.9709
vn -0.3664 -0.1792 0.9130
vn -0.3617 -0.1981 0.9110
vn -0.3496 -0.1997 0.9154
vn 0.8956 -0.2314 -0.3799
vn 0.7951 -0.2459 -0.5544
vn 0.6681 -0.2444 -0.7028
vn 0.5182 -0.2308 -0.8236
vn 0.3496 -0.1997 -0.9154
vn -0.3713 0.0144 0.9284
vn -0.3751 0.0283 0.9266
vn 0.5432 0.0169 -0.8395
vn 0.0479 0.0383 0.9981
vn 0.1916 0.0476 0.9803
vn 0.3770 0.0578 0.9244
vn 0.5488 0.0649 0.8334
vn 0.7004 0.0689 0.7104
vn 0.8259 0.0697 0.5595
vn 0.9200 0.0676 0.3861
vn 0.9784 0.0627 0.1969
vn 0.9971 0.0573 0.0494
vn 0.0480 0.0601 0.9970
vn 0.1917 0.0730 0.9787
vn 0.3768 0.0874 0.9222
vn 0.5480 0.0979 0.8307
vn 0.6989 0.1042 0.7076
vn 0.8237 0.1063 0.5570
vn 0.9173 0.1041 0.3843
vn 0.9757 0.0978 0.1960
vn 0.9947 0.0904 0.0492
vn 0.1915 0.0958 0.9768
vn 0.3762 0.1140 0.9195
vn 0.5466 0.1275 0.8276
vn 0.6966 0.1360 0.7044
vn 0.8206 0.1391 0.5543
vn 0.9138 0.1367 0.3824
vn 0.9723 0.1291 0.1951
vn 0.9916 0.1200 0.0490
vn 0.1912 0.1166 0.9746
vn 0.3752 0.1382 0.9166
vn 0.5448 0.1544 0.8243
vn 0.6938 0.1647 0.7011
vn 0.8170 0.1686 0.5514
vn 0.9098 0.1661 0.3804
vn 0.9683 0.1573 0.1942
vn 0.9880 0.1465 0.0488
vn 0.1907 0.1366 0.9721
vn 0.3740 0.1616 0.9132
vn 0.5425 0.1803 0.8205
vn 0.6904 0.1922 0.6974
vn 0.8128 0.1969 0.5483
vn 0.9051 0.1942 0.3783
vn 0.9638 0.1841 0.1931
vn 0.9839 0.1718 0.0486
vn 0.0487 0.1170 0.9919
vn 0.1921 0.1361 0.9719
vn 0.3752 0.1608 0.9129
vn 0.5434 0.1793 0.8201
vn 0.6911 0.1910 0.6971
vn 0.8132 0.1956 0.5482
vn 0.9053 0.1929 0.3785
vn 0.9638 0.1831 0.1937
vn 0.9840 0.1711 0.0490
vn 0.0489 0.0966 0.9941
vn 0.1930 0.1117 0.9748
vn 0.3771 0.1320 0.9167
vn 0.5466 0.1472 0.8244
vn 0.6955 0.1569 0.7012
vn 0.8185 0.1608 0.5516
vn 0.9109 0.1587 0.3808
vn 0.9692 0.1506 0.1948
vn 0.9888 0.1408 0.0493
vn 0.0492 0.0673 0.9965
vn 0.1940 0.0800 0.9777
vn 0.3790 0.0943 0.9206
vn 0.5497 0.1053 0.8287
vn 0.6998 0.1124 0.7054
vn 0.8237 0.1154 0.5552
vn 0.9166 0.1141 0.3833
vn 0.9746 0.1085 0.1961
vn 0.9936 0.1016 0.0497
vn 0.0494 0.0350 0.9982
vn 0.1947 0.0409 0.9800
vn 0.3803 0.0477 0.9236
vn 0.5519 0.0532 0.8322
vn 0.7030 0.0570 0.7089
vn 0.8277 0.0589 0.5581
vn 0.9209 0.0588 0.3854
vn 0.9787 0.0565 0.1972
vn 0.9973 0.0533 0.0500
vn 0.0494 -0.0004 0.9988
vn 0.1947 -0.0021 0.9809
vn 0.3805 -0.0037 0.9248
vn 0.5523 -0.0043 0.8336
vn 0.7038 -0.0042 0.7104
vn 0.8288 -0.0034 0.5595
vn 0.9223 -0.0023 0.3864
vn 0.9802 -0.0009 0.1978
vn 0.9987 0.0002 0.0501
vn 0.0492 -0.0330 0.9982
vn 0.1939 -0.0419 0.9801
vn 0.3791 -0.0512 0.9239
vn 0.5505 -0.0576 0.8328
vn 0.7017 -0.0608 0.7098
vn 0.8268 -0.0612 0.5592
vn 0.9205 -0.0588 0.3863
vn 0.9788 -0.0539 0.1977
vn 0.9976 -0.0488 0.0501
vn 0.0488 -0.0584 0.9971
vn 0.1927 -0.0731 0.9785
vn 0.3770 -0.0887 0.9220
vn 0.5475 -0.0995 0.8309
vn 0.6981 -0.1054 0.7082
vn 0.8229 -0.1065 0.5581
vn 0.9168 -0.1030 0.3857
vn 0.9757 -0.0953 0.1975
vn 0.9950 -0.0869 0.0500
vn 0.0486 -0.0796 0.9956
vn 0.1915 -0.0993 0.9765
vn 0.3745 -0.1203 0.9194
vn 0.5437 -0.1348 0.8284
vn 0.6934 -0.1429 0.7062
vn 0.8179 -0.1444 0.5569
vn 0.9122 -0.1399 0.3852
vn 0.9717 -0.1296 0.1974
vn 0.9917 -0.1183 0.0500
vn 0.1900 -0.1245 0.9739
vn 0.3713 -0.1508 0.9162
vn 0.5390 -0.1690 0.8252
vn 0.6876 -0.1789 0.7037
vn 0.8117 -0.1808 0.5554
vn 0.9063 -0.1749 0.3846
vn 0.9669 -0.1619 0.1973
vn 0.9878 -0.1477 0.0500
vn 0.5334 -0.1991 0.8221
vn 0.6809 -0.2106 0.7014
vn 0.8048 -0.2125 0.5541
vn 0.5277 -0.2220 0.8199
vn 0.6743 -0.2346 0.7002
vn 0.7983 -0.2361 0.5540
vn -0.9832 -0.1752 0.0504
vn -0.9812 -0.1878 0.0453
vn 0.5182 -0.2308 0.8236
vn 0.6681 -0.2444 0.7028
vn 0.7951 -0.2459 0.5544
vn -0.5277 -0.2220 0.8199
vn -0.5182 -0.2308 0.8236
vn -0.6743 -0.2346 0.7002
vn -0.6681 -0.2444 0.7028
vn -0.7983 -0.2361 0.5540
vn -0.7951 -0.2459 0.5544
vn -0.6984 0.0110 -0.7157
vn -0.5334 -0.1991 0.8221
vn -0.6809 -0.2106 0.7014
vn -0.8048 -0.2125 0.5541
vn -0.1900 -0.1245 0.9739
vn -0.3713 -0.1508 0.9162
vn -0.5390 -0.1690 0.8252
vn -0.6876 -0.1789 0.7037
vn -0.8117 -0.1808 0.5554
vn -0.9063 -0.1749 0.3846
vn -0.9669 -0.1619 0.1973
vn -0.9878 -0.1477 0.0500
vn -0.0486 -0.0796 0.9956
vn -0.1915 -0.0993 0.9765
vn -0.3745 -0.1203 0.9194
vn -0.5437 -0.1348 0.8284
vn -0.6934 -0.1429 0.7062
vn -0.8179 -0.1444 0.5569
vn -0.9122 -0.1399 0.3852
vn -0.9717 -0.1296 0.1974
vn -0.9917 -0.1183 0.0500
vn -0.0488 -0.0584 0.9971
vn -0.1927 -0.0731 0.9785
vn -0.3770 -0.0887 0.9220
vn -0.5475 -0.0995 0.8309
vn -0.6981 -0.1054 0.7082
vn -0.8229 -0.1065 0.5581
vn -0.9168 -0.1030 0.3857
vn -0.9757 -0.0953 0.1975
vn -0.9950 -0.0869 0.0500
vn -0.0492 -0.0330 0.9982
vn -0.1939 -0.0419 0.9801
vn -0.3791 -0.0512 0.9239
vn -0.5505 -0.0576 0.8328
vn -0.7017 -0.0608 0.7098
vn -0.8268 -0.0612 0.5592
vn -0.9205 -0.0588 0.3863
vn -0.9788 -0.0539 0.1977
vn -0.9976 -0.0488 0.0501
vn -0.0494 -0.0004 0.9988
vn -0.1947 -0.0021 0.9809
vn -0.3805 -0.0037 0.9248
vn -0.5523 -0.0043 0.8336
vn -0.7038 -0.0042 0.7104
vn -0.8288 -0.0034 0.5595
vn -0.9223 -0.0023 0.3864
vn -0.9802 -0.0009 0.1978
vn -0.9987 0.0002 0.0501
vn -0.0494 0.0350 0.9982
vn -0.1947 0.0409 0.9800
vn -0.3803 0.0477 0.9236
vn -0.5519 0.0532 0.8322
vn -0.7030 0.0570 0.7089
vn -0.8277 0.0589 0.5581
vn -0.9209 0.0588 0.3854
vn -0.9787 0.0565 0.1972
vn -0.9973 0.0533 0.0500
vn -0.0492 0.0673 0.9965
vn -0.1940 0.0800 0.9777
vn -0.3790 0.0943 0.9206
vn -0.5497 0.1053 0.8287
vn -0.6998 0.1124 0.7054
vn -0.8237 0.1154 0.5552
vn -0.9166 0.1141 0.3833
vn -0.9746 0.1085 0.1961
vn -0.9936 0.1016 0.0496
vn -0.0489 0.0966 0.9941
vn -0.1930 0.1117 0.9748
vn -0.3771 0.1320 0.9167
vn -0.5466 0.1472 0.8244
vn -0.6955 0.1569 0.7012
vn -0.8185 0.1608 0.5516
vn -0.9109 0.1587 0.3808
vn -0.9692 0.1506 0.1948
vn -0.9888 0.1408 0.0493
vn -0.0487 0.1170 0.9919
vn -0.1921 0.1361 0.9719
vn -0.3752 0.1608 0.9129
vn -0.5434 0.1793 0.8201
vn -0.6911 0.1910 0.6971
vn -0.8132 0.1956 0.5482
vn -0.9053 0.1929 0.3785
vn -0.9638 0.1831 0.1937
vn -0.9840 0.1711 0.0490
vn -0.1907 0.1366 0.9721
vn -0.3740 0.1616 0.9132
vn -0.5425 0.1804 0.8205
vn -0.6904 0.1922 0.6974
vn -0.8128 0.1969 0.5483
vn -0.9051 0.1942 0.3783
vn -0.9637 0.1841 0.1931
vn -0.9839 0.1718 0.0486
vn -0.1912 0.1166 0.9746
vn -0.3752 0.1382 0.9166
vn -0.5448 0.1544 0.8243
vn -0.6938 0.1647 0.7011
vn -0.8170 0.1686 0.5514
vn -0.9098 0.1661 0.3804
vn -0.9683 0.1573 0.1942
vn -0.9880 0.1465 0.0488
vn -0.1915 0.0958 0.9768
vn -0.3762 0.1140 0.9195
vn -0.5466 0.1275 0.8276
vn -0.6966 0.1360 0.7044
vn -0.8206 0.1391 0.5543
vn -0.9138 0.1367 0.3824
vn -0.9723 0.1291 0.1951
vn -0.9916 0.1200 0.0490
vn -0.0480 0.0601 0.9970
vn -0.1917 0.0730 0.9787
vn -0.3768 0.0874 0.9222
vn -0.5480 0.0979 0.8307
vn -0.6989 0.1042 0.7076
vn -0.8237 0.1063 0.5570
vn -0.9173 0.1041 0.3843
vn -0.9757 0.0978 0.1960
vn -0.9947 0.0904 0.0492
vn -0.0479 0.0383 0.9981
vn -0.1916 0.0476 0.9803
vn -0.3770 0.0578 0.9244
vn -0.5488 0.0649 0.8334
vn -0.7004 0.0689 0.7104
vn -0.8259 0.0697 0.5595
vn -0.9200 0.0676 0.3861
vn -0.9784 0.0627 0.1969
vn -0.9971 0.0573 0.0494
vn 0.9988 0.0026 -0.0498
vn 0.5457 0.0102 0.8379
vn 0.3725 0.0040 0.9280
vn -0.5457 0.0102 0.8379
vn 0.5457 0.0102 -0.8379
vn -0.5457 0.0102 -0.8379
vn -0.0516 -0.1352 -0.9895
vn -0.0377 -0.1318 -0.9906
vn -0.1654 -0.1610 -0.9730
vn -0.1891 -0.1661 -0.9678
vn -0.3397 -0.1949 -0.9201
vn -0.3577 -0.1980 -0.9126
vn -0.5045 -0.2196 -0.8350
vn -0.5163 -0.2211 -0.8274
vn -0.6549 -0.2346 -0.7184
vn -0.6607 -0.2350 -0.7129
vn -0.7850 -0.2395 -0.5714
vn -0.7858 -0.2395 -0.5703
vn -0.8877 -0.2337 -0.3967
vn -0.8853 -0.2340 -0.4020
vn -0.9554 -0.2172 -0.1999
vn -0.9524 -0.2185 -0.2126
vn -0.9789 -0.1985 -0.0477
vn -0.9782 -0.1998 -0.0569
vn 0.9782 -0.1998 -0.0569
vn 0.9789 -0.1985 -0.0477
vn 0.9554 -0.2172 -0.1999
vn 0.9524 -0.2185 -0.2126
vn 0.8877 -0.2337 -0.3967
vn 0.8853 -0.2340 -0.4020
vn 0.7850 -0.2395 -0.5714
vn 0.7858 -0.2395 -0.5703
vn 0.6549 -0.2346 -0.7184
vn 0.6607 -0.2350 -0.7129
vn 0.5045 -0.2196 -0.8350
vn 0.5163 -0.2211 -0.8274
vn 0.3397 -0.1949 -0.9201
vn 0.3577 -0.1980 -0.9126
vn 0.1654 -0.1610 -0.9730
vn 0.1891 -0.1661 -0.9678
vn 0.0377 -0.1318 -0.9906
vn 0.0516 -0.1352 -0.9895
vn 0.0516 -0.1352 0.9895
vn 0.0377 -0.1318 0.9906
vn 0.1654 -0.1610 0.9730
vn 0.1891 -0.1661 0.9678
vn 0.3397 -0.1949 0.9201
vn 0.3577 -0.1980 0.9126
vn 0.5045 -0.2196 0.8350
vn 0.5163 -0.2211 0.8274
vn 0.6549 -0.2346 0.7184
vn 0.6607 -0.2350 0.7129
vn 0.7850 -0.2395 0.5714
vn 0.7858 -0.2395 0.5703
vn 0.8877 -0.2337 0.3967
vn 0.8853 -0.2340 0.4020
vn 0.9554 -0.2172 0.1999
vn 0.9524 -0.2185 0.2126
vn 0.9789 -0.1985 0.0477
vn 0.9782 -0.1998 0.0569
vn -0.0377 -0.1318 0.9906
vn -0.0516 -0.1352 0.9895
vn -0.1891 -0.1661 0.9678
vn -0.1654 -0.1610 0.9730
vn -0.3577 -0.1980 0.9126
vn -0.3397 -0.1949 0.9201
vn -0.5163 -0.2211 0.8274
vn -0.5045 -0.2196 0.8350
vn -0.6607 -0.2350 0.7129
vn -0.6549 -0.2346 0.7184
vn -0.7858 -0.2395 0.5703
vn -0.7850 -0.2395 0.5714
vn -0.8853 -0.2340 0.4020
vn -0.8877 -0.2337 0.3967
vn -0.9524 -0.2185 0.2126
vn -0.9554 -0.2172 0.1999
vn -0.9782 -0.1998 0.0569
vn -0.9789 -0.1985 0.0477
vn -0.0000 -1.0000 -0.0000
vn -0.9988 0.0022 0.0490
vn -0.9986 0.0024 0.0523
vn 0.0476 -0.6948 0.7177
vn 0.0197 -0.6784 0.7344
vn -0.0480 -0.0003 0.9988
vn -0.0472 -0.0003 0.9989
vt 0.427535 0.132220
vt 0.428015 0.128739
vt 0.433511 0.129280
vt 0.433047 0.132791
vt 0.436991 0.139829
vt 0.432335 0.139991
vt 0.433881 0.750300
vt 0.396545 0.001578
vt 0.397628 0.009304
vt 0.399355 0.012326
vt 0.400897 0.015701
vt 0.402149 0.019309
vt 0.432558 0.121885
vt 0.433355 0.125594
vt 0.427897 0.125085
vt 0.427162 0.121404
vt 0.399402 0.021662
vt 0.398228 0.018082
vt 0.396767 0.014737
vt 0.395106 0.011748
vt 0.432446 0.757517
vt 0.427850 0.747651
vt 0.430513 0.743882
vt 0.432008 0.739792
vt 0.432455 0.735518
vt 0.432530 0.534985
vt 0.432113 0.530409
vt 0.430717 0.525334
vt 0.428235 0.519841
vt 0.432538 0.512986
vt 0.429859 0.505881
vt 0.431390 0.502737
vt 0.432365 0.499434
vt 0.432706 0.496098
vt 0.433610 0.405474
vt 0.433335 0.402152
vt 0.432428 0.398894
vt 0.430961 0.395822
vt 0.433778 0.388586
vt 0.429438 0.381617
vt 0.431890 0.376015
vt 0.433257 0.370864
vt 0.433648 0.366222
vt 0.432465 0.162356
vt 0.432005 0.157725
vt 0.430526 0.152613
vt 0.427914 0.147083
vt 0.433730 0.147773
vt 0.436322 0.153416
vt 0.437775 0.158607
vt 0.438222 0.163305
vt 0.439221 0.365099
vt 0.438837 0.369808
vt 0.437490 0.375036
vt 0.435055 0.380748
vt 0.438354 0.388541
vt 0.436443 0.394971
vt 0.437945 0.398048
vt 0.438882 0.401301
vt 0.439167 0.404611
vt 0.438256 0.496733
vt 0.437904 0.500059
vt 0.436901 0.503361
vt 0.435333 0.506515
vt 0.437117 0.512914
vt 0.433861 0.520675
vt 0.436329 0.526308
vt 0.437708 0.531511
vt 0.438122 0.536216
vt 0.438409 0.737756
vt 0.437981 0.742163
vt 0.436518 0.746389
vt 0.294956 0.360471
vt 0.314067 0.363279
vt 0.314001 0.367309
vt 0.295146 0.364594
vt 0.313928 0.371183
vt 0.295905 0.368449
vt 0.295486 0.021840
vt 0.289835 0.019726
vt 0.293107 0.016544
vt 0.296816 0.017249
vt 0.296203 0.018615
vt 0.300679 0.140625
vt 0.317095 0.137448
vt 0.317311 0.145581
vt 0.298439 0.147006
vt 0.299214 0.136241
vt 0.317069 0.134282
vt 0.295371 0.392187
vt 0.313454 0.394828
vt 0.313396 0.398140
vt 0.294360 0.396181
vt 0.225815 0.367927
vt 0.212878 0.366278
vt 0.213697 0.362046
vt 0.225022 0.364236
vt 0.233169 0.154757
vt 0.221482 0.156353
vt 0.219925 0.151243
vt 0.227857 0.150391
vt 0.235552 0.150683
vt 0.223321 0.523087
vt 0.213820 0.520304
vt 0.213978 0.516646
vt 0.229760 0.522850
vt 0.214384 0.507242
vt 0.221994 0.509238
vt 0.252388 0.011084
vt 0.234557 0.010350
vt 0.235137 0.004303
vt 0.243786 0.002813
vt 0.249809 0.003240
vt 0.249457 0.013970
vt 0.236342 0.013609
vt 0.310950 0.497065
vt 0.290431 0.494723
vt 0.293939 0.399897
vt 0.313319 0.401585
vt 0.288035 0.125299
vt 0.287165 0.026733
vt 0.295007 0.028998
vt 0.297890 0.128126
vt 0.232337 0.158919
vt 0.221866 0.160753
vt 0.205917 0.521310
vt 0.219540 0.525127
vt 0.207458 0.526450
vt 0.218875 0.371378
vt 0.228798 0.370445
vt 0.234109 0.371547
vt 0.218728 0.374996
vt 0.226730 0.383941
vt 0.218350 0.384298
vt 0.203184 0.502254
vt 0.229948 0.506899
vt 0.202697 0.507862
vt 0.206535 0.499494
vt 0.224244 0.500432
vt 0.247495 0.017157
vt 0.237243 0.017083
vt 0.246581 0.020533
vt 0.237235 0.020641
vt 0.226297 0.533786
vt 0.218273 0.528699
vt 0.228314 0.530632
vt 0.234333 0.529811
vt 0.244461 0.531598
vt 0.227371 0.512705
vt 0.244481 0.515522
vt 0.235244 0.506655
vt 0.220850 0.495326
vt 0.229660 0.500027
vt 0.219840 0.491589
vt 0.227898 0.495643
vt 0.231999 0.360262
vt 0.233448 0.363650
vt 0.238370 0.365272
vt 0.246881 0.364882
vt 0.231430 0.381257
vt 0.246245 0.380923
vt 0.233305 0.387410
vt 0.237869 0.388420
vt 0.228032 0.393023
vt 0.232687 0.394211
vt 0.224764 0.397610
vt 0.230903 0.398319
vt 0.223609 0.401179
vt 0.231698 0.531235
vt 0.232703 0.526980
vt 0.235363 0.522708
vt 0.239663 0.518567
vt 0.239627 0.510500
vt 0.240841 0.504096
vt 0.236507 0.500453
vt 0.233894 0.496924
vt 0.233075 0.493606
vt 0.236022 0.363036
vt 0.236476 0.367328
vt 0.238106 0.371734
vt 0.240876 0.376074
vt 0.240222 0.383974
vt 0.241052 0.390432
vt 0.237818 0.393873
vt 0.235774 0.397278
vt 0.235037 0.400555
vt 0.240314 0.532252
vt 0.241341 0.527969
vt 0.243913 0.523687
vt 0.247969 0.519557
vt 0.244411 0.510941
vt 0.249587 0.504776
vt 0.245201 0.501085
vt 0.242521 0.497485
vt 0.241627 0.494090
vt 0.242472 0.362767
vt 0.242885 0.367063
vt 0.244450 0.371555
vt 0.247112 0.376076
vt 0.243957 0.384557
vt 0.247793 0.390880
vt 0.244428 0.393973
vt 0.242338 0.397206
vt 0.241627 0.400475
vt 0.246416 0.532764
vt 0.246940 0.528536
vt 0.248023 0.524414
vt 0.249630 0.520551
vt 0.249820 0.511367
vt 0.251201 0.504482
vt 0.249189 0.501277
vt 0.247934 0.497967
vt 0.247493 0.494671
vt 0.247471 0.363804
vt 0.247608 0.368066
vt 0.248343 0.372305
vt 0.249654 0.376378
vt 0.250487 0.384531
vt 0.250636 0.392654
vt 0.248497 0.395551
vt 0.247194 0.398670
vt 0.246773 0.401903
vt 0.250760 0.533010
vt 0.251147 0.528854
vt 0.251851 0.524945
vt 0.252839 0.521437
vt 0.253927 0.513098
vt 0.254306 0.505138
vt 0.253112 0.501586
vt 0.252388 0.498052
vt 0.252178 0.494645
vt 0.254741 0.362354
vt 0.254857 0.366535
vt 0.255452 0.370567
vt 0.256503 0.374297
vt 0.256761 0.383833
vt 0.257253 0.390810
vt 0.255390 0.393986
vt 0.254232 0.397289
vt 0.253807 0.400618
vt 0.255157 0.536121
vt 0.255651 0.531948
vt 0.256761 0.527901
vt 0.258454 0.524123
vt 0.258611 0.514942
vt 0.260022 0.508553
vt 0.258081 0.504707
vt 0.256893 0.500965
vt 0.256545 0.497425
vt 0.260312 0.362318
vt 0.260676 0.366537
vt 0.262080 0.370616
vt 0.264511 0.374408
vt 0.264313 0.382935
vt 0.265364 0.390282
vt 0.261968 0.394050
vt 0.259868 0.397745
vt 0.259110 0.401267
vt 0.259808 0.536501
vt 0.260311 0.532234
vt 0.261445 0.527947
vt 0.263190 0.523789
vt 0.260776 0.515072
vt 0.264899 0.507842
vt 0.263089 0.504339
vt 0.262028 0.500760
vt 0.261797 0.497210
vt 0.268684 0.360390
vt 0.269180 0.364612
vt 0.270829 0.368649
vt 0.273627 0.372357
vt 0.268371 0.382107
vt 0.274266 0.388213
vt 0.270579 0.392332
vt 0.268253 0.396291
vt 0.267350 0.399969
vt 0.263770 0.534046
vt 0.264581 0.529706
vt 0.266681 0.525283
vt 0.270059 0.520926
vt 0.269478 0.511997
vt 0.272756 0.504536
vt 0.268785 0.501650
vt 0.266461 0.498477
vt 0.265845 0.495133
vt 0.273639 0.362067
vt 0.273987 0.366356
vt 0.275221 0.370611
vt 0.277328 0.374697
vt 0.276455 0.383770
vt 0.278112 0.390986
vt 0.274971 0.394224
vt 0.272918 0.397614
vt 0.272072 0.401031
vt 0.271070 0.533604
vt 0.271995 0.529283
vt 0.274332 0.524986
vt 0.278036 0.520859
vt 0.274838 0.512542
vt 0.281245 0.504609
vt 0.276608 0.501326
vt 0.273840 0.497910
vt 0.273027 0.494480
vt 0.278723 0.361766
vt 0.279175 0.366137
vt 0.280692 0.370513
vt 0.283234 0.374746
vt 0.280921 0.384144
vt 0.284791 0.391336
vt 0.280909 0.394398
vt 0.278431 0.397678
vt 0.277480 0.401060
vt 0.276842 0.535219
vt 0.278022 0.530897
vt 0.281171 0.526552
vt 0.286285 0.522313
vt 0.281748 0.513543
vt 0.288084 0.507222
vt 0.282880 0.503364
vt 0.279766 0.499586
vt 0.278842 0.496015
vt 0.284457 0.362543
vt 0.285058 0.367076
vt 0.287041 0.371953
vt 0.290385 0.377055
vt 0.286497 0.384997
vt 0.291049 0.392748
vt 0.286912 0.395564
vt 0.284266 0.398700
vt 0.283259 0.402054
vt 0.292949 0.161033
vt 0.298413 0.164268
vt 0.298090 0.168372
vt 0.287820 0.165666
vt 0.288549 0.161213
vt 0.284563 0.530811
vt 0.287764 0.525798
vt 0.292808 0.520485
vt 0.287868 0.513085
vt 0.293530 0.506408
vt 0.291154 0.132583
vt 0.299812 0.138594
vt 0.294914 0.136100
vt 0.277149 0.738851
vt 0.296043 0.740759
vt 0.295486 0.749815
vt 0.274716 0.748303
vt 0.289553 0.367414
vt 0.292078 0.371749
vt 0.296228 0.375854
vt 0.292299 0.383123
vt 0.296088 0.389994
vt 0.423652 0.402161
vt 0.423530 0.405354
vt 0.288832 0.128940
vt 0.298270 0.132024
vt 0.212323 0.399402
vt 0.211741 0.396013
vt 0.209652 0.392475
vt 0.206059 0.388895
vt 0.421529 0.741861
vt 0.426973 0.744937
vt 0.421692 0.745833
vt 0.228382 0.137471
vt 0.234782 0.138009
vt 0.239530 0.146886
vt 0.228004 0.146773
vt 0.421486 0.737731
vt 0.415580 0.738694
vt 0.416858 0.534702
vt 0.422353 0.533787
vt 0.210156 0.739877
vt 0.197927 0.739648
vt 0.198390 0.735597
vt 0.209461 0.735642
vt 0.235100 0.120332
vt 0.239845 0.120894
vt 0.240584 0.124510
vt 0.235378 0.123865
vt 0.243597 0.128424
vt 0.237079 0.127535
vt 0.248811 0.132506
vt 0.240184 0.131219
vt 0.238015 0.138392
vt 0.248626 0.147207
vt 0.242421 0.151086
vt 0.238697 0.155216
vt 0.237446 0.159387
vt 0.244532 0.121162
vt 0.245007 0.125196
vt 0.247153 0.130423
vt 0.250940 0.136723
vt 0.249328 0.143096
vt 0.249505 0.151300
vt 0.245504 0.153168
vt 0.243052 0.156084
vt 0.242166 0.159888
vt 0.252375 0.126136
vt 0.252927 0.130053
vt 0.255060 0.134583
vt 0.258729 0.139583
vt 0.253430 0.143248
vt 0.257100 0.154956
vt 0.253491 0.157938
vt 0.251233 0.161509
vt 0.250373 0.165506
vt 0.256942 0.123999
vt 0.257123 0.127438
vt 0.258044 0.130622
vt 0.259680 0.133422
vt 0.258745 0.142161
vt 0.257927 0.150407
vt 0.256515 0.154744
vt 0.255580 0.159143
vt 0.255155 0.163460
vt 0.262203 0.124431
vt 0.262381 0.127972
vt 0.263256 0.131455
vt 0.264809 0.134751
vt 0.264501 0.142422
vt 0.263083 0.151732
vt 0.261861 0.155530
vt 0.261057 0.159605
vt 0.260700 0.163801
vt 0.268333 0.124455
vt 0.268671 0.128014
vt 0.269869 0.131536
vt 0.271886 0.134891
vt 0.269992 0.142256
vt 0.270450 0.151073
vt 0.268718 0.155355
vt 0.267581 0.159728
vt 0.267097 0.164043
vt 0.272425 0.124044
vt 0.272651 0.127608
vt 0.273552 0.131129
vt 0.275083 0.134477
vt 0.271838 0.142082
vt 0.274249 0.150531
vt 0.272800 0.154960
vt 0.271877 0.159433
vt 0.271524 0.163799
vt 0.278129 0.125447
vt 0.278655 0.128924
vt 0.280325 0.132094
vt 0.283082 0.134826
vt 0.281087 0.142886
vt 0.281597 0.151786
vt 0.279373 0.156414
vt 0.277998 0.160995
vt 0.277489 0.165391
vt 0.283001 0.124294
vt 0.283691 0.127816
vt 0.285800 0.131165
vt 0.289264 0.134213
vt 0.285298 0.142965
vt 0.287307 0.151094
vt 0.284703 0.155534
vt 0.283077 0.160026
vt 0.282478 0.164432
vt 0.290549 0.143317
vt 0.293990 0.151831
vt 0.290615 0.156567
vt 0.276007 0.731058
vt 0.296551 0.733418
vt 0.296292 0.737239
vt 0.276351 0.735097
vt 0.296919 0.388057
vt 0.296194 0.145553
vt 0.299785 0.153003
vt 0.295573 0.156854
vt 0.210646 0.370858
vt 0.204172 0.743719
vt 0.212848 0.744106
vt 0.217618 0.748132
vt 0.204014 0.747377
vt 0.210736 0.756799
vt 0.203608 0.756781
vt 0.216816 0.137788
vt 0.217954 0.131774
vt 0.208589 0.496445
vt 0.216021 0.735485
vt 0.217261 0.739740
vt 0.221677 0.744088
vt 0.229305 0.748303
vt 0.214947 0.756566
vt 0.252109 0.003588
vt 0.258869 0.011793
vt 0.254398 0.014596
vt 0.251491 0.017728
vt 0.250280 0.021086
vt 0.221822 0.735437
vt 0.222173 0.739633
vt 0.223645 0.743721
vt 0.226199 0.747557
vt 0.225377 0.755665
vt 0.259177 0.004632
vt 0.259221 0.011936
vt 0.256839 0.014776
vt 0.255191 0.017874
vt 0.254397 0.021196
vt 0.228042 0.733761
vt 0.228425 0.737995
vt 0.230070 0.742131
vt 0.232912 0.746018
vt 0.230116 0.754979
vt 0.261547 0.005251
vt 0.263647 0.013363
vt 0.261221 0.016347
vt 0.259604 0.019640
vt 0.258895 0.023146
vt 0.235202 0.733052
vt 0.235301 0.737267
vt 0.236077 0.741353
vt 0.237513 0.745157
vt 0.236678 0.754287
vt 0.265638 0.005987
vt 0.265423 0.013698
vt 0.263858 0.016760
vt 0.262808 0.020106
vt 0.262324 0.023600
vt 0.240311 0.732494
vt 0.240312 0.736702
vt 0.240761 0.740764
vt 0.241646 0.744523
vt 0.242367 0.753712
vt 0.269674 0.006512
vt 0.269708 0.014328
vt 0.268348 0.017398
vt 0.267430 0.020742
vt 0.267003 0.024235
vt 0.246658 0.732068
vt 0.246812 0.736242
vt 0.247635 0.740284
vt 0.249102 0.744041
vt 0.248059 0.752602
vt 0.274088 0.007324
vt 0.274859 0.014828
vt 0.272859 0.017907
vt 0.271584 0.021259
vt 0.271088 0.024762
vt 0.251037 0.730486
vt 0.251133 0.734673
vt 0.251813 0.738719
vt 0.253065 0.742477
vt 0.250068 0.751915
vt 0.276211 0.007805
vt 0.279372 0.015909
vt 0.277388 0.018983
vt 0.276123 0.022336
vt 0.275624 0.025844
vt 0.255318 0.730268
vt 0.255605 0.734498
vt 0.256844 0.738585
vt 0.259010 0.742386
vt 0.257808 0.751494
vt 0.282172 0.008029
vt 0.283747 0.015764
vt 0.281344 0.018964
vt 0.279838 0.022422
vt 0.279303 0.025996
vt 0.260914 0.729415
vt 0.261249 0.733685
vt 0.262690 0.737820
vt 0.265187 0.741668
vt 0.262219 0.751177
vt 0.285172 0.008291
vt 0.288653 0.016203
vt 0.285890 0.019360
vt 0.284165 0.022776
vt 0.283565 0.026319
vt 0.266317 0.729348
vt 0.266842 0.733610
vt 0.268912 0.737756
vt 0.272494 0.741639
vt 0.267915 0.750538
vt 0.289309 0.008764
vt 0.287821 0.023163
vt 0.288394 0.534212
vt 0.288878 0.529919
vt 0.271997 0.732595
vt 0.274118 0.736752
vt 0.277715 0.740675
vt 0.273007 0.748970
vt 0.293207 0.009714
vt 0.292238 0.504754
vt 0.291165 0.501615
vt 0.290547 0.498236
vt 0.297269 0.371865
vt 0.294607 0.381837
vt 0.289827 0.525532
vt 0.291264 0.521178
vt 0.289763 0.512783
vt 0.294458 0.010118
vt 0.300754 0.157160
vt 0.299290 0.160472
vt 0.000983 0.352375
vt 0.009944 0.149730
vt 0.010568 0.145413
vt 0.012031 0.141297
vt 0.014278 0.137540
vt 0.017354 0.134160
vt 0.020746 0.131663
vt 0.024718 0.129769
vt 0.028986 0.128677
vt 0.033387 0.128430
vt 0.143222 0.130999
vt 0.146546 0.132239
vt 0.150082 0.133934
vt 0.153318 0.136279
vt 0.156411 0.139460
vt 0.158618 0.143471
vt 0.160569 0.147425
vt 0.161691 0.151669
vt 0.161941 0.156038
vt 0.152908 0.359254
vt 0.152272 0.363583
vt 0.150779 0.367710
vt 0.148486 0.371476
vt 0.145934 0.375288
vt 0.142442 0.378137
vt 0.138954 0.380174
vt 0.135208 0.381532
vt 0.131643 0.382426
vt 0.022447 0.375624
vt 0.018087 0.374996
vt 0.013932 0.373539
vt 0.010143 0.371307
vt 0.006984 0.368526
vt 0.004221 0.364892
vt 0.002316 0.360956
vt 0.001222 0.356730
vt 0.199195 0.020336
vt 0.196026 0.020170
vt 0.196759 0.016245
vt 0.199839 0.016458
vt 0.196715 0.012293
vt 0.199643 0.012540
vt 0.195923 0.008451
vt 0.198649 0.008727
vt 0.201763 0.000478
vt 0.203268 0.000710
vt 0.138005 0.750256
vt 0.135239 0.749930
vt 0.129558 0.739870
vt 0.132537 0.740536
vt 0.133261 0.736296
vt 0.137492 0.737001
vt 0.135646 0.732325
vt 0.140627 0.733068
vt 0.136631 0.728109
vt 0.141848 0.728885
vt 0.150895 0.488733
vt 0.155235 0.488975
vt 0.154577 0.492568
vt 0.150301 0.492386
vt 0.152693 0.496078
vt 0.148610 0.495965
vt 0.149655 0.499383
vt 0.145886 0.499350
vt 0.152980 0.507299
vt 0.150718 0.507317
vt 0.148643 0.516316
vt 0.144899 0.516672
vt 0.151607 0.520392
vt 0.147502 0.520632
vt 0.153349 0.524659
vt 0.149000 0.524842
vt 0.153774 0.528954
vt 0.149326 0.529138
vt 0.202478 0.020543
vt 0.203039 0.016684
vt 0.202728 0.012805
vt 0.201600 0.009049
vt 0.206761 0.001110
vt 0.146279 0.751074
vt 0.143080 0.741405
vt 0.146523 0.737825
vt 0.148720 0.733874
vt 0.149594 0.729698
vt 0.159904 0.489319
vt 0.159320 0.492989
vt 0.157673 0.496785
vt 0.155041 0.500576
vt 0.158384 0.507423
vt 0.154476 0.516231
vt 0.156938 0.520429
vt 0.158386 0.524761
vt 0.158750 0.529066
vt 0.207277 0.019791
vt 0.207724 0.016006
vt 0.207288 0.012246
vt 0.206036 0.008616
vt 0.209604 0.000922
vt 0.150639 0.752087
vt 0.147875 0.743259
vt 0.151097 0.739661
vt 0.153160 0.735710
vt 0.153987 0.731549
vt 0.164814 0.488999
vt 0.164099 0.492627
vt 0.162139 0.496419
vt 0.159015 0.500283
vt 0.161906 0.507230
vt 0.158408 0.515462
vt 0.161291 0.519740
vt 0.162984 0.524109
vt 0.163422 0.528410
vt 0.211432 0.018337
vt 0.211755 0.014726
vt 0.211173 0.011144
vt 0.209757 0.007672
vt 0.213135 0.000404
vt 0.155183 0.753530
vt 0.151512 0.744814
vt 0.156228 0.741276
vt 0.159208 0.737377
vt 0.160343 0.733263
vt 0.171099 0.489887
vt 0.170255 0.493268
vt 0.167862 0.496789
vt 0.163998 0.500403
vt 0.166612 0.506858
vt 0.163227 0.515524
vt 0.166957 0.519541
vt 0.169183 0.523732
vt 0.169808 0.527944
vt 0.215277 0.018317
vt 0.215767 0.014750
vt 0.215719 0.011233
vt 0.215141 0.007896
vt 0.217203 0.000110
vt 0.163698 0.754894
vt 0.163165 0.745705
vt 0.166423 0.742153
vt 0.168457 0.738241
vt 0.169224 0.734127
vt 0.177087 0.489345
vt 0.176646 0.492613
vt 0.175359 0.495911
vt 0.173251 0.499134
vt 0.173718 0.506243
vt 0.172618 0.515424
vt 0.174704 0.518938
vt 0.175931 0.522826
vt 0.176249 0.526933
vt 0.218524 0.018701
vt 0.219480 0.015246
vt 0.220906 0.012033
vt 0.222757 0.009171
vt 0.224158 0.001512
vt 0.175477 0.755142
vt 0.176208 0.746198
vt 0.174828 0.742463
vt 0.174037 0.738444
vt 0.173866 0.734295
vt 0.181661 0.489448
vt 0.182051 0.492701
vt 0.183291 0.495991
vt 0.185372 0.499221
vt 0.185291 0.506321
vt 0.185180 0.515273
vt 0.182865 0.518894
vt 0.181404 0.522843
vt 0.180829 0.526969
vt 0.222938 0.020547
vt 0.224068 0.017087
vt 0.226006 0.013958
vt 0.228661 0.011227
vt 0.228314 0.004210
vt 0.185085 0.753273
vt 0.187539 0.745595
vt 0.182984 0.741852
vt 0.180288 0.737835
vt 0.179516 0.733676
vt 0.189096 0.489827
vt 0.189779 0.493280
vt 0.191719 0.496999
vt 0.194838 0.500923
vt 0.192298 0.506579
vt 0.194644 0.514212
vt 0.191353 0.518981
vt 0.189226 0.523623
vt 0.188376 0.527986
vt 0.225797 0.023997
vt 0.226772 0.020429
vt 0.228354 0.017171
vt 0.230486 0.014314
vt 0.229196 0.005195
vt 0.188247 0.752440
vt 0.196244 0.742822
vt 0.191999 0.739094
vt 0.189482 0.735061
vt 0.188731 0.730862
vt 0.193639 0.488973
vt 0.194098 0.492531
vt 0.195443 0.496288
vt 0.197642 0.500159
vt 0.193765 0.506529
vt 0.197560 0.513897
vt 0.195278 0.518870
vt 0.193830 0.523659
vt 0.193280 0.528106
vt 0.229333 0.023899
vt 0.229234 0.020285
vt 0.227844 0.016733
vt 0.225219 0.013380
vt 0.232066 0.005567
vt 0.192849 0.752564
vt 0.189388 0.742521
vt 0.191484 0.739004
vt 0.192820 0.735110
vt 0.193332 0.730959
vt 0.198697 0.489121
vt 0.197711 0.492431
vt 0.194852 0.495518
vt 0.190202 0.498275
vt 0.198352 0.506361
vt 0.190783 0.510827
vt 0.194787 0.517429
vt 0.197162 0.523199
vt 0.197869 0.527967
vt 0.166255 0.156025
vt 0.165784 0.151571
vt 0.164006 0.146985
vt 0.160989 0.142427
vt 0.165171 0.133851
vt 0.164129 0.124861
vt 0.168133 0.121749
vt 0.171014 0.118262
vt 0.172697 0.114529
vt 0.171069 0.156921
vt 0.170540 0.152413
vt 0.168588 0.147553
vt 0.165284 0.142486
vt 0.170661 0.134743
vt 0.168063 0.126127
vt 0.172425 0.122961
vt 0.175496 0.119447
vt 0.177198 0.115712
vt 0.178075 0.157750
vt 0.177489 0.153546
vt 0.175341 0.149372
vt 0.171706 0.145381
vt 0.175327 0.135746
vt 0.174170 0.129973
vt 0.178847 0.125550
vt 0.182060 0.121303
vt 0.183739 0.117356
vt 0.184878 0.155064
vt 0.184315 0.150947
vt 0.182203 0.147170
vt 0.178613 0.143911
vt 0.181480 0.135513
vt 0.180919 0.128325
vt 0.185426 0.123515
vt 0.188485 0.119118
vt 0.190036 0.115238
vt 0.189676 0.155157
vt 0.189537 0.150954
vt 0.188686 0.146809
vt 0.187144 0.142874
vt 0.188256 0.133711
vt 0.189454 0.125848
vt 0.191794 0.122704
vt 0.193526 0.119306
vt 0.194609 0.115777
vt 0.194165 0.155464
vt 0.194662 0.151395
vt 0.195727 0.147657
vt 0.197328 0.144404
vt 0.197405 0.135498
vt 0.199231 0.127664
vt 0.198549 0.123723
vt 0.198436 0.119853
vt 0.198883 0.116180
vt 0.199289 0.157629
vt 0.200080 0.153509
vt 0.202006 0.149561
vt 0.204995 0.145924
vt 0.203544 0.137844
vt 0.206584 0.132355
vt 0.204649 0.126904
vt 0.203761 0.122109
vt 0.203937 0.118093
vt 0.204026 0.159896
vt 0.204684 0.155691
vt 0.206252 0.151559
vt 0.208688 0.147648
vt 0.205098 0.138530
vt 0.210245 0.133824
vt 0.208807 0.128520
vt 0.208228 0.123780
vt 0.208496 0.119728
vt 0.211572 0.157821
vt 0.210952 0.153030
vt 0.208658 0.147210
vt 0.204758 0.140510
vt 0.212608 0.136102
vt 0.205810 0.127497
vt 0.210743 0.124582
vt 0.213939 0.121297
vt 0.215341 0.117770
vt 0.156054 0.400142
vt 0.155463 0.396514
vt 0.153650 0.392904
vt 0.150683 0.389437
vt 0.154157 0.381693
vt 0.150898 0.372255
vt 0.154226 0.368297
vt 0.156355 0.364080
vt 0.157203 0.359751
vt 0.160732 0.400029
vt 0.160129 0.396536
vt 0.158269 0.393270
vt 0.155210 0.390344
vt 0.159546 0.381859
vt 0.155395 0.374415
vt 0.158822 0.369366
vt 0.161016 0.364519
vt 0.161888 0.360017
vt 0.166818 0.397697
vt 0.166215 0.393963
vt 0.164271 0.389849
vt 0.161050 0.385455
vt 0.163825 0.380889
vt 0.161430 0.370410
vt 0.165028 0.366691
vt 0.167333 0.362683
vt 0.168250 0.358534
vt 0.172744 0.401046
vt 0.172105 0.397344
vt 0.170099 0.392852
vt 0.166812 0.387643
vt 0.169223 0.381296
vt 0.167263 0.372504
vt 0.170899 0.370012
vt 0.173230 0.366704
vt 0.174164 0.362745
vt 0.177730 0.401009
vt 0.177404 0.397776
vt 0.176386 0.394582
vt 0.174717 0.391530
vt 0.175328 0.384416
vt 0.175157 0.375174
vt 0.177100 0.371477
vt 0.178376 0.367477
vt 0.178947 0.363323
vt 0.182313 0.401110
vt 0.182640 0.397825
vt 0.183566 0.394441
vt 0.185051 0.391056
vt 0.184746 0.383885
vt 0.185582 0.375005
vt 0.184298 0.371515
vt 0.183606 0.367631
vt 0.183522 0.363515
vt 0.188040 0.400229
vt 0.188616 0.396633
vt 0.190399 0.392484
vt 0.193322 0.387854
vt 0.191225 0.382472
vt 0.193513 0.374687
vt 0.190849 0.370614
vt 0.189297 0.366397
vt 0.188916 0.362187
vt 0.193003 0.399586
vt 0.193450 0.395885
vt 0.194874 0.391693
vt 0.197250 0.387101
vt 0.192878 0.382030
vt 0.197448 0.373533
vt 0.195367 0.369278
vt 0.194192 0.364938
vt 0.193950 0.360664
vt 0.200460 0.400838
vt 0.199514 0.397300
vt 0.196470 0.393516
vt 0.191392 0.389611
vt 0.200804 0.383597
vt 0.192364 0.376909
vt 0.197474 0.371470
vt 0.200658 0.366417
vt 0.201840 0.361878
vt 0.207012 0.375697
vt 0.205830 0.383203
vt 0.209312 0.493210
vt 0.203164 0.515617
vt 0.207810 0.530913
vt 0.196903 0.743491
vt 0.195358 0.747010
vt 0.224904 0.122042
vt 0.223882 0.125540
vt 0.221565 0.128828
vt 0.217212 0.145516
vt 0.276085 0.726874
vt 0.296810 0.729444
vt 0.317123 0.158331
vt 0.317080 0.162206
vt 0.309889 0.523769
vt 0.310488 0.514715
vt 0.314506 0.009945
vt 0.314625 0.018079
vt 0.310634 0.506873
vt 0.310750 0.503821
vt 0.317022 0.130847
vt 0.317025 0.166235
vt 0.309213 0.535089
vt 0.318892 0.363713
vt 0.318820 0.367723
vt 0.318724 0.371579
vt 0.318608 0.375132
vt 0.313849 0.374753
vt 0.318405 0.384258
vt 0.313732 0.383933
vt 0.318215 0.392042
vt 0.313490 0.391773
vt 0.318243 0.395084
vt 0.318225 0.398379
vt 0.318163 0.401801
vt 0.323566 0.364207
vt 0.323487 0.368203
vt 0.323370 0.372045
vt 0.323218 0.375585
vt 0.322922 0.384659
vt 0.322794 0.392374
vt 0.322883 0.395401
vt 0.322905 0.398674
vt 0.322857 0.402068
vt 0.328068 0.364750
vt 0.327978 0.368739
vt 0.327826 0.372585
vt 0.327617 0.376140
vt 0.327284 0.385121
vt 0.327141 0.392819
vt 0.327325 0.395792
vt 0.327406 0.399018
vt 0.327380 0.402374
vt 0.333825 0.364094
vt 0.333727 0.368018
vt 0.333545 0.371790
vt 0.333284 0.375265
vt 0.332705 0.384356
vt 0.332742 0.391857
vt 0.333013 0.394921
vt 0.333149 0.398217
vt 0.333142 0.401621
vt 0.338827 0.365986
vt 0.338721 0.369955
vt 0.338513 0.373773
vt 0.338210 0.377295
vt 0.337632 0.385933
vt 0.337845 0.393503
vt 0.338273 0.396405
vt 0.338548 0.399521
vt 0.338655 0.402735
vt 0.314731 0.021245
vt 0.423573 0.367633
vt 0.423653 0.371810
vt 0.369676 0.367834
vt 0.369576 0.371813
vt 0.369287 0.375645
vt 0.368817 0.379183
vt 0.367484 0.387734
vt 0.368321 0.395122
vt 0.369051 0.397891
vt 0.369498 0.400869
vt 0.369647 0.403946
vt 0.377028 0.366783
vt 0.376958 0.370636
vt 0.376738 0.374329
vt 0.376375 0.377720
vt 0.375476 0.386919
vt 0.375951 0.393710
vt 0.376513 0.396653
vt 0.376849 0.399801
vt 0.376947 0.403033
vt 0.385279 0.370668
vt 0.385238 0.374664
vt 0.385090 0.378496
vt 0.384840 0.382018
vt 0.383958 0.390398
vt 0.384538 0.397848
vt 0.384932 0.400550
vt 0.385166 0.403450
vt 0.385229 0.406440
vt 0.392148 0.366952
vt 0.392137 0.370813
vt 0.392080 0.374548
vt 0.391981 0.378013
vt 0.391486 0.387167
vt 0.391823 0.394106
vt 0.391973 0.396869
vt 0.392053 0.399903
vt 0.392060 0.403088
vt 0.397076 0.368172
vt 0.397091 0.372082
vt 0.397106 0.375841
vt 0.397119 0.379306
vt 0.397154 0.388209
vt 0.397088 0.395325
vt 0.397063 0.398094
vt 0.397035 0.401097
vt 0.397007 0.404221
vt 0.402245 0.369283
vt 0.402278 0.373261
vt 0.402342 0.377082
vt 0.402432 0.380601
vt 0.402781 0.389540
vt 0.402488 0.396609
vt 0.402344 0.399337
vt 0.402243 0.402286
vt 0.402189 0.405346
vt 0.407420 0.367753
vt 0.407466 0.371715
vt 0.407565 0.375529
vt 0.407713 0.379050
vt 0.408178 0.388214
vt 0.407831 0.395234
vt 0.407592 0.398029
vt 0.407432 0.401062
vt 0.407358 0.404216
vt 0.412983 0.368655
vt 0.413041 0.372708
vt 0.413170 0.376605
vt 0.413366 0.380199
vt 0.413880 0.389162
vt 0.413538 0.396447
vt 0.413229 0.399229
vt 0.413025 0.402233
vt 0.412936 0.405344
vt 0.418143 0.366914
vt 0.418211 0.370973
vt 0.418371 0.374885
vt 0.418618 0.378500
vt 0.419294 0.387955
vt 0.418842 0.394996
vt 0.418448 0.397869
vt 0.418193 0.400976
vt 0.418085 0.404199
vt 0.423841 0.375834
vt 0.424131 0.379548
vt 0.424786 0.388632
vt 0.424407 0.396198
vt 0.423948 0.399070
vt 0.422425 0.157343
vt 0.422393 0.161523
vt 0.325897 0.733717
vt 0.316698 0.732838
vt 0.310628 0.731665
vt 0.323457 0.534494
vt 0.329192 0.535637
vt 0.338060 0.531319
vt 0.428683 0.373985
vt 0.429005 0.377741
vt 0.429832 0.387601
vt 0.429318 0.394743
vt 0.428802 0.397726
vt 0.393873 0.014803
vt 0.390631 0.018302
vt 0.389953 0.014891
vt 0.417585 0.122122
vt 0.418587 0.125639
vt 0.295074 0.025337
vt 0.310857 0.500509
vt 0.309461 0.531114
vt 0.314828 0.024679
vt 0.314910 0.028250
vt 0.316956 0.127275
vt 0.321744 0.127237
vt 0.321791 0.130793
vt 0.321794 0.134215
vt 0.321754 0.137372
vt 0.321911 0.145463
vt 0.321844 0.154592
vt 0.317152 0.154760
vt 0.321855 0.158148
vt 0.321837 0.162005
vt 0.321791 0.166016
vt 0.326387 0.127136
vt 0.326417 0.130674
vt 0.326379 0.134083
vt 0.326275 0.137232
vt 0.326363 0.145273
vt 0.326396 0.154354
vt 0.326445 0.157899
vt 0.326451 0.161744
vt 0.326414 0.165741
vt 0.330860 0.126985
vt 0.330866 0.130496
vt 0.330770 0.133867
vt 0.330574 0.136968
vt 0.330664 0.145023
vt 0.330741 0.154015
vt 0.330848 0.157578
vt 0.330890 0.161428
vt 0.330867 0.165418
vt 0.336331 0.128120
vt 0.336351 0.131657
vt 0.336235 0.135077
vt 0.335986 0.138251
vt 0.335956 0.146027
vt 0.336279 0.155137
vt 0.336440 0.158621
vt 0.336518 0.162400
vt 0.336508 0.166326
vt 0.341199 0.126590
vt 0.341225 0.130064
vt 0.341088 0.133423
vt 0.340789 0.136539
vt 0.340828 0.144695
vt 0.341167 0.153357
vt 0.341374 0.156892
vt 0.341479 0.160718
vt 0.341479 0.164689
vt 0.367592 0.123134
vt 0.367901 0.126461
vt 0.367933 0.129690
vt 0.367679 0.132698
vt 0.367918 0.141319
vt 0.369059 0.149171
vt 0.369478 0.152696
vt 0.369734 0.156520
vt 0.369820 0.160496
vt 0.373963 0.127124
vt 0.374376 0.130547
vt 0.374553 0.133835
vt 0.374482 0.136861
vt 0.375168 0.143697
vt 0.376009 0.153393
vt 0.376361 0.156854
vt 0.376582 0.160590
vt 0.376661 0.164458
vt 0.381317 0.122778
vt 0.381865 0.126096
vt 0.382229 0.129317
vt 0.382392 0.132320
vt 0.383206 0.140541
vt 0.384095 0.148873
vt 0.384362 0.152388
vt 0.384531 0.156216
vt 0.384597 0.160210
vt 0.387814 0.126697
vt 0.388490 0.130107
vt 0.389070 0.133357
vt 0.389528 0.136318
vt 0.390730 0.143773
vt 0.391286 0.152934
vt 0.391406 0.156399
vt 0.391486 0.160133
vt 0.391520 0.163995
vt 0.392437 0.125059
vt 0.393174 0.128456
vt 0.393883 0.131723
vt 0.394537 0.134734
vt 0.396217 0.142472
vt 0.396250 0.151375
vt 0.396263 0.154841
vt 0.396278 0.158600
vt 0.396293 0.162510
vt 0.397263 0.123388
vt 0.398054 0.126765
vt 0.398864 0.130017
vt 0.399661 0.133021
vt 0.401641 0.140804
vt 0.401372 0.149756
vt 0.401315 0.153278
vt 0.401287 0.157101
vt 0.401290 0.161080
vt 0.402285 0.124463
vt 0.403128 0.127898
vt 0.404026 0.131197
vt 0.404943 0.134233
vt 0.407033 0.141880
vt 0.406669 0.151073
vt 0.406555 0.154601
vt 0.406493 0.158420
vt 0.406484 0.162384
vt 0.407496 0.122770
vt 0.408389 0.126202
vt 0.409364 0.129508
vt 0.410385 0.132563
vt 0.412575 0.140573
vt 0.412147 0.149558
vt 0.411991 0.153162
vt 0.411904 0.157066
vt 0.411889 0.161121
vt 0.412524 0.123826
vt 0.413469 0.127333
vt 0.414527 0.130706
vt 0.415660 0.133815
vt 0.418000 0.141485
vt 0.417445 0.150983
vt 0.417239 0.154611
vt 0.417120 0.158531
vt 0.417094 0.162593
vt 0.419730 0.129031
vt 0.420972 0.132172
vt 0.423389 0.140471
vt 0.422813 0.149580
vt 0.422567 0.153310
vt 0.391477 0.021825
vt 0.427752 0.503863
vt 0.422899 0.502572
vt 0.422665 0.499483
vt 0.424573 0.130256
vt 0.425909 0.133472
vt 0.428493 0.141236
vt 0.427801 0.151151
vt 0.427519 0.154924
vt 0.422427 0.529652
vt 0.422609 0.525669
vt 0.427466 0.527506
vt 0.309689 0.527292
vt 0.301581 0.730070
vt 0.301314 0.734028
vt 0.301031 0.737831
vt 0.300743 0.741334
vt 0.300096 0.750340
vt 0.319306 0.009929
vt 0.319461 0.018022
vt 0.319626 0.021175
vt 0.319755 0.024594
vt 0.319845 0.028150
vt 0.306197 0.730817
vt 0.305921 0.734764
vt 0.305614 0.738555
vt 0.305288 0.742046
vt 0.304545 0.751002
vt 0.323951 0.009881
vt 0.324151 0.017922
vt 0.324372 0.021060
vt 0.324534 0.024463
vt 0.324631 0.027999
vt 0.310337 0.735603
vt 0.309989 0.739385
vt 0.309596 0.742864
vt 0.308826 0.751778
vt 0.328439 0.009812
vt 0.328676 0.017788
vt 0.328948 0.020912
vt 0.329140 0.024297
vt 0.329244 0.027812
vt 0.316385 0.736749
vt 0.315956 0.740501
vt 0.315424 0.743950
vt 0.314531 0.752750
vt 0.332732 0.009733
vt 0.333080 0.017741
vt 0.333432 0.020879
vt 0.333686 0.024276
vt 0.333831 0.027806
vt 0.325567 0.737699
vt 0.325069 0.741516
vt 0.324421 0.745019
vt 0.322958 0.753931
vt 0.336811 0.009587
vt 0.337252 0.017431
vt 0.337664 0.020514
vt 0.337963 0.023852
vt 0.338137 0.027319
vt 0.360866 0.738406
vt 0.360609 0.742386
vt 0.360152 0.746205
vt 0.359510 0.749715
vt 0.357864 0.758576
vt 0.351583 0.008494
vt 0.352829 0.015963
vt 0.353547 0.018885
vt 0.354177 0.022060
vt 0.354688 0.025370
vt 0.369399 0.739573
vt 0.369194 0.743475
vt 0.368820 0.747222
vt 0.368290 0.750671
vt 0.366929 0.759424
vt 0.355150 0.008035
vt 0.356560 0.015770
vt 0.357296 0.018787
vt 0.357970 0.022070
vt 0.358550 0.025491
vt 0.378670 0.739836
vt 0.378507 0.743806
vt 0.378223 0.747622
vt 0.377829 0.751137
vt 0.376591 0.760091
vt 0.358825 0.007484
vt 0.360473 0.014958
vt 0.361228 0.017864
vt 0.361958 0.021026
vt 0.362629 0.024324
vt 0.387161 0.740550
vt 0.387066 0.744450
vt 0.386919 0.748199
vt 0.386724 0.751653
vt 0.385906 0.760508
vt 0.362556 0.006900
vt 0.364357 0.014657
vt 0.365089 0.017683
vt 0.365838 0.020973
vt 0.366571 0.024397
vt 0.392649 0.740520
vt 0.392591 0.744453
vt 0.392535 0.748235
vt 0.392483 0.751720
vt 0.392349 0.760673
vt 0.366640 0.006233
vt 0.368320 0.013968
vt 0.368973 0.016978
vt 0.369683 0.020244
vt 0.370420 0.023641
vt 0.398338 0.740262
vt 0.398305 0.744235
vt 0.398307 0.748057
vt 0.398345 0.751578
vt 0.398570 0.760607
vt 0.370831 0.005632
vt 0.372405 0.013339
vt 0.372994 0.016343
vt 0.373675 0.019596
vt 0.374423 0.022972
vt 0.403978 0.740017
vt 0.403967 0.743989
vt 0.404016 0.747809
vt 0.404124 0.751330
vt 0.404492 0.760338
vt 0.374993 0.005097
vt 0.376611 0.012940
vt 0.377159 0.016014
vt 0.377828 0.019336
vt 0.378595 0.022779
vt 0.410010 0.739389
vt 0.410017 0.743419
vt 0.410102 0.747295
vt 0.410264 0.750867
vt 0.410697 0.759958
vt 0.379350 0.004594
vt 0.381028 0.012411
vt 0.381549 0.015487
vt 0.382216 0.018806
vt 0.383005 0.022243
vt 0.415606 0.742742
vt 0.415734 0.746634
vt 0.415959 0.750221
vt 0.416590 0.759342
vt 0.383589 0.004137
vt 0.385318 0.012118
vt 0.385815 0.015274
vt 0.386481 0.018676
vt 0.387294 0.022193
vt 0.421969 0.749491
vt 0.422593 0.758734
vt 0.387643 0.003737
vt 0.389465 0.011720
vt 0.427294 0.748634
vt 0.428125 0.757990
vt 0.391475 0.003351
vt 0.393380 0.011539
vt 0.422608 0.496291
vt 0.394229 0.003075
vt 0.427778 0.523774
vt 0.428579 0.513986
vt 0.428211 0.506841
vt 0.422894 0.521991
vt 0.423532 0.513000
vt 0.423301 0.505441
vt 0.416931 0.530649
vt 0.417096 0.526742
vt 0.417346 0.523131
vt 0.418034 0.513694
vt 0.417724 0.506650
vt 0.417389 0.503779
vt 0.417196 0.500673
vt 0.417153 0.497451
vt 0.411714 0.532946
vt 0.411784 0.528914
vt 0.411925 0.525036
vt 0.412130 0.521460
vt 0.412664 0.512539
vt 0.412466 0.505260
vt 0.412212 0.502479
vt 0.412069 0.499477
vt 0.412041 0.496366
vt 0.406098 0.534011
vt 0.406166 0.530036
vt 0.406287 0.526210
vt 0.406456 0.522678
vt 0.406972 0.513487
vt 0.406761 0.506468
vt 0.406577 0.503672
vt 0.406476 0.500639
vt 0.406462 0.497485
vt 0.400921 0.532343
vt 0.400985 0.528371
vt 0.401078 0.524555
vt 0.401196 0.521042
vt 0.401613 0.512119
vt 0.401455 0.505046
vt 0.401363 0.502318
vt 0.401318 0.499368
vt 0.401323 0.496308
vt 0.395714 0.533638
vt 0.395772 0.529705
vt 0.395828 0.525923
vt 0.395880 0.522437
vt 0.396012 0.513482
vt 0.396077 0.506366
vt 0.396102 0.503597
vt 0.396130 0.500594
vt 0.396158 0.497470
vt 0.390702 0.535002
vt 0.390746 0.531091
vt 0.390744 0.527307
vt 0.390696 0.523797
vt 0.390350 0.514533
vt 0.390800 0.507595
vt 0.390997 0.504833
vt 0.391130 0.501799
vt 0.391195 0.498614
vt 0.383920 0.530866
vt 0.383965 0.526898
vt 0.383901 0.523090
vt 0.383731 0.519589
vt 0.383045 0.511237
vt 0.383736 0.503815
vt 0.384166 0.501122
vt 0.384440 0.498227
vt 0.384548 0.495239
vt 0.375557 0.534870
vt 0.375601 0.530954
vt 0.375497 0.527167
vt 0.375252 0.523652
vt 0.374741 0.513867
vt 0.375203 0.507468
vt 0.375775 0.504658
vt 0.376137 0.501592
vt 0.376275 0.498387
vt 0.368771 0.530668
vt 0.368832 0.526681
vt 0.368714 0.522843
vt 0.368420 0.519300
vt 0.367536 0.511378
vt 0.368325 0.503349
vt 0.369000 0.500576
vt 0.369419 0.497595
vt 0.369562 0.494517
vt 0.338221 0.527322
vt 0.338217 0.523463
vt 0.338050 0.519891
vt 0.337656 0.511741
vt 0.338179 0.503604
vt 0.338751 0.500750
vt 0.339092 0.497663
vt 0.339193 0.494459
vt 0.329378 0.531733
vt 0.329436 0.528000
vt 0.329363 0.524583
vt 0.329628 0.515385
vt 0.329813 0.508075
vt 0.330342 0.504932
vt 0.330698 0.501588
vt 0.330872 0.498167
vt 0.323680 0.530545
vt 0.323829 0.526734
vt 0.323897 0.523207
vt 0.324265 0.514315
vt 0.324487 0.506619
vt 0.324810 0.503661
vt 0.325041 0.500444
vt 0.325172 0.497091
vt 0.318868 0.534748
vt 0.319102 0.530799
vt 0.319284 0.527000
vt 0.319408 0.523496
vt 0.319820 0.514523
vt 0.320061 0.506811
vt 0.320297 0.503794
vt 0.320475 0.500526
vt 0.320590 0.497134
vt 0.314110 0.534948
vt 0.314350 0.530989
vt 0.314555 0.527181
vt 0.314716 0.523671
vt 0.315225 0.514660
vt 0.315414 0.506875
vt 0.315591 0.503839
vt 0.315735 0.500548
vt 0.315840 0.497127
vt 0.194757 0.754226
vt 0.444471 0.365756
vt 0.444877 0.370158
vt 0.446155 0.374003
vt 0.448341 0.377060
vt 0.446470 0.386580
vt 0.450837 0.389603
vt 0.451655 0.392820
vt 0.452813 0.395637
vt 0.453927 0.398185
vt 0.449392 0.128517
vt 0.449043 0.131354
vt 0.448508 0.134380
vt 0.448220 0.137736
vt 0.445140 0.141347
vt 0.447104 0.150764
vt 0.444960 0.153934
vt 0.443729 0.157844
vt 0.443372 0.162267
vt 0.444181 0.736723
vt 0.444278 0.741223
vt 0.444532 0.745549
vt 0.444936 0.749539
vt 0.444264 0.759796
vt 0.437507 0.758921
vt 0.400185 -0.000000
vt 0.403512 0.008140
vt 0.404115 0.011498
vt 0.404955 0.015089
vt 0.406004 0.018776
vt 0.443453 0.535364
vt 0.443511 0.530838
vt 0.443714 0.526433
vt 0.444055 0.522318
vt 0.443370 0.512291
vt 0.444534 0.504727
vt 0.443965 0.501942
vt 0.443628 0.498872
vt 0.443536 0.495641
vt 0.461800 0.381118
vt 0.464965 0.383337
vt 0.468745 0.384085
vt 0.574338 0.384481
vt 0.577764 0.384030
vt 0.579883 0.382698
vt 0.580539 0.380563
vt 0.594682 0.384557
vt 0.582970 0.374394
vt 0.589306 0.370060
vt 0.593189 0.365464
vt 0.594473 0.360780
vt 0.592754 0.165183
vt 0.591401 0.160569
vt 0.587476 0.156182
vt 0.581132 0.152188
vt 0.592545 0.141405
vt 0.578595 0.145868
vt 0.577881 0.143579
vt 0.575736 0.142179
vt 0.572317 0.141741
vt 0.467322 0.143485
vt 0.463574 0.144267
vt 0.460457 0.146478
vt 0.458164 0.150054
vt 0.447094 0.143821
vt 0.454471 0.157490
vt 0.450479 0.159732
vt 0.448031 0.163068
vt 0.447222 0.167309
vt 0.448274 0.360521
vt 0.449131 0.364720
vt 0.451620 0.367933
vt 0.455645 0.369973
vt 0.577553 0.138401
vt 0.581120 0.138873
vt 0.583400 0.140273
vt 0.584190 0.142515
vt 0.587179 0.148844
vt 0.593494 0.152743
vt 0.597401 0.157025
vt 0.598748 0.161529
vt 0.600583 0.364109
vt 0.599306 0.368683
vt 0.595439 0.373174
vt 0.589131 0.377411
vt 0.586253 0.383624
vt 0.585518 0.385719
vt 0.583262 0.387062
vt 0.579687 0.387559
vt 0.448401 0.384009
vt 0.459444 0.377486
s 1
f 3500/2437/2256 3501/2438/2256 3858/2439/2256 3859/2440/2256 3860/2441/2256 3499/2442/2256
f 3877/2443/2256 3878/2444/2256 3879/2445/2256 3880/2446/2256 3881/2447/2256 3874/2448/2256 3855/2449/2256 3857/2450/2256 3858/2439/2256 3501/2438/2256 3502/2451/2256 3495/2452/2256 3653/2453/2256 3660/2454/2256 3659/2455/2256 3658/2456/2256 3657/2457/2256 3656/2458/2256 3655/2459/2256 3654/2460/2256 3652/2461/2256 3661/2462/2256 3663/2463/2256 3664/2464/2256 3665/2465/2256 3666/2466/2256 3667/2467/2256 3668/2468/2256 3669/2469/2256 3662/2470/2256 3337/2471/2256 3344/2472/2256 3343/2473/2256 3342/2474/2256 3341/2475/2256 3340/2476/2256 3339/2477/2256 3338/2478/2256 3336/2479/2256 3494/2480/2256 3496/2481/2256 3497/2482/2256 3498/2483/2256 3499/2442/2256 3860/2441/2256 3861/2484/2256 3862/2485/2256 3863/2486/2256 3856/2487/2256 3838/2488/2256 3845/2489/2256 3844/2490/2256 3843/2491/2256 3842/2492/2256 3841/2493/2256 3840/2494/2256 3839/2495/2256 3837/2496/2256 3882/2497/2256 3884/2498/2256 3885/2499/2256 3886/2500/2256 3887/2501/2256 3888/2502/2256 3889/2503/2256 3890/2504/2256 3883/2505/2256 3873/2506/2256 3875/2507/2256 3876/2508/2256
f 2327/2509/2257 3187/2510/2258 3189/2511/2259 2329/2512/2260
f 2329/2512/2260 3189/2511/2259 3190/2513/2261 2330/2514/2262
f 2352/2515/2263 2789/2516/2264 2788/2517/2265 2691/2518/2266 2351/2519/2267
f 2340/2520/2268 3349/2521/2269 3350/2522/2270 2341/2523/2271
f 2339/2524/2272 3348/2525/2273 3349/2521/2269 2340/2520/2268
f 2334/2526/2274 3194/2527/2275 3195/2528/2276 2335/2529/2277
f 2480/2530/2278 3090/2531/2279 3088/2532/2280 2478/2533/2281
f 2593/2534/2282 2997/2535/2283 2996/2536/2284 2577/2537/2285 2592/2538/2286
f 2468/2539/2287 2368/2540/2288 2369/2541/2289 2467/2542/2290
f 2467/2542/2290 2369/2541/2289 2370/2543/2291 2466/2544/2292
f 2698/2545/2293 2896/2546/2294 2895/2547/2295 2684/2548/2296 2697/2549/2297
f 2699/2550/2298 2897/2551/2299 2896/2546/2294 2698/2545/2293
f 3811/2552/2300 2355/2553/2301 2328/2554/2302 3188/2555/2303
f 2675/2556/2304 2783/2557/2305 2346/2558/2306 2336/2559/2307
f 2586/2560/2308 2990/2561/2309 2997/2535/2283 2593/2534/2282
f 2888/2562/2310 2368/2540/2288 2468/2539/2287 2469/2563/2311 2889/2564/2312
f 2472/2565/2313 2481/2566/2314 2482/2567/2315 2471/2568/2316
f 2471/2568/2316 2482/2567/2315 2483/2569/2317 2470/2570/2318
f 2885/2571/2319 2465/2572/2320 2466/2544/2292 2370/2543/2291 2886/2573/2321
f 2884/2574/2322 2464/2575/2323 2465/2572/2320 2885/2571/2319
f 2700/2576/2324 2898/2577/2325 2897/2551/2299 2699/2550/2298
f 2693/2578/2326 2891/2579/2327 2898/2577/2325 2700/2576/2324
f 2453/2580/2328 2462/2581/2329 2469/2563/2330 2460/2582/2331
f 2460/2582/2331 2469/2563/2330 2468/2539/2332 2459/2583/2333
f 2459/2583/2333 2468/2539/2332 2467/2542/2334 2458/2584/2335
f 2458/2584/2335 2467/2542/2334 2466/2544/2336 2457/2585/2337
f 2457/2585/2337 2466/2544/2336 2465/2572/2338 2456/2586/2339
f 2456/2586/2339 2465/2572/2338 2464/2575/2340 2455/2587/2341
f 2455/2587/2341 2464/2575/2340 2463/2588/2342 2454/2589/2343
f 2454/2589/2343 2463/2588/2342 2461/2590/2344 2452/2591/2345
f 2478/2533/2346 2487/2592/2347 2489/2593/2348 2480/2530/2349
f 2480/2530/2349 2489/2593/2348 2490/2594/2350 2481/2566/2351
f 2481/2566/2351 2490/2594/2350 2491/2595/2352 2482/2567/2353
f 2482/2567/2353 2491/2595/2352 2492/2596/2354 2483/2569/2355
f 2483/2569/2355 2492/2596/2354 2493/2597/2356 2484/2598/2357
f 2484/2598/2357 2493/2597/2356 2494/2599/2358 2485/2600/2359
f 2485/2600/2359 2494/2599/2358 2495/2601/2360 2486/2602/2361
f 2486/2602/2361 2495/2601/2360 2488/2603/2362 2479/2604/2363
f 2444/2605/2364 2453/2580/2365 2460/2582/2366 2451/2606/2367
f 2451/2606/2367 2460/2582/2366 2459/2583/2368 2450/2607/2369
f 2450/2607/2369 2459/2583/2368 2458/2584/2370 2449/2608/2371
f 2449/2608/2371 2458/2584/2370 2457/2585/2372 2448/2609/2373
f 2448/2609/2373 2457/2585/2372 2456/2586/2374 2447/2610/2375
f 2447/2610/2375 2456/2586/2374 2455/2587/2376 2446/2611/2377
f 2446/2611/2377 2455/2587/2376 2454/2589/2378 2445/2612/2379
f 2445/2612/2379 2454/2589/2378 2452/2591/2380 2443/2613/2381
f 2487/2592/2382 2496/2614/2383 2498/2615/2384 2489/2593/2385
f 2489/2593/2385 2498/2615/2384 2499/2616/2386 2490/2594/2387
f 2490/2594/2387 2499/2616/2386 2500/2617/2388 2491/2595/2389
f 2491/2595/2389 2500/2617/2388 2501/2618/2390 2492/2596/2391
f 2492/2596/2391 2501/2618/2390 2502/2619/2392 2493/2597/2393
f 2493/2597/2393 2502/2619/2392 2503/2620/2394 2494/2599/2395
f 2494/2599/2395 2503/2620/2394 2504/2621/2396 2495/2601/2397
f 2495/2601/2397 2504/2621/2396 2497/2622/2398 2488/2603/2399
f 2435/2623/2400 2444/2605/2401 2451/2606/2402 2442/2624/2403
f 2442/2624/2403 2451/2606/2402 2450/2607/2404 2441/2625/2405
f 2441/2625/2405 2450/2607/2404 2449/2608/2406 2440/2626/2407
f 2440/2626/2407 2449/2608/2406 2448/2609/2408 2439/2627/2409
f 2439/2627/2409 2448/2609/2408 2447/2610/2410 2438/2628/2411
f 2438/2628/2411 2447/2610/2410 2446/2611/2412 2437/2629/2413
f 2437/2629/2413 2446/2611/2412 2445/2612/2414 2436/2630/2415
f 2436/2630/2415 2445/2612/2414 2443/2613/2416 2434/2631/2417
f 2496/2614/2418 2505/2632/2419 2507/2633/2420 2498/2615/2421
f 2498/2615/2421 2507/2633/2420 2508/2634/2422 2499/2616/2423
f 2499/2616/2423 2508/2634/2422 2509/2635/2424 2500/2617/2425
f 2500/2617/2425 2509/2635/2424 2510/2636/2426 2501/2618/2427
f 2501/2618/2427 2510/2636/2426 2511/2637/2428 2502/2619/2429
f 2502/2619/2429 2511/2637/2428 2512/2638/2430 2503/2620/2431
f 2503/2620/2431 2512/2638/2430 2513/2639/2432 2504/2621/2433
f 2504/2621/2433 2513/2639/2432 2506/2640/2434 2497/2622/2435
f 2426/2641/2436 2435/2623/2400 2442/2624/2403 2433/2642/2437
f 2433/2642/2437 2442/2624/2403 2441/2625/2405 2432/2643/2438
f 2432/2643/2438 2441/2625/2405 2440/2626/2407 2431/2644/2439
f 2431/2644/2439 2440/2626/2407 2439/2627/2409 2430/2645/2440
f 2430/2645/2440 2439/2627/2409 2438/2628/2411 2429/2646/2441
f 2429/2646/2441 2438/2628/2411 2437/2629/2413 2428/2647/2442
f 2428/2647/2442 2437/2629/2413 2436/2630/2415 2427/2648/2443
f 2427/2648/2443 2436/2630/2415 2434/2631/2417 2425/2649/2444
f 2505/2632/2419 2514/2650/2445 2516/2651/2446 2507/2633/2420
f 2507/2633/2420 2516/2651/2446 2517/2652/2447 2508/2634/2422
f 2508/2634/2422 2517/2652/2447 2518/2653/2448 2509/2635/2424
f 2509/2635/2424 2518/2653/2448 2519/2654/2449 2510/2636/2426
f 2510/2636/2426 2519/2654/2449 2520/2655/2450 2511/2637/2428
f 2511/2637/2428 2520/2655/2450 2521/2656/2451 2512/2638/2430
f 2512/2638/2430 2521/2656/2451 2522/2657/2452 2513/2639/2432
f 2513/2639/2432 2522/2657/2452 2515/2658/2453 2506/2640/2434
f 2417/2659/2454 2426/2641/2436 2433/2642/2437 2424/2660/2455
f 2424/2660/2455 2433/2642/2437 2432/2643/2438 2423/2661/2456
f 2423/2661/2456 2432/2643/2438 2431/2644/2439 2422/2662/2457
f 2422/2662/2457 2431/2644/2439 2430/2645/2440 2421/2663/2458
f 2421/2663/2458 2430/2645/2440 2429/2646/2441 2420/2664/2459
f 2420/2664/2459 2429/2646/2441 2428/2647/2442 2419/2665/2460
f 2419/2665/2460 2428/2647/2442 2427/2648/2443 2418/2666/2461
f 2418/2666/2461 2427/2648/2443 2425/2649/2444 2416/2667/2462
f 2514/2650/2445 2523/2668/2463 2525/2669/2464 2516/2651/2446
f 2516/2651/2446 2525/2669/2464 2526/2670/2465 2517/2652/2447
f 2517/2652/2447 2526/2670/2465 2527/2671/2466 2518/2653/2448
f 2518/2653/2448 2527/2671/2466 2528/2672/2467 2519/2654/2449
f 2519/2654/2449 2528/2672/2467 2529/2673/2468 2520/2655/2450
f 2520/2655/2450 2529/2673/2468 2530/2674/2469 2521/2656/2451
f 2521/2656/2451 2530/2674/2469 2531/2675/2470 2522/2657/2452
f 2522/2657/2452 2531/2675/2470 2524/2676/2471 2515/2658/2453
f 2408/2677/2472 2417/2659/2454 2424/2660/2455 2415/2678/2473
f 2415/2678/2473 2424/2660/2455 2423/2661/2456 2414/2679/2474
f 2414/2679/2474 2423/2661/2456 2422/2662/2457 2413/2680/2475
f 2413/2680/2475 2422/2662/2457 2421/2663/2458 2412/2681/2476
f 2412/2681/2476 2421/2663/2458 2420/2664/2459 2411/2682/2477
f 2411/2682/2477 2420/2664/2459 2419/2665/2460 2410/2683/2478
f 2410/2683/2478 2419/2665/2460 2418/2666/2461 2409/2684/2479
f 2409/2684/2479 2418/2666/2461 2416/2667/2462 2407/2685/2480
f 2523/2668/2463 2532/2686/2481 2534/2687/2482 2525/2669/2464
f 2525/2669/2464 2534/2687/2482 2535/2688/2483 2526/2670/2465
f 2526/2670/2465 2535/2688/2483 2536/2689/2484 2527/2671/2466
f 2527/2671/2466 2536/2689/2484 2537/2690/2485 2528/2672/2467
f 2528/2672/2467 2537/2690/2485 2538/2691/2486 2529/2673/2468
f 2529/2673/2468 2538/2691/2486 2539/2692/2487 2530/2674/2469
f 2530/2674/2469 2539/2692/2487 2540/2693/2488 2531/2675/2470
f 2531/2675/2470 2540/2693/2488 2533/2694/2489 2524/2676/2471
f 2399/2695/2490 2408/2677/2472 2415/2678/2473 2406/2696/2491
f 2406/2696/2491 2415/2678/2473 2414/2679/2474 2405/2697/2492
f 2405/2697/2492 2414/2679/2474 2413/2680/2475 2404/2698/2493
f 2404/2698/2493 2413/2680/2475 2412/2681/2476 2403/2699/2494
f 2403/2699/2494 2412/2681/2476 2411/2682/2477 2402/2700/2495
f 2402/2700/2495 2411/2682/2477 2410/2683/2478 2401/2701/2496
f 2401/2701/2496 2410/2683/2478 2409/2684/2479 2400/2702/2497
f 2400/2702/2497 2409/2684/2479 2407/2685/2480 2398/2703/2498
f 2532/2686/2481 2541/2704/2499 2543/2705/2500 2534/2687/2482
f 2534/2687/2482 2543/2705/2500 2544/2706/2501 2535/2688/2483
f 2535/2688/2483 2544/2706/2501 2545/2707/2502 2536/2689/2484
f 2536/2689/2484 2545/2707/2502 2546/2708/2503 2537/2690/2485
f 2537/2690/2485 2546/2708/2503 2547/2709/2504 2538/2691/2486
f 2538/2691/2486 2547/2709/2504 2548/2710/2505 2539/2692/2487
f 2539/2692/2487 2548/2710/2505 2549/2711/2506 2540/2693/2488
f 2540/2693/2488 2549/2711/2506 2542/2712/2507 2533/2694/2489
f 2390/2713/2508 2399/2695/2509 2406/2696/2510 2397/2714/2511
f 2397/2714/2511 2406/2696/2510 2405/2697/2512 2396/2715/2513
f 2396/2715/2513 2405/2697/2512 2404/2698/2514 2395/2716/2515
f 2395/2716/2515 2404/2698/2514 2403/2699/2516 2394/2717/2517
f 2394/2717/2517 2403/2699/2516 2402/2700/2518 2393/2718/2519
f 2393/2718/2519 2402/2700/2518 2401/2701/2520 2392/2719/2521
f 2392/2719/2521 2401/2701/2520 2400/2702/2522 2391/2720/2523
f 2391/2720/2523 2400/2702/2522 2398/2703/2524 2389/2721/2525
f 2541/2704/2526 2550/2722/2527 2552/2723/2528 2543/2705/2529
f 2543/2705/2529 2552/2723/2528 2553/2724/2530 2544/2706/2531
f 2544/2706/2531 2553/2724/2530 2554/2725/2532 2545/2707/2533
f 2545/2707/2533 2554/2725/2532 2555/2726/2534 2546/2708/2535
f 2546/2708/2535 2555/2726/2534 2556/2727/2536 2547/2709/2537
f 2547/2709/2537 2556/2727/2536 2557/2728/2538 2548/2710/2539
f 2548/2710/2539 2557/2728/2538 2558/2729/2540 2549/2711/2541
f 2549/2711/2541 2558/2729/2540 2551/2730/2542 2542/2712/2543
f 2381/2731/2544 2390/2713/2508 2397/2714/2545 2388/2732/2546
f 2388/2732/2546 2397/2714/2545 2396/2715/2547 2387/2733/2548
f 2387/2733/2548 2396/2715/2547 2395/2716/2549 2386/2734/2550
f 2386/2734/2550 2395/2716/2549 2394/2717/2551 2385/2735/2552
f 2385/2735/2552 2394/2717/2551 2393/2718/2553 2384/2736/2554
f 2384/2736/2554 2393/2718/2553 2392/2719/2555 2383/2737/2556
f 2383/2737/2556 2392/2719/2555 2391/2720/2557 2382/2738/2558
f 2382/2738/2558 2391/2720/2557 2389/2721/2559 2380/2739/2560
f 2550/2722/2527 2559/2740/2561 2561/2741/2562 2552/2723/2563
f 2552/2723/2563 2561/2741/2562 2562/2742/2564 2553/2724/2565
f 2553/2724/2565 2562/2742/2564 2563/2743/2566 2554/2725/2567
f 2554/2725/2567 2563/2743/2566 2564/2744/2568 2555/2726/2569
f 2555/2726/2569 2564/2744/2568 2565/2745/2570 2556/2727/2571
f 2556/2727/2571 2565/2745/2570 2566/2746/2572 2557/2728/2573
f 2557/2728/2573 2566/2746/2572 2567/2747/2574 2558/2729/2575
f 2558/2729/2575 2567/2747/2574 2560/2748/2576 2551/2730/2577
f 2372/2749/2578 2381/2731/2544 2388/2732/2546 2379/2750/2579
f 2379/2750/2579 2388/2732/2546 2387/2733/2548 2378/2751/2580
f 2378/2751/2580 2387/2733/2548 2386/2734/2550 2377/2752/2581
f 2377/2752/2581 2386/2734/2550 2385/2735/2552 2376/2753/2582
f 2376/2753/2582 2385/2735/2552 2384/2736/2554 2375/2754/2583
f 2375/2754/2583 2384/2736/2554 2383/2737/2556 2374/2755/2584
f 2374/2755/2584 2383/2737/2556 2382/2738/2558 2373/2756/2585
f 2373/2756/2585 2382/2738/2558 2380/2739/2560 2371/2757/2586
f 2559/2740/2561 2568/2758/2587 2570/2759/2588 2561/2741/2562
f 2561/2741/2562 2570/2759/2588 2571/2760/2589 2562/2742/2564
f 2562/2742/2564 2571/2760/2589 2572/2761/2590 2563/2743/2566
f 2563/2743/2566 2572/2761/2590 2573/2762/2591 2564/2744/2568
f 2564/2744/2568 2573/2762/2591 2574/2763/2592 2565/2745/2570
f 2565/2745/2570 2574/2763/2592 2575/2764/2593 2566/2746/2572
f 2566/2746/2572 2575/2764/2593 2576/2765/2594 2567/2747/2574
f 2567/2747/2574 2576/2765/2594 2569/2766/2595 2560/2748/2576
f 2584/2767/2596 2344/2768/2597 2337/2769/2598 2676/2770/2599 2683/2771/2600
f 2367/2772/2601 2379/2750/2602 2378/2751/2603 2366/2773/2604
f 2366/2773/2604 2378/2751/2603 2377/2752/2605 2365/2774/2606
f 2365/2774/2606 2377/2752/2605 2376/2753/2607 2364/2775/2608
f 2364/2775/2608 2376/2753/2607 2375/2754/2609 2363/2776/2610
f 2678/2777/2611 2339/2524/2612 2340/2520/2613 2580/2778/2614 2679/2779/2615
f 2575/2764/2616 2334/2526/2617 2335/2529/2618 2576/2765/2619
f 2349/2780/2620 3507/2781/2621 3508/2782/2622 2350/2783/2623
f 2570/2759/2624 2473/2784/2625 2474/2785/2626 2571/2760/2627
f 2571/2760/2627 2474/2785/2626 2475/2786/2628 2572/2761/2629
f 2572/2761/2629 2475/2786/2628 2476/2787/2630 2573/2762/2631
f 2573/2762/2631 2476/2787/2630 2477/2788/2632 2574/2763/2633
f 3330/2789/2634 3344/2472/2635 3337/2471/2636 3323/2790/2637
f 2677/2791/2638 2338/2792/2639 2339/2524/2612 2678/2777/2611
f 2675/2556/2304 2336/2559/2307 2338/2792/2639 2677/2791/2638
f 2479/2604/2640 3089/2793/2641 3096/2794/2642 2486/2602/2643
f 2486/2602/2643 3096/2794/2642 3095/2795/2644 2485/2600/2645
f 2485/2600/2645 3095/2795/2644 3094/2796/2646 2484/2598/2647
f 3640/2797/2648 3654/2460/2649 3655/2459/2650 3647/2798/2651 3641/2799/2652
f 2579/2800/2653 2590/2801/2654 2591/2802/2655 2578/2803/2656
f 2578/2803/2656 2591/2802/2655 2592/2538/2286 2577/2537/2285
f 3652/2461/2657 3638/2804/2658 3629/2805/2659 3684/2806/2660 3675/2807/2661 3661/2462/2662
f 2694/2808/2663 2892/2809/2664 2890/2810/2665 2692/2811/2666
f 2585/2812/2667 2594/2813/2668 2596/2814/2669 2587/2815/2670
f 2587/2815/2670 2596/2814/2669 2597/2816/2671 2588/2817/2672
f 2588/2817/2672 2597/2816/2671 2598/2818/2673 2589/2819/2674
f 2589/2819/2674 2598/2818/2673 2599/2820/2675 2590/2801/2676
f 2590/2801/2676 2599/2820/2675 2600/2821/2677 2591/2802/2678
f 2591/2802/2678 2600/2821/2677 2601/2822/2679 2592/2538/2680
f 2592/2538/2680 2601/2822/2679 2602/2823/2681 2593/2534/2682
f 2593/2534/2682 2602/2823/2681 2595/2824/2683 2586/2560/2684
f 2594/2813/2685 2603/2825/2686 2605/2826/2687 2596/2814/2688
f 2596/2814/2688 2605/2826/2687 2606/2827/2689 2597/2816/2690
f 2597/2816/2690 2606/2827/2689 2607/2828/2691 2598/2818/2692
f 2598/2818/2692 2607/2828/2691 2608/2829/2693 2599/2820/2694
f 2599/2820/2694 2608/2829/2693 2609/2830/2695 2600/2821/2696
f 2600/2821/2696 2609/2830/2695 2610/2831/2697 2601/2822/2698
f 2601/2822/2698 2610/2831/2697 2611/2832/2699 2602/2823/2700
f 2602/2823/2700 2611/2832/2699 2604/2833/2701 2595/2824/2702
f 2603/2825/2703 2612/2834/2704 2614/2835/2705 2605/2826/2706
f 2605/2826/2706 2614/2835/2705 2615/2836/2707 2606/2827/2708
f 2606/2827/2708 2615/2836/2707 2616/2837/2709 2607/2828/2710
f 2607/2828/2710 2616/2837/2709 2617/2838/2711 2608/2829/2712
f 2608/2829/2712 2617/2838/2711 2618/2839/2713 2609/2830/2714
f 2609/2830/2714 2618/2839/2713 2619/2840/2715 2610/2831/2716
f 2610/2831/2716 2619/2840/2715 2620/2841/2717 2611/2832/2718
f 2611/2832/2718 2620/2841/2717 2613/2842/2719 2604/2833/2720
f 2612/2834/2704 2621/2843/2721 2623/2844/2722 2614/2835/2705
f 2614/2835/2705 2623/2844/2722 2624/2845/2723 2615/2836/2707
f 2615/2836/2707 2624/2845/2723 2625/2846/2724 2616/2837/2709
f 2616/2837/2709 2625/2846/2724 2626/2847/2725 2617/2838/2711
f 2617/2838/2711 2626/2847/2725 2627/2848/2726 2618/2839/2713
f 2618/2839/2713 2627/2848/2726 2628/2849/2727 2619/2840/2715
f 2619/2840/2715 2628/2849/2727 2629/2850/2728 2620/2841/2717
f 2620/2841/2717 2629/2850/2728 2622/2851/2729 2613/2842/2719
f 2621/2843/2721 2630/2852/2730 2632/2853/2731 2623/2844/2722
f 2623/2844/2722 2632/2853/2731 2633/2854/2732 2624/2845/2723
f 2624/2845/2723 2633/2854/2732 2634/2855/2733 2625/2846/2724
f 2625/2846/2724 2634/2855/2733 2635/2856/2734 2626/2847/2725
f 2626/2847/2725 2635/2856/2734 2636/2857/2735 2627/2848/2726
f 2627/2848/2726 2636/2857/2735 2637/2858/2736 2628/2849/2727
f 2628/2849/2727 2637/2858/2736 2638/2859/2737 2629/2850/2728
f 2629/2850/2728 2638/2859/2737 2631/2860/2738 2622/2851/2729
f 2630/2852/2730 2639/2861/2739 2641/2862/2740 2632/2853/2731
f 2632/2853/2731 2641/2862/2740 2642/2863/2741 2633/2854/2732
f 2633/2854/2732 2642/2863/2741 2643/2864/2742 2634/2855/2733
f 2634/2855/2733 2643/2864/2742 2644/2865/2743 2635/2856/2734
f 2635/2856/2734 2644/2865/2743 2645/2866/2744 2636/2857/2735
f 2636/2857/2735 2645/2866/2744 2646/2867/2745 2637/2858/2736
f 2637/2858/2736 2646/2867/2745 2647/2868/2746 2638/2859/2737
f 2638/2859/2737 2647/2868/2746 2640/2869/2747 2631/2860/2738
f 2639/2861/2739 2648/2870/2748 2650/2871/2749 2641/2862/2740
f 2641/2862/2740 2650/2871/2749 2651/2872/2750 2642/2863/2741
f 2642/2863/2741 2651/2872/2750 2652/2873/2751 2643/2864/2742
f 2643/2864/2742 2652/2873/2751 2653/2874/2752 2644/2865/2743
f 2644/2865/2743 2653/2874/2752 2654/2875/2753 2645/2866/2744
f 2645/2866/2744 2654/2875/2753 2655/2876/2754 2646/2867/2745
f 2646/2867/2745 2655/2876/2754 2656/2877/2755 2647/2868/2746
f 2647/2868/2746 2656/2877/2755 2649/2878/2756 2640/2869/2747
f 2648/2870/2757 2657/2879/2758 2659/2880/2759 2650/2871/2760
f 2650/2871/2760 2659/2880/2759 2660/2881/2761 2651/2872/2762
f 2651/2872/2762 2660/2881/2761 2661/2882/2763 2652/2873/2764
f 2652/2873/2764 2661/2882/2763 2662/2883/2765 2653/2874/2766
f 2653/2874/2766 2662/2883/2765 2663/2884/2767 2654/2875/2768
f 2654/2875/2768 2663/2884/2767 2664/2885/2769 2655/2876/2770
f 2655/2876/2770 2664/2885/2769 2665/2886/2771 2656/2877/2772
f 2656/2877/2772 2665/2886/2771 2658/2887/2773 2649/2878/2774
f 2657/2879/2775 2666/2888/2776 2668/2889/2777 2659/2880/2778
f 2659/2880/2778 2668/2889/2777 2669/2890/2779 2660/2881/2780
f 2660/2881/2780 2669/2890/2779 2670/2891/2781 2661/2882/2782
f 2661/2882/2782 2670/2891/2781 2671/2892/2783 2662/2883/2784
f 2662/2883/2784 2671/2892/2783 2672/2893/2785 2663/2884/2786
f 2663/2884/2786 2672/2893/2785 2673/2894/2787 2664/2885/2788
f 2664/2885/2788 2673/2894/2787 2674/2895/2789 2665/2886/2790
f 2665/2886/2790 2674/2895/2789 2667/2896/2791 2658/2887/2773
f 2666/2888/2776 2675/2556/2792 2677/2791/2793 2668/2889/2777
f 2668/2889/2777 2677/2791/2793 2678/2777/2794 2669/2890/2779
f 2669/2890/2779 2678/2777/2794 2679/2779/2795 2670/2891/2781
f 2670/2891/2781 2679/2779/2795 2680/2897/2796 2671/2892/2783
f 2671/2892/2783 2680/2897/2796 2681/2898/2797 2672/2893/2785
f 2672/2893/2785 2681/2898/2797 2682/2899/2798 2673/2894/2787
f 2673/2894/2787 2682/2899/2798 2683/2771/2799 2674/2895/2789
f 2674/2895/2789 2683/2771/2799 2676/2770/2800 2667/2896/2791
f 2347/2900/2801 3505/2901/2802 3506/2902/2803 2348/2903/2804
f 2477/2788/2632 2333/2904/2805 2334/2526/2617 2575/2764/2616 2574/2763/2633
f 2679/2779/2615 2580/2778/2614 2581/2905/2806 2680/2897/2807
f 2680/2897/2807 2581/2905/2806 2582/2906/2808 2681/2898/2809
f 2681/2898/2809 2582/2906/2808 2583/2907/2810 2682/2899/2811
f 2682/2899/2811 2583/2907/2810 2584/2767/2596 2683/2771/2600
f 2568/2758/2812 2327/2509/2813 2329/2512/2814 2473/2784/2625 2570/2759/2624
f 2472/2565/2313 3091/2908/2815 3090/2531/2279 2480/2530/2278 2481/2566/2314
f 2686/2909/2816 2695/2910/2817 2696/2911/2818 2685/2912/2819
f 2685/2912/2819 2696/2911/2818 2697/2913/2297 2684/2914/2296
f 2579/2800/2653 2994/2915/2820 2993/2916/2821 2589/2819/2822 2590/2801/2654
f 2883/2917/2823 2463/2588/2824 2464/2575/2323 2884/2574/2322
f 2371/2757/2825 2569/2766/2826 2328/2554/2827 2355/2553/2828
f 2692/2811/2829 2701/2918/2830 2703/2919/2831 2694/2808/2832
f 2694/2808/2832 2703/2919/2831 2704/2920/2833 2695/2910/2834
f 2695/2910/2834 2704/2920/2833 2705/2921/2835 2696/2911/2836
f 2696/2911/2836 2705/2921/2835 2706/2922/2837 2697/2913/2838
f 2697/2549/2838 2706/2923/2837 2707/2924/2839 2698/2545/2840
f 2698/2545/2840 2707/2924/2839 2708/2925/2841 2699/2550/2842
f 2699/2550/2842 2708/2925/2841 2709/2926/2843 2700/2576/2844
f 2700/2576/2844 2709/2926/2843 2702/2927/2845 2693/2578/2846
f 2701/2918/2847 2710/2928/2848 2712/2929/2849 2703/2919/2850
f 2703/2919/2850 2712/2929/2849 2713/2930/2851 2704/2920/2852
f 2704/2920/2852 2713/2930/2851 2714/2931/2853 2705/2921/2854
f 2705/2921/2854 2714/2931/2853 2715/2932/2855 2706/2922/2856
f 2706/2923/2856 2715/2933/2855 2716/2934/2857 2707/2924/2858
f 2707/2924/2858 2716/2934/2857 2717/2935/2859 2708/2925/2860
f 2708/2925/2860 2717/2935/2859 2718/2936/2861 2709/2926/2862
f 2709/2926/2862 2718/2936/2861 2711/2937/2863 2702/2927/2864
f 2710/2928/2865 2719/2938/2866 2721/2939/2867 2712/2929/2868
f 2712/2929/2868 2721/2939/2867 2722/2940/2869 2713/2930/2870
f 2713/2930/2870 2722/2940/2869 2723/2941/2871 2714/2931/2872
f 2714/2931/2872 2723/2941/2871 2724/2942/2873 2715/2932/2874
f 2715/2933/2874 2724/2943/2873 2725/2944/2875 2716/2934/2876
f 2716/2934/2876 2725/2944/2875 2726/2945/2877 2717/2935/2878
f 2717/2935/2878 2726/2945/2877 2727/2946/2879 2718/2936/2880
f 2718/2936/2880 2727/2946/2879 2720/2947/2881 2711/2937/2882
f 2719/2938/2866 2728/2948/2883 2730/2949/2884 2721/2939/2867
f 2721/2939/2867 2730/2949/2884 2731/2950/2885 2722/2940/2869
f 2722/2940/2869 2731/2950/2885 2732/2951/2886 2723/2941/2871
f 2723/2941/2871 2732/2951/2886 2733/2952/2887 2724/2942/2873
f 2724/2943/2873 2733/2953/2887 2734/2954/2888 2725/2944/2875
f 2725/2944/2875 2734/2954/2888 2735/2955/2889 2726/2945/2877
f 2726/2945/2877 2735/2955/2889 2736/2956/2890 2727/2946/2879
f 2727/2946/2879 2736/2956/2890 2729/2957/2891 2720/2947/2881
f 2728/2948/2883 2737/2958/2892 2739/2959/2893 2730/2949/2884
f 2730/2949/2884 2739/2959/2893 2740/2960/2894 2731/2950/2885
f 2731/2950/2885 2740/2960/2894 2741/2961/2895 2732/2951/2886
f 2732/2951/2886 2741/2961/2895 2742/2962/2896 2733/2952/2887
f 2733/2953/2887 2742/2963/2896 2743/2964/2897 2734/2954/2888
f 2734/2954/2888 2743/2964/2897 2744/2965/2898 2735/2955/2889
f 2735/2955/2889 2744/2965/2898 2745/2966/2899 2736/2956/2890
f 2736/2956/2890 2745/2966/2899 2738/2967/2900 2729/2957/2891
f 2737/2958/2892 2746/2968/2901 2748/2969/2902 2739/2959/2893
f 2739/2959/2893 2748/2969/2902 2749/2970/2903 2740/2960/2894
f 2740/2960/2894 2749/2970/2903 2750/2971/2904 2741/2961/2895
f 2741/2961/2895 2750/2971/2904 2751/2972/2905 2742/2962/2896
f 2742/2963/2896 2751/2973/2905 2752/2974/2906 2743/2964/2897
f 2743/2964/2897 2752/2974/2906 2753/2975/2907 2744/2965/2898
f 2744/2965/2898 2753/2975/2907 2754/2976/2908 2745/2966/2899
f 2745/2966/2899 2754/2976/2908 2747/2977/2909 2738/2967/2900
f 2746/2968/2901 2755/2978/2910 2757/2979/2911 2748/2969/2902
f 2748/2969/2902 2757/2979/2911 2758/2980/2912 2749/2970/2903
f 2749/2970/2903 2758/2980/2912 2759/2981/2913 2750/2971/2904
f 2750/2971/2904 2759/2981/2913 2760/2982/2914 2751/2972/2905
f 2751/2973/2905 2760/2983/2914 2761/2984/2915 2752/2974/2906
f 2752/2974/2906 2761/2984/2915 2762/2985/2916 2753/2975/2907
f 2753/2975/2907 2762/2985/2916 2763/2986/2917 2754/2976/2908
f 2754/2976/2908 2763/2986/2917 2756/2987/2918 2747/2977/2909
f 2755/2978/2919 2764/2988/2920 2766/2989/2921 2757/2979/2922
f 2757/2979/2922 2766/2989/2921 2767/2990/2923 2758/2980/2924
f 2758/2980/2924 2767/2990/2923 2768/2991/2925 2759/2981/2926
f 2759/2981/2926 2768/2991/2925 2769/2992/2927 2760/2982/2928
f 2760/2983/2928 2769/2993/2927 2770/2994/2929 2761/2984/2930
f 2761/2984/2930 2770/2994/2929 2771/2995/2931 2762/2985/2932
f 2762/2985/2932 2771/2995/2931 2772/2996/2933 2763/2986/2934
f 2763/2986/2934 2772/2996/2933 2765/2997/2935 2756/2987/2936
f 2764/2988/2920 2773/2998/2937 2775/2999/2938 2766/2989/2939
f 2766/2989/2939 2775/2999/2938 2776/3000/2940 2767/2990/2941
f 2767/2990/2941 2776/3000/2940 2777/3001/2942 2768/2991/2943
f 2768/2991/2943 2777/3001/2942 2778/3002/2944 2769/2992/2945
f 2769/2993/2945 2778/3003/2944 2779/3004/2946 2770/2994/2947
f 2770/2994/2947 2779/3004/2946 2780/3005/2948 2771/2995/2949
f 2771/2995/2949 2780/3005/2948 2781/3006/2950 2772/2996/2951
f 2772/2996/2951 2781/3006/2950 2774/3007/2952 2765/2997/2953
f 2773/2998/2937 2782/3008/2954 2784/3009/2955 2775/2999/2938
f 2775/2999/2938 2784/3009/2955 2785/3010/2956 2776/3000/2940
f 2776/3000/2940 2785/3010/2956 2786/3011/2957 2777/3001/2942
f 2777/3001/2942 2786/3011/2957 2787/3012/2958 2778/3002/2944
f 2778/3003/2944 2787/3013/2958 2788/2517/2959 2779/3004/2946
f 2779/3004/2946 2788/2517/2959 2789/2516/2960 2780/3005/2948
f 2780/3005/2948 2789/2516/2960 2790/3014/2961 2781/3006/2950
f 2781/3006/2950 2790/3014/2961 2783/2557/2962 2774/3007/2952
f 2354/3015/2963 2372/2749/2964 2379/2750/2602 2367/2772/2601 2356/3016/2965
f 2784/3009/2966 2687/3017/2967 2688/3018/2968 2785/3010/2969
f 2785/3010/2969 2688/3018/2968 2689/3019/2970 2786/3011/2971
f 2786/3011/2971 2689/3019/2970 2690/3020/2972 2787/3012/2973
f 2787/3013/2973 2690/3021/2972 2691/2518/2266 2788/2517/2265
f 2360/3022/2974 2363/2776/2610 2375/2754/2609 2374/2755/2975 2361/3023/2976
f 2361/3023/2976 2374/2755/2975 2373/2756/2977 2362/3024/2978
f 2576/2765/2619 2335/2529/2618 2328/2554/2827 2569/2766/2826
f 2473/2784/2625 2329/2512/2814 2330/2514/2979 2474/2785/2626
f 2474/2785/2626 2330/2514/2979 2331/3025/2980 2475/2786/2628
f 2475/2786/2628 2331/3025/2980 2332/3026/2981 2476/2787/2630
f 2476/2787/2630 2332/3026/2981 2333/2904/2805 2477/2788/2632
f 2356/3016/2965 2367/2772/2601 2366/2773/2604 2357/3027/2982
f 2357/3027/2982 2366/2773/2604 2365/2774/2606 2358/3028/2983
f 2358/3028/2983 2365/2774/2606 2364/2775/2608 2359/3029/2984
f 2359/3029/2984 2364/2775/2608 2363/2776/2610 2360/3022/2974
f 2351/2519/2267 2691/2518/2266 2690/3021/2972 2350/3030/2985
f 2350/2783/2985 2690/3020/2972 2689/3019/2970 2349/2780/2986
f 2349/2780/2986 2689/3019/2970 2688/3018/2968 2348/2903/2987
f 2348/2903/2987 2688/3018/2968 2687/3017/2967 2347/2900/2988
f 2580/2778/2614 2340/2520/2613 2341/2523/2989 2581/2905/2806
f 2581/2905/2806 2341/2523/2989 2342/3031/2990 2582/2906/2808
f 2582/2906/2808 2342/3031/2990 2343/3032/2991 2583/2907/2810
f 2583/2907/2810 2343/3032/2991 2344/2768/2597 2584/2767/2596
f 2792/3033/2256 2980/3034/2256 2982/3035/2256 2983/3036/2256 2984/3037/2256 2985/3038/2256 2986/3039/2256 2987/3040/2256 2988/3041/2256 2981/3042/2256 3079/3043/2256 3081/3044/2256 3082/3045/2256 3083/3046/2256 3084/3047/2256 3085/3048/2256 3086/3049/2256 3087/3050/2256 3080/3051/2256 3178/3052/2256 3180/3053/2256 3181/3054/2256 3182/3055/2256 3183/3056/2256 3184/3057/2256 3185/3058/2256 3186/3059/2256 3179/3060/2256 2791/3061/2256 2793/3062/2256 2794/3063/2256 2795/3064/2256 2796/3065/2256 2797/3066/2256 2798/3067/2256 2799/3068/2256
f 2972/3069/2992 2981/3070/2993 2988/3071/2994 2979/3072/2995
f 2979/3072/2995 2988/3071/2994 2987/3073/2996 2978/3074/2997
f 2978/3074/2997 2987/3073/2996 2986/3075/2998 2977/3076/2999
f 2977/3076/2999 2986/3075/2998 2985/3077/3000 2976/3078/3001
f 2976/3079/3001 2985/3080/3000 2984/3081/3002 2975/3082/3003
f 2975/3082/3003 2984/3081/3002 2983/3083/3004 2974/3084/3005
f 2974/3084/3005 2983/3083/3004 2982/3085/3006 2973/3086/3007
f 2973/3086/3007 2982/3085/3006 2980/3087/3008 2971/3088/3009
f 2791/3089/3010 2800/3090/3011 2802/3091/3012 2793/3092/3013
f 2793/3092/3013 2802/3091/3012 2803/3093/3014 2794/3094/3015
f 2794/3094/3015 2803/3093/3014 2804/3095/3016 2795/3096/3017
f 2795/3096/3017 2804/3095/3016 2805/3097/3018 2796/3098/3019
f 2796/3098/3019 2805/3097/3018 2806/3099/3020 2797/3100/3021
f 2797/3100/3021 2806/3099/3020 2807/3101/3022 2798/3102/3023
f 2798/3102/3023 2807/3101/3022 2808/3103/3024 2799/3104/3025
f 2799/3104/3025 2808/3103/3024 2801/3105/3026 2792/3106/3027
f 2963/3107/3028 2972/3069/2992 2979/3072/2995 2970/3108/3029
f 2970/3108/3029 2979/3072/2995 2978/3074/2997 2969/3109/3030
f 2969/3109/3030 2978/3074/2997 2977/3076/2999 2968/3110/3031
f 2968/3110/3031 2977/3076/2999 2976/3078/3001 2967/3111/3032
f 2967/3112/3032 2976/3079/3001 2975/3082/3003 2966/3113/3033
f 2966/3113/3033 2975/3082/3003 2974/3084/3005 2965/3114/3034
f 2965/3114/3034 2974/3084/3005 2973/3086/3007 2964/3115/3035
f 2964/3115/3035 2973/3086/3007 2971/3088/3009 2962/3116/3036
f 2800/3090/3011 2809/3117/3037 2811/3118/3038 2802/3091/3012
f 2802/3091/3012 2811/3118/3038 2812/3119/3039 2803/3093/3014
f 2803/3093/3014 2812/3119/3039 2813/3120/3040 2804/3095/3016
f 2804/3095/3016 2813/3120/3040 2814/3121/3041 2805/3097/3018
f 2805/3097/3018 2814/3121/3041 2815/3122/3042 2806/3099/3020
f 2806/3099/3020 2815/3122/3042 2816/3123/3043 2807/3101/3022
f 2807/3101/3022 2816/3123/3043 2817/3124/3044 2808/3103/3024
f 2808/3103/3024 2817/3124/3044 2810/3125/3045 2801/3105/3026
f 2954/3126/3046 2963/3107/3028 2970/3108/3029 2961/3127/3047
f 2961/3127/3047 2970/3108/3029 2969/3109/3030 2960/3128/3048
f 2960/3128/3048 2969/3109/3030 2968/3110/3031 2959/3129/3049
f 2959/3129/3049 2968/3110/3031 2967/3111/3032 2958/3130/3050
f 2958/3131/3050 2967/3112/3032 2966/3113/3033 2957/3132/3051
f 2957/3132/3051 2966/3113/3033 2965/3114/3034 2956/3133/3052
f 2956/3133/3052 2965/3114/3034 2964/3115/3035 2955/3134/3053
f 2955/3134/3053 2964/3115/3035 2962/3116/3036 2953/3135/3054
f 2809/3117/3037 2818/3136/3055 2820/3137/3056 2811/3118/3038
f 2811/3118/3038 2820/3137/3056 2821/3138/3057 2812/3119/3039
f 2812/3119/3039 2821/3138/3057 2822/3139/3058 2813/3120/3040
f 2813/3120/3040 2822/3139/3058 2823/3140/3059 2814/3121/3041
f 2814/3121/3041 2823/3140/3059 2824/3141/3060 2815/3122/3042
f 2815/3122/3042 2824/3141/3060 2825/3142/3061 2816/3123/3043
f 2816/3123/3043 2825/3142/3061 2826/3143/3062 2817/3124/3044
f 2817/3124/3044 2826/3143/3062 2819/3144/3063 2810/3125/3045
f 2945/3145/3064 2954/3126/3046 2961/3127/3047 2952/3146/3065
f 2952/3146/3065 2961/3127/3047 2960/3128/3048 2951/3147/3066
f 2951/3147/3066 2960/3128/3048 2959/3129/3049 2950/3148/3067
f 2950/3148/3067 2959/3129/3049 2958/3130/3050 2949/3149/3068
f 2949/3150/3068 2958/3131/3050 2957/3132/3051 2948/3151/3069
f 2948/3151/3069 2957/3132/3051 2956/3133/3052 2947/3152/3070
f 2947/3152/3070 2956/3133/3052 2955/3134/3053 2946/3153/3071
f 2946/3153/3071 2955/3134/3053 2953/3135/3054 2944/3154/3072
f 2818/3136/3055 2827/3155/3073 2829/3156/3074 2820/3137/3056
f 2820/3137/3056 2829/3156/3074 2830/3157/3075 2821/3138/3057
f 2821/3138/3057 2830/3157/3075 2831/3158/3076 2822/3139/3058
f 2822/3139/3058 2831/3158/3076 2832/3159/3077 2823/3140/3059
f 2823/3140/3059 2832/3159/3077 2833/3160/3078 2824/3141/3060
f 2824/3141/3060 2833/3160/3078 2834/3161/3079 2825/3142/3061
f 2825/3142/3061 2834/3161/3079 2835/3162/3080 2826/3143/3062
f 2826/3143/3062 2835/3162/3080 2828/3163/3081 2819/3144/3063
f 2936/3164/3082 2945/3145/3064 2952/3146/3065 2943/3165/3083
f 2943/3165/3083 2952/3146/3065 2951/3147/3066 2942/3166/3084
f 2942/3166/3084 2951/3147/3066 2950/3148/3067 2941/3167/3085
f 2941/3167/3085 2950/3148/3067 2949/3149/3068 2940/3168/3086
f 2940/3169/3086 2949/3150/3068 2948/3151/3069 2939/3170/3087
f 2939/3170/3087 2948/3151/3069 2947/3152/3070 2938/3171/3088
f 2938/3171/3088 2947/3152/3070 2946/3153/3071 2937/3172/3089
f 2937/3172/3089 2946/3153/3071 2944/3154/3072 2935/3173/3090
f 2827/3155/3073 2836/3174/3091 2838/3175/3092 2829/3156/3074
f 2829/3156/3074 2838/3175/3092 2839/3176/3093 2830/3157/3075
f 2830/3157/3075 2839/3176/3093 2840/3177/3094 2831/3158/3076
f 2831/3158/3076 2840/3177/3094 2841/3178/3095 2832/3159/3077
f 2832/3159/3077 2841/3178/3095 2842/3179/3096 2833/3160/3078
f 2833/3160/3078 2842/3179/3096 2843/3180/3097 2834/3161/3079
f 2834/3161/3079 2843/3180/3097 2844/3181/3098 2835/3162/3080
f 2835/3162/3080 2844/3181/3098 2837/3182/3099 2828/3163/3081
f 2927/3183/3100 2936/3164/3082 2943/3165/3083 2934/3184/3101
f 2934/3184/3101 2943/3165/3083 2942/3166/3084 2933/3185/3102
f 2933/3185/3102 2942/3166/3084 2941/3167/3085 2932/3186/3103
f 2932/3186/3103 2941/3167/3085 2940/3168/3086 2931/3187/3104
f 2931/3188/3104 2940/3169/3086 2939/3170/3087 2930/3189/3105
f 2930/3189/3105 2939/3170/3087 2938/3171/3088 2929/3190/3106
f 2929/3190/3106 2938/3171/3088 2937/3172/3089 2928/3191/3107
f 2928/3191/3107 2937/3172/3089 2935/3173/3090 2926/3192/3108
f 2836/3174/3091 2845/3193/3109 2847/3194/3110 2838/3175/3092
f 2838/3175/3092 2847/3194/3110 2848/3195/3111 2839/3176/3093
f 2839/3176/3093 2848/3195/3111 2849/3196/3112 2840/3177/3094
f 2840/3177/3094 2849/3196/3112 2850/3197/3113 2841/3178/3095
f 2841/3178/3095 2850/3197/3113 2851/3198/3114 2842/3179/3096
f 2842/3179/3096 2851/3198/3114 2852/3199/3115 2843/3180/3097
f 2843/3180/3097 2852/3199/3115 2853/3200/3116 2844/3181/3098
f 2844/3181/3098 2853/3200/3116 2846/3201/3117 2837/3182/3099
f 2918/3202/3118 2927/3183/3119 2934/3184/3120 2925/3203/3121
f 2925/3203/3121 2934/3184/3120 2933/3185/3122 2924/3204/3123
f 2924/3204/3123 2933/3185/3122 2932/3186/3124 2923/3205/3125
f 2923/3205/3125 2932/3186/3124 2931/3187/3126 2922/3206/3127
f 2922/3207/3127 2931/3188/3126 2930/3189/3128 2921/3208/3129
f 2921/3208/3129 2930/3189/3128 2929/3190/3130 2920/3209/3131
f 2920/3209/3131 2929/3190/3130 2928/3191/3132 2919/3210/3133
f 2919/3210/3133 2928/3191/3132 2926/3192/3134 2917/3211/3135
f 2845/3193/3136 2854/3212/3137 2856/3213/3138 2847/3194/3139
f 2847/3194/3139 2856/3213/3138 2857/3214/3140 2848/3195/3141
f 2848/3195/3141 2857/3214/3140 2858/3215/3142 2849/3196/3143
f 2849/3196/3143 2858/3215/3142 2859/3216/3144 2850/3197/3145
f 2850/3197/3145 2859/3216/3144 2860/3217/3146 2851/3198/3147
f 2851/3198/3147 2860/3217/3146 2861/3218/3148 2852/3199/3149
f 2852/3199/3149 2861/3218/3148 2862/3219/3150 2853/3200/3151
f 2853/3200/3151 2862/3219/3150 2855/3220/3152 2846/3201/3153
f 2909/3221/3154 2918/3202/3155 2925/3203/3156 2916/3222/3157
f 2916/3222/3157 2925/3203/3156 2924/3204/3158 2915/3223/3159
f 2915/3223/3159 2924/3204/3158 2923/3205/3160 2914/3224/3161
f 2914/3224/3161 2923/3205/3160 2922/3206/3162 2913/3225/3163
f 2913/3226/3163 2922/3207/3162 2921/3208/3164 2912/3227/3165
f 2912/3227/3165 2921/3208/3164 2920/3209/3166 2911/3228/3167
f 2911/3228/3167 2920/3209/3166 2919/3210/3168 2910/3229/3169
f 2910/3229/3169 2919/3210/3168 2917/3211/3170 2908/3230/3171
f 2854/3212/3172 2863/3231/3173 2865/3232/3174 2856/3213/3175
f 2856/3213/3175 2865/3232/3174 2866/3233/3176 2857/3214/3177
f 2857/3214/3177 2866/3233/3176 2867/3234/3178 2858/3215/3179
f 2858/3215/3179 2867/3234/3178 2868/3235/3180 2859/3216/3181
f 2859/3216/3181 2868/3235/3180 2869/3236/3182 2860/3217/3183
f 2860/3217/3183 2869/3236/3182 2870/3237/3184 2861/3218/3185
f 2861/3218/3185 2870/3237/3184 2871/3238/3186 2862/3219/3187
f 2862/3219/3187 2871/3238/3186 2864/3239/3188 2855/3220/3189
f 2900/3240/3190 2909/3221/3191 2916/3222/3192 2907/3241/3193
f 2907/3241/3193 2916/3222/3192 2915/3223/3194 2906/3242/3195
f 2906/3242/3195 2915/3223/3194 2914/3224/3196 2905/3243/3197
f 2905/3243/3197 2914/3224/3196 2913/3225/3198 2904/3244/3199
f 2904/3245/3199 2913/3226/3198 2912/3227/3200 2903/3246/3201
f 2903/3246/3201 2912/3227/3200 2911/3228/3202 2902/3247/3203
f 2902/3247/3203 2911/3228/3202 2910/3229/3204 2901/3248/3205
f 2901/3248/3205 2910/3229/3204 2908/3230/3206 2899/3249/3207
f 2863/3231/3208 2872/3250/3209 2874/3251/3210 2865/3232/3211
f 2865/3232/3211 2874/3251/3210 2875/3252/3212 2866/3233/3213
f 2866/3233/3213 2875/3252/3212 2876/3253/3214 2867/3234/3215
f 2867/3234/3215 2876/3253/3214 2877/3254/3216 2868/3235/3217
f 2868/3235/3217 2877/3254/3216 2878/3255/3218 2869/3236/3219
f 2869/3236/3219 2878/3255/3218 2879/3256/3220 2870/3237/3221
f 2870/3237/3221 2879/3256/3220 2880/3257/3222 2871/3238/3223
f 2871/3238/3223 2880/3257/3222 2873/3258/3224 2864/3239/3225
f 3071/3259/3226 3080/3051/3227 3087/3050/3228 3078/3260/3229
f 3078/3260/3229 3087/3050/3228 3086/3049/3230 3077/3261/3231
f 3077/3261/3231 3086/3049/3230 3085/3048/3232 3076/3262/3233
f 3076/3262/3233 3085/3048/3232 3084/3047/3234 3075/3263/3235
f 3075/3263/3235 3084/3047/3234 3083/3046/3236 3074/3264/3237
f 3074/3264/3237 3083/3046/3236 3082/3045/3238 3073/3265/3239
f 3073/3265/3239 3082/3045/3238 3081/3044/3240 3072/3266/3241
f 3072/3266/3241 3081/3044/3240 3079/3043/3242 3070/3267/3243
f 3062/3268/3244 3071/3259/3226 3078/3260/3229 3069/3269/3245
f 3069/3269/3245 3078/3260/3229 3077/3261/3231 3068/3270/3246
f 3068/3270/3246 3077/3261/3231 3076/3262/3233 3067/3271/3247
f 3067/3271/3247 3076/3262/3233 3075/3263/3235 3066/3272/3248
f 3066/3272/3248 3075/3263/3235 3074/3264/3237 3065/3273/3249
f 3065/3273/3249 3074/3264/3237 3073/3265/3239 3064/3274/3250
f 3064/3274/3250 3073/3265/3239 3072/3266/3241 3063/3275/3251
f 3063/3275/3251 3072/3266/3241 3070/3267/3243 3061/3276/3252
f 3053/3277/3253 3062/3268/3244 3069/3269/3245 3060/3278/3254
f 3060/3278/3254 3069/3269/3245 3068/3270/3246 3059/3279/3255
f 3059/3279/3255 3068/3270/3246 3067/3271/3247 3058/3280/3256
f 3058/3280/3256 3067/3271/3247 3066/3272/3248 3057/3281/3257
f 3057/3281/3257 3066/3272/3248 3065/3273/3249 3056/3282/3258
f 3056/3282/3258 3065/3273/3249 3064/3274/3250 3055/3283/3259
f 3055/3283/3259 3064/3274/3250 3063/3275/3251 3054/3284/3260
f 3054/3284/3260 3063/3275/3251 3061/3276/3252 3052/3285/3261
f 3044/3286/3262 3053/3277/3253 3060/3278/3254 3051/3287/3263
f 3051/3287/3263 3060/3278/3254 3059/3279/3255 3050/3288/3264
f 3050/3288/3264 3059/3279/3255 3058/3280/3256 3049/3289/3265
f 3049/3289/3265 3058/3280/3256 3057/3281/3257 3048/3290/3266
f 3048/3290/3266 3057/3281/3257 3056/3282/3258 3047/3291/3267
f 3047/3291/3267 3056/3282/3258 3055/3283/3259 3046/3292/3268
f 3046/3292/3268 3055/3283/3259 3054/3284/3260 3045/3293/3269
f 3045/3293/3269 3054/3284/3260 3052/3285/3261 3043/3294/3270
f 3035/3295/3271 3044/3286/3262 3051/3287/3263 3042/3296/3272
f 3042/3296/3272 3051/3287/3263 3050/3288/3264 3041/3297/3273
f 3041/3297/3273 3050/3288/3264 3049/3289/3265 3040/3298/3274
f 3040/3298/3274 3049/3289/3265 3048/3290/3266 3039/3299/3275
f 3039/3299/3275 3048/3290/3266 3047/3291/3267 3038/3300/3276
f 3038/3300/3276 3047/3291/3267 3046/3292/3268 3037/3301/3277
f 3037/3301/3277 3046/3292/3268 3045/3293/3269 3036/3302/3278
f 3036/3302/3278 3045/3293/3269 3043/3294/3270 3034/3303/3279
f 3026/3304/3280 3035/3295/3271 3042/3296/3272 3033/3305/3281
f 3033/3305/3281 3042/3296/3272 3041/3297/3273 3032/3306/3282
f 3032/3306/3282 3041/3297/3273 3040/3298/3274 3031/3307/3283
f 3031/3307/3283 3040/3298/3274 3039/3299/3275 3030/3308/3284
f 3030/3308/3284 3039/3299/3275 3038/3300/3276 3029/3309/3285
f 3029/3309/3285 3038/3300/3276 3037/3301/3277 3028/3310/3286
f 3028/3310/3286 3037/3301/3277 3036/3302/3278 3027/3311/3287
f 3027/3311/3287 3036/3302/3278 3034/3303/3279 3025/3312/3288
f 3017/3313/3289 3026/3304/3290 3033/3305/3291 3024/3314/3292
f 3024/3314/3292 3033/3305/3291 3032/3306/3293 3023/3315/3294
f 3023/3315/3294 3032/3306/3293 3031/3307/3295 3022/3316/3296
f 3022/3316/3296 3031/3307/3295 3030/3308/3297 3021/3317/3298
f 3021/3317/3298 3030/3308/3297 3029/3309/3299 3020/3318/3300
f 3020/3318/3300 3029/3309/3299 3028/3310/3301 3019/3319/3302
f 3019/3319/3302 3028/3310/3301 3027/3311/3303 3018/3320/3304
f 3018/3320/3304 3027/3311/3303 3025/3312/3305 3016/3321/3306
f 3008/3322/3307 3017/3313/3308 3024/3314/3309 3015/3323/3310
f 3015/3323/3310 3024/3314/3309 3023/3315/3311 3014/3324/3312
f 3014/3324/3312 3023/3315/3311 3022/3316/3313 3013/3325/3314
f 3013/3325/3314 3022/3316/3313 3021/3317/3315 3012/3326/3316
f 3012/3326/3316 3021/3317/3315 3020/3318/3317 3011/3327/3318
f 3011/3327/3318 3020/3318/3317 3019/3319/3319 3010/3328/3320
f 3010/3328/3320 3019/3319/3319 3018/3320/3321 3009/3329/3322
f 3009/3329/3322 3018/3320/3321 3016/3321/3323 3007/3330/3324
f 2999/3331/3325 3008/3322/3326 3015/3323/3327 3006/3332/3328
f 3006/3332/3328 3015/3323/3327 3014/3324/3329 3005/3333/3330
f 3005/3333/3330 3014/3324/3329 3013/3325/3331 3004/3334/3332
f 3004/3334/3332 3013/3325/3331 3012/3326/3333 3003/3335/3334
f 3003/3335/3334 3012/3326/3333 3011/3327/3335 3002/3336/3336
f 3002/3336/3336 3011/3327/3335 3010/3328/3337 3001/3337/3338
f 3001/3337/3338 3010/3328/3337 3009/3329/3339 3000/3338/3340
f 3000/3338/3340 3009/3329/3339 3007/3330/3341 2998/3339/3342
f 3170/3340/3343 3179/3060/3344 3186/3059/3345 3177/3341/3346
f 3177/3341/3346 3186/3059/3345 3185/3058/3347 3176/3342/3348
f 3176/3342/3348 3185/3058/3347 3184/3057/3349 3175/3343/3350
f 3175/3343/3350 3184/3057/3349 3183/3056/3351 3174/3344/3352
f 3174/3344/3352 3183/3056/3351 3182/3055/3353 3173/3345/3354
f 3173/3345/3354 3182/3055/3353 3181/3054/3355 3172/3346/3356
f 3172/3346/3356 3181/3054/3355 3180/3053/3357 3171/3347/3358
f 3171/3347/3358 3180/3053/3357 3178/3052/3359 3169/3348/3360
f 3161/3349/3361 3170/3340/3343 3177/3341/3346 3168/3350/3362
f 3168/3350/3362 3177/3341/3346 3176/3342/3348 3167/3351/3363
f 3167/3351/3363 3176/3342/3348 3175/3343/3350 3166/3352/3364
f 3166/3352/3364 3175/3343/3350 3174/3344/3352 3165/3353/3365
f 3165/3353/3365 3174/3344/3352 3173/3345/3354 3164/3354/3366
f 3164/3354/3366 3173/3345/3354 3172/3346/3356 3163/3355/3367
f 3163/3355/3367 3172/3346/3356 3171/3347/3358 3162/3356/3368
f 3162/3356/3368 3171/3347/3358 3169/3348/3360 3160/3357/3369
f 3152/3358/3370 3161/3349/3361 3168/3350/3362 3159/3359/3371
f 3159/3359/3371 3168/3350/3362 3167/3351/3363 3158/3360/3372
f 3158/3360/3372 3167/3351/3363 3166/3352/3364 3157/3361/3373
f 3157/3361/3373 3166/3352/3364 3165/3353/3365 3156/3362/3374
f 3156/3362/3374 3165/3353/3365 3164/3354/3366 3155/3363/3375
f 3155/3363/3375 3164/3354/3366 3163/3355/3367 3154/3364/3376
f 3154/3364/3376 3163/3355/3367 3162/3356/3368 3153/3365/3377
f 3153/3365/3377 3162/3356/3368 3160/3357/3369 3151/3366/3378
f 3143/3367/3379 3152/3358/3370 3159/3359/3371 3150/3368/3380
f 3150/3368/3380 3159/3359/3371 3158/3360/3372 3149/3369/3381
f 3149/3369/3381 3158/3360/3372 3157/3361/3373 3148/3370/3382
f 3148/3370/3382 3157/3361/3373 3156/3362/3374 3147/3371/3383
f 3147/3371/3383 3156/3362/3374 3155/3363/3375 3146/3372/3384
f 3146/3372/3384 3155/3363/3375 3154/3364/3376 3145/3373/3385
f 3145/3373/3385 3154/3364/3376 3153/3365/3377 3144/3374/3386
f 3144/3374/3386 3153/3365/3377 3151/3366/3378 3142/3375/3387
f 3134/3376/3388 3143/3367/3379 3150/3368/3380 3141/3377/3389
f 3141/3377/3389 3150/3368/3380 3149/3369/3381 3140/3378/3390
f 3140/3378/3390 3149/3369/3381 3148/3370/3382 3139/3379/3391
f 3139/3379/3391 3148/3370/3382 3147/3371/3383 3138/3380/3392
f 3138/3380/3392 3147/3371/3383 3146/3372/3384 3137/3381/3393
f 3137/3381/3393 3146/3372/3384 3145/3373/3385 3136/3382/3394
f 3136/3382/3394 3145/3373/3385 3144/3374/3386 3135/3383/3395
f 3135/3383/3395 3144/3374/3386 3142/3375/3387 3133/3384/3396
f 3125/3385/3397 3134/3376/3388 3141/3377/3389 3132/3386/3398
f 3132/3386/3398 3141/3377/3389 3140/3378/3390 3131/3387/3399
f 3131/3387/3399 3140/3378/3390 3139/3379/3391 3130/3388/3400
f 3130/3388/3400 3139/3379/3391 3138/3380/3392 3129/3389/3401
f 3129/3389/3401 3138/3380/3392 3137/3381/3393 3128/3390/3402
f 3128/3390/3402 3137/3381/3393 3136/3382/3394 3127/3391/3403
f 3127/3391/3403 3136/3382/3394 3135/3383/3395 3126/3392/3404
f 3126/3392/3404 3135/3383/3395 3133/3384/3396 3124/3393/3405
f 3116/3394/3406 3125/3385/3407 3132/3386/3408 3123/3395/3409
f 3123/3395/3409 3132/3386/3408 3131/3387/3410 3122/3396/3411
f 3122/3396/3411 3131/3387/3410 3130/3388/3412 3121/3397/3413
f 3121/3397/3413 3130/3388/3412 3129/3389/3414 3120/3398/3415
f 3120/3398/3415 3129/3389/3414 3128/3390/3416 3119/3399/3417
f 3119/3399/3417 3128/3390/3416 3127/3391/3418 3118/3400/3419
f 3118/3400/3419 3127/3391/3418 3126/3392/3420 3117/3401/3421
f 3117/3401/3421 3126/3392/3420 3124/3393/3422 3115/3402/3423
f 3107/3403/3424 3116/3394/3425 3123/3395/3426 3114/3404/3427
f 3114/3404/3427 3123/3395/3426 3122/3396/3428 3113/3405/3429
f 3113/3405/3429 3122/3396/3428 3121/3397/3430 3112/3406/3431
f 3112/3406/3431 3121/3397/3430 3120/3398/3432 3111/3407/3433
f 3111/3407/3433 3120/3398/3432 3119/3399/3434 3110/3408/3435
f 3110/3408/3435 3119/3399/3434 3118/3400/3436 3109/3409/3437
f 3109/3409/3437 3118/3400/3436 3117/3401/3438 3108/3410/3439
f 3108/3410/3439 3117/3401/3438 3115/3402/3440 3106/3411/3441
f 3098/3412/3442 3107/3403/3443 3114/3404/3444 3105/3413/3445
f 3105/3413/3445 3114/3404/3444 3113/3405/3446 3104/3414/3447
f 3104/3414/3447 3113/3405/3446 3112/3406/3448 3103/3415/3449
f 3103/3415/3449 3112/3406/3448 3111/3407/3450 3102/3416/3451
f 3102/3416/3451 3111/3407/3450 3110/3408/3452 3101/3417/3453
f 3101/3417/3453 3110/3408/3452 3109/3409/3454 3100/3418/3455
f 3100/3418/3455 3109/3409/3454 3108/3410/3456 3099/3419/3457
f 3099/3419/3457 3108/3410/3456 3106/3411/3458 3097/3420/3459
f 3091/2908/2256 3100/3418/2256 3099/3419/2256 3090/2531/2256
f 3000/3338/2256 2998/3339/2256 2900/3240/2256 2907/3241/2256 2906/3242/2256 2905/3243/2256 2904/3245/2256 2903/3246/2256 2902/3247/2256 2901/3248/2256 2899/3249/2256 2873/3258/2256 2880/3257/2256 2879/3256/2256 2878/3255/2256 2877/3254/2256 2876/3253/2256 2875/3252/2256 2874/3251/2256 2872/3250/2256 3098/3412/2256 3105/3413/2256 3104/3414/2256 3103/3415/2256 3102/3416/2256 3101/3417/2256 3100/3418/2256 3091/2908/2256 3092/3421/2256 3093/3422/2256 3094/2796/2256 3095/2795/2256 3096/2794/2256 3089/2793/2256 2881/3423/2256 2883/2917/2256 2884/2574/2256 2885/2571/2256 2886/2573/2256 2887/3424/2256 2888/2562/2256 2889/2564/2256 2882/3425/2256 2890/2810/2256 2892/2809/2256 2893/3426/2256 2894/3427/2256 2895/2547/2256 2896/2546/2256 2897/2551/2256 2898/2577/2256 2891/2579/2256 2989/3428/2256 2991/3429/2256 2992/3430/2256 2993/2916/2256 2994/2915/2256 2995/3431/2256 2996/2536/2256 2997/2535/2256 2990/2561/2256 3088/2532/2256 3090/2531/2256 3099/3419/2256 3097/3420/2256 2999/3331/2256 3006/3332/2256 3005/3333/2256 3004/3334/2256 3003/3335/2256 3002/3336/2256 3001/3337/2256
f 2345/3432/3460 3503/3433/3461 3505/2901/2802 2347/2900/2801
f 2343/3032/3462 3352/3434/3463 3353/3435/3464 2344/2768/3465
f 2348/2903/2804 3506/2902/2803 3507/2781/2621 2349/2780/2620
f 3814/3436/3466 2358/3028/3467 2359/3029/3468 3815/3437/3469
f 2350/3030/2623 3508/3438/2622 3509/3439/3470 2351/2519/3471
f 3816/3440/3472 2360/3022/3473 2361/3023/3474 3817/3441/3475
f 2338/2792/3476 3347/3442/3477 3348/2525/2273 2339/2524/2272
f 2587/2815/3478 2991/3429/3479 2989/3428/3480 2585/2812/3481
f 2344/2768/3465 3353/3435/3464 3346/3443/3482 2337/2769/3483
f 2345/3432/3460 2354/3015/3484 3810/3444/3485 3503/3433/3461
f 3187/2510/2258 3196/3445/3486 3198/3446/3487 3189/2511/2259
f 3189/2511/2259 3198/3446/3487 3199/3447/3488 3190/2513/2261
f 3190/2513/2261 3199/3447/3488 3200/3448/3489 3191/3449/3490
f 3191/3449/3490 3200/3448/3489 3201/3450/3491 3192/3451/3492
f 3192/3451/3492 3201/3450/3491 3202/3452/3493 3193/3453/3494
f 3193/3453/3494 3202/3452/3493 3203/3454/3495 3194/2527/2275
f 3194/2527/2275 3203/3454/3495 3204/3455/3496 3195/2528/2276
f 3195/2528/2276 3204/3455/3496 3197/3456/3497 3188/2555/2303
f 3196/3445/3486 3205/3457/3498 3207/3458/3499 3198/3446/3487
f 3198/3446/3487 3207/3458/3499 3208/3459/3500 3199/3447/3488
f 3199/3447/3488 3208/3459/3500 3209/3460/3501 3200/3448/3489
f 3200/3448/3489 3209/3460/3501 3210/3461/3502 3201/3450/3491
f 3201/3450/3491 3210/3461/3502 3211/3462/3503 3202/3452/3493
f 3202/3452/3493 3211/3462/3503 3212/3463/3504 3203/3454/3495
f 3203/3454/3495 3212/3463/3504 3213/3464/3505 3204/3455/3496
f 3204/3455/3496 3213/3464/3505 3206/3465/3506 3197/3456/3497
f 3205/3457/3498 3214/3466/3507 3216/3467/3508 3207/3458/3499
f 3207/3458/3499 3216/3467/3508 3217/3468/3509 3208/3459/3500
f 3208/3459/3500 3217/3468/3509 3218/3469/3510 3209/3460/3501
f 3209/3460/3501 3218/3469/3510 3219/3470/3511 3210/3461/3502
f 3210/3461/3502 3219/3470/3511 3220/3471/3512 3211/3462/3503
f 3211/3462/3503 3220/3471/3512 3221/3472/3513 3212/3463/3504
f 3212/3463/3504 3221/3472/3513 3222/3473/3514 3213/3464/3505
f 3213/3464/3505 3222/3473/3514 3215/3474/3515 3206/3465/3506
f 3214/3466/3507 3223/3475/3516 3225/3476/3517 3216/3467/3508
f 3216/3467/3508 3225/3476/3517 3226/3477/3518 3217/3468/3509
f 3217/3468/3509 3226/3477/3518 3227/3478/3519 3218/3469/3510
f 3218/3469/3510 3227/3478/3519 3228/3479/3520 3219/3470/3511
f 3219/3470/3511 3228/3479/3520 3229/3480/3521 3220/3471/3512
f 3220/3471/3512 3229/3480/3521 3230/3481/3522 3221/3472/3513
f 3221/3472/3513 3230/3481/3522 3231/3482/3523 3222/3473/3514
f 3222/3473/3514 3231/3482/3523 3224/3483/3524 3215/3474/3515
f 3223/3475/3516 3232/3484/3525 3234/3485/3526 3225/3476/3517
f 3225/3476/3517 3234/3485/3526 3235/3486/3527 3226/3477/3518
f 3226/3477/3518 3235/3486/3527 3236/3487/3528 3227/3478/3519
f 3227/3478/3519 3236/3487/3528 3237/3488/3529 3228/3479/3520
f 3228/3479/3520 3237/3488/3529 3238/3489/3530 3229/3480/3521
f 3229/3480/3521 3238/3489/3530 3239/3490/3531 3230/3481/3522
f 3230/3481/3522 3239/3490/3531 3240/3491/3532 3231/3482/3523
f 3231/3482/3523 3240/3491/3532 3233/3492/3533 3224/3483/3524
f 2351/2519/3471 3509/3439/3470 3510/3493/3534 2352/2515/3535
f 3322/3494/3536 3336/2479/3537 3338/2478/3538 3324/3495/3539
f 3232/3484/3525 3241/3496/3540 3243/3497/3541 3234/3485/3526
f 3234/3485/3526 3243/3497/3541 3244/3498/3542 3235/3486/3527
f 3235/3486/3527 3244/3498/3542 3245/3499/3543 3236/3487/3528
f 3236/3487/3528 3245/3499/3543 3246/3500/3544 3237/3488/3529
f 3237/3488/3529 3246/3500/3544 3247/3501/3545 3238/3489/3530
f 3238/3489/3530 3247/3501/3545 3248/3502/3546 3239/3490/3531
f 3239/3490/3531 3248/3502/3546 3249/3503/3547 3240/3491/3532
f 3240/3491/3532 3249/3503/3547 3242/3504/3548 3233/3492/3533
f 3241/3496/3540 3250/3505/3549 3252/3506/3550 3243/3497/3541
f 3243/3497/3541 3252/3506/3550 3253/3507/3551 3244/3498/3542
f 3244/3498/3542 3253/3507/3551 3254/3508/3552 3245/3499/3543
f 3245/3499/3543 3254/3508/3552 3255/3509/3553 3246/3500/3544
f 3246/3500/3544 3255/3509/3553 3256/3510/3554 3247/3501/3545
f 3247/3501/3545 3256/3510/3554 3257/3511/3555 3248/3502/3546
f 3248/3502/3546 3257/3511/3555 3258/3512/3556 3249/3503/3547
f 3249/3503/3547 3258/3512/3556 3251/3513/3557 3242/3504/3548
f 3250/3505/3549 3259/3514/3558 3261/3515/3559 3252/3506/3550
f 3252/3506/3550 3261/3515/3559 3262/3516/3560 3253/3507/3551
f 3253/3507/3551 3262/3516/3560 3263/3517/3561 3254/3508/3552
f 3254/3508/3552 3263/3517/3561 3264/3518/3562 3255/3509/3553
f 3255/3509/3553 3264/3518/3562 3265/3519/3563 3256/3510/3554
f 3256/3510/3554 3265/3519/3563 3266/3520/3564 3257/3511/3555
f 3257/3511/3555 3266/3520/3564 3267/3521/3565 3258/3512/3556
f 3258/3512/3556 3267/3521/3565 3260/3522/3566 3251/3513/3557
f 3259/3514/3558 3268/3523/3567 3270/3524/3568 3261/3515/3559
f 3261/3515/3559 3270/3524/3568 3271/3525/3569 3262/3516/3560
f 3262/3516/3560 3271/3525/3569 3272/3526/3570 3263/3517/3561
f 3263/3517/3561 3272/3526/3570 3273/3527/3571 3264/3518/3562
f 3264/3518/3562 3273/3527/3571 3274/3528/3572 3265/3519/3563
f 3265/3519/3563 3274/3528/3572 3275/3529/3573 3266/3520/3564
f 3266/3520/3564 3275/3529/3573 3276/3530/3574 3267/3521/3565
f 3267/3521/3565 3276/3530/3574 3269/3531/3575 3260/3522/3566
f 3268/3523/3567 3277/3532/3576 3279/3533/3577 3270/3524/3568
f 3270/3524/3568 3279/3533/3577 3280/3534/3578 3271/3525/3569
f 3271/3525/3569 3280/3534/3578 3281/3535/3579 3272/3526/3570
f 3272/3526/3570 3281/3535/3579 3282/3536/3580 3273/3527/3571
f 3273/3527/3571 3282/3536/3580 3283/3537/3581 3274/3528/3572
f 3274/3528/3572 3283/3537/3581 3284/3538/3582 3275/3529/3573
f 3275/3529/3573 3284/3538/3582 3285/3539/3583 3276/3530/3574
f 3276/3530/3574 3285/3539/3583 3278/3540/3584 3269/3531/3575
f 3277/3532/3576 3286/3541/3585 3288/3542/3586 3279/3533/3577
f 3279/3533/3577 3288/3542/3586 3289/3543/3587 3280/3534/3578
f 3280/3534/3578 3289/3543/3587 3290/3544/3588 3281/3535/3579
f 3281/3535/3579 3290/3544/3588 3291/3545/3589 3282/3536/3580
f 3282/3536/3580 3291/3545/3589 3292/3546/3590 3283/3537/3581
f 3283/3537/3581 3292/3546/3590 3293/3547/3591 3284/3538/3582
f 3284/3538/3582 3293/3547/3591 3294/3548/3592 3285/3539/3583
f 3285/3539/3583 3294/3548/3592 3287/3549/3593 3278/3540/3584
f 3286/3541/3585 3295/3550/3594 3297/3551/3595 3288/3542/3586
f 3288/3542/3586 3297/3551/3595 3298/3552/3596 3289/3543/3587
f 3289/3543/3587 3298/3552/3596 3299/3553/3597 3290/3544/3588
f 3290/3544/3588 3299/3553/3597 3300/3554/3598 3291/3545/3589
f 3291/3545/3589 3300/3554/3598 3301/3555/3599 3292/3546/3590
f 3292/3546/3590 3301/3555/3599 3302/3556/3600 3293/3547/3591
f 3293/3547/3591 3302/3556/3600 3303/3557/3601 3294/3548/3592
f 3294/3548/3592 3303/3557/3601 3296/3558/3602 3287/3549/3593
f 3295/3550/3594 3304/3559/3603 3306/3560/3604 3297/3551/3595
f 3297/3551/3595 3306/3560/3604 3307/3561/3605 3298/3552/3596
f 3298/3552/3596 3307/3561/3605 3308/3562/3606 3299/3553/3597
f 3299/3553/3597 3308/3562/3606 3309/3563/3607 3300/3554/3598
f 3300/3554/3598 3309/3563/3607 3310/3564/3608 3301/3555/3599
f 3301/3555/3599 3310/3564/3608 3311/3565/3609 3302/3556/3600
f 3302/3556/3600 3311/3565/3609 3312/3566/3610 3303/3557/3601
f 3303/3557/3601 3312/3566/3610 3305/3567/3611 3296/3558/3602
f 3304/3559/3603 3313/3568/3612 3315/3569/3613 3306/3560/3604
f 3306/3560/3604 3315/3569/3613 3316/3570/3614 3307/3561/3605
f 3307/3561/3605 3316/3570/3614 3317/3571/3615 3308/3562/3606
f 3308/3562/3606 3317/3571/3615 3318/3572/3616 3309/3563/3607
f 3309/3563/3607 3318/3572/3616 3319/3573/3617 3310/3564/3608
f 3310/3564/3608 3319/3573/3617 3320/3574/3618 3311/3565/3609
f 3311/3565/3609 3320/3574/3618 3321/3575/3619 3312/3566/3610
f 3312/3566/3610 3321/3575/3619 3314/3576/3620 3305/3567/3611
f 3313/3568/3612 3322/3494/3536 3324/3495/3539 3315/3569/3613
f 3315/3569/3613 3324/3495/3539 3325/3577/3621 3316/3570/3614
f 3316/3570/3614 3325/3577/3621 3326/3578/3622 3317/3571/3615
f 3317/3571/3615 3326/3578/3622 3327/3579/3623 3318/3572/3616
f 3318/3572/3616 3327/3579/3623 3328/3580/3624 3319/3573/3617
f 3319/3573/3617 3328/3580/3624 3329/3581/3625 3320/3574/3618
f 3320/3574/3618 3329/3581/3625 3330/2789/2634 3321/3575/3619
f 3321/3575/3619 3330/2789/2634 3323/2790/2637 3314/3576/3620
f 3488/3582/3626 3496/2481/3627 3494/2480/3628 3481/3583/3629
f 3548/3584/3630 3539/3585/3631 3530/3586/3632 3783/3587/3633 3774/3588/3634 3765/3589/3635
f 3325/3577/3621 3331/3590/3636 3332/3591/3637 3326/3578/3622
f 3326/3578/3622 3332/3591/3637 3333/3592/3638 3327/3579/3623
f 3327/3579/3623 3333/3592/3638 3334/3593/3639 3328/3580/3624
f 3328/3580/3624 3334/3593/3639 3335/3594/3640 3329/3581/3625
f 3651/3595/3641 3659/2455/3642 3660/2454/3643 3646/3596/3644 3645/3597/3645
f 3480/3598/3646 3495/2452/3647 3502/2451/3648 3482/3599/3649
f 3331/3590/3636 3339/2477/3650 3340/2476/3651 3332/3591/3637
f 3332/3591/3637 3340/2476/3651 3341/2475/3652 3333/3592/3638
f 3333/3592/3638 3341/2475/3652 3342/2474/3653 3334/3593/3639
f 3334/3593/3639 3342/2474/3653 3343/2473/3654 3335/3594/3640
f 2346/2558/2306 2783/2557/2305 2790/3014/3655 2353/3600/3656
f 3817/3441/3475 2361/3023/3474 2362/3024/3657 3818/3601/3658
f 2589/2819/2822 2993/2916/2821 2992/3430/3659 2588/2817/3660
f 2332/3026/3661 3192/3451/3492 3193/3453/3494 2333/2904/3662
f 2331/3025/3663 3191/3449/3490 3192/3451/3492 2332/3026/3661
f 2330/2514/2262 3190/2513/2261 3191/3449/3490 2331/3025/3663
f 3810/3444/3485 2354/3015/3484 2356/3016/3664 3812/3602/3665
f 3818/3601/3658 2362/3024/3657 2355/2553/2301 3811/2552/2300
f 2353/3600/3666 3511/3603/3667 3504/3604/3668 2346/2558/3669
f 3345/3605/3670 3354/3606/3671 3356/3607/3672 3347/3442/3477
f 3347/3442/3477 3356/3607/3672 3357/3608/3673 3348/2525/2273
f 3348/2525/2273 3357/3608/3673 3358/3609/3674 3349/2521/2269
f 3349/2521/2269 3358/3609/3674 3359/3610/3675 3350/2522/2270
f 3350/2522/2270 3359/3610/3675 3360/3611/3676 3351/3612/3677
f 3351/3612/3677 3360/3611/3676 3361/3613/3678 3352/3434/3463
f 3352/3434/3463 3361/3613/3678 3362/3614/3679 3353/3435/3464
f 3353/3435/3464 3362/3614/3679 3355/3615/3680 3346/3443/3482
f 3354/3606/3671 3363/3616/3681 3365/3617/3682 3356/3607/3672
f 3356/3607/3672 3365/3617/3682 3366/3618/3683 3357/3608/3673
f 3357/3608/3673 3366/3618/3683 3367/3619/3684 3358/3609/3674
f 3358/3609/3674 3367/3619/3684 3368/3620/3685 3359/3610/3675
f 3359/3610/3675 3368/3620/3685 3369/3621/3686 3360/3611/3676
f 3360/3611/3676 3369/3621/3686 3370/3622/3687 3361/3613/3678
f 3361/3613/3678 3370/3622/3687 3371/3623/3688 3362/3614/3679
f 3362/3614/3679 3371/3623/3688 3364/3624/3689 3355/3615/3680
f 3363/3616/3681 3372/3625/3690 3374/3626/3691 3365/3617/3682
f 3365/3617/3682 3374/3626/3691 3375/3627/3692 3366/3618/3683
f 3366/3618/3683 3375/3627/3692 3376/3628/3693 3367/3619/3684
f 3367/3619/3684 3376/3628/3693 3377/3629/3694 3368/3620/3685
f 3368/3620/3685 3377/3629/3694 3378/3630/3695 3369/3621/3686
f 3369/3621/3686 3378/3630/3695 3379/3631/3696 3370/3622/3687
f 3370/3622/3687 3379/3631/3696 3380/3632/3697 3371/3623/3688
f 3371/3623/3688 3380/3632/3697 3373/3633/3698 3364/3624/3689
f 3372/3625/3690 3381/3634/3699 3383/3635/3700 3374/3626/3691
f 3374/3626/3691 3383/3635/3700 3384/3636/3701 3375/3627/3692
f 3375/3627/3692 3384/3636/3701 3385/3637/3702 3376/3628/3693
f 3376/3628/3693 3385/3637/3702 3386/3638/3703 3377/3629/3694
f 3377/3629/3694 3386/3638/3703 3387/3639/3704 3378/3630/3695
f 3378/3630/3695 3387/3639/3704 3388/3640/3705 3379/3631/3696
f 3379/3631/3696 3388/3640/3705 3389/3641/3706 3380/3632/3697
f 3380/3632/3697 3389/3641/3706 3382/3642/3707 3373/3633/3698
f 3381/3634/3699 3390/3643/3708 3392/3644/3709 3383/3635/3700
f 3383/3635/3700 3392/3644/3709 3393/3645/3710 3384/3636/3701
f 3384/3636/3701 3393/3645/3710 3394/3646/3711 3385/3637/3702
f 3385/3637/3702 3394/3646/3711 3395/3647/3712 3386/3638/3703
f 3386/3638/3703 3395/3647/3712 3396/3648/3713 3387/3639/3704
f 3387/3639/3704 3396/3648/3713 3397/3649/3714 3388/3640/3705
f 3388/3640/3705 3397/3649/3714 3398/3650/3715 3389/3641/3706
f 3389/3641/3706 3398/3650/3715 3391/3651/3716 3382/3642/3707
f 3390/3643/3708 3399/3652/3717 3401/3653/3718 3392/3644/3709
f 3392/3644/3709 3401/3653/3718 3402/3654/3719 3393/3645/3710
f 3393/3645/3710 3402/3654/3719 3403/3655/3720 3394/3646/3711
f 3394/3646/3711 3403/3655/3720 3404/3656/3721 3395/3647/3712
f 3395/3647/3712 3404/3656/3721 3405/3657/3722 3396/3648/3713
f 3396/3648/3713 3405/3657/3722 3406/3658/3723 3397/3649/3714
f 3397/3649/3714 3406/3658/3723 3407/3659/3724 3398/3650/3715
f 3398/3650/3715 3407/3659/3724 3400/3660/3725 3391/3651/3716
f 3399/3652/3717 3408/3661/3726 3410/3662/3727 3401/3653/3718
f 3401/3653/3718 3410/3662/3727 3411/3663/3728 3402/3654/3719
f 3402/3654/3719 3411/3663/3728 3412/3664/3729 3403/3655/3720
f 3403/3655/3720 3412/3664/3729 3413/3665/3730 3404/3656/3721
f 3404/3656/3721 3413/3665/3730 3414/3666/3731 3405/3657/3722
f 3405/3657/3722 3414/3666/3731 3415/3667/3732 3406/3658/3723
f 3406/3658/3723 3415/3667/3732 3416/3668/3733 3407/3659/3724
f 3407/3659/3724 3416/3668/3733 3409/3669/3734 3400/3660/3725
f 3408/3661/3726 3417/3670/3735 3419/3671/3736 3410/3662/3727
f 3410/3662/3727 3419/3671/3736 3420/3672/3737 3411/3663/3728
f 3411/3663/3728 3420/3672/3737 3421/3673/3738 3412/3664/3729
f 3412/3664/3729 3421/3673/3738 3422/3674/3739 3413/3665/3730
f 3413/3665/3730 3422/3674/3739 3423/3675/3740 3414/3666/3731
f 3414/3666/3731 3423/3675/3740 3424/3676/3741 3415/3667/3732
f 3415/3667/3732 3424/3676/3741 3425/3677/3742 3416/3668/3733
f 3416/3668/3733 3425/3677/3742 3418/3678/3743 3409/3669/3734
f 3417/3670/3735 3426/3679/3744 3428/3680/3745 3419/3671/3736
f 3419/3671/3736 3428/3680/3745 3429/3681/3746 3420/3672/3737
f 3420/3672/3737 3429/3681/3746 3430/3682/3747 3421/3673/3738
f 3421/3673/3738 3430/3682/3747 3431/3683/3748 3422/3674/3739
f 3422/3674/3739 3431/3683/3748 3432/3684/3749 3423/3675/3740
f 3423/3675/3740 3432/3684/3749 3433/3685/3750 3424/3676/3741
f 3424/3676/3741 3433/3685/3750 3434/3686/3751 3425/3677/3742
f 3425/3677/3742 3434/3686/3751 3427/3687/3752 3418/3678/3743
f 3426/3679/3744 3435/3688/3753 3437/3689/3754 3428/3680/3745
f 3428/3680/3745 3437/3689/3754 3438/3690/3755 3429/3681/3746
f 3429/3681/3746 3438/3690/3755 3439/3691/3756 3430/3682/3747
f 3430/3682/3747 3439/3691/3756 3440/3692/3757 3431/3683/3748
f 3431/3683/3748 3440/3692/3757 3441/3693/3758 3432/3684/3749
f 3432/3684/3749 3441/3693/3758 3442/3694/3759 3433/3685/3750
f 3433/3685/3750 3442/3694/3759 3443/3695/3760 3434/3686/3751
f 3434/3686/3751 3443/3695/3760 3436/3696/3761 3427/3687/3752
f 3435/3688/3753 3444/3697/3762 3446/3698/3763 3437/3689/3754
f 3437/3689/3754 3446/3698/3763 3447/3699/3764 3438/3690/3755
f 3438/3690/3755 3447/3699/3764 3448/3700/3765 3439/3691/3756
f 3439/3691/3756 3448/3700/3765 3449/3701/3766 3440/3692/3757
f 3440/3692/3757 3449/3701/3766 3450/3702/3767 3441/3693/3758
f 3441/3693/3758 3450/3702/3767 3451/3703/3768 3442/3694/3759
f 3442/3694/3759 3451/3703/3768 3452/3704/3769 3443/3695/3760
f 3443/3695/3760 3452/3704/3769 3445/3705/3770 3436/3696/3761
f 3444/3697/3762 3453/3706/3771 3455/3707/3772 3446/3698/3763
f 3446/3698/3763 3455/3707/3772 3456/3708/3773 3447/3699/3764
f 3447/3699/3764 3456/3708/3773 3457/3709/3774 3448/3700/3765
f 3448/3700/3765 3457/3709/3774 3458/3710/3775 3449/3701/3766
f 3449/3701/3766 3458/3710/3775 3459/3711/3776 3450/3702/3767
f 3450/3702/3767 3459/3711/3776 3460/3712/3777 3451/3703/3768
f 3451/3703/3768 3460/3712/3777 3461/3713/3778 3452/3704/3769
f 3452/3704/3769 3461/3713/3778 3454/3714/3779 3445/3705/3770
f 3453/3706/3771 3462/3715/3780 3464/3716/3781 3455/3707/3772
f 3455/3707/3772 3464/3716/3781 3465/3717/3782 3456/3708/3773
f 3456/3708/3773 3465/3717/3782 3466/3718/3783 3457/3709/3774
f 3457/3709/3774 3466/3718/3783 3467/3719/3784 3458/3710/3775
f 3458/3710/3775 3467/3719/3784 3468/3720/3785 3459/3711/3776
f 3459/3711/3776 3468/3720/3785 3469/3721/3786 3460/3712/3777
f 3460/3712/3777 3469/3721/3786 3470/3722/3787 3461/3713/3778
f 3461/3713/3778 3470/3722/3787 3463/3723/3788 3454/3714/3779
f 3462/3715/3780 3471/3724/3789 3473/3725/3790 3464/3716/3781
f 3464/3716/3781 3473/3725/3790 3474/3726/3791 3465/3717/3782
f 3465/3717/3782 3474/3726/3791 3475/3727/3792 3466/3718/3783
f 3466/3718/3783 3475/3727/3792 3476/3728/3793 3467/3719/3784
f 3467/3719/3784 3476/3728/3793 3477/3729/3794 3468/3720/3785
f 3468/3720/3785 3477/3729/3794 3478/3730/3795 3469/3721/3786
f 3469/3721/3786 3478/3730/3795 3479/3731/3796 3470/3722/3787
f 3470/3722/3787 3479/3731/3796 3472/3732/3797 3463/3723/3788
f 3471/3724/3789 3480/3598/3646 3482/3599/3649 3473/3725/3790
f 3473/3725/3790 3482/3599/3649 3483/3733/3798 3474/3726/3791
f 3474/3726/3791 3483/3733/3798 3484/3734/3799 3475/3727/3792
f 3475/3727/3792 3484/3734/3799 3485/3735/3800 3476/3728/3793
f 3476/3728/3793 3485/3735/3800 3486/3736/3801 3477/3729/3794
f 3477/3729/3794 3486/3736/3801 3487/3737/3802 3478/3730/3795
f 3478/3730/3795 3487/3737/3802 3488/3582/3626 3479/3731/3796
f 3479/3731/3796 3488/3582/3626 3481/3583/3629 3472/3732/3797
f 3646/3596/3644 3660/2454/3643 3653/2453/3803 3639/3738/3804
f 3674/3739/3805 3682/3740/3806 3683/3741/3807 3669/2469/3808 3668/2468/3809
f 3483/3733/3798 3489/3742/3810 3490/3743/3811 3484/3734/3799
f 3484/3734/3799 3490/3743/3811 3491/3744/3812 3485/3735/3800
f 3485/3735/3800 3491/3744/3812 3492/3745/3813 3486/3736/3801
f 3486/3736/3801 3492/3745/3813 3493/3746/3814 3487/3737/3802
f 3663/2463/3815 3677/3747/3816 3678/3748/3817 3670/3749/3818 3664/2464/3819
f 3661/2462/2662 3675/2807/2661 3677/3747/3816 3663/2463/3815
f 3489/3742/3810 3501/2438/3820 3500/2437/3821 3490/3743/3811
f 3490/3743/3811 3500/2437/3821 3499/2442/3822 3491/3744/3812
f 3491/3744/3812 3499/2442/3822 3498/2483/3823 3492/3745/3813
f 3492/3745/3813 3498/2483/3823 3497/2482/3824 3493/3746/3814
f 3812/3602/3665 2356/3016/3664 2357/3027/3825 3813/3750/3826
f 3813/3750/3826 2357/3027/3825 2358/3028/3467 3814/3436/3466
f 2341/2523/2271 3350/2522/2270 3351/3612/3677 2342/3031/3827
f 2333/2904/3662 3193/3453/3494 3194/2527/2275 2334/2526/2274
f 2362/3024/2978 2373/2756/2977 2371/2757/2825 2355/2553/2828
f 2588/2817/3660 2992/3430/3659 2991/3429/3479 2587/2815/3478
f 2335/2529/2277 3195/2528/2276 3188/2555/2303 2328/2554/2302
f 3503/3433/3461 3512/3751/3828 3514/3752/3829 3505/2901/2802
f 3505/2901/2802 3514/3752/3829 3515/3753/3830 3506/2902/2803
f 3506/2902/2803 3515/3753/3830 3516/3754/3831 3507/2781/2621
f 3507/2781/2621 3516/3754/3831 3517/3755/3832 3508/2782/2622
f 3508/3438/2622 3517/3756/3832 3518/3757/3833 3509/3439/3470
f 3509/3439/3470 3518/3757/3833 3519/3758/3834 3510/3493/3534
f 3510/3493/3534 3519/3758/3834 3520/3759/3835 3511/3603/3667
f 3511/3603/3667 3520/3759/3835 3513/3760/3836 3504/3604/3668
f 3512/3751/3828 3521/3761/3837 3523/3762/3838 3514/3752/3829
f 3514/3752/3829 3523/3762/3838 3524/3763/3839 3515/3753/3830
f 3515/3753/3830 3524/3763/3839 3525/3764/3840 3516/3754/3831
f 3516/3754/3831 3525/3764/3840 3526/3765/3841 3517/3755/3832
f 3517/3756/3832 3526/3766/3841 3527/3767/3842 3518/3757/3833
f 3518/3757/3833 3527/3767/3842 3528/3768/3843 3519/3758/3834
f 3519/3758/3834 3528/3768/3843 3529/3769/3844 3520/3759/3835
f 3520/3759/3835 3529/3769/3844 3522/3770/3845 3513/3760/3836
f 3521/3761/3837 3530/3586/3632 3532/3771/3846 3523/3762/3838
f 3523/3762/3838 3532/3771/3846 3533/3772/3847 3524/3763/3839
f 3524/3763/3839 3533/3772/3847 3534/3773/3848 3525/3764/3840
f 3525/3764/3840 3534/3773/3848 3535/3774/3849 3526/3765/3841
f 3526/3766/3841 3535/3775/3849 3536/3776/3850 3527/3767/3842
f 3527/3767/3842 3536/3776/3850 3537/3777/3851 3528/3768/3843
f 3528/3768/3843 3537/3777/3851 3538/3778/3852 3529/3769/3844
f 3529/3769/3844 3538/3778/3852 3531/3779/3853 3522/3770/3845
f 3530/3586/3632 3539/3585/3631 3541/3780/3854 3532/3771/3846
f 3532/3771/3846 3541/3780/3854 3542/3781/3855 3533/3772/3847
f 3533/3772/3847 3542/3781/3855 3543/3782/3856 3534/3773/3848
f 3534/3773/3848 3543/3782/3856 3544/3783/3857 3535/3774/3849
f 3535/3775/3849 3544/3784/3857 3545/3785/3858 3536/3776/3850
f 3536/3776/3850 3545/3785/3858 3546/3786/3859 3537/3777/3851
f 3537/3777/3851 3546/3786/3859 3547/3787/3860 3538/3778/3852
f 3538/3778/3852 3547/3787/3860 3540/3788/3861 3531/3779/3853
f 3539/3585/3631 3548/3584/3630 3550/3789/3862 3541/3780/3854
f 3541/3780/3854 3550/3789/3862 3551/3790/3863 3542/3781/3855
f 3542/3781/3855 3551/3790/3863 3552/3791/3864 3543/3782/3856
f 3543/3782/3856 3552/3791/3864 3553/3792/3865 3544/3783/3857
f 3544/3784/3857 3553/3793/3865 3554/3794/3866 3545/3785/3858
f 3545/3785/3858 3554/3794/3866 3555/3795/3867 3546/3786/3859
f 3546/3786/3859 3555/3795/3867 3556/3796/3868 3547/3787/3860
f 3547/3787/3860 3556/3796/3868 3549/3797/3869 3540/3788/3861
f 2342/3031/3827 3351/3612/3677 3352/3434/3463 2343/3032/3462
f 3495/2452/3647 3480/3598/3646 3639/3738/3804 3653/2453/3803
f 3548/3584/3630 3557/3798/3870 3559/3799/3871 3550/3789/3862
f 3550/3789/3862 3559/3799/3871 3560/3800/3872 3551/3790/3863
f 3551/3790/3863 3560/3800/3872 3561/3801/3873 3552/3791/3864
f 3552/3791/3864 3561/3801/3873 3562/3802/3874 3553/3792/3865
f 3553/3793/3865 3562/3803/3874 3563/3804/3875 3554/3794/3866
f 3554/3794/3866 3563/3804/3875 3564/3805/3876 3555/3795/3867
f 3555/3795/3867 3564/3805/3876 3565/3806/3877 3556/3796/3868
f 3556/3796/3868 3565/3806/3877 3558/3807/3878 3549/3797/3869
f 3557/3798/3870 3566/3808/3879 3568/3809/3880 3559/3799/3871
f 3559/3799/3871 3568/3809/3880 3569/3810/3881 3560/3800/3872
f 3560/3800/3872 3569/3810/3881 3570/3811/3882 3561/3801/3873
f 3561/3801/3873 3570/3811/3882 3571/3812/3883 3562/3802/3874
f 3562/3803/3874 3571/3813/3883 3572/3814/3884 3563/3804/3875
f 3563/3804/3875 3572/3814/3884 3573/3815/3885 3564/3805/3876
f 3564/3805/3876 3573/3815/3885 3574/3816/3886 3565/3806/3877
f 3565/3806/3877 3574/3816/3886 3567/3817/3887 3558/3807/3878
f 3566/3808/3879 3575/3818/3888 3577/3819/3889 3568/3809/3880
f 3568/3809/3880 3577/3819/3889 3578/3820/3890 3569/3810/3881
f 3569/3810/3881 3578/3820/3890 3579/3821/3891 3570/3811/3882
f 3570/3811/3882 3579/3821/3891 3580/3822/3892 3571/3812/3883
f 3571/3813/3883 3580/3823/3892 3581/3824/3893 3572/3814/3884
f 3572/3814/3884 3581/3824/3893 3582/3825/3894 3573/3815/3885
f 3573/3815/3885 3582/3825/3894 3583/3826/3895 3574/3816/3886
f 3574/3816/3886 3583/3826/3895 3576/3827/3896 3567/3817/3887
f 3575/3818/3888 3584/3828/3897 3586/3829/3898 3577/3819/3889
f 3577/3819/3889 3586/3829/3898 3587/3830/3899 3578/3820/3890
f 3578/3820/3890 3587/3830/3899 3588/3831/3900 3579/3821/3891
f 3579/3821/3891 3588/3831/3900 3589/3832/3901 3580/3822/3892
f 3580/3823/3892 3589/3833/3901 3590/3834/3902 3581/3824/3893
f 3581/3824/3893 3590/3834/3902 3591/3835/3903 3582/3825/3894
f 3582/3825/3894 3591/3835/3903 3592/3836/3904 3583/3826/3895
f 3583/3826/3895 3592/3836/3904 3585/3837/3905 3576/3827/3896
f 3584/3828/3897 3593/3838/3906 3595/3839/3907 3586/3829/3898
f 3586/3829/3898 3595/3839/3907 3596/3840/3908 3587/3830/3899
f 3587/3830/3899 3596/3840/3908 3597/3841/3909 3588/3831/3900
f 3588/3831/3900 3597/3841/3909 3598/3842/3910 3589/3832/3901
f 3589/3833/3901 3598/3843/3910 3599/3844/3911 3590/3834/3902
f 3590/3834/3902 3599/3844/3911 3600/3845/3912 3591/3835/3903
f 3591/3835/3903 3600/3845/3912 3601/3846/3913 3592/3836/3904
f 3592/3836/3904 3601/3846/3913 3594/3847/3914 3585/3837/3905
f 3593/3838/3906 3602/3848/3915 3604/3849/3916 3595/3839/3907
f 3595/3839/3907 3604/3849/3916 3605/3850/3917 3596/3840/3908
f 3596/3840/3908 3605/3850/3917 3606/3851/3918 3597/3841/3909
f 3597/3841/3909 3606/3851/3918 3607/3852/3919 3598/3842/3910
f 3598/3843/3910 3607/3853/3919 3608/3854/3920 3599/3844/3911
f 3599/3844/3911 3608/3854/3920 3609/3855/3921 3600/3845/3912
f 3600/3845/3912 3609/3855/3921 3610/3856/3922 3601/3846/3913
f 3601/3846/3913 3610/3856/3922 3603/3857/3923 3594/3847/3914
f 3602/3848/3915 3611/3858/3924 3613/3859/3925 3604/3849/3916
f 3604/3849/3916 3613/3859/3925 3614/3860/3926 3605/3850/3917
f 3605/3850/3917 3614/3860/3926 3615/3861/3927 3606/3851/3918
f 3606/3851/3918 3615/3861/3927 3616/3862/3928 3607/3852/3919
f 3607/3853/3919 3616/3863/3928 3617/3864/3929 3608/3854/3920
f 3608/3854/3920 3617/3864/3929 3618/3865/3930 3609/3855/3921
f 3609/3855/3921 3618/3865/3930 3619/3866/3931 3610/3856/3922
f 3610/3856/3922 3619/3866/3931 3612/3867/3932 3603/3857/3923
f 3611/3858/3924 3620/3868/3933 3622/3869/3934 3613/3859/3925
f 3613/3859/3925 3622/3869/3934 3623/3870/3935 3614/3860/3926
f 3614/3860/3926 3623/3870/3935 3624/3871/3936 3615/3861/3927
f 3615/3861/3927 3624/3871/3936 3625/3872/3937 3616/3862/3928
f 3616/3863/3928 3625/3873/3937 3626/3874/3938 3617/3864/3929
f 3617/3864/3929 3626/3874/3938 3627/3875/3939 3618/3865/3930
f 3618/3865/3930 3627/3875/3939 3628/3876/3940 3619/3866/3931
f 3619/3866/3931 3628/3876/3940 3621/3877/3941 3612/3867/3932
f 3620/3868/3933 3629/2805/2659 3631/3878/3942 3622/3869/3934
f 3622/3869/3934 3631/3878/3942 3632/3879/3943 3623/3870/3935
f 3623/3870/3935 3632/3879/3943 3633/3880/3944 3624/3871/3936
f 3624/3871/3936 3633/3880/3944 3634/3881/3945 3625/3872/3937
f 3625/3873/3937 3634/3882/3945 3635/3883/3946 3626/3874/3938
f 3626/3874/3938 3635/3883/3946 3636/3884/3947 3627/3875/3939
f 3627/3875/3939 3636/3884/3947 3637/3885/3948 3628/3876/3940
f 3628/3876/3940 3637/3885/3948 3630/3886/3949 3621/3877/3941
f 3629/2805/2659 3638/2804/2658 3640/2797/2648 3631/3878/3942
f 3631/3878/3942 3640/2797/2648 3641/2799/2652 3632/3879/3943
f 3632/3879/3943 3641/2799/2652 3642/3887/3950 3633/3880/3944
f 3633/3880/3944 3642/3887/3950 3643/3888/3951 3634/3881/3945
f 3634/3882/3945 3643/3889/3951 3644/3890/3952 3635/3883/3946
f 3635/3883/3946 3644/3890/3952 3645/3597/3645 3636/3884/3947
f 3636/3884/3947 3645/3597/3645 3646/3596/3644 3637/3885/3948
f 3637/3885/3948 3646/3596/3644 3639/3738/3804 3630/3886/3949
f 3493/3746/3814 3497/2482/3824 3496/2481/3627 3488/3582/3626 3487/3737/3802
f 3641/2799/2652 3647/2798/2651 3648/3891/3953 3642/3887/3950
f 3642/3887/3950 3648/3891/3953 3649/3892/3954 3643/3888/3951
f 3643/3889/3951 3649/3893/3954 3650/3894/3955 3644/3890/3952
f 3644/3890/3952 3650/3894/3955 3651/3595/3641 3645/3597/3645
f 3482/3599/3649 3502/2451/3648 3501/2438/3820 3489/3742/3810 3483/3733/3798
f 3669/2469/3808 3683/3741/3807 3676/3895/3956 3662/2470/3957
f 3647/2798/2651 3655/2459/2650 3656/2458/3958 3648/3891/3953
f 3648/3891/3953 3656/2458/3958 3657/2457/3959 3649/3892/3954
f 3649/3893/3954 3657/3896/3959 3658/2456/3960 3650/3894/3955
f 3650/3894/3955 3658/2456/3960 3659/2455/3642 3651/3595/3641
f 3638/2804/2658 3652/2461/2657 3654/2460/2649 3640/2797/2648
f 3324/3495/3539 3338/2478/3538 3339/2477/3650 3331/3590/3636 3325/3577/3621
f 3664/2464/3819 3670/3749/3818 3671/3897/3961 3665/2465/3962
f 3665/2465/3962 3671/3897/3961 3672/3898/3963 3666/2466/3964
f 3666/2466/3964 3672/3898/3963 3673/3899/3965 3667/2467/3966
f 3667/2467/3966 3673/3899/3965 3674/3739/3805 3668/2468/3809
f 3232/3484/3525 3391/3651/3716 3400/3660/3725 3409/3669/3734 3250/3505/3549 3241/3496/3540
f 2484/2598/2647 3094/2796/2646 3093/3422/3967 2470/2570/2318 2483/2569/2317
f 3670/3749/3818 3678/3748/3817 3679/3900/3968 3671/3897/3961
f 3671/3897/3961 3679/3900/3968 3680/3901/3969 3672/3898/3963
f 3672/3898/3963 3680/3901/3969 3681/3902/3970 3673/3899/3965
f 3673/3899/3965 3681/3902/3970 3682/3740/3806 3674/3739/3805
f 3675/2807/2661 3684/2806/2660 3686/3903/3971 3677/3747/3816
f 3677/3747/3816 3686/3903/3971 3687/3904/3972 3678/3748/3817
f 3678/3748/3817 3687/3904/3972 3688/3905/3973 3679/3900/3968
f 3679/3900/3968 3688/3905/3973 3689/3906/3974 3680/3901/3969
f 3680/3901/3969 3689/3906/3974 3690/3907/3975 3681/3902/3970
f 3681/3902/3970 3690/3907/3975 3691/3908/3976 3682/3740/3806
f 3682/3740/3806 3691/3908/3976 3692/3909/3977 3683/3741/3807
f 3683/3741/3807 3692/3909/3977 3685/3910/3978 3676/3895/3956
f 3684/2806/2660 3693/3911/3979 3695/3912/3980 3686/3903/3971
f 3686/3903/3971 3695/3912/3980 3696/3913/3981 3687/3904/3972
f 3687/3904/3972 3696/3913/3981 3697/3914/3982 3688/3905/3973
f 3688/3905/3973 3697/3914/3982 3698/3915/3983 3689/3906/3974
f 3689/3906/3974 3698/3915/3983 3699/3916/3984 3690/3907/3975
f 3690/3907/3975 3699/3916/3984 3700/3917/3985 3691/3908/3976
f 3691/3908/3976 3700/3917/3985 3701/3918/3986 3692/3909/3977
f 3692/3909/3977 3701/3918/3986 3694/3919/3987 3685/3910/3978
f 3693/3911/3979 3702/3920/3988 3704/3921/3989 3695/3912/3980
f 3695/3912/3980 3704/3921/3989 3705/3922/3990 3696/3913/3981
f 3696/3913/3981 3705/3922/3990 3706/3923/3991 3697/3914/3982
f 3697/3914/3982 3706/3923/3991 3707/3924/3992 3698/3915/3983
f 3698/3915/3983 3707/3924/3992 3708/3925/3993 3699/3916/3984
f 3699/3916/3984 3708/3925/3993 3709/3926/3994 3700/3917/3985
f 3700/3917/3985 3709/3926/3994 3710/3927/3995 3701/3918/3986
f 3701/3918/3986 3710/3927/3995 3703/3928/3996 3694/3919/3987
f 3702/3920/3988 3711/3929/3997 3713/3930/3998 3704/3921/3989
f 3704/3921/3989 3713/3930/3998 3714/3931/3999 3705/3922/3990
f 3705/3922/3990 3714/3931/3999 3715/3932/4000 3706/3923/3991
f 3706/3923/3991 3715/3932/4000 3716/3933/4001 3707/3924/3992
f 3707/3924/3992 3716/3933/4001 3717/3934/4002 3708/3925/3993
f 3708/3925/3993 3717/3934/4002 3718/3935/4003 3709/3926/3994
f 3709/3926/3994 3718/3935/4003 3719/3936/4004 3710/3927/3995
f 3710/3927/3995 3719/3936/4004 3712/3937/4005 3703/3928/3996
f 3711/3929/3997 3720/3938/4006 3722/3939/4007 3713/3930/3998
f 3713/3930/3998 3722/3939/4007 3723/3940/4008 3714/3931/3999
f 3714/3931/3999 3723/3940/4008 3724/3941/4009 3715/3932/4000
f 3715/3932/4000 3724/3941/4009 3725/3942/4010 3716/3933/4001
f 3716/3933/4001 3725/3942/4010 3726/3943/4011 3717/3934/4002
f 3717/3934/4002 3726/3943/4011 3727/3944/4012 3718/3935/4003
f 3718/3935/4003 3727/3944/4012 3728/3945/4013 3719/3936/4004
f 3719/3936/4004 3728/3945/4013 3721/3946/4014 3712/3937/4005
f 3720/3938/4006 3729/3947/4015 3731/3948/4016 3722/3939/4007
f 3722/3939/4007 3731/3948/4016 3732/3949/4017 3723/3940/4008
f 3723/3940/4008 3732/3949/4017 3733/3950/4018 3724/3941/4009
f 3724/3941/4009 3733/3950/4018 3734/3951/4019 3725/3942/4010
f 3725/3942/4010 3734/3951/4019 3735/3952/4020 3726/3943/4011
f 3726/3943/4011 3735/3952/4020 3736/3953/4021 3727/3944/4012
f 3727/3944/4012 3736/3953/4021 3737/3954/4022 3728/3945/4013
f 3728/3945/4013 3737/3954/4022 3730/3955/4023 3721/3946/4014
f 3729/3947/4015 3738/3956/4024 3740/3957/4025 3731/3948/4016
f 3731/3948/4016 3740/3957/4025 3741/3958/4026 3732/3949/4017
f 3732/3949/4017 3741/3958/4026 3742/3959/4027 3733/3950/4018
f 3733/3950/4018 3742/3959/4027 3743/3960/4028 3734/3951/4019
f 3734/3951/4019 3743/3960/4028 3744/3961/4029 3735/3952/4020
f 3735/3952/4020 3744/3961/4029 3745/3962/4030 3736/3953/4021
f 3736/3953/4021 3745/3962/4030 3746/3963/4031 3737/3954/4022
f 3737/3954/4022 3746/3963/4031 3739/3964/4032 3730/3955/4023
f 3738/3956/4024 3747/3965/4033 3749/3966/4034 3740/3957/4025
f 3740/3957/4025 3749/3966/4034 3750/3967/4035 3741/3958/4026
f 3741/3958/4026 3750/3967/4035 3751/3968/4036 3742/3959/4027
f 3742/3959/4027 3751/3968/4036 3752/3969/4037 3743/3960/4028
f 3743/3960/4028 3752/3969/4037 3753/3970/4038 3744/3961/4029
f 3744/3961/4029 3753/3970/4038 3754/3971/4039 3745/3962/4030
f 3745/3962/4030 3754/3971/4039 3755/3972/4040 3746/3963/4031
f 3746/3963/4031 3755/3972/4040 3748/3973/4041 3739/3964/4032
f 3747/3965/4033 3756/3974/4042 3758/3975/4043 3749/3966/4034
f 3749/3966/4034 3758/3975/4043 3759/3976/4044 3750/3967/4035
f 3750/3967/4035 3759/3976/4044 3760/3977/4045 3751/3968/4036
f 3751/3968/4036 3760/3977/4045 3761/3978/4046 3752/3969/4037
f 3752/3969/4037 3761/3978/4046 3762/3979/4047 3753/3970/4038
f 3753/3970/4038 3762/3979/4047 3763/3980/4048 3754/3971/4039
f 3754/3971/4039 3763/3980/4048 3764/3981/4049 3755/3972/4040
f 3755/3972/4040 3764/3981/4049 3757/3982/4050 3748/3973/4041
f 3756/3974/4042 3765/3589/3635 3767/3983/4051 3758/3975/4043
f 3758/3975/4043 3767/3983/4051 3768/3984/4052 3759/3976/4044
f 3759/3976/4044 3768/3984/4052 3769/3985/4053 3760/3977/4045
f 3760/3977/4045 3769/3985/4053 3770/3986/4054 3761/3978/4046
f 3761/3978/4046 3770/3986/4054 3771/3987/4055 3762/3979/4047
f 3762/3979/4047 3771/3987/4055 3772/3988/4056 3763/3980/4048
f 3763/3980/4048 3772/3988/4056 3773/3989/4057 3764/3981/4049
f 3764/3981/4049 3773/3989/4057 3766/3990/4058 3757/3982/4050
f 3815/3437/3469 2359/3029/3468 2360/3022/3473 3816/3440/3472
f 3765/3589/3635 3774/3588/3634 3776/3991/4059 3767/3983/4051
f 3767/3983/4051 3776/3991/4059 3777/3992/4060 3768/3984/4052
f 3768/3984/4052 3777/3992/4060 3778/3993/4061 3769/3985/4053
f 3769/3985/4053 3778/3993/4061 3779/3994/4062 3770/3986/4054
f 3770/3986/4054 3779/3994/4062 3780/3995/4063 3771/3987/4055
f 3771/3987/4055 3780/3995/4063 3781/3996/4064 3772/3988/4056
f 3772/3988/4056 3781/3996/4064 3782/3997/4065 3773/3989/4057
f 3773/3989/4057 3782/3997/4065 3775/3998/4066 3766/3990/4058
f 3774/3588/3634 3783/3587/3633 3785/3999/4067 3776/3991/4059
f 3776/3991/4059 3785/3999/4067 3786/4000/4068 3777/3992/4060
f 3777/3992/4060 3786/4000/4068 3787/4001/4069 3778/3993/4061
f 3778/3993/4061 3787/4001/4069 3788/4002/4070 3779/3994/4062
f 3779/3994/4062 3788/4002/4070 3789/4003/4071 3780/3995/4063
f 3780/3995/4063 3789/4003/4071 3790/4004/4072 3781/3996/4064
f 3781/3996/4064 3790/4004/4072 3791/4005/4073 3782/3997/4065
f 3782/3997/4065 3791/4005/4073 3784/4006/4074 3775/3998/4066
f 3783/3587/3633 3792/4007/4075 3794/4008/4076 3785/3999/4067
f 3785/3999/4067 3794/4008/4076 3795/4009/4077 3786/4000/4068
f 3786/4000/4068 3795/4009/4077 3796/4010/4078 3787/4001/4069
f 3787/4001/4069 3796/4010/4078 3797/4011/4079 3788/4002/4070
f 3788/4002/4070 3797/4011/4079 3798/4012/4080 3789/4003/4071
f 3789/4003/4071 3798/4012/4080 3799/4013/4081 3790/4004/4072
f 3790/4004/4072 3799/4013/4081 3800/4014/4082 3791/4005/4073
f 3791/4005/4073 3800/4014/4082 3793/4015/4083 3784/4006/4074
f 3792/4007/4075 3801/4016/4084 3803/4017/4085 3794/4008/4076
f 3794/4008/4076 3803/4017/4085 3804/4018/4086 3795/4009/4077
f 3795/4009/4077 3804/4018/4086 3805/4019/4087 3796/4010/4078
f 3796/4010/4078 3805/4019/4087 3806/4020/4088 3797/4011/4079
f 3797/4011/4079 3806/4020/4088 3807/4021/4089 3798/4012/4080
f 3798/4012/4080 3807/4021/4089 3808/4022/4090 3799/4013/4081
f 3799/4013/4081 3808/4022/4090 3809/4023/4091 3800/4014/4082
f 3800/4014/4082 3809/4023/4091 3802/4024/4092 3793/4015/4083
f 3801/4016/4084 3810/3444/3485 3812/3602/3665 3803/4017/4085
f 3803/4017/4085 3812/3602/3665 3813/3750/3826 3804/4018/4086
f 3804/4018/4086 3813/3750/3826 3814/3436/3466 3805/4019/4087
f 3805/4019/4087 3814/3436/3466 3815/3437/3469 3806/4020/4088
f 3806/4020/4088 3815/3437/3469 3816/3440/3472 3807/4021/4089
f 3807/4021/4089 3816/3440/3472 3817/3441/3475 3808/4022/4090
f 3808/4022/4090 3817/3441/3475 3818/3601/3658 3809/4023/4091
f 3809/4023/4091 3818/3601/3658 3811/2552/2300 3802/4024/4092
f 2327/2509/2257 2337/2769/3483 3346/3443/3482 3187/2510/2258
f 2336/2559/4093 3345/3605/3670 3347/3442/3477 2338/2792/3476
f 2352/2515/3535 3510/3493/3534 3511/3603/3667 2353/3600/3666
f 2684/2914/2296 2895/4025/2295 2894/3427/4094 2685/2912/2819
f 2685/2912/2819 2894/3427/4094 2893/3426/4095 2686/2909/2816
f 2886/2573/2321 2370/2543/2291 2369/2541/2289 2887/3424/4096
f 2887/3424/4096 2369/2541/2289 2368/2540/2288 2888/2562/2310
f 2577/2537/2285 2996/2536/2284 2995/3431/4097 2578/2803/2656
f 2578/2803/2656 2995/3431/4097 2994/2915/2820 2579/2800/2653
f 2470/2570/2318 3093/3422/3967 3092/3421/4098 2471/2568/2316
f 2471/2568/2316 3092/3421/4098 3091/2908/2815 2472/2565/2313
f 3838/2488/4099 3819/4026/4100 3821/4027/4101 3845/2489/4102
f 3845/2489/4102 3821/4027/4101 3822/4028/4103 3844/2490/4104
f 3844/2490/4104 3822/4028/4103 3823/4029/4105 3843/2491/4106
f 3843/2491/4106 3823/4029/4105 3824/4030/4107 3842/2492/4108
f 3842/2492/4108 3824/4030/4107 3825/4031/4109 3841/2493/4110
f 3841/2493/4110 3825/4031/4109 3826/4032/4111 3840/2494/4112
f 3840/2494/4112 3826/4032/4111 3827/4033/4113 3839/2495/4114
f 3839/2495/4114 3827/4033/4113 3820/4034/4115 3837/2496/4116
f 3855/2449/4117 3846/4035/4118 3848/4036/4119 3857/2450/4120
f 3857/2450/4120 3848/4036/4119 3849/4037/4121 3858/2439/4122
f 3858/2439/4122 3849/4037/4121 3850/4038/4123 3859/2440/4124
f 3859/2440/4124 3850/4038/4123 3851/4039/4125 3860/2441/4126
f 3860/2441/4126 3851/4039/4125 3852/4040/4127 3861/2484/4128
f 3861/2484/4128 3852/4040/4127 3853/4041/4129 3862/2485/4130
f 3862/2485/4130 3853/4041/4129 3854/4042/4131 3863/2486/4132
f 3863/2486/4132 3854/4042/4131 3847/4043/4133 3856/2487/4134
f 3873/2506/4135 3865/4044/4136 3872/4045/4137 3875/2507/4138
f 3875/2507/4138 3872/4045/4137 3871/4046/4139 3876/2508/4140
f 3876/2508/4140 3871/4046/4139 3870/4047/4141 3877/2443/4142
f 3877/2443/4142 3870/4047/4141 3869/4048/4143 3878/4049/4144
f 3878/2444/4144 3869/4050/4143 3868/4051/4145 3879/2445/4146
f 3879/2445/4146 3868/4051/4145 3867/4052/4147 3880/2446/4148
f 3880/2446/4148 3867/4052/4147 3866/4053/4149 3881/2447/4150
f 3881/2447/4150 3866/4053/4149 3864/4054/4151 3874/2448/4152
f 3829/4055/4153 3883/2505/4154 3890/2504/4155 3836/4056/4156
f 3836/4056/4156 3890/2504/4155 3889/2503/4157 3835/4057/4158
f 3835/4057/4158 3889/2503/4157 3888/2502/4159 3834/4058/4160
f 3834/4058/4160 3888/2502/4159 3887/2501/4161 3833/4059/4162
f 3833/4059/4162 3887/2501/4161 3886/2500/4163 3832/4060/4164
f 3832/4060/4164 3886/2500/4163 3885/2499/4165 3831/4061/4166
f 3831/4061/4166 3885/2499/4165 3884/2498/4167 3830/4062/4168
f 3830/4062/4168 3884/2498/4167 3882/2497/4169 3828/4063/4170
f 3827/4033/4171 3826/4032/4171 2303/4064/4171 2302/4065/4171 2300/4066/4171 2292/4067/4171 2299/4068/4171 2298/4069/4171 2297/4070/4171 2296/4071/4171 2295/4072/4171 2294/4073/4171 2293/4074/4171 2291/4075/4171 2310/4076/4171 2317/4077/4171 2316/4078/4171 2315/4079/4171 2314/4080/4171 2313/4081/4171 2312/4082/4171 2311/4083/4171 2309/4084/4171 2319/4085/4171 2326/4086/4171 2325/4087/4171 2324/4088/4171 2323/4089/4171 2322/4090/4171 2321/4091/4171 2320/4092/4171 2318/4093/4171 2301/4094/4171 2308/4095/4171 2307/4096/4171 2306/4097/4171 3823/4029/4171 3822/4028/4171 3821/4027/4171 3819/4026/4171 3847/4043/4171 3854/4042/4171 3853/4041/4171 3852/4040/4171 3851/4039/4171 3850/4038/4171 3849/4037/4171 3848/4036/4171 3846/4035/4171 3864/4098/4171 3866/4099/4171 3867/4100/4171 3868/4101/4171 3869/4080/4171 3870/4102/4171 3871/4103/4171 3872/4104/4171 3865/4105/4171 3829/4106/4171 3836/4107/4171 3835/4108/4171 3834/4109/4171 3833/4071/4171 3832/4110/4171 3831/4111/4171 3830/4112/4171 3828/4113/4171 3820/4034/4171
f 3824/4030/4171 3823/4029/4171 2306/4097/4171 2305/4114/4171 2304/4115/4171 2303/4064/4171 3826/4032/4171 3825/4031/4171
f 2881/3423/4172 2461/2590/4173 2463/2588/2824 2883/2917/2823
f 2782/3008/4174 2372/2749/2964 2354/3015/2963 2345/3432/4175
f 2989/3428/3480 2891/2579/2327 2693/2578/2326 2585/2812/3481
f 2568/2758/2812 2676/2770/2599 2337/2769/2598 2327/2509/2813
f 2890/2810/2665 2882/3425/4176 2462/2581/4177 2692/2811/2666
f 2773/2998/2937 2381/2731/2544 2372/2749/2578 2782/3008/2954
f 2380/2739/2560 2560/2748/2576 2569/2766/2595 2371/2757/2586
f 2764/2988/2920 2390/2713/2508 2381/2731/2544 2773/2998/2937
f 2389/2721/2559 2551/2730/2577 2560/2748/2576 2380/2739/2560
f 2755/2978/2919 2399/2695/2509 2390/2713/2508 2764/2988/2920
f 2398/2703/2524 2542/2712/2543 2551/2730/2542 2389/2721/2525
f 2746/2968/2901 2408/2677/2472 2399/2695/2490 2755/2978/2910
f 2407/2685/2480 2533/2694/2489 2542/2712/2507 2398/2703/2498
f 2737/2958/2892 2417/2659/2454 2408/2677/2472 2746/2968/2901
f 2416/2667/2462 2524/2676/2471 2533/2694/2489 2407/2685/2480
f 2728/2948/2883 2426/2641/2436 2417/2659/2454 2737/2958/2892
f 2425/2649/2444 2515/2658/2453 2524/2676/2471 2416/2667/2462
f 2719/2938/2866 2435/2623/2400 2426/2641/2436 2728/2948/2883
f 2434/2631/2417 2506/2640/2434 2515/2658/2453 2425/2649/2444
f 2710/2928/2865 2444/2605/2401 2435/2623/2400 2719/2938/2866
f 2443/2613/2416 2497/2622/2435 2506/2640/2434 2434/2631/2417
f 2701/2918/2847 2453/2580/2365 2444/2605/2364 2710/2928/2848
f 2452/2591/2380 2488/2603/2399 2497/2622/2398 2443/2613/2381
f 2692/2811/2829 2462/2581/2329 2453/2580/2328 2701/2918/2830
f 2461/2590/2344 2479/2604/2363 2488/2603/2362 2452/2591/2345
f 2478/2533/2346 2586/2560/2684 2595/2824/2683 2487/2592/2347
f 2487/2592/2382 2595/2824/2702 2604/2833/2701 2496/2614/2383
f 2496/2614/2418 2604/2833/2720 2613/2842/2719 2505/2632/2419
f 2505/2632/2419 2613/2842/2719 2622/2851/2729 2514/2650/2445
f 2514/2650/2445 2622/2851/2729 2631/2860/2738 2523/2668/2463
f 2523/2668/2463 2631/2860/2738 2640/2869/2747 2532/2686/2481
f 2532/2686/2481 2640/2869/2747 2649/2878/2756 2541/2704/2499
f 2541/2704/2526 2649/2878/2774 2658/2887/2773 2550/2722/2527
f 2550/2722/2527 2658/2887/2773 2667/2896/2791 2559/2740/2561
f 2559/2740/2561 2667/2896/2791 2676/2770/2800 2568/2758/2587
f 2585/2812/2667 2693/2578/2846 2702/2927/2845 2594/2813/2668
f 2594/2813/2685 2702/2927/2864 2711/2937/2863 2603/2825/2686
f 2603/2825/2703 2711/2937/2882 2720/2947/2881 2612/2834/2704
f 2612/2834/2704 2720/2947/2881 2729/2957/2891 2621/2843/2721
f 2621/2843/2721 2729/2957/2891 2738/2967/2900 2630/2852/2730
f 2630/2852/2730 2738/2967/2900 2747/2977/2909 2639/2861/2739
f 2639/2861/2739 2747/2977/2909 2756/2987/2918 2648/2870/2748
f 2648/2870/2757 2756/2987/2936 2765/2997/2935 2657/2879/2758
f 2657/2879/2775 2765/2997/2953 2774/3007/2952 2666/2888/2776
f 2666/2888/2776 2774/3007/2952 2783/2557/2962 2675/2556/2792
f 2980/3087/3008 2792/3106/3027 2801/3105/3026 2971/3088/3009
f 2791/3089/3010 3179/3060/3344 3170/3340/3343 2800/3090/3011
f 2971/3088/3009 2801/3105/3026 2810/3125/3045 2962/3116/3036
f 2800/3090/3011 3170/3340/3343 3161/3349/3361 2809/3117/3037
f 2962/3116/3036 2810/3125/3045 2819/3144/3063 2953/3135/3054
f 2809/3117/3037 3161/3349/3361 3152/3358/3370 2818/3136/3055
f 2953/3135/3054 2819/3144/3063 2828/3163/3081 2944/3154/3072
f 2818/3136/3055 3152/3358/3370 3143/3367/3379 2827/3155/3073
f 2944/3154/3072 2828/3163/3081 2837/3182/3099 2935/3173/3090
f 2827/3155/3073 3143/3367/3379 3134/3376/3388 2836/3174/3091
f 2935/3173/3090 2837/3182/3099 2846/3201/3117 2926/3192/3108
f 2836/3174/3091 3134/3376/3388 3125/3385/3397 2845/3193/3109
f 2926/3192/3134 2846/3201/3153 2855/3220/3152 2917/3211/3135
f 2845/3193/3136 3125/3385/3407 3116/3394/3406 2854/3212/3137
f 2917/3211/3170 2855/3220/3189 2864/3239/3188 2908/3230/3171
f 2854/3212/3172 3116/3394/3425 3107/3403/3424 2863/3231/3173
f 2908/3230/3206 2864/3239/3225 2873/3258/3224 2899/3249/3207
f 2863/3231/3208 3107/3403/3443 3098/3412/3442 2872/3250/3209
f 3007/3330/3341 2909/3221/3191 2900/3240/3190 2998/3339/3342
f 3016/3321/3323 2918/3202/3155 2909/3221/3154 3007/3330/3324
f 3025/3312/3305 2927/3183/3119 2918/3202/3118 3016/3321/3306
f 3034/3303/3279 2936/3164/3082 2927/3183/3100 3025/3312/3288
f 3043/3294/3270 2945/3145/3064 2936/3164/3082 3034/3303/3279
f 3052/3285/3261 2954/3126/3046 2945/3145/3064 3043/3294/3270
f 3061/3276/3252 2963/3107/3028 2954/3126/3046 3052/3285/3261
f 3070/3267/3243 2972/3069/2992 2963/3107/3028 3061/3276/3252
f 3079/3043/3242 2981/3070/2993 2972/3069/2992 3070/3267/3243
f 3106/3411/3458 3008/3322/3326 2999/3331/3325 3097/3420/3459
f 3115/3402/3440 3017/3313/3308 3008/3322/3307 3106/3411/3441
f 3124/3393/3422 3026/3304/3290 3017/3313/3289 3115/3402/3423
f 3133/3384/3396 3035/3295/3271 3026/3304/3280 3124/3393/3405
f 3142/3375/3387 3044/3286/3262 3035/3295/3271 3133/3384/3396
f 3151/3366/3378 3053/3277/3253 3044/3286/3262 3142/3375/3387
f 3160/3357/3369 3062/3268/3244 3053/3277/3253 3151/3366/3378
f 3169/3348/3360 3071/3259/3226 3062/3268/3244 3160/3357/3369
f 3178/3052/3359 3080/3051/3227 3071/3259/3226 3169/3348/3360
f 3088/2532/2280 2990/2561/2309 2586/2560/2308 2478/2533/2281
f 2336/2559/4093 2346/2558/3669 3504/3604/3668 3345/3605/3670
f 3802/4024/4092 3811/2552/2300 3188/2555/2303 3197/3456/3497
f 3196/3445/3486 3187/2510/2258 3346/3443/3482 3355/3615/3680
f 3793/4015/4083 3802/4024/4092 3197/3456/3497 3206/3465/3506
f 3205/3457/3498 3196/3445/3486 3355/3615/3680 3364/3624/3689
f 3784/4006/4074 3793/4015/4083 3206/3465/3506 3215/3474/3515
f 3214/3466/3507 3205/3457/3498 3364/3624/3689 3373/3633/3698
f 3775/3998/4066 3784/4006/4074 3215/3474/3515 3224/3483/3524
f 2686/2909/2816 2893/3426/4095 2892/2809/2664 2694/2808/2663 2695/2910/2817
f 3766/3990/4058 3775/3998/4066 3224/3483/3524 3233/3492/3533
f 2889/2564/2312 2469/2563/2311 2462/2581/4177 2882/3425/4176
f 3757/3982/4050 3766/3990/4058 3233/3492/3533 3242/3504/3548
f 3748/3973/4041 3757/3982/4050 3242/3504/3548 3251/3513/3557
f 3548/3584/3630 3765/3589/3635 3756/3974/4042 3747/3965/4033 3566/3808/3879 3557/3798/3870
f 3739/3964/4032 3748/3973/4041 3251/3513/3557 3260/3522/3566
f 3259/3514/3558 3250/3505/3549 3409/3669/3734 3418/3678/3743
f 3730/3955/4023 3739/3964/4032 3260/3522/3566 3269/3531/3575
f 3268/3523/3567 3259/3514/3558 3418/3678/3743 3427/3687/3752
f 3721/3946/4014 3730/3955/4023 3269/3531/3575 3278/3540/3584
f 3277/3532/3576 3268/3523/3567 3427/3687/3752 3436/3696/3761
f 3712/3937/4005 3721/3946/4014 3278/3540/3584 3287/3549/3593
f 3286/3541/3585 3277/3532/3576 3436/3696/3761 3445/3705/3770
f 3703/3928/3996 3712/3937/4005 3287/3549/3593 3296/3558/3602
f 3295/3550/3594 3286/3541/3585 3445/3705/3770 3454/3714/3779
f 3694/3919/3987 3703/3928/3996 3296/3558/3602 3305/3567/3611
f 3304/3559/3603 3295/3550/3594 3454/3714/3779 3463/3723/3788
f 3685/3910/3978 3694/3919/3987 3305/3567/3611 3314/3576/3620
f 3313/3568/3612 3304/3559/3603 3463/3723/3788 3472/3732/3797
f 3676/3895/3956 3685/3910/3978 3314/3576/3620 3323/2790/2637
f 3335/3594/3640 3343/2473/3654 3344/2472/2635 3330/2789/2634 3329/3581/3625
f 2347/2900/2988 2687/3017/2967 2784/3009/2966 2782/3008/4174 2345/3432/4175
f 2353/3600/3656 2790/3014/3655 2789/2516/2264 2352/2515/2263
f 2881/3423/4172 3089/2793/2641 2479/2604/2640 2461/2590/4173
f 3354/3606/3671 3345/3605/3670 3504/3604/3668 3513/3760/3836
f 3363/3616/3681 3354/3606/3671 3513/3760/3836 3522/3770/3845
f 3372/3625/3690 3363/3616/3681 3522/3770/3845 3531/3779/3853
f 3381/3634/3699 3372/3625/3690 3531/3779/3853 3540/3788/3861
f 3390/3643/3708 3381/3634/3699 3540/3788/3861 3549/3797/3869
f 3390/3643/3708 3549/3797/3869 3558/3807/3878 3399/3652/3717
f 3408/3661/3726 3399/3652/3717 3558/3807/3878 3567/3817/3887
f 3417/3670/3735 3408/3661/3726 3567/3817/3887 3576/3827/3896
f 3426/3679/3744 3417/3670/3735 3576/3827/3896 3585/3837/3905
f 3435/3688/3753 3426/3679/3744 3585/3837/3905 3594/3847/3914
f 3444/3697/3762 3435/3688/3753 3594/3847/3914 3603/3857/3923
f 3453/3706/3771 3444/3697/3762 3603/3857/3923 3612/3867/3932
f 3462/3715/3780 3453/3706/3771 3612/3867/3932 3621/3877/3941
f 3471/3724/3789 3462/3715/3780 3621/3877/3941 3630/3886/3949
f 3480/3598/3646 3471/3724/3789 3630/3886/3949 3639/3738/3804
f 3662/2470/3957 3676/3895/3956 3323/2790/2637 3337/2471/2636
f 3512/3751/3828 3503/3433/3461 3810/3444/3485 3801/4016/4084
f 3521/3761/3837 3512/3751/3828 3801/4016/4084 3792/4007/4075
f 3530/3586/3632 3521/3761/3837 3792/4007/4075 3783/3587/3633
f 3232/3484/3525 3223/3475/3516 3214/3466/3507 3373/3633/3698 3382/3642/3707 3391/3651/3716
f 3575/3818/3888 3566/3808/3879 3747/3965/4033 3738/3956/4024
f 3584/3828/3897 3575/3818/3888 3738/3956/4024 3729/3947/4015
f 3593/3838/3906 3584/3828/3897 3729/3947/4015 3720/3938/4006
f 3602/3848/3915 3593/3838/3906 3720/3938/4006 3711/3929/3997
f 3611/3858/3924 3602/3848/3915 3711/3929/3997 3702/3920/3988
f 3620/3868/3933 3611/3858/3924 3702/3920/3988 3693/3911/3979
f 3629/2805/2659 3620/3868/3933 3693/3911/3979 3684/2806/2660
f 3336/2479/3537 3322/3494/3536 3313/3568/3612 3472/3732/3797 3481/3583/3629 3494/2480/3628
f 3828/4063/4170 3882/2497/4169 3837/2496/4116 3820/4034/4115
f 3819/4026/4100 3838/2488/4099 3856/2487/4134 3847/4043/4133
f 3865/4044/4136 3873/2506/4135 3883/2505/4154 3829/4055/4153
f 3846/4035/4118 3855/2449/4117 3874/2448/4152 3864/4054/4151
o Shelf1
v 10.443203 7.606395 -8.625422
v 10.415906 7.579892 -8.599594
v 10.413410 7.474139 -8.629554
v 10.414020 7.499960 -8.602074
v 13.252108 7.645951 -12.037126
v 13.278157 7.619787 -12.064595
v 10.445711 7.712486 -12.037115
v 10.418442 7.687288 -12.064596
v 13.275622 7.512640 -12.041240
v 13.276271 7.539855 -12.067074
v 10.416555 7.607356 -12.067075
v 10.415907 7.579883 -12.041247
v 12.460257 7.533271 -8.625383
v 12.465747 7.504783 -8.600169
v 13.250189 7.535752 -9.408962
v 13.275776 7.508299 -9.409444
v 12.606744 7.531352 -8.702797
v 12.628310 7.504090 -8.686002
v 12.627198 7.532420 -8.776836
v 12.654009 7.505430 -8.779022
v 12.590194 7.534937 -8.886555
v 12.622314 7.507586 -8.872993
v 12.672145 7.534427 -8.921021
v 12.676783 7.507246 -8.895901
v 12.749545 7.533389 -8.923037
v 12.738843 7.506413 -8.897516
v 12.804541 7.531756 -8.875480
v 12.794214 7.504769 -8.849635
v 12.916938 7.530314 -8.882032
v 12.931974 7.503002 -8.857666
v 12.985744 7.531594 -9.004524
v 13.004287 7.504347 -8.986399
v 13.079382 7.531262 -9.057620
v 13.085405 7.504059 -9.032395
v 13.130548 7.530556 -9.057878
v 13.181311 7.502734 -9.032877
v 13.120267 7.530960 -9.072175
v 13.137572 7.504451 -9.093704
v 12.986007 7.534269 -9.151234
v 13.008206 7.507639 -9.169882
v 12.950500 7.537446 -9.298213
v 12.984398 7.509770 -9.268434
v 13.218140 7.533123 -9.265175
v 13.232726 7.505762 -9.237780
v 13.244133 7.533740 -9.318700
v 13.269322 7.506629 -9.313138
v 13.274766 7.483107 -9.410770
v 13.273924 7.463940 -9.814286
v 12.457064 7.453319 -8.629564
v 12.464736 7.479585 -8.601497
v 13.240988 7.455309 -9.322832
v 13.268312 7.481439 -9.314466
v 13.214994 7.454693 -9.269306
v 13.231715 7.480572 -9.239106
v 12.947355 7.459015 -9.302345
v 12.983388 7.484582 -9.269761
v 12.982862 7.455839 -9.155366
v 13.007196 7.482453 -9.171208
v 13.117123 7.452530 -9.076307
v 13.136562 7.479264 -9.095031
v 13.127403 7.452126 -9.062009
v 13.180301 7.477545 -9.034204
v 13.076237 7.452832 -9.061752
v 13.084394 7.478868 -9.033722
v 12.982599 7.453164 -9.008656
v 13.003276 7.479154 -8.987725
v 12.913793 7.451884 -8.886164
v 12.930964 7.477809 -8.858994
v 12.801396 7.453326 -8.879612
v 12.793204 7.479577 -8.850963
v 12.746400 7.454958 -8.927168
v 12.737832 7.481220 -8.898844
v 12.669000 7.455997 -8.925153
v 12.675773 7.482053 -8.897228
v 12.587049 7.456507 -8.890686
v 12.621305 7.482391 -8.874320
v 12.624054 7.453990 -8.780968
v 12.652998 7.480235 -8.780349
v 12.603599 7.452922 -8.706928
v 12.627300 7.478894 -8.687328
vn 0.6891 -0.1904 -0.6992
vn -0.6977 -0.1547 -0.6995
vn 0.0300 0.9989 0.0361
vn -0.0179 -0.9995 -0.0257
vn 0.0007 0.0310 -0.9995
vn 0.0009 0.0310 -0.9995
vn -0.6979 -0.2016 0.6873
vn 0.0299 0.9989 0.0361
vn 0.2364 -0.0802 0.9683
vn 0.7736 -0.1343 0.6193
vn -0.0180 -0.9995 -0.0258
vn 0.7782 0.0120 0.6279
vn 0.2429 -0.0232 0.9698
vn 0.0300 0.9989 0.0362
vn 0.9964 -0.0785 -0.0322
vn -0.0180 -0.9995 -0.0257
vn 0.9997 0.0036 -0.0248
vn 0.8899 -0.2319 0.3928
vn 0.9005 0.1344 0.4135
vn 0.2087 -0.0760 0.9750
vn 0.2104 -0.0424 0.9767
vn -0.3405 -0.0956 0.9354
vn -0.3326 0.0265 0.9427
vn 0.0300 0.9989 0.0360
vn -0.3261 -0.1010 0.9399
vn -0.0179 -0.9995 -0.0258
vn -0.3164 0.0306 0.9481
vn 0.5220 -0.1635 0.8372
vn 0.5303 0.0419 0.8468
vn 0.7056 -0.0986 0.7017
vn 0.7080 -0.0292 0.7056
vn 0.2548 -0.0907 0.9627
vn 0.2580 -0.0289 0.9657
vn 0.8608 -0.2749 0.4283
vn 0.8700 0.1951 0.4528
vn 0.6726 -0.0091 -0.7399
vn 0.6756 0.0325 -0.7366
vn 0.7973 -0.0713 -0.5994
vn 0.8054 0.0697 -0.5886
vn -0.5146 0.7304 -0.4491
vn -0.5222 -0.7078 -0.4757
vn 0.4658 -0.2009 0.8618
vn 0.4777 0.0851 0.8744
vn 0.9647 -0.0696 0.2541
vn 0.9658 -0.0336 0.2569
vn 0.9988 -0.0368 0.0327
vn 0.9969 -0.0434 0.0661
vn -0.0009 -0.0361 0.9993
vn -0.9997 0.0236 -0.0000
vn -0.0008 -0.0362 0.9993
vn 0.2367 -0.0520 0.9702
vn 0.2403 -0.0522 0.9693
vn 0.9989 -0.0359 0.0316
vn 0.9996 -0.0289 -0.0001
vn 0.9988 -0.0363 0.0334
vn 0.4657 -0.0652 0.8825
vn 0.9646 -0.0523 0.2586
vn 0.9662 -0.0520 0.2524
vn 0.9628 -0.0526 0.2652
vn 0.9987 -0.0382 -0.0351
vn 0.9990 -0.0389 -0.0221
vn 0.9472 -0.0211 -0.3199
vn 0.3866 -0.0640 0.9200
vn 0.2116 -0.0599 0.9755
vn 0.2074 -0.0598 0.9764
vn -0.3294 -0.0365 0.9435
vn -0.3450 -0.0356 0.9379
vn -0.6543 -0.0136 0.7561
vn 0.0574 -0.0548 0.9968
vn 0.8705 -0.0606 0.4884
vn 0.7065 -0.0655 0.7047
vn 0.7079 -0.0654 0.7033
vn 0.2590 -0.0612 0.9639
vn 0.2539 -0.0610 0.9653
vn 0.0043 -0.0528 0.9986
vn 0.8119 -0.0018 -0.5838
vn 0.6702 0.0122 -0.7421
vn 0.6784 0.0115 -0.7346
vn 0.5077 0.0250 -0.8612
vn 0.9716 -0.0266 -0.2353
vn -0.1231 -0.0473 0.9913
vn 0.8982 -0.0590 0.4355
vt 0.136169 0.976733
vt 0.136170 0.871909
vt 0.137151 0.872881
vt 0.137151 0.975753
vt 0.131267 0.976748
vt 0.131268 0.871917
vt 0.132721 0.871413
vt 0.132851 0.977118
vt 0.005950 0.864777
vt 0.131335 0.866051
vt 0.132289 0.868018
vt 0.004949 0.866734
vt 0.009781 0.784985
vt 0.006860 0.790341
vt 0.005882 0.790084
vt 0.009129 0.784143
vt 0.005228 0.945772
vt 0.007493 0.950755
vt 0.006118 0.952135
vt 0.003322 0.946132
vt 0.012514 0.784271
vt 0.012577 0.783252
vt 0.010030 0.951633
vt 0.009631 0.953577
vt 0.016532 0.785687
vt 0.015989 0.784459
vt 0.014655 0.950833
vt 0.013648 0.953018
vt 0.017842 0.782680
vt 0.016862 0.782464
vt 0.016191 0.954225
vt 0.014447 0.954819
vt 0.017965 0.779815
vt 0.016960 0.780176
vt 0.016291 0.957267
vt 0.014241 0.956920
vt 0.016251 0.777743
vt 0.015248 0.778079
vt 0.014545 0.959409
vt 0.012617 0.959166
vt 0.016576 0.773600
vt 0.015645 0.772997
vt 0.014459 0.963080
vt 0.012704 0.963951
vt 0.021133 0.771146
vt 0.020416 0.770410
vt 0.018221 0.965724
vt 0.016589 0.967176
vt 0.023191 0.767732
vt 0.022185 0.767440
vt 0.019727 0.969015
vt 0.017747 0.970083
vt 0.023284 0.765848
vt 0.022421 0.763910
vt 0.019852 0.970716
vt 0.019086 0.973214
vt 0.023791 0.766253
vt 0.024552 0.765647
vt 0.020264 0.970359
vt 0.021442 0.971924
vt 0.026516 0.771244
vt 0.027158 0.770406
vt 0.023542 0.965613
vt 0.024632 0.967494
vt 0.031895 0.772614
vt 0.030745 0.771321
vt 0.030274 0.964698
vt 0.028331 0.966659
vt 0.030856 0.762715
vt 0.029815 0.762138
vt 0.030315 0.975136
vt 0.028468 0.976088
vt 0.032843 0.761806
vt 0.032623 0.760839
vt 0.032006 0.975864
vt 0.031225 0.977680
vt 0.036160 0.761655
vt 0.036149 0.760680
vt 0.049495 0.976753
vt 0.034695 0.977745
vt 0.000982 0.870701
vt 0.002391 0.946205
vt 0.001404 0.946038
vt 0.000018 0.871690
vt 0.133917 0.762101
vt 0.132932 0.763066
vt 0.005889 0.870680
vt 0.004587 0.870018
vt 0.132221 0.980670
vt 0.034677 0.978666
vt 0.005452 0.952698
vt 0.030779 0.978531
vt 0.034428 0.978888
vt 0.009312 0.954432
vt 0.013063 0.953726
vt 0.013710 0.955188
vt 0.013199 0.956926
vt 0.011698 0.959182
vt 0.011904 0.964306
vt 0.015747 0.967808
vt 0.016850 0.970675
vt 0.018824 0.973972
vt 0.021948 0.972748
vt 0.024977 0.968416
vt 0.027662 0.967297
vt 0.027635 0.976362
s 1
usemtl Mat.Closet
f 3896/4116/4178 3898/4117/4179 3897/4118/4180 3895/4119/4180
f 3899/4120/4181 3902/4121/4181 3901/4122/4182 3900/4123/4183
f 3891/4124/4180 3897/4125/4180 3898/4126/4179 3892/4127/4184
f 3907/4128/4185 3903/4129/4180 3904/4130/4186 3908/4131/4187
f 3939/4132/4188 3969/4133/4188 3970/4134/4189 3940/4135/4190
f 3909/4136/4191 3907/4128/4185 3908/4131/4187 3910/4137/4192
f 3969/4133/4188 3967/4138/4193 3968/4139/4194 3970/4134/4189
f 3911/4140/4180 3909/4136/4191 3910/4137/4192 3912/4141/4195
f 3967/4138/4193 3965/4142/4188 3966/4143/4196 3968/4139/4194
f 3913/4144/4180 3911/4140/4180 3912/4141/4195 3914/4145/4197
f 3965/4142/4188 3963/4146/4188 3964/4147/4198 3966/4143/4196
f 3915/4148/4180 3913/4144/4180 3914/4145/4197 3916/4149/4199
f 3963/4146/4188 3961/4150/4188 3962/4151/4200 3964/4147/4198
f 3917/4152/4201 3915/4148/4180 3916/4149/4199 3918/4153/4202
f 3961/4150/4188 3959/4154/4203 3960/4155/4204 3962/4151/4200
f 3919/4156/4180 3917/4152/4201 3918/4153/4202 3920/4157/4205
f 3959/4154/4203 3957/4158/4203 3958/4159/4206 3960/4155/4204
f 3921/4160/4180 3919/4156/4180 3920/4157/4205 3922/4161/4207
f 3957/4158/4203 3955/4162/4203 3956/4163/4208 3958/4159/4206
f 3923/4164/4180 3921/4160/4180 3922/4161/4207 3924/4165/4209
f 3955/4162/4203 3953/4166/4203 3954/4167/4210 3956/4163/4208
f 3925/4168/4180 3923/4164/4180 3924/4165/4209 3926/4169/4211
f 3953/4166/4203 3951/4170/4181 3952/4171/4212 3954/4167/4210
f 3927/4172/4180 3925/4168/4180 3926/4169/4211 3928/4173/4213
f 3951/4170/4181 3949/4174/4193 3950/4175/4214 3952/4171/4212
f 3929/4176/4185 3927/4172/4180 3928/4173/4213 3930/4177/4215
f 3949/4174/4193 3947/4178/4181 3948/4179/4216 3950/4175/4214
f 3931/4180/4180 3929/4176/4185 3930/4177/4215 3932/4181/4217
f 3947/4178/4181 3945/4182/4188 3946/4183/4218 3948/4179/4216
f 3933/4184/4180 3931/4180/4180 3932/4181/4217 3934/4185/4219
f 3945/4182/4188 3943/4186/4188 3944/4187/4220 3946/4183/4218
f 3935/4188/4185 3933/4184/4180 3934/4185/4219 3936/4189/4221
f 3943/4186/4188 3941/4190/4193 3942/4191/4222 3944/4187/4220
f 3905/4192/4185 3935/4188/4185 3936/4189/4221 3906/4193/4223
f 3941/4190/4193 3938/4194/4193 3937/4195/4224 3942/4191/4222
f 3892/4196/4184 3904/4197/4186 3903/4198/4180 3891/4199/4180
f 3906/4193/4223 3896/4200/4178 3895/4201/4180 3905/4192/4185
f 3893/4202/4188 3939/4132/4188 3940/4135/4190 3894/4203/4225
f 3892/4127/4226 3898/4126/4226 3901/4122/4226 3902/4121/4226 3893/4202/4226 3894/4203/4226
f 3903/4129/4180 3907/4128/4180 3909/4136/4180 3911/4140/4180 3913/4144/4180 3915/4148/4180 3917/4152/4180 3919/4156/4180 3921/4160/4180 3923/4164/4180 3925/4168/4180 3927/4172/4180 3929/4176/4180 3931/4180/4180 3933/4184/4180 3935/4188/4180 3905/4192/4180 3895/4201/4180 3897/4125/4180 3891/4124/4180
f 3892/4196/4227 3894/4203/4227 3940/4135/4228 3904/4197/4229
f 3893/4202/4203 3902/4121/4203 3899/4120/4203 3938/4194/4203 3941/4190/4203 3943/4186/4203 3945/4182/4203 3947/4178/4203 3949/4174/4203 3951/4170/4203 3953/4166/4203 3955/4162/4203 3957/4158/4203 3959/4154/4203 3961/4150/4203 3963/4146/4203 3965/4142/4203 3967/4138/4203 3969/4133/4203 3939/4132/4203
f 3898/4117/4182 3896/4116/4182 3900/4123/4182 3901/4122/4182
f 3937/4195/4230 3938/4194/4231 3899/4120/4231 3900/4123/4231 3896/4204/4231 3906/4205/4232
f 3904/4197/4229 3940/4135/4228 3970/4134/4233 3908/4206/4233
f 3936/4207/4234 3942/4191/4235 3937/4195/4230 3906/4208/4232
f 3908/4206/4236 3970/4134/4236 3968/4139/4237 3910/4209/4238
f 3910/4209/4238 3968/4139/4237 3966/4143/4239 3912/4210/4239
f 3912/4210/4240 3966/4143/4240 3964/4147/4241 3914/4211/4242
f 3914/4211/4242 3964/4147/4241 3962/4151/4243 3916/4212/4244
f 3916/4212/4244 3962/4151/4243 3960/4155/4245 3918/4213/4245
f 3918/4213/4246 3960/4155/4246 3958/4159/4246 3920/4214/4246
f 3920/4214/4247 3958/4159/4247 3956/4163/4248 3922/4215/4249
f 3922/4215/4249 3956/4163/4248 3954/4167/4250 3924/4216/4251
f 3924/4216/4251 3954/4167/4250 3952/4171/4252 3926/4217/4252
f 3926/4217/4253 3952/4171/4253 3950/4175/4254 3928/4218/4255
f 3928/4218/4255 3950/4175/4254 3948/4179/4256 3930/4219/4256
f 3930/4219/4257 3948/4179/4257 3946/4183/4257 3932/4220/4257
f 3932/4220/4258 3946/4183/4258 3944/4187/4258 3934/4221/4258
f 3934/4221/4259 3944/4187/4259 3942/4191/4235 3936/4207/4234
o ShelfDivider
v 13.363783 9.510027 -8.688576
v 13.391018 9.510027 -8.662491
v 13.391006 9.536098 -8.689739
v 13.234997 3.476232 -8.554077
v 13.261082 3.448996 -8.554052
v 13.262233 3.476232 -8.527992
v 13.497054 9.507118 -8.691421
v 13.470968 9.534354 -8.691446
v 13.470981 9.508282 -8.664198
v 13.368268 3.473324 -8.556921
v 13.342196 3.474487 -8.529698
v 13.341044 3.447252 -8.555758
v 13.289339 9.435565 -12.100285
v 13.316562 9.461637 -12.101448
v 13.315412 9.434402 -12.127508
v 13.160553 3.401770 -11.965786
v 13.186625 3.400607 -11.993009
v 13.186638 3.374535 -11.965761
v 13.422610 9.432657 -12.103129
v 13.395374 9.432657 -12.129215
v 13.396524 9.459892 -12.103155
v 13.293824 3.398863 -11.968630
v 13.266601 3.372790 -11.967467
v 13.266588 3.398862 -11.994716
vn -0.9995 0.0218 0.0214
vn 0.0218 0.0219 0.9995
vn 0.0213 0.9995 -0.0223
vn -0.9995 0.0218 0.0213
vn -0.0213 -0.9995 0.0223
vn 0.9995 -0.0218 -0.0214
vn 0.0213 0.9995 -0.0222
vn 0.0219 0.0218 0.9995
vn 0.9995 -0.0218 -0.0213
vn 0.0218 0.0218 0.9995
vn -0.0213 -0.9995 0.0222
vn 0.0214 0.9995 -0.0223
vn -0.0219 -0.0219 -0.9995
vn -0.9995 0.0219 0.0213
vn -0.0218 -0.0219 -0.9995
vn -0.0214 -0.9995 0.0223
vn 0.9995 -0.0219 -0.0214
vn -0.0218 -0.0218 -0.9995
vn 0.0214 0.9995 -0.0222
vn -0.0214 -0.9995 0.0222
vt 0.951026 0.692675
vt 0.951026 0.691694
vt 0.952007 0.692675
vt 0.723115 0.950623
vt 0.724096 0.950623
vt 0.724096 0.951604
vt 0.951026 0.950623
vt 0.952979 0.950638
vt 0.951026 0.952584
vt 0.728999 0.950623
vt 0.728991 0.952580
vt 0.727039 0.950626
vt 0.951026 0.818216
vt 0.952007 0.818261
vt 0.951026 0.820177
vt 0.729000 0.818216
vt 0.729000 0.820177
vt 0.728019 0.818216
vt 0.951026 0.825082
vt 0.951026 0.823120
vt 0.952979 0.825064
vt 0.729000 0.825082
vt 0.727038 0.825082
vt 0.728990 0.823125
vt 0.728999 0.692675
vt 0.728999 0.691694
vt 0.951026 0.955527
vt 0.952007 0.955527
vt 0.724096 0.824101
vt 0.724096 0.825082
vt 0.723115 0.825082
vt 0.728999 0.955527
vt 0.955930 0.825082
vt 0.955930 0.950623
s 0
usemtl Mat.Closet
f 3971/4222/4260 3972/4223/4261 3973/4224/4262
f 3974/4225/4263 3975/4226/4264 3976/4227/4261
f 3977/4228/4265 3978/4229/4266 3979/4230/4267
f 3980/4231/4268 3981/4232/4269 3982/4233/4270
f 3983/4234/4260 3984/4235/4271 3985/4236/4272
f 3986/4237/4273 3987/4238/4274 3988/4239/4275
f 3989/4240/4276 3990/4241/4277 3991/4242/4278
f 3992/4243/4268 3993/4244/4279 3994/4245/4277
f 3971/4222/4263 3974/4246/4263 3976/4247/4269 3972/4223/4269
f 3979/4230/4269 3981/4232/4269 3980/4231/4265 3977/4228/4265
f 3972/4248/4269 3979/4230/4269 3978/4229/4262 3973/4249/4271
f 3975/4226/4264 3982/4233/4275 3981/4232/4269 3976/4227/4269
f 3985/4236/4277 3987/4238/4277 3986/4237/4260 3983/4234/4260
f 3989/4240/4268 3992/4243/4268 3994/4245/4277 3990/4241/4277
f 3984/4235/4271 3991/4242/4262 3990/4241/4277 3985/4236/4277
f 3987/4250/4277 3994/4245/4277 3993/4244/4275 3988/4251/4264
f 3973/4224/4271 3984/4235/4278 3983/4234/4260 3971/4222/4263
f 3991/4242/4266 3978/4229/4262 3977/4228/4265 3989/4240/4268
f 3974/4225/4263 3986/4252/4260 3988/4251/4264 3975/4226/4270
f 3982/4233/4279 3993/4244/4275 3992/4243/4268 3980/4231/4265
f 3971/4222/4263 3983/4234/4263 3986/4237/4263 3974/4246/4263
f 3976/4253/4269 3981/4232/4269 3979/4230/4269 3972/4248/4269
f 3978/4229/4262 3991/4242/4262 3984/4254/4262 3973/4255/4262
f 3975/4226/4264 3988/4251/4264 3993/4244/4264 3982/4233/4264
f 3980/4231/4268 3992/4243/4268 3989/4240/4268 3977/4228/4268
f 3987/4238/4277 3985/4236/4277 3990/4241/4277 3994/4245/4277
o Shelf2
v 13.275930 5.403945 -8.600000
v 10.415418 5.360525 -8.600000
v 13.275930 5.270612 -8.600000
v 10.415418 5.227191 -8.600000
v 13.275930 5.360526 -12.066668
v 10.415418 5.360525 -12.066668
v 13.275930 5.227192 -12.066668
v 10.415418 5.227191 -12.066668
vn -0.0000 -0.0000 1.0000
vn -0.0000 -0.0000 -1.0000
vn 1.0000 -0.0000 -0.0000
vn -0.0076 1.0000 -0.0063
vn -1.0000 -0.0000 -0.0000
vn 0.0076 -1.0000 0.0063
vt 0.137151 0.870882
vt 0.142054 0.870807
vt 0.142054 0.976030
vt 0.137151 0.976105
vt 0.274462 0.870802
vt 0.274470 0.976008
vt 0.269566 0.976009
vt 0.269558 0.870803
vt 0.269505 0.980913
vt 0.141994 0.980934
vt 0.142047 0.760680
vt 0.269558 0.760693
vt 0.269558 0.865899
vt 0.142054 0.865903
s 0
usemtl Mat.Closet
f 3996/4256/4280 3998/4257/4280 3997/4258/4280 3995/4259/4280
f 4000/4260/4281 3999/4261/4281 4001/4262/4281 4002/4263/4281
f 3997/4258/4282 4001/4262/4282 3999/4264/4282 3995/4265/4282
f 3995/4266/4283 3999/4267/4283 4000/4268/4283 3996/4269/4283
f 3996/4269/4284 4000/4268/4284 4002/4263/4284 3998/4257/4284
f 3998/4257/4285 4002/4263/4285 4001/4262/4285 3997/4258/4285
