# Blender 4.5.0
# www.blender.org
mtllib CurtainHolderForTexture.mtl
o CurtainPole
v -0.233333 11.433165 -11.808179
v -0.233333 11.407153 -11.805617
v -0.233333 11.382141 -11.798030
v -0.233333 11.359089 -11.785708
v -0.233333 11.338884 -11.769127
v -0.233333 11.322302 -11.748921
v -0.233333 11.309980 -11.725870
v -0.233332 11.302394 -11.700858
v -0.233333 11.299831 -11.674846
v -0.233332 11.302394 -11.648833
v -0.233333 11.309980 -11.623821
v -0.233333 11.322302 -11.600770
v -0.233333 11.338884 -11.580564
v -0.233333 11.359089 -11.563983
v -0.233333 11.382141 -11.551661
v -0.233333 11.407153 -11.544074
v -0.233333 11.433165 -11.541512
v -0.233333 11.459177 -11.544074
v -0.233333 11.484189 -11.551661
v -0.233333 11.507241 -11.563983
v -0.233333 11.527446 -11.580564
v -0.233333 11.544027 -11.600770
v -0.233333 11.556349 -11.623821
v -0.233333 11.563936 -11.648833
v -0.233333 11.566498 -11.674846
v -0.233333 11.563936 -11.700858
v -0.233333 11.556349 -11.725870
v -0.233333 11.544027 -11.748921
v -0.233333 11.527446 -11.769127
v -0.233333 11.507241 -11.785708
v -0.233333 11.484189 -11.798030
v -0.233333 11.459177 -11.805617
v -0.380450 11.310190 -11.551872
v -0.380450 11.556136 -11.551872
v -0.380449 11.310190 -11.797818
v -0.380449 11.556136 -11.797818
v -0.232882 11.310190 -11.551872
v -0.232882 11.556136 -11.551872
v -0.232882 11.310190 -11.797818
v -0.232882 11.556136 -11.797818
v -0.389855 11.294515 -11.758035
v -0.396142 11.284036 -11.704671
v -0.396142 11.284036 -11.645020
v -0.389855 11.294515 -11.591657
v -0.389855 11.349974 -11.536197
v -0.396142 11.403337 -11.525719
v -0.396142 11.462989 -11.525719
v -0.389855 11.516353 -11.536197
v -0.389855 11.571812 -11.591657
v -0.396142 11.582290 -11.645020
v -0.396142 11.582290 -11.704671
v -0.389855 11.571812 -11.758035
v -0.389855 11.516352 -11.813494
v -0.396142 11.462989 -11.823973
v -0.396142 11.403337 -11.823973
v -0.389855 11.349974 -11.813494
v -0.256752 11.294515 -11.813494
v -0.288770 11.284037 -11.823972
v -0.324561 11.284037 -11.823972
v -0.356579 11.294515 -11.813494
v -0.356579 11.571812 -11.813494
v -0.324561 11.582290 -11.823972
v -0.288770 11.582290 -11.823972
v -0.256752 11.571812 -11.813494
v -0.223477 11.516352 -11.813494
v -0.217190 11.462988 -11.823972
v -0.217190 11.403337 -11.823972
v -0.223477 11.349975 -11.813494
v -0.223477 11.294515 -11.591657
v -0.217190 11.284037 -11.645020
v -0.217190 11.284037 -11.704671
v -0.223477 11.294515 -11.758035
v -0.223477 11.571812 -11.758035
v -0.217190 11.582290 -11.704671
v -0.217190 11.582290 -11.645020
v -0.223477 11.571812 -11.591657
v -0.223477 11.516352 -11.536197
v -0.217190 11.462989 -11.525719
v -0.217190 11.403337 -11.525719
v -0.223477 11.349974 -11.536197
v -0.356579 11.294515 -11.536197
v -0.324561 11.284036 -11.525719
v -0.288770 11.284036 -11.525719
v -0.256752 11.294515 -11.536197
v -0.256752 11.571812 -11.536197
v -0.288770 11.582290 -11.525719
v -0.324561 11.582290 -11.525719
v -0.356579 11.571812 -11.536197
v -0.248199 11.595571 -11.772290
v -0.241860 11.613177 -11.710848
v -0.241860 11.613177 -11.638843
v -0.248199 11.595571 -11.577401
v -0.285064 11.613177 -11.782854
v -0.282071 11.638118 -11.715837
v -0.282071 11.638119 -11.633855
v -0.285064 11.613177 -11.566837
v -0.328267 11.613177 -11.782854
v -0.331260 11.638118 -11.715837
v -0.331260 11.638119 -11.633855
v -0.328267 11.613177 -11.566836
v -0.365132 11.595571 -11.772290
v -0.371470 11.613177 -11.710849
v -0.371470 11.613177 -11.638843
v -0.365132 11.595571 -11.577401
v -0.365132 11.270756 -11.772290
v -0.371470 11.253149 -11.710849
v -0.371470 11.253149 -11.638843
v -0.365132 11.270755 -11.577401
v -0.328267 11.253149 -11.782854
v -0.331260 11.228208 -11.715837
v -0.331260 11.228208 -11.633855
v -0.328267 11.253149 -11.566836
v -0.285064 11.253149 -11.782854
v -0.282071 11.228208 -11.715837
v -0.282071 11.228208 -11.633855
v -0.285064 11.253149 -11.566837
v -0.248199 11.270756 -11.772290
v -0.241861 11.253149 -11.710848
v -0.241860 11.253149 -11.638843
v -0.248199 11.270756 -11.577401
v -0.248199 11.335718 -11.512438
v -0.285064 11.325154 -11.494831
v -0.328267 11.325154 -11.494831
v -0.365133 11.335718 -11.512438
v -0.241860 11.397161 -11.494831
v -0.282071 11.392172 -11.469890
v -0.331260 11.392172 -11.469890
v -0.371471 11.397161 -11.494831
v -0.241860 11.469166 -11.494831
v -0.282071 11.474154 -11.469890
v -0.331260 11.474154 -11.469890
v -0.371471 11.469166 -11.494831
v -0.248199 11.530608 -11.512438
v -0.285064 11.541172 -11.494831
v -0.328267 11.541172 -11.494831
v -0.365133 11.530608 -11.512438
v -0.209221 11.335719 -11.772290
v -0.198657 11.325154 -11.710848
v -0.198657 11.325154 -11.638843
v -0.209221 11.335718 -11.577401
v -0.198657 11.397161 -11.782854
v -0.183692 11.392172 -11.715837
v -0.183692 11.392172 -11.633855
v -0.198657 11.397161 -11.566837
v -0.198657 11.469166 -11.782854
v -0.183692 11.474154 -11.715837
v -0.183692 11.474154 -11.633855
v -0.198657 11.469166 -11.566837
v -0.209221 11.530607 -11.772290
v -0.198657 11.541171 -11.710848
v -0.198657 11.541171 -11.638843
v -0.209221 11.530607 -11.577401
v -0.365132 11.335718 -11.837253
v -0.328267 11.325154 -11.854859
v -0.285064 11.325154 -11.854859
v -0.248199 11.335719 -11.837253
v -0.371470 11.397161 -11.854859
v -0.331260 11.392172 -11.879801
v -0.282071 11.392172 -11.879800
v -0.241861 11.397161 -11.854859
v -0.371470 11.469166 -11.854859
v -0.331260 11.474154 -11.879801
v -0.282071 11.474154 -11.879800
v -0.241861 11.469166 -11.854859
v -0.365132 11.530607 -11.837253
v -0.328267 11.541171 -11.854859
v -0.285064 11.541171 -11.854859
v -0.248199 11.530607 -11.837253
v -0.404110 11.335718 -11.577400
v -0.414674 11.325154 -11.638843
v -0.414674 11.325154 -11.710849
v -0.404110 11.335718 -11.772290
v -0.414674 11.397161 -11.566836
v -0.429639 11.392172 -11.633855
v -0.429639 11.392172 -11.715837
v -0.414674 11.397161 -11.782854
v -0.414674 11.469166 -11.566836
v -0.429639 11.474154 -11.633855
v -0.429639 11.474154 -11.715837
v -0.414674 11.469166 -11.782854
v -0.404110 11.530608 -11.577400
v -0.414674 11.541172 -11.638843
v -0.414674 11.541172 -11.710849
v -0.404110 11.530608 -11.772290
v -0.581873 11.273296 -11.514980
v -0.581873 11.593027 -11.514980
v -0.581873 11.273296 -11.834710
v -0.581873 11.593027 -11.834710
v -0.404792 11.273296 -11.514980
v -0.404792 11.593027 -11.514980
v -0.404792 11.273297 -11.834710
v -0.404792 11.593026 -11.834710
v -0.593159 11.252919 -11.782991
v -0.600704 11.239297 -11.713618
v -0.600704 11.239297 -11.636072
v -0.593159 11.252918 -11.566700
v -0.593159 11.325016 -11.494602
v -0.600704 11.394389 -11.480980
v -0.600704 11.471935 -11.480980
v -0.593159 11.541307 -11.494602
v -0.593159 11.613405 -11.566700
v -0.600704 11.627027 -11.636072
v -0.600704 11.627027 -11.713618
v -0.593159 11.613404 -11.782991
v -0.593159 11.541307 -11.855088
v -0.600703 11.471934 -11.868711
v -0.600703 11.394389 -11.868711
v -0.593159 11.325016 -11.855088
v -0.433436 11.252919 -11.855088
v -0.471858 11.239297 -11.868711
v -0.514807 11.239297 -11.868711
v -0.553229 11.252919 -11.855088
v -0.553229 11.613404 -11.855088
v -0.514807 11.627027 -11.868711
v -0.471858 11.627027 -11.868711
v -0.433436 11.613404 -11.855088
v -0.393505 11.541307 -11.855088
v -0.385962 11.471934 -11.868710
v -0.385962 11.394389 -11.868710
v -0.393505 11.325016 -11.855088
v -0.393505 11.252919 -11.566700
v -0.385961 11.239297 -11.636072
v -0.385961 11.239297 -11.713618
v -0.393505 11.252919 -11.782991
v -0.393505 11.613404 -11.782991
v -0.385961 11.627027 -11.713618
v -0.385961 11.627027 -11.636072
v -0.393505 11.613404 -11.566700
v -0.393505 11.541307 -11.494602
v -0.385961 11.471934 -11.480981
v -0.385961 11.394389 -11.480981
v -0.393505 11.325016 -11.494602
v -0.553229 11.252918 -11.494602
v -0.514807 11.239297 -11.480980
v -0.471858 11.239297 -11.480981
v -0.433436 11.252919 -11.494602
v -0.433436 11.613405 -11.494602
v -0.471858 11.627027 -11.480981
v -0.514807 11.627027 -11.480980
v -0.553229 11.613405 -11.494602
v -0.423172 11.644291 -11.801523
v -0.415566 11.667180 -11.721649
v -0.415566 11.667180 -11.628042
v -0.423172 11.644292 -11.548167
v -0.467410 11.667180 -11.815256
v -0.463819 11.699603 -11.728134
v -0.463819 11.699603 -11.621557
v -0.467410 11.667180 -11.534434
v -0.519254 11.667180 -11.815257
v -0.522846 11.699603 -11.728134
v -0.522846 11.699604 -11.621557
v -0.519254 11.667180 -11.534434
v -0.563493 11.644292 -11.801523
v -0.571098 11.667180 -11.721649
v -0.571098 11.667180 -11.628042
v -0.563493 11.644292 -11.548167
v -0.563493 11.222032 -11.801523
v -0.571098 11.199143 -11.721649
v -0.571098 11.199143 -11.628042
v -0.563493 11.222032 -11.548167
v -0.519254 11.199143 -11.815257
v -0.522846 11.166720 -11.728134
v -0.522846 11.166719 -11.621557
v -0.519254 11.199143 -11.534434
v -0.467410 11.199143 -11.815256
v -0.463819 11.166720 -11.728134
v -0.463819 11.166720 -11.621557
v -0.467410 11.199143 -11.534434
v -0.423172 11.222032 -11.801523
v -0.415566 11.199143 -11.721649
v -0.415566 11.199143 -11.628042
v -0.423172 11.222032 -11.548167
v -0.423172 11.306483 -11.463716
v -0.467410 11.292750 -11.440826
v -0.519254 11.292750 -11.440826
v -0.563493 11.306483 -11.463716
v -0.415566 11.386358 -11.440826
v -0.463819 11.379873 -11.408403
v -0.522846 11.379873 -11.408403
v -0.571099 11.386358 -11.440826
v -0.415566 11.479965 -11.440826
v -0.463819 11.486450 -11.408403
v -0.522846 11.486450 -11.408403
v -0.571099 11.479965 -11.440826
v -0.423172 11.559840 -11.463716
v -0.467410 11.573573 -11.440826
v -0.519254 11.573573 -11.440826
v -0.563493 11.559840 -11.463716
v -0.376399 11.306484 -11.801523
v -0.363722 11.292751 -11.721649
v -0.363722 11.292751 -11.628042
v -0.376399 11.306484 -11.548167
v -0.363722 11.386358 -11.815256
v -0.345765 11.379873 -11.728134
v -0.345764 11.379873 -11.621557
v -0.363722 11.386358 -11.534434
v -0.363722 11.479965 -11.815256
v -0.345765 11.486450 -11.728134
v -0.345764 11.486450 -11.621557
v -0.363722 11.479965 -11.534434
v -0.376399 11.559839 -11.801523
v -0.363722 11.573572 -11.721649
v -0.363722 11.573572 -11.628042
v -0.376399 11.559839 -11.548167
v -0.563493 11.306484 -11.885976
v -0.519254 11.292751 -11.908864
v -0.467410 11.292751 -11.908864
v -0.423172 11.306484 -11.885975
v -0.571098 11.386358 -11.908864
v -0.522846 11.379873 -11.941287
v -0.463819 11.379873 -11.941287
v -0.415566 11.386358 -11.908863
v -0.571098 11.479965 -11.908864
v -0.522846 11.486450 -11.941287
v -0.463819 11.486450 -11.941287
v -0.415566 11.479965 -11.908863
v -0.563493 11.559839 -11.885976
v -0.519254 11.573572 -11.908864
v -0.467410 11.573572 -11.908864
v -0.423172 11.559839 -11.885975
v -0.610266 11.306483 -11.548167
v -0.622943 11.292750 -11.628042
v -0.622942 11.292750 -11.721649
v -0.610266 11.306483 -11.801523
v -0.622943 11.386358 -11.534434
v -0.640900 11.379873 -11.621557
v -0.640900 11.379873 -11.728134
v -0.622942 11.386358 -11.815257
v -0.622943 11.479965 -11.534434
v -0.640900 11.486450 -11.621557
v -0.640900 11.486450 -11.728134
v -0.622942 11.479965 -11.815257
v -0.610266 11.559840 -11.548167
v -0.622943 11.573573 -11.628042
v -0.622942 11.573573 -11.721649
v -0.610266 11.559840 -11.801523
v 4.666667 11.433165 -11.808179
v 4.666667 11.407153 -11.805617
v 4.666667 11.382140 -11.798030
v 4.666667 11.359088 -11.785708
v 4.666667 11.338884 -11.769127
v 4.666667 11.322302 -11.748921
v 4.666667 11.309980 -11.725870
v 4.666667 11.302393 -11.700858
v 4.666667 11.299831 -11.674846
v 4.666667 11.302393 -11.648833
v 4.666667 11.309980 -11.623821
v 4.666667 11.322302 -11.600770
v 4.666667 11.338884 -11.580564
v 4.666667 11.359088 -11.563983
v 4.666667 11.382140 -11.551661
v 4.666667 11.407153 -11.544074
v 4.666667 11.433165 -11.541512
v 4.666667 11.459176 -11.544074
v 4.666667 11.484189 -11.551661
v 4.666667 11.507241 -11.563983
v 4.666667 11.527445 -11.580564
v 4.666667 11.544027 -11.600770
v 4.666667 11.556349 -11.623821
v 4.666667 11.563936 -11.648833
v 4.666667 11.566498 -11.674846
v 4.666667 11.563936 -11.700858
v 4.666667 11.556349 -11.725870
v 4.666667 11.544027 -11.748921
v 4.666667 11.527445 -11.769127
v 4.666667 11.507241 -11.785708
v 4.666667 11.484189 -11.798030
v 4.666667 11.459176 -11.805617
v 9.566668 11.433165 -11.808179
v 9.566668 11.407153 -11.805617
v 9.566668 11.382141 -11.798030
v 9.566668 11.359089 -11.785708
v 9.566668 11.338884 -11.769127
v 9.566668 11.322302 -11.748921
v 9.566668 11.309980 -11.725870
v 9.566668 11.302394 -11.700858
v 9.566668 11.299831 -11.674846
v 9.566668 11.302394 -11.648833
v 9.566668 11.309980 -11.623821
v 9.566668 11.322302 -11.600770
v 9.566668 11.338884 -11.580564
v 9.566668 11.359089 -11.563983
v 9.566668 11.382141 -11.551661
v 9.566668 11.407153 -11.544074
v 9.566668 11.433165 -11.541512
v 9.566668 11.459177 -11.544074
v 9.566668 11.484189 -11.551661
v 9.566668 11.507241 -11.563983
v 9.566668 11.527446 -11.580564
v 9.566668 11.544027 -11.600770
v 9.566668 11.556349 -11.623821
v 9.566668 11.563936 -11.648833
v 9.566668 11.566498 -11.674846
v 9.566668 11.563936 -11.700858
v 9.566668 11.556349 -11.725870
v 9.566668 11.544027 -11.748921
v 9.566668 11.527446 -11.769127
v 9.566668 11.507241 -11.785708
v 9.566668 11.484189 -11.798030
v 9.566668 11.459177 -11.805617
v 9.713785 11.310190 -11.551872
v 9.713785 11.556136 -11.551872
v 9.713784 11.310190 -11.797818
v 9.713784 11.556136 -11.797818
v 9.566217 11.310190 -11.551872
v 9.566217 11.556136 -11.551872
v 9.566217 11.310190 -11.797818
v 9.566217 11.556136 -11.797818
v 9.723190 11.294515 -11.758035
v 9.729477 11.284036 -11.704671
v 9.729477 11.284036 -11.645020
v 9.723190 11.294515 -11.591657
v 9.723190 11.349974 -11.536197
v 9.729477 11.403337 -11.525719
v 9.729477 11.462989 -11.525719
v 9.723190 11.516353 -11.536197
v 9.723190 11.571812 -11.591657
v 9.729477 11.582290 -11.645020
v 9.729477 11.582290 -11.704671
v 9.723190 11.571812 -11.758035
v 9.723190 11.516352 -11.813494
v 9.729477 11.462989 -11.823973
v 9.729477 11.403337 -11.823973
v 9.723190 11.349974 -11.813494
v 9.590088 11.294515 -11.813494
v 9.622105 11.284037 -11.823972
v 9.657896 11.284037 -11.823972
v 9.689914 11.294515 -11.813494
v 9.689914 11.571812 -11.813494
v 9.657896 11.582290 -11.823972
v 9.622105 11.582290 -11.823972
v 9.590088 11.571812 -11.813494
v 9.556812 11.516352 -11.813494
v 9.550525 11.462988 -11.823972
v 9.550525 11.403337 -11.823972
v 9.556812 11.349975 -11.813494
v 9.556812 11.294515 -11.591657
v 9.550525 11.284037 -11.645020
v 9.550525 11.284037 -11.704671
v 9.556812 11.294515 -11.758035
v 9.556812 11.571812 -11.758035
v 9.550525 11.582290 -11.704671
v 9.550525 11.582290 -11.645020
v 9.556812 11.571812 -11.591657
v 9.556812 11.516352 -11.536197
v 9.550525 11.462989 -11.525719
v 9.550525 11.403337 -11.525719
v 9.556812 11.349974 -11.536197
v 9.689915 11.294515 -11.536197
v 9.657896 11.284036 -11.525719
v 9.622105 11.284036 -11.525719
v 9.590088 11.294515 -11.536197
v 9.590088 11.571812 -11.536197
v 9.622105 11.582290 -11.525719
v 9.657896 11.582290 -11.525719
v 9.689915 11.571812 -11.536197
v 9.581533 11.595571 -11.772290
v 9.575195 11.613177 -11.710848
v 9.575195 11.613177 -11.638843
v 9.581533 11.595571 -11.577401
v 9.618399 11.613177 -11.782854
v 9.615406 11.638118 -11.715837
v 9.615406 11.638119 -11.633855
v 9.618399 11.613177 -11.566837
v 9.661602 11.613177 -11.782854
v 9.664595 11.638118 -11.715837
v 9.664595 11.638119 -11.633855
v 9.661602 11.613177 -11.566836
v 9.698467 11.595571 -11.772290
v 9.704805 11.613177 -11.710849
v 9.704805 11.613177 -11.638843
v 9.698467 11.595571 -11.577401
v 9.698467 11.270756 -11.772290
v 9.704805 11.253149 -11.710849
v 9.704805 11.253149 -11.638843
v 9.698467 11.270755 -11.577401
v 9.661602 11.253149 -11.782854
v 9.664595 11.228208 -11.715837
v 9.664595 11.228208 -11.633855
v 9.661602 11.253149 -11.566836
v 9.618399 11.253149 -11.782854
v 9.615406 11.228208 -11.715837
v 9.615406 11.228208 -11.633855
v 9.618399 11.253149 -11.566837
v 9.581533 11.270756 -11.772290
v 9.575195 11.253149 -11.710848
v 9.575195 11.253149 -11.638843
v 9.581533 11.270756 -11.577401
v 9.581533 11.335718 -11.512438
v 9.618399 11.325154 -11.494831
v 9.661602 11.325154 -11.494831
v 9.698467 11.335718 -11.512438
v 9.575195 11.397161 -11.494831
v 9.615406 11.392172 -11.469890
v 9.664595 11.392172 -11.469890
v 9.704805 11.397161 -11.494831
v 9.575195 11.469166 -11.494831
v 9.615406 11.474154 -11.469890
v 9.664595 11.474154 -11.469890
v 9.704805 11.469166 -11.494831
v 9.581533 11.530608 -11.512438
v 9.618399 11.541172 -11.494831
v 9.661602 11.541172 -11.494831
v 9.698467 11.530608 -11.512438
v 9.542557 11.335719 -11.772290
v 9.531992 11.325154 -11.710848
v 9.531992 11.325154 -11.638843
v 9.542556 11.335718 -11.577401
v 9.531992 11.397161 -11.782854
v 9.517027 11.392172 -11.715837
v 9.517027 11.392172 -11.633855
v 9.531992 11.397161 -11.566837
v 9.531992 11.469166 -11.782854
v 9.517027 11.474154 -11.715837
v 9.517027 11.474154 -11.633855
v 9.531992 11.469166 -11.566837
v 9.542557 11.530607 -11.772290
v 9.531992 11.541171 -11.710848
v 9.531992 11.541171 -11.638843
v 9.542556 11.530607 -11.577401
v 9.698467 11.335718 -11.837253
v 9.661602 11.325154 -11.854859
v 9.618399 11.325154 -11.854859
v 9.581533 11.335719 -11.837253
v 9.704805 11.397161 -11.854859
v 9.664595 11.392172 -11.879801
v 9.615406 11.392172 -11.879800
v 9.575195 11.397161 -11.854859
v 9.704805 11.469166 -11.854859
v 9.664595 11.474154 -11.879801
v 9.615406 11.474154 -11.879800
v 9.575195 11.469166 -11.854859
v 9.698467 11.530607 -11.837253
v 9.661602 11.541171 -11.854859
v 9.618399 11.541171 -11.854859
v 9.581533 11.530607 -11.837253
v 9.737446 11.335718 -11.577400
v 9.748009 11.325154 -11.638843
v 9.748009 11.325154 -11.710849
v 9.737445 11.335718 -11.772290
v 9.748009 11.397161 -11.566836
v 9.762974 11.392172 -11.633855
v 9.762974 11.392172 -11.715837
v 9.748009 11.397161 -11.782854
v 9.748009 11.469166 -11.566836
v 9.762974 11.474154 -11.633855
v 9.762974 11.474154 -11.715837
v 9.748009 11.469166 -11.782854
v 9.737446 11.530608 -11.577400
v 9.748009 11.541172 -11.638843
v 9.748009 11.541172 -11.710849
v 9.737445 11.530608 -11.772290
v 9.915209 11.273296 -11.514980
v 9.915209 11.593027 -11.514980
v 9.915208 11.273296 -11.834710
v 9.915208 11.593027 -11.834710
v 9.738127 11.273296 -11.514980
v 9.738127 11.593027 -11.514980
v 9.738127 11.273297 -11.834710
v 9.738127 11.593026 -11.834710
v 9.926495 11.252919 -11.782991
v 9.934039 11.239297 -11.713618
v 9.934039 11.239297 -11.636072
v 9.926495 11.252918 -11.566700
v 9.926495 11.325016 -11.494602
v 9.934039 11.394389 -11.480980
v 9.934039 11.471935 -11.480980
v 9.926495 11.541307 -11.494602
v 9.926495 11.613405 -11.566700
v 9.934039 11.627027 -11.636072
v 9.934039 11.627027 -11.713618
v 9.926495 11.613404 -11.782991
v 9.926495 11.541307 -11.855088
v 9.934038 11.471934 -11.868711
v 9.934038 11.394389 -11.868711
v 9.926495 11.325016 -11.855088
v 9.766771 11.252919 -11.855088
v 9.805193 11.239297 -11.868711
v 9.848142 11.239297 -11.868711
v 9.886564 11.252919 -11.855088
v 9.886564 11.613404 -11.855088
v 9.848142 11.627027 -11.868711
v 9.805193 11.627027 -11.868711
v 9.766771 11.613404 -11.855088
v 9.726840 11.541307 -11.855088
v 9.719296 11.471934 -11.868710
v 9.719296 11.394389 -11.868710
v 9.726840 11.325016 -11.855088
v 9.726840 11.252919 -11.566700
v 9.719296 11.239297 -11.636072
v 9.719296 11.239297 -11.713618
v 9.726840 11.252919 -11.782991
v 9.726840 11.613404 -11.782991
v 9.719296 11.627027 -11.713618
v 9.719296 11.627027 -11.636072
v 9.726840 11.613404 -11.566700
v 9.726840 11.541307 -11.494602
v 9.719296 11.471934 -11.480981
v 9.719296 11.394389 -11.480981
v 9.726840 11.325016 -11.494602
v 9.886564 11.252918 -11.494602
v 9.848142 11.239297 -11.480980
v 9.805193 11.239297 -11.480981
v 9.766771 11.252919 -11.494602
v 9.766771 11.613405 -11.494602
v 9.805193 11.627027 -11.480981
v 9.848142 11.627027 -11.480980
v 9.886564 11.613405 -11.494602
v 9.756507 11.644291 -11.801523
v 9.748901 11.667180 -11.721649
v 9.748901 11.667180 -11.628042
v 9.756507 11.644292 -11.548167
v 9.800745 11.667180 -11.815256
v 9.797153 11.699603 -11.728134
v 9.797153 11.699603 -11.621557
v 9.800745 11.667180 -11.534434
v 9.852589 11.667180 -11.815257
v 9.856180 11.699603 -11.728134
v 9.856180 11.699604 -11.621557
v 9.852589 11.667180 -11.534434
v 9.896828 11.644292 -11.801523
v 9.904433 11.667180 -11.721649
v 9.904433 11.667180 -11.628042
v 9.896828 11.644292 -11.548167
v 9.896828 11.222032 -11.801523
v 9.904433 11.199143 -11.721649
v 9.904433 11.199143 -11.628042
v 9.896828 11.222032 -11.548167
v 9.852589 11.199143 -11.815257
v 9.856180 11.166720 -11.728134
v 9.856180 11.166719 -11.621557
v 9.852589 11.199143 -11.534434
v 9.800745 11.199143 -11.815256
v 9.797153 11.166720 -11.728134
v 9.797153 11.166720 -11.621557
v 9.800745 11.199143 -11.534434
v 9.756508 11.222032 -11.801523
v 9.748901 11.199143 -11.721649
v 9.748901 11.199143 -11.628042
v 9.756507 11.222032 -11.548167
v 9.756507 11.306483 -11.463716
v 9.800745 11.292750 -11.440826
v 9.852589 11.292750 -11.440826
v 9.896828 11.306483 -11.463716
v 9.748901 11.386358 -11.440826
v 9.797153 11.379873 -11.408403
v 9.856180 11.379873 -11.408403
v 9.904434 11.386358 -11.440826
v 9.748901 11.479965 -11.440826
v 9.797153 11.486450 -11.408403
v 9.856180 11.486450 -11.408403
v 9.904434 11.479965 -11.440826
v 9.756507 11.559840 -11.463716
v 9.800745 11.573573 -11.440826
v 9.852589 11.573573 -11.440826
v 9.896828 11.559840 -11.463716
v 9.709734 11.306484 -11.801523
v 9.697057 11.292751 -11.721649
v 9.697057 11.292751 -11.628042
v 9.709734 11.306484 -11.548167
v 9.697057 11.386358 -11.815256
v 9.679100 11.379873 -11.728134
v 9.679099 11.379873 -11.621557
v 9.697057 11.386358 -11.534434
v 9.697057 11.479965 -11.815256
v 9.679100 11.486450 -11.728134
v 9.679099 11.486450 -11.621557
v 9.697057 11.479965 -11.534434
v 9.709734 11.559839 -11.801523
v 9.697057 11.573572 -11.721649
v 9.697057 11.573572 -11.628042
v 9.709734 11.559839 -11.548167
v 9.896828 11.306484 -11.885976
v 9.852589 11.292751 -11.908864
v 9.800745 11.292751 -11.908864
v 9.756508 11.306484 -11.885975
v 9.904433 11.386358 -11.908864
v 9.856180 11.379873 -11.941287
v 9.797153 11.379873 -11.941287
v 9.748901 11.386358 -11.908863
v 9.904433 11.479965 -11.908864
v 9.856180 11.486450 -11.941287
v 9.797153 11.486450 -11.941287
v 9.748901 11.479965 -11.908863
v 9.896828 11.559839 -11.885976
v 9.852589 11.573572 -11.908864
v 9.800745 11.573572 -11.908864
v 9.756508 11.559839 -11.885975
v 9.943601 11.306483 -11.548167
v 9.956278 11.292750 -11.628042
v 9.956278 11.292750 -11.721649
v 9.943601 11.306483 -11.801523
v 9.956278 11.386358 -11.534434
v 9.974236 11.379873 -11.621557
v 9.974236 11.379873 -11.728134
v 9.956278 11.386358 -11.815257
v 9.956278 11.479965 -11.534434
v 9.974236 11.486450 -11.621557
v 9.974236 11.486450 -11.728134
v 9.956278 11.479965 -11.815257
v 9.943601 11.559840 -11.548167
v 9.956278 11.573573 -11.628042
v 9.956278 11.573573 -11.721649
v 9.943601 11.559840 -11.801523
vn -1.0000 -0.0000 -0.0000
vn -0.8999 0.3083 -0.3083
vn -0.8152 0.4999 -0.2925
vn -0.7625 0.4575 -0.4575
vn -0.8152 0.2925 -0.4999
vn 0.6180 0.3837 -0.6862
vn 0.5701 0.5809 -0.5809
vn 0.7625 0.4575 -0.4575
vn 0.8152 0.2925 -0.4999
vn 0.8999 0.3083 0.3083
vn 0.8152 0.4999 0.2925
vn 0.7625 0.4575 0.4575
vn 0.8152 0.2925 0.4999
vn -0.6180 0.3837 0.6862
vn -0.5701 0.5809 0.5809
vn -0.7625 0.4575 0.4575
vn -0.8152 0.2925 0.4999
vn 0.6180 -0.6862 0.3837
vn 0.8152 -0.4999 0.2925
vn 0.7625 -0.4575 0.4575
vn 0.5701 -0.5809 0.5809
vn -0.6180 0.6862 0.3837
vn -0.8152 0.4999 0.2925
vn 0.6180 0.6862 0.3837
vn 0.5701 0.5809 0.5809
vn 0.2463 0.8488 0.4678
vn 0.2206 0.6897 0.6897
vn -0.2463 0.8488 0.4678
vn -0.2206 0.6897 0.6897
vn 0.6180 0.6862 -0.3837
vn 0.8152 0.4999 -0.2925
vn 0.6555 0.7427 -0.1371
vn 0.8471 0.5220 -0.0999
vn 0.6555 0.7427 0.1371
vn 0.8471 0.5220 0.0999
vn 0.2206 0.6897 -0.6897
vn 0.2463 0.8488 -0.4678
vn 0.2672 0.9481 -0.1724
vn 0.2672 0.9481 0.1724
vn -0.2206 0.6897 -0.6897
vn -0.2463 0.8488 -0.4678
vn -0.2672 0.9481 -0.1724
vn -0.2672 0.9481 0.1724
vn -0.5701 0.5809 -0.5809
vn -0.6180 0.6862 -0.3837
vn -0.6555 0.7427 -0.1371
vn -0.6555 0.7427 0.1371
vn -0.8471 0.5220 -0.1000
vn -0.8471 0.5220 0.0999
vn -0.8152 -0.4999 0.2925
vn -0.6180 -0.6862 0.3837
vn -0.5701 -0.5809 0.5809
vn -0.7625 -0.4575 0.4575
vn -0.2463 -0.8488 0.4678
vn -0.2206 -0.6897 0.6897
vn 0.2463 -0.8488 0.4678
vn 0.2206 -0.6897 0.6897
vn -0.7625 -0.4575 -0.4575
vn -0.5701 -0.5809 -0.5809
vn -0.6180 -0.6862 -0.3837
vn -0.8152 -0.4999 -0.2925
vn -0.6555 -0.7427 -0.1371
vn -0.8471 -0.5220 -0.1000
vn -0.6555 -0.7427 0.1371
vn -0.8471 -0.5220 0.0999
vn -0.2206 -0.6897 -0.6897
vn -0.2463 -0.8488 -0.4678
vn -0.2672 -0.9481 -0.1724
vn -0.2672 -0.9481 0.1724
vn 0.2206 -0.6897 -0.6897
vn 0.2463 -0.8488 -0.4678
vn 0.2672 -0.9481 -0.1724
vn 0.2672 -0.9481 0.1724
vn 0.5701 -0.5809 -0.5809
vn 0.6180 -0.6862 -0.3837
vn 0.6555 -0.7427 -0.1371
vn 0.6555 -0.7427 0.1371
vn 0.7625 -0.4575 -0.4575
vn 0.8152 -0.4999 -0.2925
vn 0.8471 -0.5220 -0.1000
vn 0.8471 -0.5220 0.0999
vn -0.6180 -0.3837 0.6862
vn -0.8152 -0.2925 0.4999
vn -0.6555 -0.1371 0.7427
vn -0.8471 -0.0999 0.5220
vn -0.6555 0.1371 0.7427
vn -0.8471 0.0999 0.5220
vn 0.8152 -0.2925 0.4999
vn 0.6180 -0.3837 0.6862
vn 0.2463 -0.4678 0.8488
vn -0.2463 -0.4678 0.8488
vn 0.8471 -0.0999 0.5220
vn 0.6555 -0.1371 0.7427
vn 0.2672 -0.1724 0.9481
vn -0.2672 -0.1724 0.9481
vn 0.8471 0.0999 0.5220
vn 0.6555 0.1371 0.7427
vn 0.2672 0.1724 0.9481
vn -0.2672 0.1724 0.9481
vn 0.6180 0.3837 0.6862
vn 0.2463 0.4678 0.8488
vn -0.2463 0.4678 0.8488
vn 0.8999 -0.3083 0.3083
vn 0.9417 -0.1073 0.3190
vn 0.9417 0.1073 0.3190
vn 0.8152 -0.2925 -0.4999
vn 0.8999 -0.3083 -0.3083
vn 0.9417 -0.3190 -0.1073
vn 0.9417 -0.3190 0.1073
vn 0.8471 -0.0999 -0.5220
vn 0.9417 -0.1073 -0.3190
vn 0.9875 -0.1112 -0.1113
vn 0.9875 -0.1112 0.1112
vn 0.8471 0.0999 -0.5220
vn 0.9417 0.1073 -0.3190
vn 0.9875 0.1112 -0.1113
vn 0.9875 0.1112 0.1112
vn 0.8999 0.3083 -0.3083
vn 0.9417 0.3190 -0.1073
vn 0.9417 0.3190 0.1073
vn 0.6180 -0.3837 -0.6862
vn 0.6555 -0.1371 -0.7427
vn 0.6555 0.1371 -0.7427
vn -0.8152 -0.2925 -0.4999
vn -0.6180 -0.3837 -0.6862
vn -0.2463 -0.4678 -0.8488
vn 0.2463 -0.4678 -0.8488
vn -0.8471 -0.0999 -0.5220
vn -0.6555 -0.1371 -0.7427
vn -0.2672 -0.1724 -0.9481
vn 0.2672 -0.1724 -0.9481
vn -0.8471 0.0999 -0.5220
vn -0.6555 0.1371 -0.7427
vn -0.2672 0.1724 -0.9481
vn 0.2672 0.1724 -0.9481
vn -0.6180 0.3837 -0.6862
vn -0.2463 0.4678 -0.8488
vn 0.2463 0.4678 -0.8488
vn -0.8999 -0.3083 -0.3083
vn -0.9417 -0.1073 -0.3190
vn -0.9417 0.1073 -0.3190
vn -0.8999 -0.3083 0.3083
vn -0.9417 -0.3190 0.1073
vn -0.9417 -0.3190 -0.1073
vn -0.9417 -0.1073 0.3190
vn -0.9875 -0.1112 0.1112
vn -0.9875 -0.1112 -0.1113
vn -0.9417 0.1073 0.3190
vn -0.9875 0.1112 0.1112
vn -0.9875 0.1112 -0.1113
vn -0.8999 0.3083 0.3083
vn -0.9417 0.3190 0.1073
vn -0.9417 0.3190 -0.1073
vn -0.9125 0.2893 -0.2893
vn -0.8356 0.4743 -0.2773
vn -0.7871 0.4361 -0.4361
vn -0.8356 0.2773 -0.4743
vn 0.6462 0.3725 -0.6661
vn 0.5999 0.5657 -0.5657
vn 0.7871 0.4361 -0.4361
vn 0.8356 0.2773 -0.4743
vn 0.9125 0.2893 0.2893
vn 0.8356 0.4743 0.2773
vn 0.7871 0.4361 0.4361
vn 0.8356 0.2773 0.4743
vn -0.6462 0.3725 0.6661
vn -0.5999 0.5657 0.5657
vn -0.7871 0.4361 0.4361
vn -0.8356 0.2773 0.4743
vn 0.6462 -0.6661 0.3725
vn 0.8356 -0.4743 0.2773
vn 0.7871 -0.4361 0.4361
vn 0.5999 -0.5657 0.5657
vn -0.6462 0.6661 0.3725
vn -0.8356 0.4743 0.2773
vn 0.6462 0.6661 0.3725
vn 0.5999 0.5657 0.5657
vn 0.2623 0.8451 0.4658
vn 0.2363 0.6871 0.6871
vn -0.2623 0.8451 0.4658
vn -0.2363 0.6871 0.6871
vn 0.6462 0.6661 -0.3725
vn 0.8356 0.4743 -0.2773
vn 0.6827 0.7185 -0.1327
vn 0.8646 0.4935 -0.0944
vn 0.6827 0.7185 0.1326
vn 0.8646 0.4935 0.0944
vn 0.2363 0.6871 -0.6871
vn 0.2623 0.8451 -0.4658
vn 0.2836 0.9435 -0.1716
vn 0.2836 0.9435 0.1716
vn -0.2363 0.6871 -0.6871
vn -0.2623 0.8451 -0.4658
vn -0.2836 0.9435 -0.1716
vn -0.2836 0.9435 0.1716
vn -0.5999 0.5657 -0.5657
vn -0.6462 0.6661 -0.3725
vn -0.6827 0.7185 -0.1326
vn -0.6827 0.7185 0.1326
vn -0.8646 0.4935 -0.0944
vn -0.8646 0.4935 0.0944
vn -0.8356 -0.4743 0.2773
vn -0.6462 -0.6661 0.3725
vn -0.5999 -0.5657 0.5657
vn -0.7871 -0.4361 0.4361
vn -0.2623 -0.8451 0.4658
vn -0.2363 -0.6871 0.6871
vn 0.2623 -0.8451 0.4658
vn 0.2363 -0.6871 0.6871
vn -0.7871 -0.4361 -0.4361
vn -0.5999 -0.5657 -0.5657
vn -0.6462 -0.6661 -0.3725
vn -0.8356 -0.4743 -0.2773
vn -0.6827 -0.7185 -0.1326
vn -0.8646 -0.4935 -0.0944
vn -0.6827 -0.7185 0.1326
vn -0.8646 -0.4935 0.0944
vn -0.2363 -0.6871 -0.6871
vn -0.2623 -0.8451 -0.4658
vn -0.2836 -0.9435 -0.1716
vn -0.2836 -0.9435 0.1716
vn 0.2363 -0.6871 -0.6871
vn 0.2623 -0.8451 -0.4658
vn 0.2836 -0.9435 -0.1716
vn 0.2836 -0.9435 0.1716
vn 0.5999 -0.5657 -0.5657
vn 0.6462 -0.6661 -0.3725
vn 0.6827 -0.7185 -0.1327
vn 0.6827 -0.7185 0.1326
vn 0.7871 -0.4361 -0.4361
vn 0.8356 -0.4743 -0.2773
vn 0.8646 -0.4935 -0.0944
vn 0.8646 -0.4935 0.0944
vn -0.6462 -0.3725 0.6661
vn -0.8356 -0.2773 0.4743
vn -0.6827 -0.1327 0.7185
vn -0.8646 -0.0944 0.4935
vn -0.6827 0.1326 0.7185
vn -0.8646 0.0944 0.4935
vn 0.8356 -0.2773 0.4743
vn 0.6462 -0.3725 0.6661
vn 0.2623 -0.4658 0.8451
vn -0.2623 -0.4658 0.8451
vn 0.8646 -0.0944 0.4935
vn 0.6827 -0.1326 0.7185
vn 0.2836 -0.1716 0.9435
vn -0.2836 -0.1716 0.9435
vn 0.8646 0.0944 0.4935
vn 0.6827 0.1326 0.7185
vn 0.2836 0.1716 0.9435
vn -0.2836 0.1716 0.9435
vn 0.6462 0.3725 0.6661
vn 0.2623 0.4658 0.8451
vn -0.2623 0.4658 0.8451
vn 0.9125 -0.2893 0.2893
vn 0.9494 -0.1002 0.2976
vn 0.9494 0.1002 0.2976
vn 0.8356 -0.2773 -0.4743
vn 0.9125 -0.2893 -0.2893
vn 0.9494 -0.2976 -0.1002
vn 0.9494 -0.2976 0.1002
vn 0.8646 -0.0944 -0.4935
vn 0.9494 -0.1002 -0.2976
vn 0.9893 -0.1032 -0.1032
vn 0.9893 -0.1032 0.1032
vn 0.8646 0.0944 -0.4935
vn 0.9494 0.1002 -0.2976
vn 0.9893 0.1032 -0.1032
vn 0.9893 0.1032 0.1032
vn 0.9125 0.2893 -0.2893
vn 0.9494 0.2976 -0.1002
vn 0.9494 0.2976 0.1002
vn 0.6462 -0.3725 -0.6661
vn 0.6827 -0.1326 -0.7185
vn 0.6827 0.1326 -0.7185
vn -0.8355 -0.2773 -0.4743
vn -0.6462 -0.3725 -0.6661
vn -0.2623 -0.4658 -0.8451
vn 0.2623 -0.4658 -0.8451
vn -0.8646 -0.0944 -0.4935
vn -0.6827 -0.1326 -0.7185
vn -0.2836 -0.1716 -0.9435
vn 0.2836 -0.1716 -0.9435
vn -0.8646 0.0944 -0.4935
vn -0.6827 0.1326 -0.7185
vn -0.2836 0.1716 -0.9435
vn 0.2836 0.1716 -0.9435
vn -0.6462 0.3725 -0.6661
vn -0.2623 0.4658 -0.8451
vn 0.2623 0.4658 -0.8451
vn -0.9125 -0.2893 -0.2893
vn -0.9494 -0.1002 -0.2976
vn -0.9494 0.1002 -0.2976
vn -0.9125 -0.2893 0.2893
vn -0.9494 -0.2976 0.1002
vn -0.9494 -0.2976 -0.1002
vn -0.9494 -0.1002 0.2976
vn -0.9893 -0.1032 0.1032
vn -0.9893 -0.1032 -0.1032
vn -0.9494 0.1002 0.2976
vn -0.9893 0.1032 0.1032
vn -0.9893 0.1032 -0.1032
vn -0.9125 0.2893 0.2893
vn -0.9494 0.2976 0.1002
vn -0.9494 0.2976 -0.1002
vn -0.0000 0.3827 -0.9239
vn -0.0000 0.1951 -0.9808
vn -0.0000 0.5556 -0.8315
vn -0.0000 0.7071 -0.7071
vn -0.0000 0.8315 -0.5556
vn -0.0000 0.9239 -0.3827
vn -0.0000 0.9808 -0.1951
vn -0.0000 1.0000 -0.0000
vn -0.0000 0.9808 0.1951
vn -0.0000 0.9239 0.3827
vn -0.0000 0.8315 0.5556
vn -0.0000 0.7071 0.7071
vn -0.0000 0.5556 0.8315
vn -0.0000 0.3827 0.9239
vn -0.0000 0.1951 0.9808
vn -0.0000 -0.0000 1.0000
vn -0.0000 -0.1951 0.9808
vn -0.0000 -0.3827 0.9239
vn -0.0000 -0.5556 0.8315
vn -0.0000 -0.7071 0.7071
vn -0.0000 -0.8315 0.5556
vn -0.0000 -0.9239 0.3827
vn -0.0000 -0.9808 0.1951
vn -0.0000 -1.0000 -0.0000
vn -0.0000 -0.9808 -0.1951
vn -0.0000 -0.9239 -0.3827
vn -0.0000 -0.8315 -0.5556
vn -0.0000 -0.7071 -0.7071
vn -0.0000 -0.5556 -0.8315
vn -0.0000 -0.3827 -0.9239
vn -0.0000 -0.1951 -0.9808
vn -0.0000 -0.0000 -1.0000
vn 1.0000 -0.0000 -0.0000
vn -0.8471 0.5220 -0.0999
vn 0.8471 0.5220 -0.1000
vn -0.9875 0.1112 0.1113
vn 0.6827 0.7185 -0.1326
vn -0.6827 -0.7185 -0.1327
vn 0.6827 -0.1327 0.7185
vn -0.6827 -0.1326 0.7185
vn -0.8356 -0.2773 -0.4743
vn 0.8355 -0.2773 -0.4743
vt 0.645318 0.449337
vt 0.643101 0.450819
vt 0.640637 0.451839
vt 0.638021 0.452360
vt 0.635354 0.452360
vt 0.632738 0.451839
vt 0.630274 0.450819
vt 0.628056 0.449337
vt 0.626170 0.447451
vt 0.624688 0.445233
vt 0.623668 0.442769
vt 0.623147 0.440153
vt 0.623147 0.437486
vt 0.623667 0.434870
vt 0.624688 0.432406
vt 0.626170 0.430189
vt 0.628056 0.428303
vt 0.630273 0.426821
vt 0.632738 0.425800
vt 0.635354 0.425280
vt 0.638021 0.425280
vt 0.640637 0.425800
vt 0.643101 0.426821
vt 0.645318 0.428302
vt 0.647204 0.430188
vt 0.648686 0.432406
vt 0.649707 0.434870
vt 0.650227 0.437486
vt 0.650227 0.440153
vt 0.649707 0.442769
vt 0.648686 0.445233
vt 0.647204 0.447451
vt 0.330783 0.112679
vt 0.351763 0.110194
vt 0.341991 0.129213
vt 0.322451 0.130022
vt 0.325067 0.192423
vt 0.346524 0.194235
vt 0.339586 0.208970
vt 0.320194 0.205944
vt 0.325671 0.295859
vt 0.342784 0.290298
vt 0.339277 0.309667
vt 0.319901 0.312914
vt 0.329978 0.377741
vt 0.352316 0.374616
vt 0.349175 0.390381
vt 0.328111 0.394713
vt 0.221476 0.294205
vt 0.235283 0.289168
vt 0.238378 0.308688
vt 0.223764 0.315867
vt 0.407283 0.300579
vt 0.424090 0.298832
vt 0.419641 0.319552
vt 0.404111 0.322517
vt 0.356433 0.295615
vt 0.353673 0.317147
vt 0.372609 0.299366
vt 0.370263 0.321941
vt 0.389671 0.301057
vt 0.387194 0.323384
vt 0.354066 0.201540
vt 0.356750 0.223153
vt 0.343026 0.228430
vt 0.358487 0.246999
vt 0.344495 0.248898
vt 0.358266 0.271900
vt 0.344431 0.269922
vt 0.370712 0.196801
vt 0.373005 0.219437
vt 0.374953 0.245431
vt 0.374532 0.273478
vt 0.387660 0.195406
vt 0.390085 0.217777
vt 0.392267 0.244886
vt 0.391861 0.273995
vt 0.404590 0.196307
vt 0.407698 0.218310
vt 0.410158 0.245171
vt 0.410095 0.273951
vt 0.420160 0.199301
vt 0.424612 0.220106
vt 0.427725 0.245961
vt 0.427104 0.273249
vt 0.153572 0.295907
vt 0.170381 0.298041
vt 0.173063 0.320107
vt 0.157561 0.316781
vt 0.188028 0.298918
vt 0.190005 0.321361
vt 0.205172 0.297606
vt 0.207016 0.320299
vt 0.159784 0.196247
vt 0.175454 0.193605
vt 0.171835 0.215580
vt 0.154846 0.216991
vt 0.168757 0.242437
vt 0.151134 0.242829
vt 0.168166 0.271283
vt 0.151134 0.270192
vt 0.192437 0.193092
vt 0.189494 0.215448
vt 0.186692 0.242558
vt 0.186442 0.271739
vt 0.209384 0.194880
vt 0.206567 0.217500
vt 0.204027 0.243495
vt 0.203822 0.271609
vt 0.225948 0.200011
vt 0.222762 0.221593
vt 0.220486 0.245434
vt 0.220160 0.270387
vt 0.240275 0.207788
vt 0.236382 0.227187
vt 0.234458 0.247643
vt 0.234069 0.268703
vt 0.224118 0.374057
vt 0.246737 0.377567
vt 0.248378 0.394886
vt 0.227039 0.390120
vt 0.273972 0.380400
vt 0.274704 0.398200
vt 0.303115 0.380316
vt 0.302331 0.397554
vt 0.257789 0.312331
vt 0.252304 0.326023
vt 0.230816 0.323044
vt 0.248247 0.342301
vt 0.225888 0.339509
vt 0.246549 0.359540
vt 0.223406 0.356543
vt 0.278294 0.314093
vt 0.276249 0.327974
vt 0.274650 0.344276
vt 0.273799 0.361884
vt 0.299399 0.314271
vt 0.301242 0.328306
vt 0.302768 0.344830
vt 0.303303 0.362264
vt 0.325122 0.326644
vt 0.328911 0.342860
vt 0.330412 0.359987
vt 0.346509 0.324050
vt 0.351116 0.340444
vt 0.353301 0.357346
vt 0.252338 0.295103
vt 0.276067 0.297911
vt 0.301999 0.298183
vt 0.259743 0.205227
vt 0.253589 0.221956
vt 0.250592 0.245488
vt 0.250155 0.271349
vt 0.279808 0.204395
vt 0.277061 0.220040
vt 0.275087 0.244254
vt 0.274690 0.273287
vt 0.300202 0.204564
vt 0.302489 0.220359
vt 0.303975 0.244663
vt 0.303815 0.273671
vt 0.325951 0.222815
vt 0.328432 0.246399
vt 0.328330 0.272223
vt 0.233693 0.192893
vt 0.255178 0.191572
vt 0.278294 0.190895
vt 0.302025 0.191237
vt 0.239563 0.128359
vt 0.258902 0.129444
vt 0.254804 0.143497
vt 0.233794 0.142890
vt 0.252413 0.159424
vt 0.230768 0.159241
vt 0.252563 0.175627
vt 0.230325 0.175983
vt 0.279850 0.129935
vt 0.278221 0.143885
vt 0.277171 0.159507
vt 0.277336 0.175377
vt 0.301454 0.130191
vt 0.302788 0.144239
vt 0.303595 0.160055
vt 0.303256 0.175947
vt 0.326344 0.144242
vt 0.328462 0.160321
vt 0.328009 0.176560
vt 0.347539 0.144018
vt 0.350225 0.160571
vt 0.350292 0.177383
vt 0.230107 0.109506
vt 0.250835 0.112142
vt 0.276776 0.113020
vt 0.304679 0.113291
vt 0.232267 0.011655
vt 0.251643 0.004891
vt 0.246610 0.025406
vt 0.226328 0.031297
vt 0.243270 0.053567
vt 0.222861 0.056587
vt 0.244565 0.085308
vt 0.223816 0.084283
vt 0.276778 0.000323
vt 0.274663 0.020908
vt 0.273170 0.050961
vt 0.273939 0.085547
vt 0.304547 -0.000000
vt 0.306856 0.020805
vt 0.308500 0.051020
vt 0.307688 0.085747
vt 0.330020 0.004478
vt 0.335193 0.025200
vt 0.338618 0.053622
vt 0.337274 0.085640
vt 0.349646 0.011252
vt 0.355705 0.031102
vt 0.359235 0.056671
vt 0.358249 0.084675
vt 0.518483 0.279194
vt 0.496736 0.281613
vt 0.507359 0.262094
vt 0.527669 0.261566
vt 0.526556 0.201417
vt 0.505049 0.198968
vt 0.512001 0.184777
vt 0.531565 0.188258
vt 0.527608 0.096828
vt 0.510313 0.102273
vt 0.514295 0.082857
vt 0.533995 0.079834
vt 0.525845 0.018466
vt 0.503757 0.020893
vt 0.507031 0.005985
vt 0.527943 0.002221
vt 0.632307 0.100553
vt 0.618851 0.105266
vt 0.615872 0.085676
vt 0.630029 0.078915
vt 0.449610 0.090536
vt 0.433209 0.091651
vt 0.438198 0.070827
vt 0.453418 0.068390
vt 0.497112 0.096806
vt 0.500560 0.075441
vt 0.481922 0.092744
vt 0.485214 0.070594
vt 0.466235 0.090816
vt 0.469637 0.068044
vt 0.497625 0.191812
vt 0.495186 0.169786
vt 0.508782 0.164935
vt 0.494006 0.145637
vt 0.507732 0.144124
vt 0.494667 0.120650
vt 0.508191 0.122847
vt 0.481533 0.196044
vt 0.479563 0.172975
vt 0.478474 0.146694
vt 0.479226 0.118860
vt 0.465486 0.197010
vt 0.463598 0.174142
vt 0.462300 0.146861
vt 0.463129 0.117495
vt 0.449270 0.195783
vt 0.446739 0.173299
vt 0.444935 0.146074
vt 0.446147 0.117066
vt 0.434061 0.192514
vt 0.430123 0.171194
vt 0.427725 0.144774
vt 0.429453 0.117182
vt 0.695765 0.098839
vt 0.679703 0.096920
vt 0.677164 0.075125
vt 0.691887 0.078250
vt 0.663322 0.096213
vt 0.661431 0.073934
vt 0.647683 0.097435
vt 0.645778 0.074858
vt 0.690262 0.198880
vt 0.674970 0.201433
vt 0.678534 0.179162
vt 0.695165 0.177840
vt 0.681612 0.152166
vt 0.698767 0.151677
vt 0.681806 0.123312
vt 0.698322 0.124206
vt 0.658762 0.201907
vt 0.661712 0.179207
vt 0.664318 0.152113
vt 0.664966 0.122897
vt 0.642806 0.200202
vt 0.645861 0.177282
vt 0.648237 0.151147
vt 0.648914 0.123432
vt 0.626940 0.195231
vt 0.630430 0.173342
vt 0.632817 0.149311
vt 0.633459 0.124399
vt 0.612896 0.187530
vt 0.617091 0.167817
vt 0.619209 0.147094
vt 0.619874 0.125869
vt 0.630593 0.024623
vt 0.608255 0.020758
vt 0.607139 0.004144
vt 0.628175 0.009248
vt 0.581377 0.017453
vt 0.581179 0.000249
vt 0.552484 0.016527
vt 0.553676 0.000000
vt 0.596500 0.081642
vt 0.601987 0.068465
vt 0.623353 0.071975
vt 0.606061 0.053268
vt 0.628275 0.056615
vt 0.607983 0.037514
vt 0.630892 0.040964
vt 0.575926 0.079506
vt 0.578169 0.066014
vt 0.579978 0.050687
vt 0.581103 0.034471
vt 0.554701 0.078854
vt 0.553253 0.065182
vt 0.552248 0.049655
vt 0.551838 0.033716
vt 0.529257 0.066296
vt 0.526141 0.050803
vt 0.525001 0.035046
vt 0.507441 0.068587
vt 0.503349 0.052666
vt 0.502472 0.036834
vt 0.601917 0.098897
vt 0.578020 0.095636
vt 0.551736 0.094886
vt 0.593011 0.189994
vt 0.599675 0.173167
vt 0.603059 0.149198
vt 0.603854 0.122935
vt 0.572603 0.190611
vt 0.575624 0.174835
vt 0.578129 0.150150
vt 0.579057 0.120557
vt 0.551869 0.190005
vt 0.549657 0.174162
vt 0.548582 0.149411
vt 0.549357 0.119738
vt 0.525855 0.171175
vt 0.523760 0.147084
vt 0.524382 0.120772
vt 0.619191 0.202269
vt 0.597275 0.203500
vt 0.573856 0.203903
vt 0.549847 0.203114
vt 0.612813 0.264499
vt 0.592989 0.263121
vt 0.597129 0.249235
vt 0.618624 0.250193
vt 0.599546 0.233969
vt 0.621688 0.234451
vt 0.599556 0.218779
vt 0.622261 0.218567
vt 0.571497 0.262350
vt 0.573277 0.248519
vt 0.574474 0.233561
vt 0.574526 0.218740
vt 0.549302 0.261770
vt 0.548258 0.247767
vt 0.547801 0.232533
vt 0.548406 0.217683
vt 0.524181 0.247282
vt 0.522677 0.231671
vt 0.523328 0.216428
vt 0.502087 0.247095
vt 0.499826 0.230682
vt 0.501141 0.214762
vt 0.622529 0.283869
vt 0.601334 0.280812
vt 0.574537 0.279606
vt 0.545624 0.278957
vt 0.619714 0.385371
vt 0.599544 0.392361
vt 0.605178 0.371176
vt 0.626250 0.365033
vt 0.608967 0.341736
vt 0.630205 0.338596
vt 0.607813 0.308570
vt 0.628876 0.309817
vt 0.573316 0.396942
vt 0.575827 0.375715
vt 0.577748 0.344318
vt 0.577276 0.308095
vt 0.544360 0.396942
vt 0.542118 0.375472
vt 0.540704 0.343902
vt 0.542004 0.307524
vt 0.517936 0.391883
vt 0.512623 0.370421
vt 0.509297 0.340729
vt 0.511143 0.307246
vt 0.497722 0.384461
vt 0.491525 0.363845
vt 0.488083 0.337209
vt 0.489511 0.308041
vt 0.080014 1.000000
vt 0.080014 0.500000
vt 0.082681 0.500000
vt 0.082681 1.000000
vt 0.077347 1.000000
vt 0.077347 0.500000
vt 0.074680 1.000000
vt 0.074680 0.500000
vt 0.072013 1.000000
vt 0.072013 0.500000
vt 0.069345 1.000000
vt 0.069345 0.500000
vt 0.066678 1.000000
vt 0.066678 0.500000
vt 0.064011 1.000000
vt 0.064011 0.500000
vt 0.061344 1.000000
vt 0.061344 0.500000
vt 0.058677 1.000000
vt 0.058677 0.500000
vt 0.056010 1.000000
vt 0.056010 0.500000
vt 0.053343 1.000000
vt 0.053343 0.500000
vt 0.050676 1.000000
vt 0.050676 0.500000
vt 0.048008 1.000000
vt 0.048008 0.500000
vt 0.045341 1.000000
vt 0.045341 0.500000
vt 0.042674 1.000000
vt 0.042674 0.500000
vt 0.040007 1.000000
vt 0.040007 0.500000
vt 0.037340 1.000000
vt 0.037340 0.500000
vt 0.034673 1.000000
vt 0.034673 0.500000
vt 0.032006 1.000000
vt 0.032006 0.500000
vt 0.029338 1.000000
vt 0.029338 0.500000
vt 0.026671 1.000000
vt 0.026671 0.500000
vt 0.024004 1.000000
vt 0.024004 0.500000
vt 0.021337 1.000000
vt 0.021337 0.500000
vt 0.018670 1.000000
vt 0.018670 0.500000
vt 0.016003 1.000000
vt 0.016003 0.500000
vt 0.013336 1.000000
vt 0.013336 0.500000
vt 0.010669 1.000000
vt 0.010669 0.500000
vt 0.008001 1.000000
vt 0.008001 0.500000
vt 0.005334 1.000000
vt 0.005334 0.500000
vt 0.002667 1.000000
vt 0.002667 0.500000
vt 0.000000 1.000000
vt 0.000000 0.500000
vt 0.085348 0.500000
vt 0.085348 1.000000
s 1
f 1/1/1 2/2/1 3/3/1 4/4/1 5/5/1 6/6/1 7/7/1 8/8/1 9/9/1 10/10/1 11/11/1 12/12/1 13/13/1 14/14/1 15/15/1 16/16/1 17/17/1 18/18/1 19/19/1 20/20/1 21/21/1 22/22/1 23/23/1 24/24/1 25/25/1 26/26/1 27/27/1 28/28/1 29/29/1 30/30/1 31/31/1 32/32/1
f 184/33/2 52/34/3 36/35/4 53/36/5
f 168/37/6 64/38/7 40/39/8 65/40/9
f 152/41/10 76/42/11 38/43/12 77/44/13
f 136/45/14 88/46/15 34/47/16 48/48/17
f 120/49/18 69/50/19 37/51/20 84/52/21
f 104/53/22 49/54/23 34/55/16 88/56/15
f 76/42/11 92/57/24 85/58/25 38/43/12
f 92/57/24 96/59/26 86/60/27 85/58/25
f 96/59/26 100/61/28 87/62/29 86/60/27
f 100/61/28 104/53/22 88/56/15 87/62/29
f 40/39/8 64/63/7 89/64/30 73/65/31
f 73/65/31 89/64/30 90/66/32 74/67/33
f 74/67/33 90/66/32 91/68/34 75/69/35
f 75/69/35 91/68/34 92/57/24 76/42/11
f 64/63/7 63/70/36 93/71/37 89/64/30
f 89/64/30 93/71/37 94/72/38 90/66/32
f 90/66/32 94/72/38 95/73/39 91/68/34
f 91/68/34 95/73/39 96/59/26 92/57/24
f 63/70/36 62/74/40 97/75/41 93/71/37
f 93/71/37 97/75/41 98/76/42 94/72/38
f 94/72/38 98/76/42 99/77/43 95/73/39
f 95/73/39 99/77/43 100/61/28 96/59/26
f 62/74/40 61/78/44 101/79/45 97/75/41
f 97/75/41 101/79/45 102/80/46 98/76/42
f 98/76/42 102/80/46 103/81/47 99/77/43
f 99/77/43 103/81/47 104/53/22 100/61/28
f 61/78/44 36/82/4 52/83/3 101/79/45
f 101/79/45 52/83/3 51/84/48 102/80/46
f 102/80/46 51/84/48 50/85/49 103/81/47
f 103/81/47 50/85/49 49/54/23 104/53/22
f 44/86/50 108/87/51 81/88/52 33/89/53
f 108/87/51 112/90/54 82/91/55 81/88/52
f 112/90/54 116/92/56 83/93/57 82/91/55
f 116/92/56 120/49/18 84/52/21 83/93/57
f 35/94/58 60/95/59 105/96/60 41/97/61
f 41/97/61 105/96/60 106/98/62 42/99/63
f 42/99/63 106/98/62 107/100/64 43/101/65
f 43/101/65 107/100/64 108/87/51 44/86/50
f 60/95/59 59/102/66 109/103/67 105/96/60
f 105/96/60 109/103/67 110/104/68 106/98/62
f 106/98/62 110/104/68 111/105/69 107/100/64
f 107/100/64 111/105/69 112/90/54 108/87/51
f 59/102/66 58/106/70 113/107/71 109/103/67
f 109/103/67 113/107/71 114/108/72 110/104/68
f 110/104/68 114/108/72 115/109/73 111/105/69
f 111/105/69 115/109/73 116/92/56 112/90/54
f 58/106/70 57/110/74 117/111/75 113/107/71
f 113/107/71 117/111/75 118/112/76 114/108/72
f 114/108/72 118/112/76 119/113/77 115/109/73
f 115/109/73 119/113/77 120/49/18 116/92/56
f 57/110/74 39/114/78 72/115/79 117/111/75
f 117/111/75 72/115/79 71/116/80 118/112/76
f 118/112/76 71/116/80 70/117/81 119/113/77
f 119/113/77 70/117/81 69/50/19 120/49/18
f 81/118/52 124/119/82 45/120/83 33/121/53
f 124/119/82 128/122/84 46/123/85 45/120/83
f 128/122/84 132/124/86 47/125/87 46/123/85
f 132/124/86 136/45/14 48/48/17 47/125/87
f 37/51/20 80/126/88 121/127/89 84/128/21
f 84/128/21 121/127/89 122/129/90 83/130/57
f 83/130/57 122/129/90 123/131/91 82/132/55
f 82/132/55 123/131/91 124/119/82 81/118/52
f 80/126/88 79/133/92 125/134/93 121/127/89
f 121/127/89 125/134/93 126/135/94 122/129/90
f 122/129/90 126/135/94 127/136/95 123/131/91
f 123/131/91 127/136/95 128/122/84 124/119/82
f 79/133/92 78/137/96 129/138/97 125/134/93
f 125/134/93 129/138/97 130/139/98 126/135/94
f 126/135/94 130/139/98 131/140/99 127/136/95
f 127/136/95 131/140/99 132/124/86 128/122/84
f 78/137/96 77/44/13 133/141/100 129/138/97
f 129/138/97 133/141/100 134/142/101 130/139/98
f 130/139/98 134/142/101 135/143/102 131/140/99
f 131/140/99 135/143/102 136/45/14 132/124/86
f 77/44/13 38/43/12 85/144/25 133/141/100
f 133/141/100 85/144/25 86/145/27 134/142/101
f 134/142/101 86/145/27 87/146/29 135/143/102
f 135/143/102 87/146/29 88/46/15 136/45/14
f 69/50/19 140/147/103 80/126/88 37/51/20
f 140/147/103 144/148/104 79/133/92 80/126/88
f 144/148/104 148/149/105 78/137/96 79/133/92
f 148/149/105 152/41/10 77/44/13 78/137/96
f 39/114/78 68/150/106 137/151/107 72/115/79
f 72/115/79 137/151/107 138/152/108 71/116/80
f 71/116/80 138/152/108 139/153/109 70/117/81
f 70/117/81 139/153/109 140/147/103 69/50/19
f 68/150/106 67/154/110 141/155/111 137/151/107
f 137/151/107 141/155/111 142/156/112 138/152/108
f 138/152/108 142/156/112 143/157/113 139/153/109
f 139/153/109 143/157/113 144/148/104 140/147/103
f 67/154/110 66/158/114 145/159/115 141/155/111
f 141/155/111 145/159/115 146/160/116 142/156/112
f 142/156/112 146/160/116 147/161/117 143/157/113
f 143/157/113 147/161/117 148/149/105 144/148/104
f 66/158/114 65/40/9 149/162/118 145/159/115
f 145/159/115 149/162/118 150/163/119 146/160/116
f 146/160/116 150/163/119 151/164/120 147/161/117
f 147/161/117 151/164/120 152/41/10 148/149/105
f 65/40/9 40/39/8 73/65/31 149/162/118
f 149/162/118 73/65/31 74/67/33 150/163/119
f 150/163/119 74/67/33 75/69/35 151/164/120
f 151/164/120 75/69/35 76/42/11 152/41/10
f 57/165/74 156/166/121 68/150/106 39/114/78
f 156/166/121 160/167/122 67/154/110 68/150/106
f 160/167/122 164/168/123 66/158/114 67/154/110
f 164/168/123 168/37/6 65/40/9 66/158/114
f 35/169/58 56/170/124 153/171/125 60/172/59
f 60/172/59 153/171/125 154/173/126 59/174/66
f 59/174/66 154/173/126 155/175/127 58/176/70
f 58/176/70 155/175/127 156/166/121 57/165/74
f 56/170/124 55/177/128 157/178/129 153/171/125
f 153/171/125 157/178/129 158/179/130 154/173/126
f 154/173/126 158/179/130 159/180/131 155/175/127
f 155/175/127 159/180/131 160/167/122 156/166/121
f 55/177/128 54/181/132 161/182/133 157/178/129
f 157/178/129 161/182/133 162/183/134 158/179/130
f 158/179/130 162/183/134 163/184/135 159/180/131
f 159/180/131 163/184/135 164/168/123 160/167/122
f 54/181/132 53/36/5 165/185/136 161/182/133
f 161/182/133 165/185/136 166/186/137 162/183/134
f 162/183/134 166/186/137 167/187/138 163/184/135
f 163/184/135 167/187/138 168/37/6 164/168/123
f 53/36/5 36/35/4 61/188/44 165/185/136
f 165/185/136 61/188/44 62/189/40 166/186/137
f 166/186/137 62/189/40 63/190/36 167/187/138
f 167/187/138 63/190/36 64/38/7 168/37/6
f 41/191/61 172/192/139 56/170/124 35/169/58
f 172/192/139 176/193/140 55/177/128 56/170/124
f 176/193/140 180/194/141 54/181/132 55/177/128
f 180/194/141 184/33/2 53/36/5 54/181/132
f 33/195/53 45/196/83 169/197/142 44/198/50
f 44/198/50 169/197/142 170/199/143 43/200/65
f 43/200/65 170/199/143 171/201/144 42/202/63
f 42/202/63 171/201/144 172/192/139 41/191/61
f 45/196/83 46/203/85 173/204/145 169/197/142
f 169/197/142 173/204/145 174/205/146 170/199/143
f 170/199/143 174/205/146 175/206/147 171/201/144
f 171/201/144 175/206/147 176/193/140 172/192/139
f 46/203/85 47/207/87 177/208/148 173/204/145
f 173/204/145 177/208/148 178/209/149 174/205/146
f 174/205/146 178/209/149 179/210/150 175/206/147
f 175/206/147 179/210/150 180/194/141 176/193/140
f 47/207/87 48/211/17 181/212/151 177/208/148
f 177/208/148 181/212/151 182/213/152 178/209/149
f 178/209/149 182/213/152 183/214/153 179/210/150
f 179/210/150 183/214/153 184/33/2 180/194/141
f 48/211/17 34/215/16 49/216/23 181/212/151
f 181/212/151 49/216/23 50/217/49 182/213/152
f 182/213/152 50/217/49 51/218/48 183/214/153
f 183/214/153 51/218/48 52/34/3 184/33/2
f 336/219/154 204/220/155 188/221/156 205/222/157
f 320/223/158 216/224/159 192/225/160 217/226/161
f 304/227/162 228/228/163 190/229/164 229/230/165
f 288/231/166 240/232/167 186/233/168 200/234/169
f 272/235/170 221/236/171 189/237/172 236/238/173
f 256/239/174 201/240/175 186/241/168 240/242/167
f 228/228/163 244/243/176 237/244/177 190/229/164
f 244/243/176 248/245/178 238/246/179 237/244/177
f 248/245/178 252/247/180 239/248/181 238/246/179
f 252/247/180 256/239/174 240/242/167 239/248/181
f 192/225/160 216/249/159 241/250/182 225/251/183
f 225/251/183 241/250/182 242/252/184 226/253/185
f 226/253/185 242/252/184 243/254/186 227/255/187
f 227/255/187 243/254/186 244/243/176 228/228/163
f 216/249/159 215/256/188 245/257/189 241/250/182
f 241/250/182 245/257/189 246/258/190 242/252/184
f 242/252/184 246/258/190 247/259/191 243/254/186
f 243/254/186 247/259/191 248/245/178 244/243/176
f 215/256/188 214/260/192 249/261/193 245/257/189
f 245/257/189 249/261/193 250/262/194 246/258/190
f 246/258/190 250/262/194 251/263/195 247/259/191
f 247/259/191 251/263/195 252/247/180 248/245/178
f 214/260/192 213/264/196 253/265/197 249/261/193
f 249/261/193 253/265/197 254/266/198 250/262/194
f 250/262/194 254/266/198 255/267/199 251/263/195
f 251/263/195 255/267/199 256/239/174 252/247/180
f 213/264/196 188/268/156 204/269/155 253/265/197
f 253/265/197 204/269/155 203/270/200 254/266/198
f 254/266/198 203/270/200 202/271/201 255/267/199
f 255/267/199 202/271/201 201/240/175 256/239/174
f 196/272/202 260/273/203 233/274/204 185/275/205
f 260/273/203 264/276/206 234/277/207 233/274/204
f 264/276/206 268/278/208 235/279/209 234/277/207
f 268/278/208 272/235/170 236/238/173 235/279/209
f 187/280/210 212/281/211 257/282/212 193/283/213
f 193/283/213 257/282/212 258/284/214 194/285/215
f 194/285/215 258/284/214 259/286/216 195/287/217
f 195/287/217 259/286/216 260/273/203 196/272/202
f 212/281/211 211/288/218 261/289/219 257/282/212
f 257/282/212 261/289/219 262/290/220 258/284/214
f 258/284/214 262/290/220 263/291/221 259/286/216
f 259/286/216 263/291/221 264/276/206 260/273/203
f 211/288/218 210/292/222 265/293/223 261/289/219
f 261/289/219 265/293/223 266/294/224 262/290/220
f 262/290/220 266/294/224 267/295/225 263/291/221
f 263/291/221 267/295/225 268/278/208 264/276/206
f 210/292/222 209/296/226 269/297/227 265/293/223
f 265/293/223 269/297/227 270/298/228 266/294/224
f 266/294/224 270/298/228 271/299/229 267/295/225
f 267/295/225 271/299/229 272/235/170 268/278/208
f 209/296/226 191/300/230 224/301/231 269/297/227
f 269/297/227 224/301/231 223/302/232 270/298/228
f 270/298/228 223/302/232 222/303/233 271/299/229
f 271/299/229 222/303/233 221/236/171 272/235/170
f 233/304/204 276/305/234 197/306/235 185/307/205
f 276/305/234 280/308/236 198/309/237 197/306/235
f 280/308/236 284/310/238 199/311/239 198/309/237
f 284/310/238 288/231/166 200/234/169 199/311/239
f 189/237/172 232/312/240 273/313/241 236/314/173
f 236/314/173 273/313/241 274/315/242 235/316/209
f 235/316/209 274/315/242 275/317/243 234/318/207
f 234/318/207 275/317/243 276/305/234 233/304/204
f 232/312/240 231/319/244 277/320/245 273/313/241
f 273/313/241 277/320/245 278/321/246 274/315/242
f 274/315/242 278/321/246 279/322/247 275/317/243
f 275/317/243 279/322/247 280/308/236 276/305/234
f 231/319/244 230/323/248 281/324/249 277/320/245
f 277/320/245 281/324/249 282/325/250 278/321/246
f 278/321/246 282/325/250 283/326/251 279/322/247
f 279/322/247 283/326/251 284/310/238 280/308/236
f 230/323/248 229/230/165 285/327/252 281/324/249
f 281/324/249 285/327/252 286/328/253 282/325/250
f 282/325/250 286/328/253 287/329/254 283/326/251
f 283/326/251 287/329/254 288/231/166 284/310/238
f 229/230/165 190/229/164 237/330/177 285/327/252
f 285/327/252 237/330/177 238/331/179 286/328/253
f 286/328/253 238/331/179 239/332/181 287/329/254
f 287/329/254 239/332/181 240/232/167 288/231/166
f 221/236/171 292/333/255 232/312/240 189/237/172
f 292/333/255 296/334/256 231/319/244 232/312/240
f 296/334/256 300/335/257 230/323/248 231/319/244
f 300/335/257 304/227/162 229/230/165 230/323/248
f 191/300/230 220/336/258 289/337/259 224/301/231
f 224/301/231 289/337/259 290/338/260 223/302/232
f 223/302/232 290/338/260 291/339/261 222/303/233
f 222/303/233 291/339/261 292/333/255 221/236/171
f 220/336/258 219/340/262 293/341/263 289/337/259
f 289/337/259 293/341/263 294/342/264 290/338/260
f 290/338/260 294/342/264 295/343/265 291/339/261
f 291/339/261 295/343/265 296/334/256 292/333/255
f 219/340/262 218/344/266 297/345/267 293/341/263
f 293/341/263 297/345/267 298/346/268 294/342/264
f 294/342/264 298/346/268 299/347/269 295/343/265
f 295/343/265 299/347/269 300/335/257 296/334/256
f 218/344/266 217/226/161 301/348/270 297/345/267
f 297/345/267 301/348/270 302/349/271 298/346/268
f 298/346/268 302/349/271 303/350/272 299/347/269
f 299/347/269 303/350/272 304/227/162 300/335/257
f 217/226/161 192/225/160 225/251/183 301/348/270
f 301/348/270 225/251/183 226/253/185 302/349/271
f 302/349/271 226/253/185 227/255/187 303/350/272
f 303/350/272 227/255/187 228/228/163 304/227/162
f 209/351/226 308/352/273 220/336/258 191/300/230
f 308/352/273 312/353/274 219/340/262 220/336/258
f 312/353/274 316/354/275 218/344/266 219/340/262
f 316/354/275 320/223/158 217/226/161 218/344/266
f 187/355/210 208/356/276 305/357/277 212/358/211
f 212/358/211 305/357/277 306/359/278 211/360/218
f 211/360/218 306/359/278 307/361/279 210/362/222
f 210/362/222 307/361/279 308/352/273 209/351/226
f 208/356/276 207/363/280 309/364/281 305/357/277
f 305/357/277 309/364/281 310/365/282 306/359/278
f 306/359/278 310/365/282 311/366/283 307/361/279
f 307/361/279 311/366/283 312/353/274 308/352/273
f 207/363/280 206/367/284 313/368/285 309/364/281
f 309/364/281 313/368/285 314/369/286 310/365/282
f 310/365/282 314/369/286 315/370/287 311/366/283
f 311/366/283 315/370/287 316/354/275 312/353/274
f 206/367/284 205/222/157 317/371/288 313/368/285
f 313/368/285 317/371/288 318/372/289 314/369/286
f 314/369/286 318/372/289 319/373/290 315/370/287
f 315/370/287 319/373/290 320/223/158 316/354/275
f 205/222/157 188/221/156 213/374/196 317/371/288
f 317/371/288 213/374/196 214/375/192 318/372/289
f 318/372/289 214/375/192 215/376/188 319/373/290
f 319/373/290 215/376/188 216/224/159 320/223/158
f 193/377/213 324/378/291 208/356/276 187/355/210
f 324/378/291 328/379/292 207/363/280 208/356/276
f 328/379/292 332/380/293 206/367/284 207/363/280
f 332/380/293 336/219/154 205/222/157 206/367/284
f 185/381/205 197/382/235 321/383/294 196/384/202
f 196/384/202 321/383/294 322/385/295 195/386/217
f 195/386/217 322/385/295 323/387/296 194/388/215
f 194/388/215 323/387/296 324/378/291 193/377/213
f 197/382/235 198/389/237 325/390/297 321/383/294
f 321/383/294 325/390/297 326/391/298 322/385/295
f 322/385/295 326/391/298 327/392/299 323/387/296
f 323/387/296 327/392/299 328/379/292 324/378/291
f 198/389/237 199/393/239 329/394/300 325/390/297
f 325/390/297 329/394/300 330/395/301 326/391/298
f 326/391/298 330/395/301 331/396/302 327/392/299
f 327/392/299 331/396/302 332/380/293 328/379/292
f 199/393/239 200/397/169 333/398/303 329/394/300
f 329/394/300 333/398/303 334/399/304 330/395/301
f 330/395/301 334/399/304 335/400/305 331/396/302
f 331/396/302 335/400/305 336/219/154 332/380/293
f 200/397/169 186/401/168 201/402/175 333/398/303
f 333/398/303 201/402/175 202/403/201 334/399/304
f 334/399/304 202/403/201 203/404/200 335/400/305
f 335/400/305 203/404/200 204/220/155 336/219/154
f 31/405/306 367/406/306 368/407/307 32/408/307
f 30/409/308 366/410/308 367/406/306 31/405/306
f 29/411/309 365/412/309 366/410/308 30/409/308
f 28/413/310 364/414/310 365/412/309 29/411/309
f 27/415/311 363/416/311 364/414/310 28/413/310
f 26/417/312 362/418/312 363/416/311 27/415/311
f 25/419/313 361/420/313 362/418/312 26/417/312
f 24/421/314 360/422/314 361/420/313 25/419/313
f 23/423/315 359/424/315 360/422/314 24/421/314
f 22/425/316 358/426/316 359/424/315 23/423/315
f 21/427/317 357/428/317 358/426/316 22/425/316
f 20/429/318 356/430/318 357/428/317 21/427/317
f 19/431/319 355/432/319 356/430/318 20/429/318
f 18/433/320 354/434/320 355/432/319 19/431/319
f 17/435/321 353/436/321 354/434/320 18/433/320
f 16/437/322 352/438/322 353/436/321 17/435/321
f 15/439/323 351/440/323 352/438/322 16/437/322
f 14/441/324 350/442/324 351/440/323 15/439/323
f 13/443/325 349/444/325 350/442/324 14/441/324
f 12/445/326 348/446/326 349/444/325 13/443/325
f 11/447/327 347/448/327 348/446/326 12/445/326
f 10/449/328 346/450/328 347/448/327 11/447/327
f 9/451/329 345/452/329 346/450/328 10/449/328
f 8/453/330 344/454/330 345/452/329 9/451/329
f 7/455/331 343/456/331 344/454/330 8/453/330
f 6/457/332 342/458/332 343/456/331 7/455/331
f 5/459/333 341/460/333 342/458/332 6/457/332
f 4/461/334 340/462/334 341/460/333 5/459/333
f 3/463/335 339/464/335 340/462/334 4/461/334
f 2/465/336 338/466/336 339/464/335 3/463/335
f 1/467/337 337/468/337 338/466/336 2/465/336
f 32/408/307 368/407/307 337/469/337 1/470/337
f 369/1/338 400/32/338 399/31/338 398/30/338 397/29/338 396/28/338 395/27/338 394/26/338 393/25/338 392/24/338 391/23/338 390/22/338 389/21/338 388/20/338 387/19/338 386/18/338 385/17/338 384/16/338 383/15/338 382/14/338 381/13/338 380/12/338 379/11/338 378/10/338 377/9/338 376/8/338 375/7/338 374/6/338 373/5/338 372/4/338 371/3/338 370/2/338
f 552/33/118 421/36/9 404/35/8 420/34/31
f 536/37/136 433/40/5 408/39/4 432/38/44
f 520/41/151 445/44/17 406/43/16 444/42/23
f 504/45/100 416/48/13 402/47/12 456/46/25
f 488/49/51 452/52/52 405/51/53 437/50/50
f 472/53/24 456/56/25 402/55/12 417/54/11
f 444/42/23 406/43/16 453/58/15 460/57/22
f 460/57/22 453/58/15 454/60/29 464/59/28
f 464/59/28 454/60/29 455/62/27 468/61/26
f 468/61/26 455/62/27 456/56/25 472/53/24
f 408/39/4 441/65/3 457/64/45 432/63/44
f 441/65/3 442/67/339 458/66/46 457/64/45
f 442/67/339 443/69/49 459/68/47 458/66/46
f 443/69/49 444/42/23 460/57/22 459/68/47
f 432/63/44 457/64/45 461/71/41 431/70/40
f 457/64/45 458/66/46 462/72/42 461/71/41
f 458/66/46 459/68/47 463/73/43 462/72/42
f 459/68/47 460/57/22 464/59/28 463/73/43
f 431/70/40 461/71/41 465/75/37 430/74/36
f 461/71/41 462/72/42 466/76/38 465/75/37
f 462/72/42 463/73/43 467/77/39 466/76/38
f 463/73/43 464/59/28 468/61/26 467/77/39
f 430/74/36 465/75/37 469/79/30 429/78/7
f 465/75/37 466/76/38 470/80/32 469/79/30
f 466/76/38 467/77/39 471/81/34 470/80/32
f 467/77/39 468/61/26 472/53/24 471/81/34
f 429/78/7 469/79/30 420/83/31 404/82/8
f 469/79/30 470/80/32 419/84/340 420/83/31
f 470/80/32 471/81/34 418/85/35 419/84/340
f 471/81/34 472/53/24 417/54/11 418/85/35
f 412/86/19 401/89/20 449/88/21 476/87/18
f 476/87/18 449/88/21 450/91/57 480/90/56
f 480/90/56 450/91/57 451/93/55 484/92/54
f 484/92/54 451/93/55 452/52/52 488/49/51
f 403/94/78 409/97/79 473/96/75 428/95/74
f 409/97/79 410/99/80 474/98/76 473/96/75
f 410/99/80 411/101/81 475/100/77 474/98/76
f 411/101/81 412/86/19 476/87/18 475/100/77
f 428/95/74 473/96/75 477/103/71 427/102/70
f 473/96/75 474/98/76 478/104/72 477/103/71
f 474/98/76 475/100/77 479/105/73 478/104/72
f 475/100/77 476/87/18 480/90/56 479/105/73
f 427/102/70 477/103/71 481/107/67 426/106/66
f 477/103/71 478/104/72 482/108/68 481/107/67
f 478/104/72 479/105/73 483/109/69 482/108/68
f 479/105/73 480/90/56 484/92/54 483/109/69
f 426/106/66 481/107/67 485/111/60 425/110/59
f 481/107/67 482/108/68 486/112/62 485/111/60
f 482/108/68 483/109/69 487/113/64 486/112/62
f 483/109/69 484/92/54 488/49/51 487/113/64
f 425/110/59 485/111/60 440/115/61 407/114/58
f 485/111/60 486/112/62 439/116/63 440/115/61
f 486/112/62 487/113/64 438/117/65 439/116/63
f 487/113/64 488/49/51 437/50/50 438/117/65
f 449/118/21 401/121/20 413/120/88 492/119/89
f 492/119/89 413/120/88 414/123/92 496/122/93
f 496/122/93 414/123/92 415/125/96 500/124/97
f 500/124/97 415/125/96 416/48/13 504/45/100
f 405/51/53 452/128/52 489/127/82 448/126/83
f 452/128/52 451/130/55 490/129/91 489/127/82
f 451/130/55 450/132/57 491/131/90 490/129/91
f 450/132/57 449/118/21 492/119/89 491/131/90
f 448/126/83 489/127/82 493/134/84 447/133/85
f 489/127/82 490/129/91 494/135/95 493/134/84
f 490/129/91 491/131/90 495/136/94 494/135/95
f 491/131/90 492/119/89 496/122/93 495/136/94
f 447/133/85 493/134/84 497/138/86 446/137/87
f 493/134/84 494/135/95 498/139/99 497/138/86
f 494/135/95 495/136/94 499/140/98 498/139/99
f 495/136/94 496/122/93 500/124/97 499/140/98
f 446/137/87 497/138/86 501/141/14 445/44/17
f 497/138/86 498/139/99 502/142/102 501/141/14
f 498/139/99 499/140/98 503/143/101 502/142/102
f 499/140/98 500/124/97 504/45/100 503/143/101
f 445/44/17 501/141/14 453/144/15 406/43/16
f 501/141/14 502/142/102 454/145/29 453/144/15
f 502/142/102 503/143/101 455/146/27 454/145/29
f 503/143/101 504/45/100 456/46/25 455/146/27
f 437/50/50 405/51/53 448/126/83 508/147/142
f 508/147/142 448/126/83 447/133/85 512/148/145
f 512/148/145 447/133/85 446/137/87 516/149/148
f 516/149/148 446/137/87 445/44/17 520/41/151
f 407/114/58 440/115/61 505/151/139 436/150/124
f 440/115/61 439/116/63 506/152/144 505/151/139
f 439/116/63 438/117/65 507/153/143 506/152/144
f 438/117/65 437/50/50 508/147/142 507/153/143
f 436/150/124 505/151/139 509/155/140 435/154/128
f 505/151/139 506/152/144 510/156/147 509/155/140
f 506/152/144 507/153/143 511/157/146 510/156/147
f 507/153/143 508/147/142 512/148/145 511/157/146
f 435/154/128 509/155/140 513/159/141 434/158/132
f 509/155/140 510/156/147 514/160/150 513/159/141
f 510/156/147 511/157/146 515/161/341 514/160/150
f 511/157/146 512/148/145 516/149/148 515/161/341
f 434/158/132 513/159/141 517/162/2 433/40/5
f 513/159/141 514/160/150 518/163/153 517/162/2
f 514/160/150 515/161/341 519/164/152 518/163/153
f 515/161/341 516/149/148 520/41/151 519/164/152
f 433/40/5 517/162/2 441/65/3 408/39/4
f 517/162/2 518/163/153 442/67/339 441/65/3
f 518/163/153 519/164/152 443/69/49 442/67/339
f 519/164/152 520/41/151 444/42/23 443/69/49
f 425/165/59 407/114/58 436/150/124 524/166/125
f 524/166/125 436/150/124 435/154/128 528/167/129
f 528/167/129 435/154/128 434/158/132 532/168/133
f 532/168/133 434/158/132 433/40/5 536/37/136
f 403/169/78 428/172/74 521/171/121 424/170/106
f 428/172/74 427/174/70 522/173/127 521/171/121
f 427/174/70 426/176/66 523/175/126 522/173/127
f 426/176/66 425/165/59 524/166/125 523/175/126
f 424/170/106 521/171/121 525/178/122 423/177/110
f 521/171/121 522/173/127 526/179/131 525/178/122
f 522/173/127 523/175/126 527/180/130 526/179/131
f 523/175/126 524/166/125 528/167/129 527/180/130
f 423/177/110 525/178/122 529/182/123 422/181/114
f 525/178/122 526/179/131 530/183/135 529/182/123
f 526/179/131 527/180/130 531/184/134 530/183/135
f 527/180/130 528/167/129 532/168/133 531/184/134
f 422/181/114 529/182/123 533/185/6 421/36/9
f 529/182/123 530/183/135 534/186/138 533/185/6
f 530/183/135 531/184/134 535/187/137 534/186/138
f 531/184/134 532/168/133 536/37/136 535/187/137
f 421/36/9 533/185/6 429/188/7 404/35/8
f 533/185/6 534/186/138 430/189/36 429/188/7
f 534/186/138 535/187/137 431/190/40 430/189/36
f 535/187/137 536/37/136 432/38/44 431/190/40
f 409/191/79 403/169/78 424/170/106 540/192/107
f 540/192/107 424/170/106 423/177/110 544/193/111
f 544/193/111 423/177/110 422/181/114 548/194/115
f 548/194/115 422/181/114 421/36/9 552/33/118
f 401/195/20 412/198/19 537/197/103 413/196/88
f 412/198/19 411/200/81 538/199/109 537/197/103
f 411/200/81 410/202/80 539/201/108 538/199/109
f 410/202/80 409/191/79 540/192/107 539/201/108
f 413/196/88 537/197/103 541/204/104 414/203/92
f 537/197/103 538/199/109 542/205/113 541/204/104
f 538/199/109 539/201/108 543/206/112 542/205/113
f 539/201/108 540/192/107 544/193/111 543/206/112
f 414/203/92 541/204/104 545/208/105 415/207/96
f 541/204/104 542/205/113 546/209/117 545/208/105
f 542/205/113 543/206/112 547/210/116 546/209/117
f 543/206/112 544/193/111 548/194/115 547/210/116
f 415/207/96 545/208/105 549/212/10 416/211/13
f 545/208/105 546/209/117 550/213/120 549/212/10
f 546/209/117 547/210/116 551/214/119 550/213/120
f 547/210/116 548/194/115 552/33/118 551/214/119
f 416/211/13 549/212/10 417/216/11 402/215/12
f 549/212/10 550/213/120 418/217/35 417/216/11
f 550/213/120 551/214/119 419/218/340 418/217/35
f 551/214/119 552/33/118 420/34/31 419/218/340
f 704/219/270 573/222/161 556/221/160 572/220/183
f 688/223/288 585/226/157 560/225/156 584/224/196
f 672/227/303 597/230/169 558/229/168 596/228/175
f 656/231/252 568/234/165 554/233/164 608/232/177
f 640/235/203 604/238/204 557/237/205 589/236/202
f 624/239/176 608/242/177 554/241/164 569/240/163
f 596/228/175 558/229/168 605/244/167 612/243/174
f 612/243/174 605/244/167 606/246/181 616/245/180
f 616/245/180 606/246/181 607/248/179 620/247/178
f 620/247/178 607/248/179 608/242/177 624/239/176
f 560/225/156 593/251/155 609/250/197 584/249/196
f 593/251/155 594/253/200 610/252/198 609/250/197
f 594/253/200 595/255/201 611/254/199 610/252/198
f 595/255/201 596/228/175 612/243/174 611/254/199
f 584/249/196 609/250/197 613/257/193 583/256/192
f 609/250/197 610/252/198 614/258/194 613/257/193
f 610/252/198 611/254/199 615/259/195 614/258/194
f 611/254/199 612/243/174 616/245/180 615/259/195
f 583/256/192 613/257/193 617/261/189 582/260/188
f 613/257/193 614/258/194 618/262/190 617/261/189
f 614/258/194 615/259/195 619/263/191 618/262/190
f 615/259/195 616/245/180 620/247/178 619/263/191
f 582/260/188 617/261/189 621/265/182 581/264/159
f 617/261/189 618/262/190 622/266/342 621/265/182
f 618/262/190 619/263/191 623/267/186 622/266/342
f 619/263/191 620/247/178 624/239/176 623/267/186
f 581/264/159 621/265/182 572/269/183 556/268/160
f 621/265/182 622/266/342 571/270/185 572/269/183
f 622/266/342 623/267/186 570/271/187 571/270/185
f 623/267/186 624/239/176 569/240/163 570/271/187
f 564/272/171 553/275/172 601/274/173 628/273/170
f 628/273/170 601/274/173 602/277/209 632/276/208
f 632/276/208 602/277/209 603/279/207 636/278/206
f 636/278/206 603/279/207 604/238/204 640/235/203
f 555/280/230 561/283/231 625/282/227 580/281/226
f 561/283/231 562/285/232 626/284/228 625/282/227
f 562/285/232 563/287/233 627/286/229 626/284/228
f 563/287/233 564/272/171 628/273/170 627/286/229
f 580/281/226 625/282/227 629/289/223 579/288/222
f 625/282/227 626/284/228 630/290/224 629/289/223
f 626/284/228 627/286/229 631/291/225 630/290/224
f 627/286/229 628/273/170 632/276/208 631/291/225
f 579/288/222 629/289/223 633/293/219 578/292/218
f 629/289/223 630/290/224 634/294/220 633/293/219
f 630/290/224 631/291/225 635/295/221 634/294/220
f 631/291/225 632/276/208 636/278/206 635/295/221
f 578/292/218 633/293/219 637/297/212 577/296/211
f 633/293/219 634/294/220 638/298/343 637/297/212
f 634/294/220 635/295/221 639/299/216 638/298/343
f 635/295/221 636/278/206 640/235/203 639/299/216
f 577/296/211 637/297/212 592/301/213 559/300/210
f 637/297/212 638/298/343 591/302/215 592/301/213
f 638/298/343 639/299/216 590/303/217 591/302/215
f 639/299/216 640/235/203 589/236/202 590/303/217
f 601/304/173 553/307/172 565/306/240 644/305/241
f 644/305/241 565/306/240 566/309/244 648/308/344
f 648/308/344 566/309/244 567/311/248 652/310/249
f 652/310/249 567/311/248 568/234/165 656/231/252
f 557/237/205 604/314/204 641/313/234 600/312/235
f 604/314/204 603/316/207 642/315/243 641/313/234
f 603/316/207 602/318/209 643/317/242 642/315/243
f 602/318/209 601/304/173 644/305/241 643/317/242
f 600/312/235 641/313/234 645/320/345 599/319/237
f 641/313/234 642/315/243 646/321/247 645/320/345
f 642/315/243 643/317/242 647/322/246 646/321/247
f 643/317/242 644/305/241 648/308/344 647/322/246
f 599/319/237 645/320/345 649/324/238 598/323/239
f 645/320/345 646/321/247 650/325/251 649/324/238
f 646/321/247 647/322/246 651/326/250 650/325/251
f 647/322/246 648/308/344 652/310/249 651/326/250
f 598/323/239 649/324/238 653/327/166 597/230/169
f 649/324/238 650/325/251 654/328/254 653/327/166
f 650/325/251 651/326/250 655/329/253 654/328/254
f 651/326/250 652/310/249 656/231/252 655/329/253
f 597/230/169 653/327/166 605/330/167 558/229/168
f 653/327/166 654/328/254 606/331/181 605/330/167
f 654/328/254 655/329/253 607/332/179 606/331/181
f 655/329/253 656/231/252 608/232/177 607/332/179
f 589/236/202 557/237/205 600/312/235 660/333/294
f 660/333/294 600/312/235 599/319/237 664/334/297
f 664/334/297 599/319/237 598/323/239 668/335/300
f 668/335/300 598/323/239 597/230/169 672/227/303
f 559/300/210 592/301/213 657/337/291 588/336/346
f 592/301/213 591/302/215 658/338/296 657/337/291
f 591/302/215 590/303/217 659/339/295 658/338/296
f 590/303/217 589/236/202 660/333/294 659/339/295
f 588/336/346 657/337/291 661/341/292 587/340/280
f 657/337/291 658/338/296 662/342/299 661/341/292
f 658/338/296 659/339/295 663/343/298 662/342/299
f 659/339/295 660/333/294 664/334/297 663/343/298
f 587/340/280 661/341/292 665/345/293 586/344/284
f 661/341/292 662/342/299 666/346/302 665/345/293
f 662/342/299 663/343/298 667/347/301 666/346/302
f 663/343/298 664/334/297 668/335/300 667/347/301
f 586/344/284 665/345/293 669/348/154 585/226/157
f 665/345/293 666/346/302 670/349/305 669/348/154
f 666/346/302 667/347/301 671/350/304 670/349/305
f 667/347/301 668/335/300 672/227/303 671/350/304
f 585/226/157 669/348/154 593/251/155 560/225/156
f 669/348/154 670/349/305 594/253/200 593/251/155
f 670/349/305 671/350/304 595/255/201 594/253/200
f 671/350/304 672/227/303 596/228/175 595/255/201
f 577/351/211 559/300/210 588/336/346 676/352/277
f 676/352/277 588/336/346 587/340/280 680/353/281
f 680/353/281 587/340/280 586/344/284 684/354/285
f 684/354/285 586/344/284 585/226/157 688/223/288
f 555/355/230 580/358/226 673/357/273 576/356/347
f 580/358/226 579/360/222 674/359/279 673/357/273
f 579/360/222 578/362/218 675/361/278 674/359/279
f 578/362/218 577/351/211 676/352/277 675/361/278
f 576/356/347 673/357/273 677/364/274 575/363/262
f 673/357/273 674/359/279 678/365/283 677/364/274
f 674/359/279 675/361/278 679/366/282 678/365/283
f 675/361/278 676/352/277 680/353/281 679/366/282
f 575/363/262 677/364/274 681/368/275 574/367/266
f 677/364/274 678/365/283 682/369/287 681/368/275
f 678/365/283 679/366/282 683/370/286 682/369/287
f 679/366/282 680/353/281 684/354/285 683/370/286
f 574/367/266 681/368/275 685/371/158 573/222/161
f 681/368/275 682/369/287 686/372/290 685/371/158
f 682/369/287 683/370/286 687/373/289 686/372/290
f 683/370/286 684/354/285 688/223/288 687/373/289
f 573/222/161 685/371/158 581/374/159 556/221/160
f 685/371/158 686/372/290 582/375/188 581/374/159
f 686/372/290 687/373/289 583/376/192 582/375/188
f 687/373/289 688/223/288 584/224/196 583/376/192
f 561/377/231 555/355/230 576/356/347 692/378/259
f 692/378/259 576/356/347 575/363/262 696/379/263
f 696/379/263 575/363/262 574/367/266 700/380/267
f 700/380/267 574/367/266 573/222/161 704/219/270
f 553/381/172 564/384/171 689/383/255 565/382/240
f 564/384/171 563/386/233 690/385/261 689/383/255
f 563/386/233 562/388/232 691/387/260 690/385/261
f 562/388/232 561/377/231 692/378/259 691/387/260
f 565/382/240 689/383/255 693/390/256 566/389/244
f 689/383/255 690/385/261 694/391/265 693/390/256
f 690/385/261 691/387/260 695/392/264 694/391/265
f 691/387/260 692/378/259 696/379/263 695/392/264
f 566/389/244 693/390/256 697/394/257 567/393/248
f 693/390/256 694/391/265 698/395/269 697/394/257
f 694/391/265 695/392/264 699/396/268 698/395/269
f 695/392/264 696/379/263 700/380/267 699/396/268
f 567/393/248 697/394/257 701/398/162 568/397/165
f 697/394/257 698/395/269 702/399/272 701/398/162
f 698/395/269 699/396/268 703/400/271 702/399/272
f 699/396/268 700/380/267 704/219/270 703/400/271
f 568/397/165 701/398/162 569/402/163 554/401/164
f 701/398/162 702/399/272 570/403/187 569/402/163
f 702/399/272 703/400/271 571/404/185 570/403/187
f 703/400/271 704/219/270 572/220/183 571/404/185
f 399/405/306 400/408/307 368/407/307 367/406/306
f 398/409/308 399/405/306 367/406/306 366/410/308
f 397/411/309 398/409/308 366/410/308 365/412/309
f 396/413/310 397/411/309 365/412/309 364/414/310
f 395/415/311 396/413/310 364/414/310 363/416/311
f 394/417/312 395/415/311 363/416/311 362/418/312
f 393/419/313 394/417/312 362/418/312 361/420/313
f 392/421/314 393/419/313 361/420/313 360/422/314
f 391/423/315 392/421/314 360/422/314 359/424/315
f 390/425/316 391/423/315 359/424/315 358/426/316
f 389/427/317 390/425/316 358/426/316 357/428/317
f 388/429/318 389/427/317 357/428/317 356/430/318
f 387/431/319 388/429/318 356/430/318 355/432/319
f 386/433/320 387/431/319 355/432/319 354/434/320
f 385/435/321 386/433/320 354/434/320 353/436/321
f 384/437/322 385/435/321 353/436/321 352/438/322
f 383/439/323 384/437/322 352/438/322 351/440/323
f 382/441/324 383/439/323 351/440/323 350/442/324
f 381/443/325 382/441/324 350/442/324 349/444/325
f 380/445/326 381/443/325 349/444/325 348/446/326
f 379/447/327 380/445/326 348/446/326 347/448/327
f 378/449/328 379/447/327 347/448/327 346/450/328
f 377/451/329 378/449/328 346/450/328 345/452/329
f 376/453/330 377/451/329 345/452/329 344/454/330
f 375/455/331 376/453/330 344/454/330 343/456/331
f 374/457/332 375/455/331 343/456/331 342/458/332
f 373/459/333 374/457/332 342/458/332 341/460/333
f 372/461/334 373/459/333 341/460/333 340/462/334
f 371/463/335 372/461/334 340/462/334 339/464/335
f 370/465/336 371/463/335 339/464/335 338/466/336
f 369/467/337 370/465/336 338/466/336 337/468/337
f 400/408/307 369/470/337 337/469/337 368/407/307
o CurtainHolder
v 9.399872 11.416003 -12.340821
v 9.370739 11.413135 -12.340821
v 9.342725 11.404636 -12.340821
v 9.316907 11.390837 -12.340821
v 9.294277 11.372265 -12.340821
v 9.275705 11.349635 -12.340821
v 9.261906 11.323817 -12.340821
v 9.253408 11.295804 -12.340821
v 9.250539 11.266670 -12.340821
v 9.253408 11.237536 -12.340821
v 9.261906 11.209523 -12.340821
v 9.275705 11.183705 -12.340821
v 9.294277 11.161076 -12.340821
v 9.316907 11.142504 -12.340821
v 9.342725 11.128704 -12.340822
v 9.370739 11.120206 -12.340822
v 9.399872 11.117337 -12.340822
v 9.429006 11.120206 -12.340822
v 9.457020 11.128704 -12.340822
v 9.482838 11.142504 -12.340821
v 9.505466 11.161076 -12.340821
v 9.524038 11.183705 -12.340821
v 9.537838 11.209523 -12.340821
v 9.546336 11.237536 -12.340821
v 9.549206 11.266670 -12.340821
v 9.546336 11.295804 -12.340821
v 9.537838 11.323817 -12.340821
v 9.524038 11.349635 -12.340821
v 9.505466 11.372265 -12.340821
v 9.482838 11.390837 -12.340821
v 9.457020 11.404636 -12.340821
v 9.429006 11.413135 -12.340821
v 9.399872 11.416003 -12.039551
v 9.370739 11.413135 -12.039551
v 9.342725 11.404636 -12.039551
v 9.316907 11.390837 -12.039551
v 9.294277 11.372265 -12.039551
v 9.275705 11.349635 -12.039551
v 9.261906 11.323817 -12.039551
v 9.253408 11.295804 -12.039551
v 9.250539 11.266670 -12.039551
v 9.253408 11.237536 -12.039551
v 9.261906 11.209523 -12.039551
v 9.275705 11.183705 -12.039551
v 9.294277 11.161076 -12.039551
v 9.316907 11.142504 -12.039551
v 9.342725 11.128704 -12.039551
v 9.370739 11.120206 -12.039551
v 9.399872 11.117337 -12.039551
v 9.429006 11.120206 -12.039551
v 9.457020 11.128704 -12.039551
v 9.482838 11.142504 -12.039551
v 9.505466 11.161076 -12.039551
v 9.524038 11.183705 -12.039551
v 9.537838 11.209523 -12.039551
v 9.546336 11.237536 -12.039551
v 9.549206 11.266670 -12.039551
v 9.546336 11.295804 -12.039551
v 9.537838 11.323817 -12.039551
v 9.524038 11.349635 -12.039551
v 9.505466 11.372265 -12.039551
v 9.482838 11.390837 -12.039551
v 9.457020 11.404636 -12.039551
v 9.429006 11.413135 -12.039551
v 9.399872 11.389570 -11.487734
v 9.390568 11.390374 -11.489126
v 9.381906 11.392588 -11.492960
v 9.374363 11.395660 -11.498282
v 9.368185 11.398836 -11.503781
v 9.363415 11.401323 -11.508090
v 9.359996 11.402474 -11.510084
v 9.357868 11.401908 -11.509104
v 9.357014 11.399568 -11.505050
v 9.357462 11.395707 -11.498363
v 9.359280 11.390812 -11.489884
v 9.362553 11.385483 -11.480655
v 9.367360 11.380318 -11.471707
v 9.373714 11.375823 -11.463923
v 9.381489 11.372375 -11.457950
v 9.390375 11.370218 -11.454214
v 9.399872 11.369485 -11.452945
v 9.409370 11.370218 -11.454214
v 9.418256 11.372375 -11.457950
v 9.426031 11.375823 -11.463923
v 9.432385 11.380318 -11.471707
v 9.437193 11.385483 -11.480655
v 9.440466 11.390812 -11.489884
v 9.442284 11.395707 -11.498363
v 9.442732 11.399568 -11.505050
v 9.441876 11.401908 -11.509104
v 9.439749 11.402474 -11.510084
v 9.436331 11.401323 -11.508090
v 9.431561 11.398836 -11.503781
v 9.425382 11.395660 -11.498282
v 9.417839 11.392588 -11.492959
v 9.409176 11.390374 -11.489126
v 9.399872 11.328766 -11.547847
v 9.399872 11.298138 -11.601136
v 9.399872 11.291739 -11.645522
v 9.399872 11.300213 -11.684510
v 9.399872 11.317401 -11.727281
v 9.399872 11.341046 -11.781158
v 9.399872 11.368441 -11.849898
v 9.399872 11.395222 -11.935732
v 9.427668 11.392859 -11.935936
v 9.426331 11.366586 -11.850167
v 9.424992 11.339685 -11.781363
v 9.423576 11.316525 -11.727350
v 9.421901 11.299833 -11.684476
v 9.420086 11.291848 -11.645562
v 9.417837 11.298630 -11.601503
v 9.414494 11.329474 -11.548702
v 9.454338 11.385822 -11.936543
v 9.451655 11.361018 -11.850972
v 9.448973 11.335542 -11.781987
v 9.446104 11.313779 -11.727569
v 9.442695 11.298520 -11.684358
v 9.439018 11.291959 -11.645603
v 9.434559 11.299875 -11.602431
v 9.428074 11.331383 -11.551004
v 9.478827 11.374282 -11.937538
v 9.474815 11.351747 -11.852313
v 9.470803 11.328471 -11.783052
v 9.466539 11.308860 -11.727961
v 9.461433 11.295813 -11.684114
v 9.455900 11.291487 -11.645431
v 9.449276 11.301250 -11.603456
v 9.439899 11.333891 -11.554029
v 9.500202 11.358538 -11.938896
v 9.494938 11.338848 -11.854179
v 9.489674 11.318321 -11.784582
v 9.484184 11.301388 -11.728556
v 9.477563 11.291105 -11.683691
v 9.470280 11.289649 -11.644756
v 9.461621 11.301901 -11.603941
v 9.449659 11.336176 -11.556787
v 9.517684 11.339048 -11.940578
v 9.511330 11.322522 -11.856541
v 9.504975 11.305042 -11.786582
v 9.498499 11.291059 -11.729378
v 9.490701 11.283841 -11.683037
v 9.481915 11.285681 -11.643302
v 9.471489 11.300971 -11.603248
v 9.457309 11.337394 -11.558255
v 9.530648 11.316439 -11.942528
v 9.523459 11.303155 -11.859343
v 9.516270 11.288782 -11.789032
v 9.509060 11.277781 -11.730435
v 9.500558 11.273686 -11.682123
v 9.490646 11.279042 -11.640869
v 9.478815 11.297807 -11.600890
v 9.462929 11.336869 -11.557623
v 9.538636 11.291504 -11.944679
v 9.530937 11.281343 -11.862497
v 9.523237 11.269941 -11.791870
v 9.515537 11.261766 -11.731710
v 9.506882 11.260660 -11.680950
v 9.496346 11.269566 -11.637395
v 9.483566 11.292109 -11.596644
v 9.466516 11.334240 -11.554452
v 9.541361 11.265185 -11.946949
v 9.533518 11.257887 -11.865891
v 9.525673 11.249193 -11.794995
v 9.517830 11.243558 -11.733160
v 9.509445 11.245173 -11.679557
v 9.498878 11.257518 -11.632979
v 9.485710 11.283998 -11.590601
v 9.468094 11.329519 -11.548757
v 9.538719 11.238530 -11.949248
v 9.531103 11.233763 -11.869380
v 9.523486 11.227442 -11.798272
v 9.515869 11.224003 -11.734717
v 9.508056 11.228005 -11.678012
v 9.498076 11.243567 -11.627866
v 9.485149 11.273991 -11.583144
v 9.467595 11.323073 -11.540980
v 9.530795 11.212637 -11.951482
v 9.523752 11.210045 -11.872811
v 9.516708 11.205748 -11.801540
v 9.509665 11.204151 -11.736299
v 9.502604 11.210188 -11.676408
v 9.493771 11.228671 -11.622406
v 9.481705 11.262893 -11.574875
v 9.464869 11.315533 -11.531884
v 9.517860 11.188593 -11.953556
v 9.511683 11.187827 -11.876025
v 9.505504 11.185215 -11.804634
v 9.499326 11.185131 -11.737813
v 9.493147 11.192863 -11.674849
v 9.485842 11.213920 -11.616999
v 9.475162 11.251645 -11.566494
v 9.459743 11.307656 -11.522383
v 9.500371 11.167409 -11.955383
v 9.495275 11.168136 -11.878873
v 9.490179 11.166891 -11.807394
v 9.485083 11.168022 -11.739175
v 9.479986 11.177129 -11.673433
v 9.474279 11.200371 -11.612033
v 9.465403 11.241170 -11.558688
v 9.452089 11.300191 -11.513377
v 9.478958 11.149967 -11.956888
v 9.475080 11.151863 -11.881227
v 9.471201 11.151686 -11.809685
v 9.467323 11.153754 -11.740311
v 9.463444 11.163934 -11.672245
v 9.459282 11.188931 -11.607840
v 9.452495 11.232254 -11.552045
v 9.441903 11.293774 -11.505636
v 9.454422 11.136982 -11.958008
v 9.451824 11.139724 -11.882983
v 9.449227 11.140315 -11.811398
v 9.446630 11.143057 -11.741163
v 9.444033 11.154010 -11.671352
v 9.441315 11.180296 -11.604674
v 9.436769 11.225493 -11.547008
v 9.429409 11.288883 -11.499737
v 9.427708 11.128979 -11.958698
v 9.426409 11.132234 -11.884067
v 9.425111 11.133291 -11.812456
v 9.423813 11.136439 -11.741690
v 9.422514 11.147861 -11.670799
v 9.421173 11.174936 -11.602710
v 9.418900 11.221289 -11.543875
v 9.415131 11.285833 -11.496058
v 9.399872 11.126275 -11.958932
v 9.399872 11.129703 -11.884433
v 9.399872 11.130917 -11.812814
v 9.399872 11.134201 -11.741868
v 9.399872 11.145780 -11.670611
v 9.399872 11.173120 -11.602044
v 9.399872 11.219863 -11.542812
v 9.399872 11.284799 -11.494809
v 9.372038 11.128979 -11.958698
v 9.373335 11.132234 -11.884067
v 9.374634 11.133291 -11.812456
v 9.375932 11.136439 -11.741690
v 9.377230 11.147861 -11.670799
v 9.378571 11.174936 -11.602710
v 9.380844 11.221289 -11.543875
v 9.384613 11.285833 -11.496058
v 9.345322 11.136982 -11.958008
v 9.347919 11.139724 -11.882983
v 9.350515 11.140315 -11.811398
v 9.353113 11.143057 -11.741163
v 9.355710 11.154010 -11.671352
v 9.358429 11.180296 -11.604674
v 9.362974 11.225493 -11.547008
v 9.370334 11.288883 -11.499737
v 9.320786 11.149967 -11.956888
v 9.324665 11.151863 -11.881227
v 9.328543 11.151686 -11.809685
v 9.332422 11.153754 -11.740311
v 9.336300 11.163934 -11.672245
v 9.340463 11.188931 -11.607840
v 9.347250 11.232254 -11.552045
v 9.357841 11.293774 -11.505636
v 9.299374 11.167409 -11.955383
v 9.304470 11.168136 -11.878873
v 9.309566 11.166891 -11.807394
v 9.314662 11.168022 -11.739175
v 9.319757 11.177129 -11.673433
v 9.325466 11.200371 -11.612033
v 9.334342 11.241170 -11.558688
v 9.347656 11.300191 -11.513377
v 9.281884 11.188593 -11.953556
v 9.288062 11.187827 -11.876025
v 9.294241 11.185215 -11.804634
v 9.300419 11.185131 -11.737813
v 9.306597 11.192863 -11.674849
v 9.313904 11.213920 -11.616999
v 9.324583 11.251645 -11.566494
v 9.340002 11.307655 -11.522383
v 9.268950 11.212637 -11.951482
v 9.275992 11.210045 -11.872811
v 9.283035 11.205748 -11.801540
v 9.290079 11.204151 -11.736299
v 9.297141 11.210188 -11.676408
v 9.305973 11.228671 -11.622406
v 9.318040 11.262893 -11.574875
v 9.334877 11.315533 -11.531884
v 9.261025 11.238530 -11.949248
v 9.268642 11.233763 -11.869380
v 9.276258 11.227442 -11.798272
v 9.283875 11.224003 -11.734717
v 9.291689 11.228005 -11.678012
v 9.301668 11.243567 -11.627866
v 9.314596 11.273991 -11.583144
v 9.332150 11.323073 -11.540980
v 9.258383 11.265185 -11.946949
v 9.266227 11.257887 -11.865891
v 9.274071 11.249193 -11.794995
v 9.281915 11.243558 -11.733160
v 9.290298 11.245173 -11.679557
v 9.300866 11.257518 -11.632979
v 9.314034 11.283998 -11.590601
v 9.331651 11.329519 -11.548757
v 9.261108 11.291504 -11.944679
v 9.268807 11.281343 -11.862497
v 9.276506 11.269941 -11.791870
v 9.284206 11.261766 -11.731710
v 9.292862 11.260660 -11.680950
v 9.303399 11.269566 -11.637395
v 9.316177 11.292109 -11.596644
v 9.333227 11.334241 -11.554452
v 9.269096 11.316439 -11.942528
v 9.276285 11.303155 -11.859343
v 9.283475 11.288782 -11.789032
v 9.290685 11.277781 -11.730435
v 9.299187 11.273687 -11.682123
v 9.309097 11.279042 -11.640869
v 9.320930 11.297807 -11.600890
v 9.336815 11.336869 -11.557623
v 9.282060 11.339048 -11.940578
v 9.288414 11.322522 -11.856541
v 9.294767 11.305043 -11.786582
v 9.301246 11.291059 -11.729378
v 9.309044 11.283841 -11.683037
v 9.317828 11.285681 -11.643302
v 9.328256 11.300971 -11.603248
v 9.342436 11.337394 -11.558255
v 9.299541 11.358538 -11.938896
v 9.304806 11.338848 -11.854179
v 9.310070 11.318321 -11.784582
v 9.315561 11.301388 -11.728556
v 9.322182 11.291105 -11.683691
v 9.329464 11.289650 -11.644756
v 9.338123 11.301901 -11.603941
v 9.350086 11.336176 -11.556787
v 9.320918 11.374282 -11.937538
v 9.324929 11.351747 -11.852313
v 9.328940 11.328471 -11.783052
v 9.333204 11.308860 -11.727961
v 9.338310 11.295813 -11.684114
v 9.343843 11.291487 -11.645431
v 9.350469 11.301250 -11.603456
v 9.359845 11.333891 -11.554030
v 9.345407 11.385822 -11.936543
v 9.348089 11.361018 -11.850972
v 9.350771 11.335542 -11.781987
v 9.353641 11.313779 -11.727569
v 9.357050 11.298520 -11.684358
v 9.360726 11.291959 -11.645603
v 9.365186 11.299875 -11.602431
v 9.371670 11.331383 -11.551004
v 9.372076 11.392859 -11.935936
v 9.373414 11.366586 -11.850167
v 9.374752 11.339685 -11.781363
v 9.376167 11.316525 -11.727350
v 9.377844 11.299833 -11.684476
v 9.379658 11.291848 -11.645562
v 9.381907 11.298630 -11.601503
v 9.385250 11.329474 -11.548702
v 9.399873 11.461456 -11.456299
v 9.765072 11.026484 -12.333332
v 9.642221 10.923611 -12.333332
v 9.729090 10.953742 -12.333332
v 9.759468 11.582612 -12.333332
v 9.885714 11.479738 -12.333332
v 9.848738 11.552481 -12.333332
v 4.666668 10.923611 -12.333332
v 4.666668 11.582612 -12.333332
v -0.066536 11.416003 -12.340821
v -0.037403 11.413135 -12.340821
v -0.009389 11.404636 -12.340821
v 0.016429 11.390837 -12.340821
v 0.039058 11.372265 -12.340821
v 0.057630 11.349635 -12.340821
v 0.071430 11.323817 -12.340821
v 0.079928 11.295804 -12.340821
v 0.082797 11.266670 -12.340821
v 0.079928 11.237536 -12.340821
v 0.071430 11.209523 -12.340821
v 0.057630 11.183705 -12.340821
v 0.039058 11.161076 -12.340821
v 0.016429 11.142504 -12.340821
v -0.009389 11.128704 -12.340822
v -0.037403 11.120206 -12.340822
v -0.066536 11.117337 -12.340822
v -0.095670 11.120206 -12.340822
v -0.123684 11.128704 -12.340822
v -0.149501 11.142504 -12.340821
v -0.172131 11.161076 -12.340821
v -0.190702 11.183705 -12.340821
v -0.204503 11.209523 -12.340821
v -0.213000 11.237536 -12.340821
v -0.215869 11.266670 -12.340821
v -0.213000 11.295804 -12.340821
v -0.204503 11.323817 -12.340821
v -0.190702 11.349635 -12.340821
v -0.172131 11.372265 -12.340821
v -0.149501 11.390837 -12.340821
v -0.123684 11.404636 -12.340821
v -0.095670 11.413135 -12.340821
v -0.066536 11.416003 -12.039551
v -0.037403 11.413135 -12.039551
v -0.009389 11.404636 -12.039551
v 0.016429 11.390837 -12.039551
v 0.039058 11.372265 -12.039551
v 0.057630 11.349635 -12.039551
v 0.071430 11.323817 -12.039551
v 0.079928 11.295804 -12.039551
v 0.082797 11.266670 -12.039551
v 0.079928 11.237536 -12.039551
v 0.071430 11.209523 -12.039551
v 0.057630 11.183705 -12.039551
v 0.039058 11.161076 -12.039551
v 0.016429 11.142504 -12.039551
v -0.009389 11.128704 -12.039551
v -0.037403 11.120206 -12.039551
v -0.066536 11.117337 -12.039551
v -0.095670 11.120206 -12.039551
v -0.123684 11.128704 -12.039551
v -0.149501 11.142504 -12.039551
v -0.172131 11.161076 -12.039551
v -0.190702 11.183705 -12.039551
v -0.204503 11.209523 -12.039551
v -0.213000 11.237536 -12.039551
v -0.215869 11.266670 -12.039551
v -0.213000 11.295804 -12.039551
v -0.204503 11.323817 -12.039551
v -0.190702 11.349635 -12.039551
v -0.172131 11.372265 -12.039551
v -0.149501 11.390837 -12.039551
v -0.123684 11.404636 -12.039551
v -0.095670 11.413135 -12.039551
v -0.066536 11.389570 -11.487734
v -0.057232 11.390374 -11.489126
v -0.048570 11.392588 -11.492960
v -0.041027 11.395660 -11.498282
v -0.034849 11.398836 -11.503781
v -0.030078 11.401323 -11.508090
v -0.026660 11.402474 -11.510084
v -0.024533 11.401908 -11.509104
v -0.023678 11.399568 -11.505050
v -0.024127 11.395707 -11.498363
v -0.025943 11.390812 -11.489884
v -0.029217 11.385483 -11.480655
v -0.034024 11.380318 -11.471707
v -0.040378 11.375823 -11.463923
v -0.048153 11.372375 -11.457950
v -0.057039 11.370218 -11.454214
v -0.066536 11.369485 -11.452945
v -0.076035 11.370218 -11.454214
v -0.084920 11.372375 -11.457950
v -0.092696 11.375823 -11.463923
v -0.099050 11.380318 -11.471707
v -0.103857 11.385483 -11.480655
v -0.107130 11.390812 -11.489884
v -0.108947 11.395707 -11.498363
v -0.109396 11.399568 -11.505050
v -0.108541 11.401908 -11.509104
v -0.106413 11.402474 -11.510084
v -0.102994 11.401323 -11.508090
v -0.098224 11.398836 -11.503781
v -0.092046 11.395660 -11.498282
v -0.084504 11.392588 -11.492959
v -0.075840 11.390374 -11.489126
v -0.066536 11.328766 -11.547847
v -0.066536 11.298138 -11.601136
v -0.066536 11.291739 -11.645522
v -0.066536 11.300213 -11.684510
v -0.066536 11.317401 -11.727281
v -0.066536 11.341046 -11.781158
v -0.066536 11.368441 -11.849898
v -0.066536 11.395222 -11.935732
v -0.094332 11.392859 -11.935936
v -0.092994 11.366586 -11.850167
v -0.091656 11.339685 -11.781363
v -0.090240 11.316525 -11.727350
v -0.088565 11.299833 -11.684476
v -0.086750 11.291848 -11.645562
v -0.084501 11.298630 -11.601503
v -0.081158 11.329474 -11.548702
v -0.121002 11.385822 -11.936543
v -0.118320 11.361018 -11.850972
v -0.115637 11.335542 -11.781987
v -0.112768 11.313779 -11.727569
v -0.109359 11.298520 -11.684358
v -0.105682 11.291959 -11.645603
v -0.101223 11.299875 -11.602431
v -0.094738 11.331383 -11.551004
v -0.145490 11.374282 -11.937538
v -0.141479 11.351747 -11.852313
v -0.137467 11.328471 -11.783052
v -0.133204 11.308860 -11.727961
v -0.128098 11.295813 -11.684114
v -0.122564 11.291487 -11.645431
v -0.115940 11.301250 -11.603456
v -0.106563 11.333891 -11.554029
v -0.166866 11.358538 -11.938896
v -0.161602 11.338848 -11.854179
v -0.156338 11.318321 -11.784582
v -0.150848 11.301388 -11.728556
v -0.144227 11.291105 -11.683691
v -0.136944 11.289649 -11.644756
v -0.128285 11.301901 -11.603941
v -0.116323 11.336176 -11.556787
v -0.184348 11.339048 -11.940578
v -0.177994 11.322522 -11.856541
v -0.171639 11.305042 -11.786582
v -0.165163 11.291059 -11.729378
v -0.157365 11.283841 -11.683037
v -0.148580 11.285681 -11.643302
v -0.138153 11.300971 -11.603248
v -0.123973 11.337394 -11.558255
v -0.197312 11.316439 -11.942528
v -0.190124 11.303155 -11.859343
v -0.182933 11.288782 -11.789032
v -0.175724 11.277781 -11.730435
v -0.167222 11.273686 -11.682123
v -0.157310 11.279042 -11.640869
v -0.145479 11.297807 -11.600890
v -0.129593 11.336869 -11.557623
v -0.205300 11.291504 -11.944679
v -0.197601 11.281343 -11.862497
v -0.189901 11.269941 -11.791870
v -0.182202 11.261766 -11.731710
v -0.173546 11.260660 -11.680950
v -0.163010 11.269566 -11.637395
v -0.150230 11.292109 -11.596644
v -0.133181 11.334240 -11.554452
v -0.208025 11.265185 -11.946949
v -0.200181 11.257887 -11.865891
v -0.192338 11.249193 -11.794995
v -0.184494 11.243558 -11.733160
v -0.176110 11.245173 -11.679557
v -0.165542 11.257518 -11.632979
v -0.152375 11.283998 -11.590601
v -0.134758 11.329519 -11.548757
v -0.205383 11.238530 -11.949248
v -0.197767 11.233763 -11.869380
v -0.190150 11.227442 -11.798272
v -0.182534 11.224003 -11.734717
v -0.174720 11.228005 -11.678012
v -0.164741 11.243567 -11.627866
v -0.151814 11.273991 -11.583144
v -0.134259 11.323073 -11.540980
v -0.197459 11.212637 -11.951482
v -0.190416 11.210045 -11.872811
v -0.183372 11.205748 -11.801540
v -0.176329 11.204151 -11.736299
v -0.169267 11.210188 -11.676408
v -0.160435 11.228671 -11.622406
v -0.148368 11.262893 -11.574875
v -0.131533 11.315533 -11.531884
v -0.184524 11.188593 -11.953556
v -0.178346 11.187827 -11.876025
v -0.172168 11.185215 -11.804634
v -0.165990 11.185131 -11.737813
v -0.159811 11.192863 -11.674849
v -0.152505 11.213920 -11.616999
v -0.141826 11.251645 -11.566494
v -0.126407 11.307656 -11.522383
v -0.167035 11.167409 -11.955383
v -0.161939 11.168136 -11.878873
v -0.156843 11.166891 -11.807394
v -0.151747 11.168022 -11.739175
v -0.146651 11.177129 -11.673433
v -0.140943 11.200371 -11.612033
v -0.132067 11.241170 -11.558688
v -0.118753 11.300191 -11.513377
v -0.145623 11.149967 -11.956888
v -0.141744 11.151863 -11.881227
v -0.137865 11.151686 -11.809685
v -0.133987 11.153754 -11.740311
v -0.130108 11.163934 -11.672245
v -0.125946 11.188931 -11.607840
v -0.119159 11.232254 -11.552045
v -0.108567 11.293774 -11.505636
v -0.121086 11.136982 -11.958008
v -0.118489 11.139724 -11.882983
v -0.115891 11.140315 -11.811398
v -0.113295 11.143057 -11.741163
v -0.110697 11.154010 -11.671352
v -0.107978 11.180296 -11.604674
v -0.103433 11.225493 -11.547008
v -0.096073 11.288883 -11.499737
v -0.094371 11.128979 -11.958698
v -0.093073 11.132234 -11.884067
v -0.091775 11.133291 -11.812456
v -0.090477 11.136439 -11.741690
v -0.089179 11.147861 -11.670799
v -0.087837 11.174936 -11.602710
v -0.085565 11.221289 -11.543875
v -0.081795 11.285833 -11.496058
v -0.066536 11.126275 -11.958932
v -0.066536 11.129703 -11.884433
v -0.066536 11.130917 -11.812814
v -0.066536 11.134201 -11.741868
v -0.066536 11.145780 -11.670611
v -0.066536 11.173120 -11.602044
v -0.066536 11.219863 -11.542812
v -0.066536 11.284799 -11.494809
v -0.038702 11.128979 -11.958698
v -0.039999 11.132234 -11.884067
v -0.041297 11.133291 -11.812456
v -0.042596 11.136439 -11.741690
v -0.043894 11.147861 -11.670799
v -0.045235 11.174936 -11.602710
v -0.047508 11.221289 -11.543875
v -0.051277 11.285833 -11.496058
v -0.011986 11.136982 -11.958008
v -0.014583 11.139724 -11.882983
v -0.017180 11.140315 -11.811398
v -0.019777 11.143057 -11.741163
v -0.022374 11.154010 -11.671352
v -0.025093 11.180296 -11.604674
v -0.029639 11.225493 -11.547008
v -0.036998 11.288883 -11.499737
v 0.012550 11.149967 -11.956888
v 0.008671 11.151863 -11.881227
v 0.004793 11.151686 -11.809685
v 0.000914 11.153754 -11.740311
v -0.002964 11.163934 -11.672245
v -0.007127 11.188931 -11.607840
v -0.013914 11.232254 -11.552045
v -0.024506 11.293774 -11.505636
v 0.033962 11.167409 -11.955383
v 0.028866 11.168136 -11.878873
v 0.023770 11.166891 -11.807394
v 0.018674 11.168022 -11.739175
v 0.013578 11.177129 -11.673433
v 0.007870 11.200371 -11.612033
v -0.001006 11.241170 -11.558688
v -0.014320 11.300191 -11.513377
v 0.051452 11.188593 -11.953556
v 0.045274 11.187827 -11.876025
v 0.039095 11.185215 -11.804634
v 0.032917 11.185131 -11.737813
v 0.026739 11.192863 -11.674849
v 0.019433 11.213920 -11.616999
v 0.008753 11.251645 -11.566494
v -0.006666 11.307655 -11.522383
v 0.064387 11.212637 -11.951482
v 0.057343 11.210045 -11.872811
v 0.050300 11.205748 -11.801540
v 0.043257 11.204151 -11.736299
v 0.036195 11.210188 -11.676408
v 0.027363 11.228671 -11.622406
v 0.015296 11.262893 -11.574875
v -0.001541 11.315533 -11.531884
v 0.072310 11.238530 -11.949248
v 0.064694 11.233763 -11.869380
v 0.057078 11.227442 -11.798272
v 0.049461 11.224003 -11.734717
v 0.041646 11.228005 -11.678012
v 0.031667 11.243567 -11.627866
v 0.018740 11.273991 -11.583144
v 0.001186 11.323073 -11.540980
v 0.074953 11.265185 -11.946949
v 0.067109 11.257887 -11.865891
v 0.059265 11.249193 -11.794995
v 0.051421 11.243558 -11.733160
v 0.043037 11.245173 -11.679557
v 0.032470 11.257518 -11.632979
v 0.019301 11.283998 -11.590601
v 0.001685 11.329519 -11.548757
v 0.072228 11.291504 -11.944679
v 0.064528 11.281343 -11.862497
v 0.056829 11.269941 -11.791870
v 0.049129 11.261766 -11.731710
v 0.040474 11.260660 -11.680950
v 0.029937 11.269566 -11.637395
v 0.017158 11.292109 -11.596644
v 0.000108 11.334241 -11.554452
v 0.064240 11.316439 -11.942528
v 0.057051 11.303155 -11.859343
v 0.049861 11.288782 -11.789032
v 0.042651 11.277781 -11.730435
v 0.034150 11.273687 -11.682123
v 0.024238 11.279042 -11.640869
v 0.012406 11.297807 -11.600890
v -0.003479 11.336869 -11.557623
v 0.051276 11.339048 -11.940578
v 0.044922 11.322522 -11.856541
v 0.038568 11.305043 -11.786582
v 0.032090 11.291059 -11.729378
v 0.024292 11.283841 -11.683037
v 0.015508 11.285681 -11.643302
v 0.005080 11.300971 -11.603248
v -0.009100 11.337394 -11.558255
v 0.033794 11.358538 -11.938896
v 0.028530 11.338848 -11.854179
v 0.023265 11.318321 -11.784582
v 0.017775 11.301388 -11.728556
v 0.011154 11.291105 -11.683691
v 0.003871 11.289650 -11.644756
v -0.004788 11.301901 -11.603941
v -0.016751 11.336176 -11.556787
v 0.012418 11.374282 -11.937538
v 0.008407 11.351747 -11.852313
v 0.004395 11.328471 -11.783052
v 0.000132 11.308860 -11.727961
v -0.004974 11.295813 -11.684114
v -0.010508 11.291487 -11.645431
v -0.017133 11.301250 -11.603456
v -0.026509 11.333891 -11.554030
v -0.012071 11.385822 -11.936543
v -0.014753 11.361018 -11.850972
v -0.017435 11.335542 -11.781987
v -0.020305 11.313779 -11.727569
v -0.023714 11.298520 -11.684358
v -0.027390 11.291959 -11.645603
v -0.031850 11.299875 -11.602431
v -0.038334 11.331383 -11.551004
v -0.038741 11.392859 -11.935936
v -0.040078 11.366586 -11.850167
v -0.041416 11.339685 -11.781363
v -0.042832 11.316525 -11.727350
v -0.044508 11.299833 -11.684476
v -0.046322 11.291848 -11.645562
v -0.048572 11.298630 -11.601503
v -0.051915 11.329474 -11.548702
v -0.066537 11.461456 -11.456299
v -0.431736 11.026484 -12.333332
v -0.308886 10.923611 -12.333332
v -0.395754 10.953742 -12.333332
v -0.426133 11.582612 -12.333332
v -0.552378 11.479738 -12.333332
v -0.515401 11.552481 -12.333332
v 9.765072 11.026917 -12.279999
v 9.752533 11.031748 -12.266665
v 9.761399 11.028378 -12.270571
v 9.639327 10.936944 -12.266665
v 9.641704 10.923611 -12.279999
v 9.640953 10.927516 -12.270571
v 9.728939 10.953870 -12.279999
v 9.719371 10.964708 -12.266665
v 9.726120 10.957057 -12.270571
v 9.758936 11.582612 -12.279999
v 9.756613 11.569279 -12.266665
v 9.758200 11.578707 -12.270571
v 9.871515 11.477702 -12.266665
v 9.885741 11.479297 -12.279999
v 9.881563 11.478788 -12.270571
v 9.839122 11.541430 -12.266665
v 9.848581 11.552354 -12.279999
v 9.845795 11.549141 -12.270571
v 9.507753 11.038121 -12.257740
v 9.515686 11.016276 -12.266665
v 9.512432 11.028197 -12.264051
v 9.650761 11.129060 -12.266665
v 9.629364 11.139594 -12.258301
v 9.639410 11.134326 -12.264215
v 9.594070 11.068061 -12.258366
v 9.611393 11.049473 -12.266665
v 9.602372 11.059394 -12.264235
v 9.471113 11.076346 -12.226391
v 9.479044 11.054502 -12.236653
v 9.474366 11.064425 -12.229397
v 9.586400 11.173299 -12.226391
v 9.607334 11.162699 -12.235044
v 9.597585 11.167953 -12.228926
v 9.552388 11.104538 -12.226391
v 9.569711 11.085950 -12.235316
v 9.561409 11.094617 -12.229005
v 9.714481 11.369865 -12.259284
v 9.739513 11.371516 -12.266665
v 9.726358 11.371191 -12.264503
v 9.629725 11.489946 -12.266665
v 9.620951 11.467252 -12.257518
v 9.626079 11.477777 -12.263987
v 9.693096 11.438318 -12.259231
v 9.713724 11.455914 -12.266665
v 9.703170 11.446630 -12.264488
v 9.652029 11.339780 -12.226391
v 9.677233 11.339976 -12.235147
v 9.665112 11.339239 -12.228955
v 9.583044 11.429876 -12.226391
v 9.591780 11.450916 -12.235683
v 9.586802 11.441562 -12.229113
v 9.641373 11.403297 -12.226391
v 9.663301 11.419647 -12.233895
v 9.652756 11.411895 -12.228589
v 4.666668 11.582612 -12.279999
v 4.666668 11.569279 -12.266665
v 4.666668 11.578707 -12.270571
v 4.666668 10.936944 -12.266665
v 4.666668 10.923611 -12.279999
v 4.666668 10.927516 -12.270571
v 4.666668 11.489946 -12.266665
v 4.666668 11.468102 -12.256403
v 4.666668 11.478025 -12.263659
v 4.666668 11.038121 -12.256403
v 4.666668 11.016276 -12.266665
v 4.666668 11.028197 -12.263659
v 4.666668 11.076346 -12.226391
v 4.666668 11.054502 -12.236653
v 4.666668 11.064425 -12.229397
v 4.666668 11.451721 -12.236653
v 4.666668 11.429876 -12.226391
v 4.666668 11.441797 -12.229397
v -0.419197 11.031748 -12.266665
v -0.431709 11.026924 -12.279999
v -0.428056 11.028379 -12.270571
v -0.308368 10.923611 -12.279999
v -0.305991 10.936944 -12.266665
v -0.307618 10.927516 -12.270571
v -0.386035 10.964708 -12.266665
v -0.395603 10.953869 -12.279999
v -0.392785 10.957057 -12.270571
v -0.423277 11.569279 -12.266665
v -0.425600 11.582612 -12.279999
v -0.424864 11.578707 -12.270571
v -0.552378 11.479304 -12.279999
v -0.538180 11.477702 -12.266665
v -0.548219 11.478790 -12.270571
v -0.515245 11.552354 -12.279999
v -0.505786 11.541430 -12.266665
v -0.512459 11.549141 -12.270571
v -0.182350 11.016276 -12.266665
v -0.174200 11.038750 -12.257141
v -0.179033 11.028381 -12.263876
v -0.296101 11.139558 -12.258366
v -0.317425 11.129060 -12.266665
v -0.306096 11.134315 -12.264235
v -0.278057 11.049473 -12.266665
v -0.260461 11.068196 -12.258123
v -0.268956 11.059433 -12.264164
v -0.137777 11.076346 -12.226391
v -0.145709 11.055159 -12.235862
v -0.141030 11.064618 -12.229165
v -0.253064 11.173299 -12.226391
v -0.274055 11.162678 -12.235097
v -0.264265 11.167947 -12.228941
v -0.219052 11.104538 -12.226391
v -0.236273 11.086244 -12.235036
v -0.228043 11.094703 -12.228923
v -0.406178 11.371516 -12.266665
v -0.380218 11.369646 -12.258654
v -0.392751 11.371126 -12.264318
v -0.287910 11.467941 -12.258139
v -0.296389 11.489946 -12.266665
v -0.292830 11.477979 -12.264168
v -0.380389 11.455914 -12.266665
v -0.360083 11.438395 -12.259451
v -0.369928 11.446652 -12.264552
v -0.318693 11.339780 -12.226391
v -0.342961 11.340329 -12.234282
v -0.331501 11.339343 -12.228702
v -0.249709 11.429876 -12.226391
v -0.258444 11.451721 -12.236653
v -0.253466 11.441797 -12.229397
v -0.308036 11.403297 -12.226391
v -0.329629 11.419449 -12.234832
v -0.319322 11.411837 -12.228863
vn 0.9239 0.3827 -0.0000
vn 0.9209 0.3867 0.0492
vn 0.9795 0.1964 0.0444
vn 0.9808 0.1951 -0.0000
vn -0.5556 -0.8315 -0.0000
vn -0.5529 -0.8318 0.0502
vn -0.7045 -0.7081 0.0477
vn -0.7071 -0.7071 -0.0000
vn 0.8315 0.5556 -0.0000
vn 0.8254 0.5617 0.0569
vn -0.3827 -0.9239 -0.0000
vn -0.3803 -0.9234 0.0525
vn -0.1951 0.9808 -0.0000
vn -0.1883 0.9775 0.0948
vn -0.0000 0.9953 0.0973
vn -0.0000 1.0000 -0.0000
vn 0.7071 0.7071 -0.0000
vn 0.6975 0.7134 0.0670
vn -0.1951 -0.9808 -0.0000
vn -0.1937 -0.9796 0.0542
vn -0.3827 0.9239 -0.0000
vn -0.3716 0.9242 0.0880
vn 0.5556 0.8315 -0.0000
vn 0.5437 0.8356 0.0781
vn -0.0000 -1.0000 -0.0000
vn -0.0000 -0.9985 0.0548
vn -0.5556 0.8315 -0.0000
vn -0.5437 0.8356 0.0781
vn 0.3827 0.9239 -0.0000
vn 0.3716 0.9242 0.0880
vn 0.1951 -0.9808 -0.0000
vn 0.1937 -0.9796 0.0542
vn -0.7071 0.7071 -0.0000
vn -0.6975 0.7135 0.0670
vn 0.1951 0.9808 -0.0000
vn 0.1883 0.9775 0.0948
vn 0.3827 -0.9239 -0.0000
vn 0.3803 -0.9234 0.0525
vn -0.8315 0.5556 -0.0000
vn -0.8254 0.5617 0.0569
vn 0.5556 -0.8315 -0.0000
vn 0.5529 -0.8318 0.0502
vn -0.9239 0.3827 -0.0000
vn -0.9209 0.3867 0.0492
vn 0.7071 -0.7071 -0.0000
vn 0.7045 -0.7081 0.0477
vn -0.9808 0.1951 -0.0000
vn -0.9795 0.1964 0.0444
vn 0.8315 -0.5556 -0.0000
vn 0.8292 -0.5570 0.0454
vn -1.0000 -0.0000 -0.0000
vn -0.9991 -0.0007 0.0423
vn 0.9239 -0.3827 -0.0000
vn 0.9221 -0.3845 0.0435
vn -0.9808 -0.1951 -0.0000
vn -0.9795 -0.1968 0.0423
vn 0.9808 -0.1951 -0.0000
vn 0.9795 -0.1968 0.0423
vn -0.9239 -0.3827 -0.0000
vn -0.9221 -0.3845 0.0435
vn 1.0000 -0.0000 -0.0000
vn 0.9991 -0.0007 0.0423
vn -0.8315 -0.5556 -0.0000
vn -0.8292 -0.5570 0.0454
vn -0.0000 0.5582 -0.8297
vn -0.2671 0.5261 -0.8074
vn -0.1578 0.7699 -0.6183
vn -0.0000 0.7882 -0.6155
vn -0.4711 0.4484 -0.7596
vn -0.2866 0.7236 -0.6279
vn -0.5892 0.3659 -0.7204
vn -0.3565 0.6723 -0.6488
vn -0.6176 0.3229 -0.7171
vn -0.3263 0.6495 -0.6868
vn -0.4946 0.3919 -0.7757
vn -0.3017 0.5240 -0.7965
vn -0.3135 0.4845 -0.8167
vn -0.1613 0.5587 -0.8136
vn 0.5364 0.6820 -0.4973
vn 0.5769 0.6513 -0.4929
vn 0.8746 0.4604 -0.1522
vn 0.7267 0.5769 -0.3730
vn 0.9055 0.4204 0.0586
vn 0.9194 0.3628 0.1519
vn 0.9582 0.2531 0.1334
vn 0.9170 0.2622 0.3006
vn 0.9500 0.1242 0.2865
vn 0.8962 0.1893 0.4013
vn 0.9168 0.0162 0.3989
vn 0.8567 0.1145 0.5030
vn 0.8577 -0.0965 0.5050
vn 0.7838 0.0298 0.6203
vn 0.7599 -0.2179 0.6125
vn 0.6604 -0.0601 0.7485
vn 0.6149 -0.3371 0.7129
vn 0.4792 -0.1410 0.8663
vn 0.4285 -0.4356 0.7916
vn 0.2514 -0.1962 0.9478
vn 0.2183 -0.4984 0.8390
vn -0.0000 -0.2156 0.9765
vn -0.0000 -0.5196 0.8544
vn -0.2514 -0.1963 0.9478
vn -0.2183 -0.4984 0.8390
vn -0.4792 -0.1410 0.8663
vn -0.4285 -0.4356 0.7916
vn -0.6604 -0.0601 0.7485
vn -0.6149 -0.3371 0.7129
vn -0.7838 0.0298 0.6203
vn -0.7599 -0.2179 0.6125
vn -0.8567 0.1145 0.5030
vn -0.8577 -0.0965 0.5050
vn -0.8962 0.1893 0.4013
vn -0.9169 0.0162 0.3989
vn -0.9170 0.2622 0.3006
vn -0.9500 0.1242 0.2865
vn -0.9194 0.3628 0.1520
vn -0.9582 0.2531 0.1334
vn -0.9055 0.4203 0.0586
vn -0.8746 0.4604 -0.1522
vn -0.5769 0.6513 -0.4929
vn -0.5363 0.6819 -0.4973
vn -0.7267 0.5769 -0.3730
vn 0.3135 0.4845 -0.8167
vn 0.4947 0.3919 -0.7757
vn 0.3017 0.5240 -0.7965
vn 0.1613 0.5587 -0.8136
vn 0.6176 0.3229 -0.7171
vn 0.3263 0.6495 -0.6868
vn 0.5892 0.3659 -0.7204
vn 0.3565 0.6723 -0.6488
vn 0.4711 0.4484 -0.7596
vn 0.2866 0.7236 -0.6279
vn 0.2672 0.5261 -0.8074
vn 0.1579 0.7699 -0.6183
vn -0.0652 0.9376 -0.3416
vn -0.0000 0.9432 -0.3322
vn -0.0064 0.9998 0.0193
vn -0.0000 0.9996 0.0298
vn 0.0376 0.9594 0.2796
vn -0.0000 0.9574 0.2889
vn 0.0755 0.9236 0.3758
vn -0.0000 0.9235 0.3835
vn 0.1100 0.9200 0.3762
vn -0.0000 0.9237 0.3830
vn 0.1409 0.9350 0.3254
vn -0.0000 0.9434 0.3317
vn 0.1683 0.9561 0.2398
vn -0.0000 0.9695 0.2452
vn -0.1090 0.9233 -0.3684
vn 0.0097 0.9999 -0.0100
vn 0.0975 0.9624 0.2534
vn 0.1710 0.9196 0.3536
vn 0.2355 0.9043 0.3561
vn 0.2909 0.9062 0.3070
vn 0.3381 0.9140 0.2241
vn -0.0996 0.9080 -0.4070
vn 0.0776 0.9957 -0.0498
vn 0.2035 0.9549 0.2164
vn 0.3040 0.8975 0.3196
vn 0.3869 0.8634 0.3238
vn 0.4536 0.8468 0.2776
vn 0.5070 0.8383 0.2006
vn 0.0139 0.8978 -0.4402
vn 0.2333 0.9691 -0.0804
vn 0.3747 0.9096 0.1795
vn 0.4806 0.8318 0.2778
vn 0.5618 0.7780 0.2814
vn 0.6220 0.7452 0.2403
vn 0.6670 0.7247 0.1727
vn 0.1248 0.7942 -0.5947
vn 0.2948 0.8616 -0.4132
vn 0.4875 0.8705 -0.0680
vn 0.5986 0.7857 0.1559
vn 0.6800 0.6950 0.2337
vn 0.7381 0.6331 0.2332
vn 0.7776 0.5963 0.1995
vn 0.8057 0.5744 0.1449
vn 0.3437 0.7683 -0.5400
vn 0.6712 0.6994 -0.2458
vn 0.7556 0.6550 0.0063
vn 0.8093 0.5673 0.1522
vn 0.8527 0.4854 0.1933
vn 0.8810 0.4349 0.1864
vn 0.8984 0.4087 0.1608
vn 0.9107 0.3950 0.1209
vn 0.9016 0.4324 -0.0097
vn 0.9193 0.3783 0.1081
vn 0.9392 0.3027 0.1621
vn 0.9568 0.2414 0.1618
vn 0.9662 0.2115 0.1472
vn 0.9711 0.2014 0.1282
vn 0.9747 0.1987 0.1028
vn 0.9641 0.2020 0.1722
vn 0.9723 0.1277 0.1957
vn 0.9830 0.0520 0.1762
vn 0.9901 0.0060 0.1403
vn 0.9930 -0.0082 0.1176
vn 0.9947 -0.0075 0.1028
vn 0.9959 -0.0026 0.0905
vn 0.9551 0.0281 0.2951
vn 0.9617 -0.0809 0.2620
vn 0.9675 -0.1668 0.1900
vn 0.9705 -0.2054 0.1265
vn 0.9727 -0.2118 0.0953
vn 0.9747 -0.2074 0.0833
vn 0.9763 -0.2000 0.0827
vn 0.9115 -0.1236 0.3922
vn 0.9110 -0.2648 0.3162
vn 0.9105 -0.3600 0.2036
vn 0.9114 -0.3944 0.1177
vn 0.9141 -0.3980 0.0775
vn 0.9166 -0.3939 0.0678
vn 0.9187 -0.3871 0.0781
vn 0.8336 -0.2714 0.4811
vn 0.8232 -0.4345 0.3654
vn 0.8177 -0.5328 0.2177
vn 0.8181 -0.5642 0.1117
vn 0.8211 -0.5673 0.0627
vn 0.8237 -0.5643 0.0553
vn 0.8260 -0.5587 0.0756
vn 0.7149 -0.4137 0.5638
vn 0.6972 -0.5872 0.4112
vn 0.6910 -0.6845 0.2324
vn 0.6923 -0.7135 0.1076
vn 0.6957 -0.7165 0.0505
vn 0.6986 -0.7140 0.0454
vn 0.7012 -0.7091 0.0746
vn 0.5577 -0.5367 0.6332
vn 0.5388 -0.7121 0.4501
vn 0.5352 -0.8080 0.2463
vn 0.5385 -0.8361 0.1049
vn 0.5426 -0.8390 0.0414
vn 0.5461 -0.8368 0.0383
vn 0.5493 -0.8323 0.0750
vn 0.3764 -0.6268 0.6822
vn 0.3621 -0.8002 0.4781
vn 0.3616 -0.8962 0.2571
vn 0.3657 -0.9249 0.1035
vn 0.3699 -0.9284 0.0354
vn 0.3736 -0.9270 0.0340
vn 0.3769 -0.9231 0.0762
vn 0.1879 -0.6791 0.7096
vn 0.1806 -0.8503 0.4943
vn 0.1812 -0.9474 0.2639
vn 0.1841 -0.9775 0.1030
vn 0.1869 -0.9819 0.0323
vn 0.1893 -0.9814 0.0319
vn 0.1915 -0.9784 0.0775
vn -0.0000 -0.6959 0.7182
vn -0.0000 -0.8663 0.4995
vn -0.0000 -0.9639 0.2661
vn -0.0000 -0.9947 0.1029
vn -0.0000 -0.9995 0.0313
vn -0.0000 -0.9969 0.0781
vn -0.1879 -0.6791 0.7096
vn -0.1806 -0.8503 0.4943
vn -0.1812 -0.9474 0.2639
vn -0.1841 -0.9775 0.1030
vn -0.1869 -0.9819 0.0323
vn -0.1893 -0.9814 0.0319
vn -0.1915 -0.9784 0.0775
vn -0.3764 -0.6268 0.6822
vn -0.3621 -0.8002 0.4781
vn -0.3616 -0.8962 0.2571
vn -0.3657 -0.9249 0.1035
vn -0.3699 -0.9284 0.0354
vn -0.3736 -0.9270 0.0340
vn -0.3769 -0.9231 0.0762
vn -0.5577 -0.5367 0.6332
vn -0.5388 -0.7121 0.4501
vn -0.5352 -0.8080 0.2463
vn -0.5385 -0.8361 0.1049
vn -0.5426 -0.8390 0.0414
vn -0.5461 -0.8368 0.0383
vn -0.5493 -0.8323 0.0750
vn -0.7149 -0.4137 0.5638
vn -0.6972 -0.5872 0.4112
vn -0.6910 -0.6845 0.2324
vn -0.6923 -0.7135 0.1076
vn -0.6957 -0.7165 0.0505
vn -0.6986 -0.7140 0.0454
vn -0.7012 -0.7091 0.0746
vn -0.8336 -0.2714 0.4811
vn -0.8232 -0.4345 0.3654
vn -0.8177 -0.5329 0.2177
vn -0.8181 -0.5642 0.1117
vn -0.8211 -0.5673 0.0627
vn -0.8237 -0.5643 0.0553
vn -0.8259 -0.5587 0.0756
vn -0.9115 -0.1236 0.3922
vn -0.9110 -0.2648 0.3162
vn -0.9105 -0.3600 0.2036
vn -0.9114 -0.3944 0.1177
vn -0.9141 -0.3980 0.0775
vn -0.9166 -0.3939 0.0678
vn -0.9187 -0.3871 0.0781
vn -0.9551 0.0281 0.2951
vn -0.9617 -0.0808 0.2621
vn -0.9675 -0.1668 0.1900
vn -0.9705 -0.2054 0.1265
vn -0.9727 -0.2118 0.0953
vn -0.9747 -0.2074 0.0833
vn -0.9763 -0.2000 0.0828
vn -0.9641 0.2019 0.1722
vn -0.9723 0.1276 0.1958
vn -0.9830 0.0520 0.1762
vn -0.9901 0.0060 0.1403
vn -0.9930 -0.0082 0.1176
vn -0.9947 -0.0075 0.1028
vn -0.9959 -0.0026 0.0905
vn -0.9016 0.4324 -0.0096
vn -0.9193 0.3783 0.1081
vn -0.9392 0.3027 0.1621
vn -0.9568 0.2414 0.1618
vn -0.9662 0.2115 0.1472
vn -0.9711 0.2014 0.1282
vn -0.9747 0.1987 0.1028
vn -0.6712 0.6994 -0.2458
vn -0.7556 0.6550 0.0063
vn -0.8093 0.5673 0.1522
vn -0.8527 0.4854 0.1933
vn -0.8810 0.4348 0.1864
vn -0.8984 0.4087 0.1608
vn -0.9107 0.3950 0.1209
vn -0.3437 0.7683 -0.5400
vn -0.1248 0.7942 -0.5947
vn -0.2948 0.8616 -0.4132
vn -0.4875 0.8705 -0.0681
vn -0.5986 0.7857 0.1559
vn -0.6800 0.6950 0.2337
vn -0.7381 0.6331 0.2332
vn -0.7776 0.5963 0.1995
vn -0.8057 0.5744 0.1449
vn -0.0139 0.8978 -0.4402
vn -0.2333 0.9691 -0.0804
vn -0.3747 0.9096 0.1795
vn -0.4806 0.8318 0.2778
vn -0.5618 0.7780 0.2814
vn -0.6220 0.7452 0.2403
vn -0.6670 0.7248 0.1727
vn 0.0996 0.9080 -0.4070
vn -0.0776 0.9957 -0.0498
vn -0.2035 0.9549 0.2164
vn -0.3040 0.8975 0.3196
vn -0.3869 0.8634 0.3238
vn -0.4536 0.8468 0.2776
vn -0.5070 0.8383 0.2006
vn 0.1090 0.9233 -0.3684
vn -0.0097 0.9999 -0.0100
vn -0.0975 0.9624 0.2534
vn -0.1710 0.9196 0.3536
vn -0.2355 0.9043 0.3561
vn -0.2909 0.9062 0.3070
vn -0.3381 0.9140 0.2241
vn 0.0652 0.9376 -0.3416
vn 0.0064 0.9998 0.0193
vn -0.0376 0.9594 0.2796
vn -0.0755 0.9236 0.3758
vn -0.1100 0.9200 0.3762
vn -0.1409 0.9350 0.3254
vn -0.1683 0.9561 0.2398
vn -0.0000 0.3297 -0.9441
vn -0.4310 0.7495 -0.5025
vn -0.0000 0.3255 0.9455
vn 0.4311 0.7495 -0.5024
vn -0.0000 -0.0000 -1.0000
vn -0.6975 0.7134 0.0670
vn 0.6975 0.7135 0.0670
vn -0.8293 -0.5570 0.0454
vn 0.1578 0.7699 -0.6183
vn 0.2671 0.5261 -0.8074
vn 0.3564 0.6723 -0.6488
vn 0.4946 0.3919 -0.7757
vn -0.5364 0.6820 -0.4973
vn -0.9055 0.4204 0.0586
vn -0.9194 0.3628 0.1519
vn -0.9168 0.0162 0.3989
vn -0.2514 -0.1962 0.9478
vn 0.2514 -0.1963 0.9478
vn 0.9169 0.0162 0.3989
vn 0.9194 0.3628 0.1520
vn 0.9055 0.4203 0.0586
vn 0.5363 0.6819 -0.4973
vn -0.1613 0.5586 -0.8136
vn -0.4947 0.3919 -0.7757
vn -0.1579 0.7699 -0.6183
vn -0.2672 0.5261 -0.8074
vn -0.6670 0.7247 0.1727
vn -0.3436 0.7683 -0.5401
vn -0.8810 0.4349 0.1864
vn -0.9641 0.2020 0.1722
vn -0.9723 0.1277 0.1957
vn -0.9617 -0.0809 0.2621
vn -0.9763 -0.2000 0.0827
vn -0.8177 -0.5328 0.2177
vn -0.8260 -0.5587 0.0756
vn -0.5576 -0.5367 0.6332
vn 0.8177 -0.5329 0.2177
vn 0.8259 -0.5587 0.0756
vn 0.9617 -0.0808 0.2621
vn 0.9763 -0.2000 0.0828
vn 0.9641 0.2019 0.1722
vn 0.9723 0.1276 0.1958
vn 0.9016 0.4324 -0.0096
vn 0.8810 0.4348 0.1864
vn 0.8984 0.4087 0.1607
vn 0.4875 0.8705 -0.0681
vn 0.6670 0.7248 0.1727
vn 0.4310 0.7495 -0.5025
vn -0.4311 0.7495 -0.5024
vn -0.0000 0.0001 1.0000
vn 0.0001 -0.0000 1.0000
vn 0.1848 0.0376 0.9820
vn 0.0454 0.2759 0.9601
vn 0.1544 0.9456 0.2865
vn 0.0714 0.9246 0.3741
vn 0.2121 0.9737 -0.0831
vn 0.1626 0.9863 -0.0287
vn 0.1732 0.1686 0.9703
vn 0.9301 0.2801 0.2376
vn 0.8904 0.4188 0.1786
vn 0.8418 0.5349 -0.0727
vn 0.9331 0.3504 -0.0816
vn -0.0000 -0.0000 1.0000
vn 0.1231 -0.2874 0.9499
vn 0.0801 -0.0908 0.9926
vn 0.1024 -0.9483 0.3003
vn 0.0719 -0.9445 0.3207
vn 0.1667 -0.9855 -0.0303
vn 0.2190 -0.9722 -0.0832
vn 0.3003 -0.1130 0.9471
vn 0.8852 -0.3329 0.3250
vn 0.9280 -0.2201 0.3006
vn 0.9372 -0.3388 -0.0825
vn 0.9357 -0.3526 -0.0100
vn 0.3129 -0.1293 0.9409
vn 0.0977 -0.1236 0.9875
vn 0.5863 -0.2590 0.7676
vn 0.4737 -0.5140 0.7151
vn 0.3355 -0.3756 0.8639
vn 0.3348 -0.1487 0.9305
vn 0.4820 -0.5207 0.7047
vn 0.5862 -0.2599 0.7673
vn -0.0000 -0.0001 1.0000
vn 0.0229 -0.2906 0.9566
vn 0.1484 -0.7232 0.6745
vn 0.0265 -0.3552 0.9344
vn 0.1550 -0.7243 0.6719
vn 0.0136 0.2648 0.9642
vn 0.0743 0.0929 0.9929
vn 0.1784 0.7168 0.6740
vn 0.5301 0.4121 0.7410
vn 0.3780 0.2918 0.8786
vn 0.1142 0.4531 0.8841
vn 0.5468 0.4012 0.7349
vn 0.1836 0.7171 0.6724
vn 0.1669 -0.0194 0.9858
vn 0.6409 -0.0088 0.7675
vn 0.2540 -0.0550 0.9657
vn 0.6493 -0.0062 0.7605
vn -0.0000 0.3827 0.9239
vn -0.0000 0.9239 0.3827
vn 0.8824 -0.4032 0.2426
vn 0.9349 -0.3457 -0.0798
vn -0.0000 0.7851 0.6194
vn -0.0023 0.3979 0.9174
vn -0.0000 -0.3827 0.9239
vn -0.0000 -0.9239 0.3827
vn -0.0000 -0.7805 0.6251
vn -0.0023 -0.4057 0.9140
vn -0.0036 -0.4219 0.9067
vn -0.0045 0.4211 0.9070
vn -0.1626 0.9863 -0.0287
vn -0.2118 0.9738 -0.0828
vn -0.0713 0.9246 0.3741
vn -0.1541 0.9456 0.2865
vn -0.0456 0.2758 0.9601
vn -0.1849 0.0376 0.9820
vn -0.9332 0.3498 -0.0818
vn -0.8414 0.5357 -0.0719
vn -0.7043 0.6019 0.3764
vn -0.9303 0.2800 0.2369
vn -0.1765 -0.0943 0.9798
vn -0.2186 -0.9723 -0.0829
vn -0.1667 -0.9855 -0.0302
vn -0.0719 -0.9445 0.3207
vn -0.2483 -0.9525 0.1762
vn -0.0801 -0.0907 0.9927
vn -0.1231 -0.2874 0.9499
vn -0.0001 -0.0000 1.0000
vn -0.9358 -0.3525 -0.0096
vn -0.9375 -0.3381 -0.0828
vn -0.9141 -0.3654 0.1757
vn -0.8856 -0.3329 0.3238
vn -0.3006 -0.1131 0.9470
vn -0.4754 -0.5154 0.7130
vn -0.5870 -0.2588 0.7671
vn -0.3149 -0.1318 0.9399
vn -0.2821 -0.3038 0.9100
vn -0.5869 -0.2595 0.7669
vn -0.4825 -0.5179 0.7063
vn -0.3292 -0.3706 0.8685
vn -0.3046 -0.1369 0.9426
vn -0.1499 -0.7246 0.6727
vn -0.0991 -0.4102 0.9066
vn -0.1535 -0.7249 0.6715
vn -0.0233 -0.3478 0.9373
vn -0.5189 0.4059 0.7523
vn -0.1835 0.7088 0.6811
vn -0.0104 0.2602 0.9655
vn -0.2794 0.2419 0.9292
vn -0.1984 0.7101 0.6756
vn -0.5440 0.4048 0.7350
vn -0.3967 0.3048 0.8659
vn -0.0287 0.3368 0.9411
vn -0.6398 0.0006 0.7685
vn -0.3661 0.0074 0.9306
vn -0.6488 0.0072 0.7609
vn -0.2509 -0.0434 0.9670
vn -0.9345 -0.3469 -0.0803
vn -0.8829 -0.4032 0.2407
vn 0.8963 -0.4434 0.0036
vn 0.9358 -0.3526 0.0017
vn 0.9361 -0.3517 0.0017
vn 0.9663 -0.2575 -0.0003
vn 0.1652 -0.9863 0.0016
vn 0.1672 -0.9859 0.0016
vn 0.3277 -0.9448 0.0032
vn 0.1610 0.9869 0.0016
vn 0.1630 0.9866 0.0016
vn 0.3198 0.9475 0.0032
vn 0.8914 0.4533 0.0035
vn 0.4166 -0.4400 0.7955
vn 0.3795 -0.4800 0.7910
vn 0.0637 -0.7422 0.6671
vn 0.1611 -0.6732 0.7217
vn -0.0000 -0.7806 0.6251
vn 0.5789 -0.2575 0.7737
vn 0.5940 -0.2500 0.7646
vn 0.5644 0.0248 0.8251
vn 0.6038 -0.1251 0.7872
vn 0.5320 0.1195 0.8382
vn 0.1880 0.6560 0.7310
vn 0.0780 0.7383 0.6700
vn 0.2511 0.6002 0.7594
vn -0.0000 0.7851 0.6193
vn -0.1610 0.9869 0.0016
vn -0.1630 0.9866 0.0016
vn -0.1652 -0.9863 0.0016
vn -0.1672 -0.9859 0.0016
vn -0.1878 0.6444 0.7413
vn -0.0774 0.7334 0.6754
vn -0.0641 -0.7433 0.6659
vn -0.1616 -0.6745 0.7203
vn -0.8964 -0.4432 0.0039
vn -0.9361 -0.3516 0.0021
vn -0.9358 -0.3525 0.0021
vn -0.9663 -0.2575 0.0003
vn -0.3277 -0.9448 0.0032
vn -0.3198 0.9475 0.0032
vn -0.8914 0.4531 0.0037
vn -0.4178 -0.4404 0.7947
vn -0.3807 -0.4804 0.7901
vn -0.5797 -0.2574 0.7731
vn -0.5947 -0.2499 0.7641
vn -0.6011 -0.1230 0.7897
vn -0.5573 0.0283 0.8298
vn -0.5212 0.1257 0.8441
vn -0.2498 0.5855 0.7712
vt 0.194344 0.639273
vt 0.198940 0.565705
vt 0.205897 0.566577
vt 0.201672 0.639948
vt 0.291833 0.642462
vt 0.289549 0.569848
vt 0.296515 0.569371
vt 0.299369 0.642069
vt 0.187056 0.638572
vt 0.191985 0.564784
vt 0.284277 0.642762
vt 0.282577 0.570213
vt 0.380005 0.634151
vt 0.372976 0.559122
vt 0.380019 0.558069
vt 0.387141 0.633437
vt 0.179807 0.637859
vt 0.185022 0.563819
vt 0.276706 0.642965
vt 0.275600 0.570460
vt 0.372849 0.634918
vt 0.365976 0.560231
vt 0.172594 0.637149
vt 0.178045 0.562824
vt 0.269129 0.643067
vt 0.268621 0.570589
vt 0.365666 0.635721
vt 0.359005 0.561354
vt 0.165416 0.636460
vt 0.171046 0.561815
vt 0.261552 0.643067
vt 0.261640 0.570581
vt 0.358451 0.636542
vt 0.352054 0.562464
vt 0.158265 0.635808
vt 0.164017 0.560822
vt 0.253982 0.642966
vt 0.254658 0.570454
vt 0.351200 0.637365
vt 0.345116 0.563543
vt 0.151134 0.635213
vt 0.156946 0.559888
vt 0.246418 0.642821
vt 0.247685 0.570166
vt 0.343911 0.638175
vt 0.338184 0.564578
vt 0.238883 0.642530
vt 0.240709 0.569808
vt 0.336582 0.638959
vt 0.331248 0.565563
vt 0.231373 0.642153
vt 0.233738 0.569343
vt 0.329213 0.639704
vt 0.324312 0.566485
vt 0.223893 0.641697
vt 0.226772 0.568778
vt 0.321805 0.640397
vt 0.317372 0.567336
vt 0.216448 0.641172
vt 0.219811 0.568122
vt 0.314359 0.641029
vt 0.310427 0.568107
vt 0.209041 0.640585
vt 0.212853 0.567386
vt 0.306879 0.641589
vt 0.303475 0.568788
vt 0.241041 0.406139
vt 0.242350 0.408061
vt 0.227385 0.429245
vt 0.224494 0.427117
vt 0.243624 0.410032
vt 0.230064 0.431343
vt 0.244865 0.411970
vt 0.232449 0.433244
vt 0.245991 0.413695
vt 0.234459 0.434807
vt 0.246863 0.415012
vt 0.236011 0.435959
vt 0.247371 0.415798
vt 0.237163 0.436740
vt 0.247738 0.416201
vt 0.238369 0.437331
vt 0.248733 0.416689
vt 0.240163 0.437898
vt 0.250443 0.417315
vt 0.242637 0.438455
vt 0.252681 0.418012
vt 0.245647 0.438969
vt 0.255203 0.418700
vt 0.248992 0.439400
vt 0.257820 0.419305
vt 0.252484 0.439708
vt 0.260362 0.419786
vt 0.256105 0.439930
vt 0.262779 0.420119
vt 0.259818 0.440064
vt 0.265089 0.420303
vt 0.263633 0.440129
vt 0.267343 0.420344
vt 0.267522 0.440140
vt 0.269596 0.420263
vt 0.271410 0.440061
vt 0.271902 0.420037
vt 0.275224 0.439928
vt 0.274312 0.419661
vt 0.278934 0.439728
vt 0.276845 0.419135
vt 0.282550 0.439443
vt 0.279452 0.418483
vt 0.286036 0.439074
vt 0.281961 0.417749
vt 0.289373 0.438584
vt 0.284185 0.417012
vt 0.292373 0.438018
vt 0.285883 0.416355
vt 0.294837 0.437417
vt 0.286870 0.415849
vt 0.296621 0.436819
vt 0.287229 0.415439
vt 0.297816 0.436207
vt 0.287723 0.414645
vt 0.298954 0.435405
vt 0.288571 0.413312
vt 0.300487 0.434226
vt 0.289664 0.411567
vt 0.302468 0.432627
vt 0.290870 0.409606
vt 0.304818 0.430684
vt 0.292108 0.407612
vt 0.307459 0.428539
vt 0.293381 0.405666
vt 0.310312 0.426359
vt 0.218608 0.445413
vt 0.214878 0.443066
vt 0.212178 0.457041
vt 0.208008 0.454369
vt 0.206076 0.467088
vt 0.201587 0.464117
vt 0.198847 0.478392
vt 0.193967 0.475253
vt 0.190140 0.492687
vt 0.184805 0.489633
vt 0.180561 0.510839
vt 0.174681 0.508109
vt 0.171263 0.533436
vt 0.164770 0.531318
vt 0.222051 0.447692
vt 0.216078 0.459587
vt 0.210346 0.469876
vt 0.203540 0.481330
vt 0.195332 0.495553
vt 0.186344 0.513392
vt 0.177706 0.535398
vt 0.225083 0.449725
vt 0.219568 0.461863
vt 0.214242 0.472382
vt 0.207908 0.483993
vt 0.200260 0.498174
vt 0.191943 0.515748
vt 0.184043 0.537223
vt 0.227637 0.451386
vt 0.222602 0.463761
vt 0.217733 0.474540
vt 0.211927 0.486344
vt 0.204902 0.500538
vt 0.197343 0.517919
vt 0.190269 0.538931
vt 0.229735 0.452635
vt 0.225254 0.465252
vt 0.220908 0.476348
vt 0.215680 0.488407
vt 0.209339 0.502691
vt 0.202609 0.519945
vt 0.196421 0.540551
vt 0.231565 0.453530
vt 0.227740 0.466409
vt 0.223967 0.477891
vt 0.219345 0.490274
vt 0.213723 0.504716
vt 0.207848 0.521881
vt 0.202559 0.542107
vt 0.233544 0.454210
vt 0.230379 0.467368
vt 0.227155 0.479300
vt 0.223096 0.492061
vt 0.218215 0.506700
vt 0.213177 0.523771
vt 0.208750 0.543609
vt 0.236022 0.454779
vt 0.233402 0.468241
vt 0.230648 0.480672
vt 0.227129 0.493844
vt 0.222938 0.508670
vt 0.218677 0.525626
vt 0.215032 0.545058
vt 0.239056 0.455281
vt 0.236856 0.469071
vt 0.234508 0.482028
vt 0.231495 0.495622
vt 0.227935 0.510608
vt 0.224378 0.527423
vt 0.221424 0.546437
vt 0.242530 0.455723
vt 0.240669 0.469852
vt 0.238705 0.483335
vt 0.236165 0.497338
vt 0.233188 0.512459
vt 0.230271 0.529120
vt 0.227923 0.547715
vt 0.246295 0.456094
vt 0.244741 0.470553
vt 0.243169 0.484537
vt 0.241078 0.498917
vt 0.238654 0.514152
vt 0.236326 0.530660
vt 0.234515 0.548860
vt 0.250251 0.456379
vt 0.249010 0.471145
vt 0.247826 0.485578
vt 0.246180 0.500287
vt 0.244293 0.515621
vt 0.242517 0.531991
vt 0.241187 0.549838
vt 0.254339 0.456543
vt 0.253460 0.471605
vt 0.252645 0.486418
vt 0.251447 0.501397
vt 0.250085 0.516811
vt 0.248828 0.533065
vt 0.247928 0.550622
vt 0.258617 0.456635
vt 0.258100 0.471925
vt 0.257620 0.487028
vt 0.256870 0.502208
vt 0.256018 0.517680
vt 0.255249 0.533845
vt 0.254733 0.551186
vt 0.263081 0.456663
vt 0.262902 0.472106
vt 0.262733 0.487390
vt 0.262425 0.502691
vt 0.262068 0.518194
vt 0.261760 0.534300
vt 0.261584 0.551505
vt 0.267667 0.456626
vt 0.267801 0.472148
vt 0.267931 0.487491
vt 0.268059 0.502825
vt 0.268187 0.518331
vt 0.268320 0.534410
vt 0.268462 0.551563
vt 0.272253 0.456583
vt 0.272698 0.472022
vt 0.273125 0.487301
vt 0.273689 0.502597
vt 0.274303 0.518092
vt 0.274878 0.534192
vt 0.275339 0.551391
vt 0.276716 0.456478
vt 0.277497 0.471759
vt 0.278232 0.486853
vt 0.279236 0.502021
vt 0.280344 0.517478
vt 0.281380 0.533631
vt 0.282185 0.550962
vt 0.280992 0.456312
vt 0.282130 0.471359
vt 0.283196 0.486159
vt 0.284643 0.501119
vt 0.286261 0.516511
vt 0.287786 0.532745
vt 0.288977 0.550291
vt 0.285076 0.456077
vt 0.286571 0.470824
vt 0.288000 0.485238
vt 0.289891 0.499921
vt 0.292031 0.515225
vt 0.294078 0.531568
vt 0.295703 0.549398
vt 0.289027 0.455724
vt 0.290829 0.470159
vt 0.292638 0.484119
vt 0.294969 0.498465
vt 0.297645 0.513663
vt 0.300244 0.530135
vt 0.302355 0.548310
vt 0.292785 0.455288
vt 0.294889 0.469388
vt 0.297081 0.482841
vt 0.299854 0.496805
vt 0.303081 0.511879
vt 0.306272 0.528495
vt 0.308924 0.547056
vt 0.296251 0.454786
vt 0.298688 0.468543
vt 0.301255 0.481464
vt 0.304495 0.495011
vt 0.308302 0.509941
vt 0.312134 0.526701
vt 0.315399 0.545671
vt 0.299275 0.454232
vt 0.302127 0.467655
vt 0.305091 0.480043
vt 0.308831 0.493160
vt 0.313266 0.507920
vt 0.317804 0.524810
vt 0.321765 0.544188
vt 0.301743 0.453621
vt 0.305135 0.466730
vt 0.308561 0.478613
vt 0.312833 0.491310
vt 0.317955 0.505873
vt 0.323271 0.522865
vt 0.328020 0.542636
vt 0.303710 0.452907
vt 0.307757 0.465726
vt 0.311725 0.477150
vt 0.316554 0.489460
vt 0.322414 0.503815
vt 0.328567 0.520887
vt 0.334181 0.541032
vt 0.305524 0.451981
vt 0.310223 0.464529
vt 0.314757 0.475556
vt 0.320187 0.487533
vt 0.326763 0.501718
vt 0.333773 0.518866
vt 0.340291 0.539376
vt 0.307600 0.450696
vt 0.312849 0.462992
vt 0.317902 0.473695
vt 0.323905 0.485408
vt 0.331164 0.499492
vt 0.339004 0.516754
vt 0.346413 0.537656
vt 0.310126 0.448991
vt 0.315850 0.461042
vt 0.321356 0.471479
vt 0.327884 0.482991
vt 0.335766 0.497052
vt 0.344368 0.514496
vt 0.352608 0.535847
vt 0.313122 0.446906
vt 0.319301 0.458708
vt 0.325210 0.468907
vt 0.332208 0.480255
vt 0.340651 0.494351
vt 0.349927 0.512050
vt 0.358913 0.533920
vt 0.316525 0.444567
vt 0.323157 0.456096
vt 0.329432 0.466048
vt 0.336851 0.477240
vt 0.345796 0.491400
vt 0.355669 0.509405
vt 0.365322 0.531857
vt 0.320214 0.442156
vt 0.327282 0.453354
vt 0.333871 0.463003
vt 0.341680 0.474022
vt 0.351080 0.488261
vt 0.361504 0.506582
vt 0.371781 0.529639
vt 0.267138 0.398200
vt 0.136018 0.253495
vt 0.104540 0.252175
vt 0.112476 0.008836
vt 0.113853 0.004483
vt 0.117438 0.003075
vt 0.139152 0.009368
vt 0.142722 0.011153
vt 0.143799 0.015361
vt 0.579938 0.639272
vt 0.572609 0.639947
vt 0.568383 0.566576
vt 0.575340 0.565704
vt 0.482449 0.642463
vt 0.474913 0.642070
vt 0.477765 0.569371
vt 0.484731 0.569848
vt 0.587226 0.638571
vt 0.582295 0.564782
vt 0.490005 0.642763
vt 0.491704 0.570213
vt 0.394277 0.634153
vt 0.387141 0.633439
vt 0.394261 0.558071
vt 0.401304 0.559123
vt 0.594475 0.637857
vt 0.589258 0.563817
vt 0.497575 0.642965
vt 0.498680 0.570461
vt 0.401432 0.634920
vt 0.408304 0.560233
vt 0.601687 0.637148
vt 0.596235 0.562822
vt 0.505153 0.643067
vt 0.505659 0.570589
vt 0.408615 0.635723
vt 0.415275 0.561356
vt 0.608866 0.636458
vt 0.603234 0.561814
vt 0.512730 0.643067
vt 0.512641 0.570581
vt 0.415830 0.636544
vt 0.422226 0.562466
vt 0.616017 0.635806
vt 0.610263 0.560821
vt 0.520299 0.642966
vt 0.519623 0.570454
vt 0.423081 0.637367
vt 0.429164 0.563544
vt 0.623147 0.635211
vt 0.617334 0.559886
vt 0.527863 0.642821
vt 0.526596 0.570166
vt 0.430370 0.638177
vt 0.436096 0.564579
vt 0.535399 0.642529
vt 0.533571 0.569808
vt 0.437699 0.638960
vt 0.443032 0.565564
vt 0.542909 0.642152
vt 0.540542 0.569342
vt 0.445068 0.639705
vt 0.449968 0.566486
vt 0.550388 0.641697
vt 0.547508 0.568777
vt 0.452477 0.640398
vt 0.456908 0.567337
vt 0.557833 0.641171
vt 0.554470 0.568121
vt 0.459922 0.641029
vt 0.463853 0.568107
vt 0.565241 0.640584
vt 0.561427 0.567385
vt 0.467402 0.641589
vt 0.470806 0.568788
vt 0.533237 0.406139
vt 0.549784 0.427116
vt 0.546893 0.429245
vt 0.531928 0.408061
vt 0.544214 0.431342
vt 0.530654 0.410031
vt 0.541829 0.433243
vt 0.529412 0.411970
vt 0.539819 0.434807
vt 0.528287 0.413695
vt 0.538266 0.435958
vt 0.527415 0.415012
vt 0.537114 0.436739
vt 0.526907 0.415798
vt 0.535909 0.437331
vt 0.526540 0.416201
vt 0.534115 0.437897
vt 0.525544 0.416689
vt 0.531641 0.438455
vt 0.523834 0.417314
vt 0.528631 0.438968
vt 0.521597 0.418012
vt 0.525285 0.439399
vt 0.519075 0.418700
vt 0.521794 0.439708
vt 0.516457 0.419305
vt 0.518173 0.439929
vt 0.513915 0.419786
vt 0.514460 0.440063
vt 0.511499 0.420119
vt 0.510645 0.440129
vt 0.509188 0.420303
vt 0.506756 0.440140
vt 0.506935 0.420344
vt 0.502868 0.440061
vt 0.504682 0.420263
vt 0.499054 0.439928
vt 0.502375 0.420037
vt 0.495344 0.439729
vt 0.499965 0.419661
vt 0.491728 0.439444
vt 0.497432 0.419135
vt 0.488242 0.439074
vt 0.494826 0.418483
vt 0.484905 0.438584
vt 0.492317 0.417749
vt 0.481904 0.438018
vt 0.490092 0.417012
vt 0.479441 0.437417
vt 0.488394 0.416355
vt 0.477657 0.436819
vt 0.487408 0.415850
vt 0.476462 0.436207
vt 0.487048 0.415440
vt 0.475324 0.435405
vt 0.486555 0.414645
vt 0.473791 0.434227
vt 0.485707 0.413312
vt 0.471810 0.432628
vt 0.484613 0.411567
vt 0.469459 0.430685
vt 0.483407 0.409606
vt 0.466818 0.428540
vt 0.482169 0.407612
vt 0.463966 0.426360
vt 0.480896 0.405667
vt 0.559400 0.443065
vt 0.555670 0.445412
vt 0.566270 0.454368
vt 0.562100 0.457040
vt 0.572692 0.464116
vt 0.568202 0.467087
vt 0.580312 0.475252
vt 0.575431 0.478390
vt 0.589474 0.489631
vt 0.584139 0.492685
vt 0.599598 0.508107
vt 0.593719 0.510838
vt 0.609510 0.531316
vt 0.603017 0.533434
vt 0.552227 0.447691
vt 0.558200 0.459586
vt 0.563933 0.469875
vt 0.570739 0.481329
vt 0.578947 0.495552
vt 0.587935 0.513391
vt 0.596574 0.535396
vt 0.549196 0.449724
vt 0.554710 0.461862
vt 0.560037 0.472381
vt 0.566370 0.483992
vt 0.574020 0.498173
vt 0.582336 0.515747
vt 0.590237 0.537221
vt 0.546641 0.451386
vt 0.551676 0.463760
vt 0.556546 0.474539
vt 0.562352 0.486343
vt 0.569377 0.500537
vt 0.576936 0.517917
vt 0.584010 0.538930
vt 0.544543 0.452634
vt 0.549025 0.465252
vt 0.553371 0.476347
vt 0.558599 0.488406
vt 0.564941 0.502690
vt 0.571671 0.519943
vt 0.577859 0.540549
vt 0.542713 0.453530
vt 0.546538 0.466408
vt 0.550311 0.477890
vt 0.554934 0.490272
vt 0.560556 0.504715
vt 0.566431 0.521879
vt 0.571720 0.542106
vt 0.540734 0.454209
vt 0.543899 0.467367
vt 0.547124 0.479299
vt 0.551183 0.492060
vt 0.556064 0.506699
vt 0.561102 0.523770
vt 0.565530 0.543608
vt 0.538256 0.454778
vt 0.540877 0.468241
vt 0.543630 0.480671
vt 0.547150 0.493843
vt 0.551341 0.508669
vt 0.555602 0.525625
vt 0.559248 0.545057
vt 0.535223 0.455280
vt 0.537423 0.469071
vt 0.539770 0.482027
vt 0.542784 0.495621
vt 0.546344 0.510607
vt 0.549901 0.527422
vt 0.552855 0.546436
vt 0.531749 0.455723
vt 0.533610 0.469851
vt 0.535574 0.483335
vt 0.538114 0.497338
vt 0.541091 0.512458
vt 0.544009 0.529119
vt 0.546356 0.547714
vt 0.527983 0.456093
vt 0.529537 0.470552
vt 0.531110 0.484537
vt 0.533201 0.498916
vt 0.535625 0.514152
vt 0.537954 0.530659
vt 0.539764 0.548859
vt 0.524028 0.456379
vt 0.525268 0.471145
vt 0.526453 0.485578
vt 0.528099 0.500287
vt 0.529986 0.515621
vt 0.531763 0.531990
vt 0.533093 0.549838
vt 0.519939 0.456543
vt 0.520818 0.471604
vt 0.521634 0.486417
vt 0.522832 0.501397
vt 0.524194 0.516811
vt 0.525452 0.533065
vt 0.526352 0.550621
vt 0.515661 0.456635
vt 0.516179 0.471925
vt 0.516659 0.487027
vt 0.517409 0.502208
vt 0.518262 0.517680
vt 0.519030 0.533845
vt 0.519547 0.551185
vt 0.511197 0.456662
vt 0.511377 0.472105
vt 0.511546 0.487389
vt 0.511854 0.502691
vt 0.512211 0.518194
vt 0.512520 0.534300
vt 0.512696 0.551505
vt 0.506611 0.456626
vt 0.506478 0.472148
vt 0.506348 0.487491
vt 0.506220 0.502825
vt 0.506092 0.518331
vt 0.505959 0.534410
vt 0.505818 0.551563
vt 0.502025 0.456583
vt 0.501581 0.472022
vt 0.501154 0.487302
vt 0.500590 0.502597
vt 0.499976 0.518093
vt 0.499401 0.534193
vt 0.498941 0.551392
vt 0.497562 0.456478
vt 0.496781 0.471759
vt 0.496047 0.486853
vt 0.495043 0.502021
vt 0.493935 0.517478
vt 0.492900 0.533631
vt 0.492094 0.550962
vt 0.493286 0.456312
vt 0.492149 0.471359
vt 0.491083 0.486159
vt 0.489636 0.501119
vt 0.488018 0.516511
vt 0.486493 0.532746
vt 0.485303 0.550291
vt 0.489202 0.456077
vt 0.487707 0.470824
vt 0.486279 0.485239
vt 0.484388 0.499921
vt 0.482248 0.515226
vt 0.480202 0.531568
vt 0.478577 0.549398
vt 0.485251 0.455724
vt 0.483449 0.470159
vt 0.481641 0.484119
vt 0.479310 0.498466
vt 0.476634 0.513663
vt 0.474035 0.530136
vt 0.471925 0.548310
vt 0.481493 0.455289
vt 0.479389 0.469389
vt 0.477197 0.482842
vt 0.474425 0.496805
vt 0.471198 0.511879
vt 0.468008 0.528495
vt 0.465355 0.547057
vt 0.478027 0.454787
vt 0.475591 0.468544
vt 0.473024 0.481464
vt 0.469784 0.495011
vt 0.465977 0.509941
vt 0.462145 0.526702
vt 0.458881 0.545672
vt 0.475003 0.454233
vt 0.472151 0.467655
vt 0.469187 0.480044
vt 0.465448 0.493161
vt 0.461014 0.507921
vt 0.456476 0.524811
vt 0.452515 0.544189
vt 0.472535 0.453621
vt 0.469143 0.466731
vt 0.465717 0.478613
vt 0.461446 0.491311
vt 0.456324 0.505874
vt 0.451008 0.522866
vt 0.446260 0.542637
vt 0.470568 0.452908
vt 0.466521 0.465727
vt 0.462554 0.477151
vt 0.457725 0.489461
vt 0.451865 0.503816
vt 0.445712 0.520888
vt 0.440098 0.541033
vt 0.468754 0.451981
vt 0.464055 0.464529
vt 0.459521 0.475557
vt 0.454092 0.487534
vt 0.447516 0.501718
vt 0.440506 0.518867
vt 0.433989 0.539377
vt 0.466678 0.450697
vt 0.461429 0.462993
vt 0.456377 0.473696
vt 0.450373 0.485408
vt 0.443115 0.499493
vt 0.435275 0.516755
vt 0.427867 0.537657
vt 0.464152 0.448992
vt 0.458428 0.461043
vt 0.452923 0.471480
vt 0.446395 0.482992
vt 0.438512 0.497053
vt 0.429911 0.514497
vt 0.421672 0.535848
vt 0.461156 0.446907
vt 0.454977 0.458709
vt 0.449069 0.468908
vt 0.442071 0.480257
vt 0.433628 0.494352
vt 0.424352 0.512051
vt 0.415367 0.533922
vt 0.457753 0.444568
vt 0.451121 0.456097
vt 0.444846 0.466049
vt 0.437427 0.477241
vt 0.428483 0.491402
vt 0.418610 0.509407
vt 0.408958 0.531858
vt 0.454064 0.442157
vt 0.446996 0.453355
vt 0.440407 0.463005
vt 0.432599 0.474024
vt 0.423198 0.488262
vt 0.412775 0.506583
vt 0.402499 0.529641
vt 0.507139 0.398200
vt 0.122548 0.491631
vt 0.121261 0.496329
vt 0.117462 0.497640
vt 0.094572 0.500095
vt 0.091322 0.498888
vt 0.090651 0.494543
vt 0.114880 0.993354
vt 0.116414 0.997562
vt 0.115893 0.997976
vt 0.114247 0.993454
vt 0.107166 0.008717
vt 0.110298 0.004019
vt 0.111052 0.004048
vt 0.108228 0.008719
vt 0.119608 0.999326
vt 0.119595 0.999977
vt 0.113508 0.000741
vt 0.118133 0.000019
vt 0.117957 0.000615
vt 0.113504 0.001501
vt 0.147709 0.990920
vt 0.150495 0.986635
vt 0.151133 0.986700
vt 0.148263 0.991334
vt 0.146472 0.010934
vt 0.151133 0.015611
vt 0.149667 0.015538
vt 0.145657 0.010913
vt 0.143738 0.992695
vt 0.143974 0.993285
vt 0.140066 0.006338
vt 0.143819 0.007982
vt 0.143659 0.008642
vt 0.139892 0.006946
vt 0.143545 0.985809
vt 0.138461 0.988073
vt 0.138173 0.987503
vt 0.142975 0.985371
vt 0.137730 0.986963
vt 0.142370 0.985013
vt 0.135344 0.984574
vt 0.139496 0.983005
vt 0.140266 0.983504
vt 0.135541 0.985124
vt 0.140902 0.983870
vt 0.135990 0.985655
vt 0.146547 0.980781
vt 0.145906 0.980640
vt 0.144489 0.980423
vt 0.139369 0.978749
vt 0.139843 0.978801
vt 0.141379 0.979063
vt 0.120562 0.991585
vt 0.118439 0.987137
vt 0.119070 0.986941
vt 0.121056 0.991073
vt 0.120195 0.986639
vt 0.121470 0.990613
vt 0.123905 0.984714
vt 0.123647 0.987959
vt 0.122975 0.988654
vt 0.123563 0.984797
vt 0.122569 0.989135
vt 0.122522 0.985127
vt 0.125230 0.992925
vt 0.125206 0.992257
vt 0.125258 0.991652
vt 0.126719 0.988177
vt 0.126713 0.988828
vt 0.126690 0.989487
vt 0.105921 0.749835
vt 0.105283 0.749865
vt 0.099225 0.252025
vt 0.100288 0.252055
vt 0.111523 0.749560
vt 0.110350 0.749627
vt 0.109713 0.749657
vt 0.142308 0.748128
vt 0.142946 0.748098
vt 0.143357 0.253746
vt 0.141889 0.253696
vt 0.136310 0.748436
vt 0.137876 0.748336
vt 0.138514 0.748306
vt 0.131141 0.748750
vt 0.131730 0.748728
vt 0.133296 0.748628
vt 0.113780 0.749433
vt 0.114953 0.749366
vt 0.115541 0.749344
vt 0.086409 0.494299
vt 0.088590 0.499081
vt 0.087864 0.499047
vt 0.085350 0.494210
vt 0.089706 0.507317
vt 0.091003 0.503372
vt 0.091546 0.503775
vt 0.090347 0.507352
vt 0.091035 0.502462
vt 0.094742 0.502202
vt 0.094835 0.502727
vt 0.094930 0.503274
vt 0.124169 0.496419
vt 0.128413 0.491942
vt 0.129880 0.491991
vt 0.124982 0.496365
vt 0.122354 0.502451
vt 0.127032 0.509578
vt 0.126403 0.509708
vt 0.121956 0.503080
vt 0.117667 0.500596
vt 0.122160 0.501203
vt 0.117706 0.501337
vt 0.117638 0.502060
vt 0.118409 0.511641
vt 0.113577 0.510210
vt 0.113913 0.509520
vt 0.118958 0.511117
vt 0.114033 0.508798
vt 0.119381 0.510448
vt 0.112118 0.512056
vt 0.117130 0.513176
vt 0.116583 0.513688
vt 0.111771 0.512749
vt 0.115872 0.514322
vt 0.111630 0.513352
vt 0.120972 0.516593
vt 0.122454 0.516193
vt 0.123077 0.515983
vt 0.118004 0.518303
vt 0.116623 0.518731
vt 0.116161 0.518820
vt 0.097215 0.509950
vt 0.096232 0.513437
vt 0.095162 0.513273
vt 0.096742 0.509623
vt 0.094515 0.513146
vt 0.096201 0.509159
vt 0.098673 0.514685
vt 0.098514 0.511088
vt 0.098994 0.511449
vt 0.099852 0.514885
vt 0.099724 0.512011
vt 0.100216 0.514959
vt 0.101138 0.508577
vt 0.101036 0.507999
vt 0.100976 0.507424
vt 0.102678 0.510261
vt 0.102766 0.510794
vt 0.102818 0.511403
s 1
f 731/471/348 763/472/349 762/473/350 730/474/351
f 718/475/352 750/476/353 749/477/354 717/478/355
f 732/479/356 764/480/357 763/472/349 731/471/348
f 719/481/358 751/482/359 750/476/353 718/475/352
f 706/483/360 738/484/361 737/485/362 705/486/363
f 733/487/364 765/488/365 764/480/357 732/479/356
f 720/489/366 752/490/367 751/482/359 719/481/358
f 707/491/368 739/492/369 738/484/361 706/483/360
f 734/493/370 766/494/371 765/488/365 733/487/364
f 721/495/372 753/496/373 752/490/367 720/489/366
f 708/497/374 740/498/375 739/492/369 707/491/368
f 735/499/376 767/500/377 766/494/371 734/493/370
f 722/501/378 754/502/379 753/496/373 721/495/372
f 709/503/380 741/504/381 740/498/375 708/497/374
f 736/505/382 768/506/383 767/500/377 735/499/376
f 723/507/384 755/508/385 754/502/379 722/501/378
f 710/509/386 742/510/387 741/504/381 709/503/380
f 705/511/363 737/512/362 768/506/383 736/505/382
f 724/513/388 756/514/389 755/508/385 723/507/384
f 711/515/390 743/516/391 742/510/387 710/509/386
f 725/517/392 757/518/393 756/514/389 724/513/388
f 712/519/394 744/520/395 743/516/391 711/515/390
f 726/521/396 758/522/397 757/518/393 725/517/392
f 713/523/398 745/524/399 744/520/395 712/519/394
f 727/525/400 759/526/401 758/522/397 726/521/396
f 714/527/402 746/528/403 745/524/399 713/523/398
f 728/529/404 760/530/405 759/526/401 727/525/400
f 715/531/406 747/532/407 746/528/403 714/527/402
f 729/533/408 761/534/409 760/530/405 728/529/404
f 716/535/410 748/536/411 747/532/407 715/531/406
f 730/474/351 762/473/350 761/534/409 729/533/408
f 717/478/355 749/477/354 748/536/411 716/535/410
f 769/537/412 800/538/413 816/539/414 801/540/415
f 800/538/413 799/541/416 824/542/417 816/539/414
f 799/541/416 798/543/418 832/544/419 824/542/417
f 798/543/418 797/545/420 840/546/421 832/544/419
f 797/545/420 796/547/422 848/548/423 840/546/421
f 796/547/422 795/549/424 856/550/425 848/548/423
f 795/549/426 794/551/427 864/552/428 856/550/429
f 794/551/430 793/553/431 872/554/432 864/552/428
f 793/553/431 792/555/433 880/556/434 872/554/432
f 792/555/433 791/557/435 888/558/436 880/556/434
f 791/557/435 790/559/437 896/560/438 888/558/436
f 790/559/437 789/561/439 904/562/440 896/560/438
f 789/561/439 788/563/441 912/564/442 904/562/440
f 788/563/441 787/565/443 920/566/444 912/564/442
f 787/565/443 786/567/445 928/568/446 920/566/444
f 786/567/445 785/569/447 936/570/448 928/568/446
f 785/569/447 784/571/449 944/572/450 936/570/448
f 784/571/449 783/573/451 952/574/452 944/572/450
f 783/573/451 782/575/453 960/576/454 952/574/452
f 782/575/453 781/577/455 968/578/456 960/576/454
f 781/577/455 780/579/457 976/580/458 968/578/456
f 780/579/457 779/581/459 984/582/460 976/580/458
f 779/581/459 778/583/461 992/584/462 984/582/460
f 778/583/461 777/585/463 1000/586/464 992/584/462
f 777/585/463 776/587/465 1008/588/466 1000/586/464
f 776/587/467 775/589/468 1016/590/469 1008/588/466
f 775/589/470 774/591/471 1024/592/472 1016/590/473
f 774/591/471 773/593/474 1032/594/475 1024/592/472
f 773/593/474 772/595/476 1040/596/477 1032/594/475
f 772/595/476 771/597/478 1048/598/479 1040/596/477
f 771/597/478 770/599/480 1056/600/481 1048/598/479
f 770/599/480 769/601/412 801/602/415 1056/600/481
f 801/540/415 816/539/414 815/603/482 802/604/483
f 802/604/483 815/603/482 814/605/484 803/606/485
f 803/606/485 814/605/484 813/607/486 804/608/487
f 804/608/487 813/607/486 812/609/488 805/610/489
f 805/610/489 812/609/488 811/611/490 806/612/491
f 806/612/491 811/611/490 810/613/492 807/614/493
f 807/614/493 810/613/492 809/615/494 808/616/495
f 808/616/495 809/615/494 768/506/383 737/512/362
f 816/539/414 824/542/417 823/617/496 815/603/482
f 815/603/482 823/617/496 822/618/497 814/605/484
f 814/605/484 822/618/497 821/619/498 813/607/486
f 813/607/486 821/619/498 820/620/499 812/609/488
f 812/609/488 820/620/499 819/621/500 811/611/490
f 811/611/490 819/621/500 818/622/501 810/613/492
f 810/613/492 818/622/501 817/623/502 809/615/494
f 809/615/494 817/623/502 767/500/377 768/506/383
f 824/542/417 832/544/419 831/624/503 823/617/496
f 823/617/496 831/624/503 830/625/504 822/618/497
f 822/618/497 830/625/504 829/626/505 821/619/498
f 821/619/498 829/626/505 828/627/506 820/620/499
f 820/620/499 828/627/506 827/628/507 819/621/500
f 819/621/500 827/628/507 826/629/508 818/622/501
f 818/622/501 826/629/508 825/630/509 817/623/502
f 817/623/502 825/630/509 766/494/371 767/500/377
f 832/544/419 840/546/421 839/631/510 831/624/503
f 831/624/503 839/631/510 838/632/511 830/625/504
f 830/625/504 838/632/511 837/633/512 829/626/505
f 829/626/505 837/633/512 836/634/513 828/627/506
f 828/627/506 836/634/513 835/635/514 827/628/507
f 827/628/507 835/635/514 834/636/515 826/629/508
f 826/629/508 834/636/515 833/637/516 825/630/509
f 825/630/509 833/637/516 765/488/365 766/494/371
f 840/546/421 848/548/517 847/638/518 839/631/510
f 839/631/510 847/638/518 846/639/519 838/632/511
f 838/632/511 846/639/519 845/640/520 837/633/512
f 837/633/512 845/640/520 844/641/521 836/634/513
f 836/634/513 844/641/521 843/642/522 835/635/514
f 835/635/514 843/642/522 842/643/523 834/636/515
f 834/636/515 842/643/523 841/644/524 833/637/516
f 833/637/516 841/644/524 764/480/357 765/488/365
f 848/548/517 856/550/525 855/645/526 847/638/518
f 847/638/518 855/645/526 854/646/527 846/639/519
f 846/639/519 854/646/527 853/647/528 845/640/520
f 845/640/520 853/647/528 852/648/529 844/641/521
f 844/641/521 852/648/529 851/649/530 843/642/522
f 843/642/522 851/649/530 850/650/531 842/643/523
f 842/643/523 850/650/531 849/651/532 841/644/524
f 841/644/524 849/651/532 763/472/349 764/480/357
f 856/550/429 864/552/428 863/652/533 855/645/526
f 855/645/526 863/652/533 862/653/534 854/646/527
f 854/646/527 862/653/534 861/654/535 853/647/528
f 853/647/528 861/654/535 860/655/536 852/648/529
f 852/648/529 860/655/536 859/656/537 851/649/530
f 851/649/530 859/656/537 858/657/538 850/650/531
f 850/650/531 858/657/538 857/658/539 849/651/532
f 849/651/532 857/658/539 762/473/350 763/472/349
f 864/552/428 872/554/432 871/659/540 863/652/533
f 863/652/533 871/659/540 870/660/541 862/653/534
f 862/653/534 870/660/541 869/661/542 861/654/535
f 861/654/535 869/661/542 868/662/543 860/655/536
f 860/655/536 868/662/543 867/663/544 859/656/537
f 859/656/537 867/663/544 866/664/545 858/657/538
f 858/657/538 866/664/545 865/665/546 857/658/539
f 857/658/539 865/665/546 761/534/409 762/473/350
f 872/554/432 880/556/434 879/666/547 871/659/540
f 871/659/540 879/666/547 878/667/548 870/660/541
f 870/660/541 878/667/548 877/668/549 869/661/542
f 869/661/542 877/668/549 876/669/550 868/662/543
f 868/662/543 876/669/550 875/670/551 867/663/544
f 867/663/544 875/670/551 874/671/552 866/664/545
f 866/664/545 874/671/552 873/672/553 865/665/546
f 865/665/546 873/672/553 760/530/405 761/534/409
f 880/556/434 888/558/436 887/673/554 879/666/547
f 879/666/547 887/673/554 886/674/555 878/667/548
f 878/667/548 886/674/555 885/675/556 877/668/549
f 877/668/549 885/675/556 884/676/557 876/669/550
f 876/669/550 884/676/557 883/677/558 875/670/551
f 875/670/551 883/677/558 882/678/559 874/671/552
f 874/671/552 882/678/559 881/679/560 873/672/553
f 873/672/553 881/679/560 759/526/401 760/530/405
f 888/558/436 896/560/438 895/680/561 887/673/554
f 887/673/554 895/680/561 894/681/562 886/674/555
f 886/674/555 894/681/562 893/682/563 885/675/556
f 885/675/556 893/682/563 892/683/564 884/676/557
f 884/676/557 892/683/564 891/684/565 883/677/558
f 883/677/558 891/684/565 890/685/566 882/678/559
f 882/678/559 890/685/566 889/686/567 881/679/560
f 881/679/560 889/686/567 758/522/397 759/526/401
f 896/560/438 904/562/440 903/687/568 895/680/561
f 895/680/561 903/687/568 902/688/569 894/681/562
f 894/681/562 902/688/569 901/689/570 893/682/563
f 893/682/563 901/689/570 900/690/571 892/683/564
f 892/683/564 900/690/571 899/691/572 891/684/565
f 891/684/565 899/691/572 898/692/573 890/685/566
f 890/685/566 898/692/573 897/693/574 889/686/567
f 889/686/567 897/693/574 757/518/393 758/522/397
f 904/562/440 912/564/442 911/694/575 903/687/568
f 903/687/568 911/694/575 910/695/576 902/688/569
f 902/688/569 910/695/576 909/696/577 901/689/570
f 901/689/570 909/696/577 908/697/578 900/690/571
f 900/690/571 908/697/578 907/698/579 899/691/572
f 899/691/572 907/698/579 906/699/580 898/692/573
f 898/692/573 906/699/580 905/700/581 897/693/574
f 897/693/574 905/700/581 756/514/389 757/518/393
f 912/564/442 920/566/444 919/701/582 911/694/575
f 911/694/575 919/701/582 918/702/583 910/695/576
f 910/695/576 918/702/583 917/703/584 909/696/577
f 909/696/577 917/703/584 916/704/585 908/697/578
f 908/697/578 916/704/585 915/705/586 907/698/579
f 907/698/579 915/705/586 914/706/587 906/699/580
f 906/699/580 914/706/587 913/707/588 905/700/581
f 905/700/581 913/707/588 755/508/385 756/514/389
f 920/566/444 928/568/446 927/708/589 919/701/582
f 919/701/582 927/708/589 926/709/590 918/702/583
f 918/702/583 926/709/590 925/710/591 917/703/584
f 917/703/584 925/710/591 924/711/592 916/704/585
f 916/704/585 924/711/592 923/712/593 915/705/586
f 915/705/586 923/712/593 922/713/594 914/706/587
f 914/706/587 922/713/594 921/714/595 913/707/588
f 913/707/588 921/714/595 754/502/379 755/508/385
f 928/568/446 936/570/448 935/715/596 927/708/589
f 927/708/589 935/715/596 934/716/597 926/709/590
f 926/709/590 934/716/597 933/717/598 925/710/591
f 925/710/591 933/717/598 932/718/599 924/711/592
f 924/711/592 932/718/599 931/719/600 923/712/593
f 923/712/593 931/719/600 930/720/600 922/713/594
f 922/713/594 930/720/600 929/721/601 921/714/595
f 921/714/595 929/721/601 753/496/373 754/502/379
f 936/570/448 944/572/450 943/722/602 935/715/596
f 935/715/596 943/722/602 942/723/603 934/716/597
f 934/716/597 942/723/603 941/724/604 933/717/598
f 933/717/598 941/724/604 940/725/605 932/718/599
f 932/718/599 940/725/605 939/726/606 931/719/600
f 931/719/600 939/726/606 938/727/607 930/720/600
f 930/720/600 938/727/607 937/728/608 929/721/601
f 929/721/601 937/728/608 752/490/367 753/496/373
f 944/572/450 952/574/452 951/729/609 943/722/602
f 943/722/602 951/729/609 950/730/610 942/723/603
f 942/723/603 950/730/610 949/731/611 941/724/604
f 941/724/604 949/731/611 948/732/612 940/725/605
f 940/725/605 948/732/612 947/733/613 939/726/606
f 939/726/606 947/733/613 946/734/614 938/727/607
f 938/727/607 946/734/614 945/735/615 937/728/608
f 937/728/608 945/735/615 751/482/359 752/490/367
f 952/574/452 960/576/454 959/736/616 951/729/609
f 951/729/609 959/736/616 958/737/617 950/730/610
f 950/730/610 958/737/617 957/738/618 949/731/611
f 949/731/611 957/738/618 956/739/619 948/732/612
f 948/732/612 956/739/619 955/740/620 947/733/613
f 947/733/613 955/740/620 954/741/621 946/734/614
f 946/734/614 954/741/621 953/742/622 945/735/615
f 945/735/615 953/742/622 750/476/353 751/482/359
f 960/576/454 968/578/456 967/743/623 959/736/616
f 959/736/616 967/743/623 966/744/624 958/737/617
f 958/737/617 966/744/624 965/745/625 957/738/618
f 957/738/618 965/745/625 964/746/626 956/739/619
f 956/739/619 964/746/626 963/747/627 955/740/620
f 955/740/620 963/747/627 962/748/628 954/741/621
f 954/741/621 962/748/628 961/749/629 953/742/622
f 953/742/622 961/749/629 749/477/354 750/476/353
f 968/578/456 976/580/458 975/750/630 967/743/623
f 967/743/623 975/750/630 974/751/631 966/744/624
f 966/744/624 974/751/631 973/752/632 965/745/625
f 965/745/625 973/752/632 972/753/633 964/746/626
f 964/746/626 972/753/633 971/754/634 963/747/627
f 963/747/627 971/754/634 970/755/635 962/748/628
f 962/748/628 970/755/635 969/756/636 961/749/629
f 961/749/629 969/756/636 748/536/411 749/477/354
f 976/580/458 984/582/460 983/757/637 975/750/630
f 975/750/630 983/757/637 982/758/638 974/751/631
f 974/751/631 982/758/638 981/759/639 973/752/632
f 973/752/632 981/759/639 980/760/640 972/753/633
f 972/753/633 980/760/640 979/761/641 971/754/634
f 971/754/634 979/761/641 978/762/642 970/755/635
f 970/755/635 978/762/642 977/763/643 969/756/636
f 969/756/636 977/763/643 747/532/407 748/536/411
f 984/582/460 992/584/462 991/764/644 983/757/637
f 983/757/637 991/764/644 990/765/645 982/758/638
f 982/758/638 990/765/645 989/766/646 981/759/639
f 981/759/639 989/766/646 988/767/647 980/760/640
f 980/760/640 988/767/647 987/768/648 979/761/641
f 979/761/641 987/768/648 986/769/649 978/762/642
f 978/762/642 986/769/649 985/770/650 977/763/643
f 977/763/643 985/770/650 746/528/403 747/532/407
f 992/584/462 1000/586/464 999/771/651 991/764/644
f 991/764/644 999/771/651 998/772/652 990/765/645
f 990/765/645 998/772/652 997/773/653 989/766/646
f 989/766/646 997/773/653 996/774/654 988/767/647
f 988/767/647 996/774/654 995/775/655 987/768/648
f 987/768/648 995/775/655 994/776/656 986/769/649
f 986/769/649 994/776/656 993/777/657 985/770/650
f 985/770/650 993/777/657 745/524/399 746/528/403
f 1000/586/464 1008/588/466 1007/778/658 999/771/651
f 999/771/651 1007/778/658 1006/779/659 998/772/652
f 998/772/652 1006/779/659 1005/780/660 997/773/653
f 997/773/653 1005/780/660 1004/781/661 996/774/654
f 996/774/654 1004/781/661 1003/782/662 995/775/655
f 995/775/655 1003/782/662 1002/783/663 994/776/656
f 994/776/656 1002/783/663 1001/784/664 993/777/657
f 993/777/657 1001/784/664 744/520/395 745/524/399
f 1008/588/466 1016/590/469 1015/785/665 1007/778/658
f 1007/778/658 1015/785/665 1014/786/666 1006/779/659
f 1006/779/659 1014/786/666 1013/787/667 1005/780/660
f 1005/780/660 1013/787/667 1012/788/668 1004/781/661
f 1004/781/661 1012/788/668 1011/789/669 1003/782/662
f 1003/782/662 1011/789/669 1010/790/670 1002/783/663
f 1002/783/663 1010/790/670 1009/791/671 1001/784/664
f 1001/784/664 1009/791/671 743/516/391 744/520/395
f 1016/590/672 1024/592/673 1023/792/674 1015/785/665
f 1015/785/665 1023/792/674 1022/793/675 1014/786/666
f 1014/786/666 1022/793/675 1021/794/676 1013/787/667
f 1013/787/667 1021/794/676 1020/795/677 1012/788/668
f 1012/788/668 1020/795/677 1019/796/678 1011/789/669
f 1011/789/669 1019/796/678 1018/797/679 1010/790/670
f 1010/790/670 1018/797/679 1017/798/680 1009/791/671
f 1009/791/671 1017/798/680 742/510/387 743/516/391
f 1024/592/673 1032/594/475 1031/799/681 1023/792/674
f 1023/792/674 1031/799/681 1030/800/682 1022/793/675
f 1022/793/675 1030/800/682 1029/801/683 1021/794/676
f 1021/794/676 1029/801/683 1028/802/684 1020/795/677
f 1020/795/677 1028/802/684 1027/803/685 1019/796/678
f 1019/796/678 1027/803/685 1026/804/686 1018/797/679
f 1018/797/679 1026/804/686 1025/805/687 1017/798/680
f 1017/798/680 1025/805/687 741/504/381 742/510/387
f 1032/594/475 1040/596/477 1039/806/688 1031/799/681
f 1031/799/681 1039/806/688 1038/807/689 1030/800/682
f 1030/800/682 1038/807/689 1037/808/690 1029/801/683
f 1029/801/683 1037/808/690 1036/809/691 1028/802/684
f 1028/802/684 1036/809/691 1035/810/692 1027/803/685
f 1027/803/685 1035/810/692 1034/811/693 1026/804/686
f 1026/804/686 1034/811/693 1033/812/694 1025/805/687
f 1025/805/687 1033/812/694 740/498/375 741/504/381
f 1040/596/477 1048/598/479 1047/813/695 1039/806/688
f 1039/806/688 1047/813/695 1046/814/696 1038/807/689
f 1038/807/689 1046/814/696 1045/815/697 1037/808/690
f 1037/808/690 1045/815/697 1044/816/698 1036/809/691
f 1036/809/691 1044/816/698 1043/817/699 1035/810/692
f 1035/810/692 1043/817/699 1042/818/700 1034/811/693
f 1034/811/693 1042/818/700 1041/819/701 1033/812/694
f 1033/812/694 1041/819/701 739/492/369 740/498/375
f 1048/598/479 1056/600/481 1055/820/702 1047/813/695
f 1047/813/695 1055/820/702 1054/821/703 1046/814/696
f 1046/814/696 1054/821/703 1053/822/704 1045/815/697
f 1045/815/697 1053/822/704 1052/823/705 1044/816/698
f 1044/816/698 1052/823/705 1051/824/706 1043/817/699
f 1043/817/699 1051/824/706 1050/825/707 1042/818/700
f 1042/818/700 1050/825/707 1049/826/708 1041/819/701
f 1041/819/701 1049/826/708 738/484/361 739/492/369
f 1056/600/481 801/602/415 802/827/483 1055/820/702
f 1055/820/702 802/827/483 803/828/485 1054/821/703
f 1054/821/703 803/828/485 804/829/487 1053/822/704
f 1053/822/704 804/829/487 805/830/489 1052/823/705
f 1052/823/705 805/830/489 806/831/491 1051/824/706
f 1051/824/706 806/831/491 807/832/493 1050/825/707
f 1050/825/707 807/832/493 808/833/495 1049/826/708
f 1049/826/708 808/833/495 737/485/362 738/484/361
f 769/601/412 770/599/480 1057/834/709
f 770/599/480 771/597/478 1057/834/709
f 771/597/478 772/595/476 1057/834/709
f 772/595/476 773/593/474 1057/834/709
f 773/593/474 774/591/471 1057/834/709
f 774/591/471 775/589/470 1057/834/709
f 775/589/468 776/587/467 1057/834/710
f 776/587/465 777/585/463 1057/834/711
f 777/585/463 778/583/461 1057/834/711
f 778/583/461 779/581/459 1057/834/711
f 779/581/459 780/579/457 1057/834/711
f 780/579/457 781/577/455 1057/834/711
f 781/577/455 782/575/453 1057/834/711
f 782/575/453 783/573/451 1057/834/711
f 783/573/451 784/571/449 1057/834/711
f 784/571/449 785/569/447 1057/834/711
f 785/569/447 786/567/445 1057/834/711
f 786/567/445 787/565/443 1057/834/711
f 787/565/443 788/563/441 1057/834/711
f 788/563/441 789/561/439 1057/834/711
f 789/561/439 790/559/437 1057/834/711
f 790/559/437 791/557/435 1057/834/711
f 791/557/435 792/555/433 1057/834/711
f 792/555/433 793/553/431 1057/834/711
f 793/553/431 794/551/430 1057/834/711
f 794/551/427 795/549/426 1057/834/712
f 795/549/424 796/547/422 1057/834/709
f 796/547/422 797/545/420 1057/834/709
f 797/545/420 798/543/418 1057/834/709
f 798/543/418 799/541/416 1057/834/709
f 799/541/416 800/538/413 1057/834/709
f 800/538/413 769/537/412 1057/834/709
f 1064/835/713 1065/836/713 1061/837/713 1063/838/713 1062/839/713 1058/840/713 1060/841/713 1059/842/713
f 1092/843/390 1091/844/394 1123/845/395 1124/846/391
f 1079/847/388 1078/848/392 1110/849/393 1111/850/389
f 1093/851/386 1092/843/390 1124/846/391 1125/852/387
f 1080/853/384 1079/847/388 1111/850/389 1112/854/385
f 1067/855/382 1066/856/363 1098/857/362 1099/858/383
f 1094/859/380 1093/851/386 1125/852/387 1126/860/714
f 1081/861/378 1080/853/384 1112/854/385 1113/862/379
f 1068/863/376 1067/855/382 1099/858/383 1100/864/377
f 1095/865/374 1094/859/380 1126/860/714 1127/866/375
f 1082/867/372 1081/861/378 1113/862/379 1114/868/373
f 1069/869/370 1068/863/376 1100/864/377 1101/870/371
f 1096/871/368 1095/865/374 1127/866/375 1128/872/369
f 1083/873/366 1082/867/372 1114/868/373 1115/874/367
f 1070/875/364 1069/869/370 1101/870/371 1102/876/715
f 1097/877/360 1096/871/368 1128/872/369 1129/878/361
f 1084/879/358 1083/873/366 1115/874/367 1116/880/359
f 1071/881/356 1070/875/364 1102/876/715 1103/882/357
f 1066/883/363 1097/877/360 1129/878/361 1098/884/362
f 1085/885/352 1084/879/358 1116/880/359 1117/886/353
f 1072/887/348 1071/881/356 1103/882/357 1104/888/349
f 1086/889/355 1085/885/352 1117/886/353 1118/890/354
f 1073/891/351 1072/887/348 1104/888/349 1105/892/350
f 1087/893/410 1086/889/355 1118/890/354 1119/894/716
f 1074/895/408 1073/891/351 1105/892/350 1106/896/409
f 1088/897/406 1087/893/410 1119/894/716 1120/898/407
f 1075/899/404 1074/895/408 1106/896/409 1107/900/405
f 1089/901/402 1088/897/406 1120/898/407 1121/902/403
f 1076/903/400 1075/899/404 1107/900/405 1108/904/401
f 1090/905/398 1089/901/402 1121/902/403 1122/906/399
f 1077/907/396 1076/903/400 1108/904/401 1109/908/397
f 1091/844/394 1090/905/398 1122/906/399 1123/845/395
f 1078/848/392 1077/907/396 1109/908/397 1110/849/393
f 1130/909/412 1162/910/415 1177/911/717 1161/912/718
f 1161/912/718 1177/911/717 1185/913/479 1160/914/478
f 1160/914/478 1185/913/479 1193/915/719 1159/916/476
f 1159/916/476 1193/915/719 1201/917/475 1158/918/474
f 1158/918/474 1201/917/475 1209/919/472 1157/920/720
f 1157/920/720 1209/919/472 1217/921/473 1156/922/470
f 1156/922/721 1217/921/469 1225/923/466 1155/924/467
f 1155/924/722 1225/923/466 1233/925/464 1154/926/723
f 1154/926/723 1233/925/464 1241/927/462 1153/928/461
f 1153/928/461 1241/927/462 1249/929/724 1152/930/459
f 1152/930/459 1249/929/724 1257/931/458 1151/932/457
f 1151/932/457 1257/931/458 1265/933/456 1150/934/455
f 1150/934/455 1265/933/456 1273/935/454 1149/936/453
f 1149/936/453 1273/935/454 1281/937/452 1148/938/451
f 1148/938/451 1281/937/452 1289/939/450 1147/940/725
f 1147/940/725 1289/939/450 1297/941/448 1146/942/447
f 1146/942/447 1297/941/448 1305/943/446 1145/944/726
f 1145/944/726 1305/943/446 1313/945/444 1144/946/443
f 1144/946/443 1313/945/444 1321/947/442 1143/948/441
f 1143/948/441 1321/947/442 1329/949/440 1142/950/439
f 1142/950/439 1329/949/440 1337/951/438 1141/952/437
f 1141/952/437 1337/951/438 1345/953/727 1140/954/435
f 1140/954/435 1345/953/727 1353/955/434 1139/956/433
f 1139/956/433 1353/955/434 1361/957/432 1138/958/728
f 1138/958/728 1361/957/432 1369/959/428 1137/960/729
f 1137/960/427 1369/959/428 1377/961/429 1136/962/730
f 1136/962/424 1377/961/731 1385/963/423 1135/964/732
f 1135/964/732 1385/963/423 1393/965/421 1134/966/420
f 1134/966/420 1393/965/421 1401/967/419 1133/968/418
f 1133/968/418 1401/967/419 1409/969/417 1132/970/416
f 1132/970/416 1409/969/417 1417/971/733 1131/972/734
f 1131/972/734 1417/971/733 1162/973/415 1130/974/412
f 1162/910/415 1163/975/483 1176/976/702 1177/911/717
f 1163/975/483 1164/977/485 1175/978/703 1176/976/702
f 1164/977/485 1165/979/487 1174/980/704 1175/978/703
f 1165/979/487 1166/981/489 1173/982/705 1174/980/704
f 1166/981/489 1167/983/491 1172/984/706 1173/982/705
f 1167/983/491 1168/985/493 1171/986/707 1172/984/706
f 1168/985/493 1169/987/495 1170/988/708 1171/986/707
f 1169/987/495 1098/884/362 1129/878/361 1170/988/708
f 1177/911/717 1176/976/702 1184/989/695 1185/913/479
f 1176/976/702 1175/978/703 1183/990/696 1184/989/695
f 1175/978/703 1174/980/704 1182/991/697 1183/990/696
f 1174/980/704 1173/982/705 1181/992/698 1182/991/697
f 1173/982/705 1172/984/706 1180/993/699 1181/992/698
f 1172/984/706 1171/986/707 1179/994/700 1180/993/699
f 1171/986/707 1170/988/708 1178/995/701 1179/994/700
f 1170/988/708 1129/878/361 1128/872/369 1178/995/701
f 1185/913/479 1184/989/695 1192/996/688 1193/915/719
f 1184/989/695 1183/990/696 1191/997/689 1192/996/688
f 1183/990/696 1182/991/697 1190/998/690 1191/997/689
f 1182/991/697 1181/992/698 1189/999/691 1190/998/690
f 1181/992/698 1180/993/699 1188/1000/692 1189/999/691
f 1180/993/699 1179/994/700 1187/1001/693 1188/1000/692
f 1179/994/700 1178/995/701 1186/1002/694 1187/1001/693
f 1178/995/701 1128/872/369 1127/866/375 1186/1002/694
f 1193/915/719 1192/996/688 1200/1003/681 1201/917/475
f 1192/996/688 1191/997/689 1199/1004/682 1200/1003/681
f 1191/997/689 1190/998/690 1198/1005/683 1199/1004/682
f 1190/998/690 1189/999/691 1197/1006/684 1198/1005/683
f 1189/999/691 1188/1000/692 1196/1007/685 1197/1006/684
f 1188/1000/692 1187/1001/693 1195/1008/686 1196/1007/685
f 1187/1001/693 1186/1002/694 1194/1009/735 1195/1008/686
f 1186/1002/694 1127/866/375 1126/860/714 1194/1009/735
f 1201/917/475 1200/1003/681 1208/1010/674 1209/919/673
f 1200/1003/681 1199/1004/682 1207/1011/675 1208/1010/674
f 1199/1004/682 1198/1005/683 1206/1012/676 1207/1011/675
f 1198/1005/683 1197/1006/684 1205/1013/677 1206/1012/676
f 1197/1006/684 1196/1007/685 1204/1014/678 1205/1013/677
f 1196/1007/685 1195/1008/686 1203/1015/679 1204/1014/678
f 1195/1008/686 1194/1009/735 1202/1016/680 1203/1015/679
f 1194/1009/735 1126/860/714 1125/852/387 1202/1016/680
f 1209/919/673 1208/1010/674 1216/1017/665 1217/921/736
f 1208/1010/674 1207/1011/675 1215/1018/666 1216/1017/665
f 1207/1011/675 1206/1012/676 1214/1019/667 1215/1018/666
f 1206/1012/676 1205/1013/677 1213/1020/668 1214/1019/667
f 1205/1013/677 1204/1014/678 1212/1021/737 1213/1020/668
f 1204/1014/678 1203/1015/679 1211/1022/670 1212/1021/737
f 1203/1015/679 1202/1016/680 1210/1023/671 1211/1022/670
f 1202/1016/680 1125/852/387 1124/846/391 1210/1023/671
f 1217/921/469 1216/1017/665 1224/1024/658 1225/923/466
f 1216/1017/665 1215/1018/666 1223/1025/659 1224/1024/658
f 1215/1018/666 1214/1019/667 1222/1026/660 1223/1025/659
f 1214/1019/667 1213/1020/668 1221/1027/661 1222/1026/660
f 1213/1020/668 1212/1021/737 1220/1028/662 1221/1027/661
f 1212/1021/737 1211/1022/670 1219/1029/663 1220/1028/662
f 1211/1022/670 1210/1023/671 1218/1030/664 1219/1029/663
f 1210/1023/671 1124/846/391 1123/845/395 1218/1030/664
f 1225/923/466 1224/1024/658 1232/1031/738 1233/925/464
f 1224/1024/658 1223/1025/659 1231/1032/739 1232/1031/738
f 1223/1025/659 1222/1026/660 1230/1033/653 1231/1032/739
f 1222/1026/660 1221/1027/661 1229/1034/654 1230/1033/653
f 1221/1027/661 1220/1028/662 1228/1035/655 1229/1034/654
f 1220/1028/662 1219/1029/663 1227/1036/656 1228/1035/655
f 1219/1029/663 1218/1030/664 1226/1037/657 1227/1036/656
f 1218/1030/664 1123/845/395 1122/906/399 1226/1037/657
f 1233/925/464 1232/1031/738 1240/1038/644 1241/927/462
f 1232/1031/738 1231/1032/739 1239/1039/740 1240/1038/644
f 1231/1032/739 1230/1033/653 1238/1040/646 1239/1039/740
f 1230/1033/653 1229/1034/654 1237/1041/647 1238/1040/646
f 1229/1034/654 1228/1035/655 1236/1042/648 1237/1041/647
f 1228/1035/655 1227/1036/656 1235/1043/649 1236/1042/648
f 1227/1036/656 1226/1037/657 1234/1044/741 1235/1043/649
f 1226/1037/657 1122/906/399 1121/902/403 1234/1044/741
f 1241/927/462 1240/1038/644 1248/1045/637 1249/929/724
f 1240/1038/644 1239/1039/740 1247/1046/638 1248/1045/637
f 1239/1039/740 1238/1040/646 1246/1047/639 1247/1046/638
f 1238/1040/646 1237/1041/647 1245/1048/640 1246/1047/639
f 1237/1041/647 1236/1042/648 1244/1049/641 1245/1048/640
f 1236/1042/648 1235/1043/649 1243/1050/642 1244/1049/641
f 1235/1043/649 1234/1044/741 1242/1051/643 1243/1050/642
f 1234/1044/741 1121/902/403 1120/898/407 1242/1051/643
f 1249/929/724 1248/1045/637 1256/1052/630 1257/931/458
f 1248/1045/637 1247/1046/638 1255/1053/631 1256/1052/630
f 1247/1046/638 1246/1047/639 1254/1054/742 1255/1053/631
f 1246/1047/639 1245/1048/640 1253/1055/633 1254/1054/742
f 1245/1048/640 1244/1049/641 1252/1056/634 1253/1055/633
f 1244/1049/641 1243/1050/642 1251/1057/635 1252/1056/634
f 1243/1050/642 1242/1051/643 1250/1058/743 1251/1057/635
f 1242/1051/643 1120/898/407 1119/894/716 1250/1058/743
f 1257/931/458 1256/1052/630 1264/1059/623 1265/933/456
f 1256/1052/630 1255/1053/631 1263/1060/624 1264/1059/623
f 1255/1053/631 1254/1054/742 1262/1061/625 1263/1060/624
f 1254/1054/742 1253/1055/633 1261/1062/626 1262/1061/625
f 1253/1055/633 1252/1056/634 1260/1063/627 1261/1062/626
f 1252/1056/634 1251/1057/635 1259/1064/628 1260/1063/627
f 1251/1057/635 1250/1058/743 1258/1065/629 1259/1064/628
f 1250/1058/743 1119/894/716 1118/890/354 1258/1065/629
f 1265/933/456 1264/1059/623 1272/1066/744 1273/935/454
f 1264/1059/623 1263/1060/624 1271/1067/617 1272/1066/744
f 1263/1060/624 1262/1061/625 1270/1068/618 1271/1067/617
f 1262/1061/625 1261/1062/626 1269/1069/619 1270/1068/618
f 1261/1062/626 1260/1063/627 1268/1070/620 1269/1069/619
f 1260/1063/627 1259/1064/628 1267/1071/621 1268/1070/620
f 1259/1064/628 1258/1065/629 1266/1072/622 1267/1071/621
f 1258/1065/629 1118/890/354 1117/886/353 1266/1072/622
f 1273/935/454 1272/1066/744 1280/1073/609 1281/937/452
f 1272/1066/744 1271/1067/617 1279/1074/610 1280/1073/609
f 1271/1067/617 1270/1068/618 1278/1075/611 1279/1074/610
f 1270/1068/618 1269/1069/619 1277/1076/612 1278/1075/611
f 1269/1069/619 1268/1070/620 1276/1077/613 1277/1076/612
f 1268/1070/620 1267/1071/621 1275/1078/614 1276/1077/613
f 1267/1071/621 1266/1072/622 1274/1079/615 1275/1078/614
f 1266/1072/622 1117/886/353 1116/880/359 1274/1079/615
f 1281/937/452 1280/1073/609 1288/1080/602 1289/939/450
f 1280/1073/609 1279/1074/610 1287/1081/603 1288/1080/602
f 1279/1074/610 1278/1075/611 1286/1082/604 1287/1081/603
f 1278/1075/611 1277/1076/612 1285/1083/605 1286/1082/604
f 1277/1076/612 1276/1077/613 1284/1084/606 1285/1083/605
f 1276/1077/613 1275/1078/614 1283/1085/607 1284/1084/606
f 1275/1078/614 1274/1079/615 1282/1086/608 1283/1085/607
f 1274/1079/615 1116/880/359 1115/874/367 1282/1086/608
f 1289/939/450 1288/1080/602 1296/1087/596 1297/941/448
f 1288/1080/602 1287/1081/603 1295/1088/597 1296/1087/596
f 1287/1081/603 1286/1082/604 1294/1089/598 1295/1088/597
f 1286/1082/604 1285/1083/605 1293/1090/599 1294/1089/598
f 1285/1083/605 1284/1084/606 1292/1091/600 1293/1090/599
f 1284/1084/606 1283/1085/607 1291/1092/600 1292/1091/600
f 1283/1085/607 1282/1086/608 1290/1093/601 1291/1092/600
f 1282/1086/608 1115/874/367 1114/868/373 1290/1093/601
f 1297/941/448 1296/1087/596 1304/1094/589 1305/943/446
f 1296/1087/596 1295/1088/597 1303/1095/590 1304/1094/589
f 1295/1088/597 1294/1089/598 1302/1096/591 1303/1095/590
f 1294/1089/598 1293/1090/599 1301/1097/592 1302/1096/591
f 1293/1090/599 1292/1091/600 1300/1098/593 1301/1097/592
f 1292/1091/600 1291/1092/600 1299/1099/594 1300/1098/593
f 1291/1092/600 1290/1093/601 1298/1100/595 1299/1099/594
f 1290/1093/601 1114/868/373 1113/862/379 1298/1100/595
f 1305/943/446 1304/1094/589 1312/1101/582 1313/945/444
f 1304/1094/589 1303/1095/590 1311/1102/583 1312/1101/582
f 1303/1095/590 1302/1096/591 1310/1103/584 1311/1102/583
f 1302/1096/591 1301/1097/592 1309/1104/585 1310/1103/584
f 1301/1097/592 1300/1098/593 1308/1105/586 1309/1104/585
f 1300/1098/593 1299/1099/594 1307/1106/587 1308/1105/586
f 1299/1099/594 1298/1100/595 1306/1107/588 1307/1106/587
f 1298/1100/595 1113/862/379 1112/854/385 1306/1107/588
f 1313/945/444 1312/1101/582 1320/1108/575 1321/947/442
f 1312/1101/582 1311/1102/583 1319/1109/576 1320/1108/575
f 1311/1102/583 1310/1103/584 1318/1110/577 1319/1109/576
f 1310/1103/584 1309/1104/585 1317/1111/578 1318/1110/577
f 1309/1104/585 1308/1105/586 1316/1112/579 1317/1111/578
f 1308/1105/586 1307/1106/587 1315/1113/580 1316/1112/579
f 1307/1106/587 1306/1107/588 1314/1114/581 1315/1113/580
f 1306/1107/588 1112/854/385 1111/850/389 1314/1114/581
f 1321/947/442 1320/1108/575 1328/1115/568 1329/949/440
f 1320/1108/575 1319/1109/576 1327/1116/569 1328/1115/568
f 1319/1109/576 1318/1110/577 1326/1117/570 1327/1116/569
f 1318/1110/577 1317/1111/578 1325/1118/571 1326/1117/570
f 1317/1111/578 1316/1112/579 1324/1119/572 1325/1118/571
f 1316/1112/579 1315/1113/580 1323/1120/573 1324/1119/572
f 1315/1113/580 1314/1114/581 1322/1121/574 1323/1120/573
f 1314/1114/581 1111/850/389 1110/849/393 1322/1121/574
f 1329/949/440 1328/1115/568 1336/1122/561 1337/951/438
f 1328/1115/568 1327/1116/569 1335/1123/562 1336/1122/561
f 1327/1116/569 1326/1117/570 1334/1124/745 1335/1123/562
f 1326/1117/570 1325/1118/571 1333/1125/564 1334/1124/745
f 1325/1118/571 1324/1119/572 1332/1126/565 1333/1125/564
f 1324/1119/572 1323/1120/573 1331/1127/566 1332/1126/565
f 1323/1120/573 1322/1121/574 1330/1128/746 1331/1127/566
f 1322/1121/574 1110/849/393 1109/908/397 1330/1128/746
f 1337/951/438 1336/1122/561 1344/1129/554 1345/953/727
f 1336/1122/561 1335/1123/562 1343/1130/555 1344/1129/554
f 1335/1123/562 1334/1124/745 1342/1131/556 1343/1130/555
f 1334/1124/745 1333/1125/564 1341/1132/557 1342/1131/556
f 1333/1125/564 1332/1126/565 1340/1133/558 1341/1132/557
f 1332/1126/565 1331/1127/566 1339/1134/559 1340/1133/558
f 1331/1127/566 1330/1128/746 1338/1135/560 1339/1134/559
f 1330/1128/746 1109/908/397 1108/904/401 1338/1135/560
f 1345/953/727 1344/1129/554 1352/1136/547 1353/955/434
f 1344/1129/554 1343/1130/555 1351/1137/747 1352/1136/547
f 1343/1130/555 1342/1131/556 1350/1138/549 1351/1137/747
f 1342/1131/556 1341/1132/557 1349/1139/550 1350/1138/549
f 1341/1132/557 1340/1133/558 1348/1140/551 1349/1139/550
f 1340/1133/558 1339/1134/559 1347/1141/552 1348/1140/551
f 1339/1134/559 1338/1135/560 1346/1142/748 1347/1141/552
f 1338/1135/560 1108/904/401 1107/900/405 1346/1142/748
f 1353/955/434 1352/1136/547 1360/1143/749 1361/957/432
f 1352/1136/547 1351/1137/747 1359/1144/750 1360/1143/749
f 1351/1137/747 1350/1138/549 1358/1145/542 1359/1144/750
f 1350/1138/549 1349/1139/550 1357/1146/543 1358/1145/542
f 1349/1139/550 1348/1140/551 1356/1147/544 1357/1146/543
f 1348/1140/551 1347/1141/552 1355/1148/545 1356/1147/544
f 1347/1141/552 1346/1142/748 1354/1149/546 1355/1148/545
f 1346/1142/748 1107/900/405 1106/896/409 1354/1149/546
f 1361/957/432 1360/1143/749 1368/1150/751 1369/959/428
f 1360/1143/749 1359/1144/750 1367/1151/534 1368/1150/751
f 1359/1144/750 1358/1145/542 1366/1152/535 1367/1151/534
f 1358/1145/542 1357/1146/543 1365/1153/536 1366/1152/535
f 1357/1146/543 1356/1147/544 1364/1154/537 1365/1153/536
f 1356/1147/544 1355/1148/545 1363/1155/538 1364/1154/537
f 1355/1148/545 1354/1149/546 1362/1156/539 1363/1155/538
f 1354/1149/546 1106/896/409 1105/892/350 1362/1156/539
f 1369/959/428 1368/1150/751 1376/1157/526 1377/961/429
f 1368/1150/751 1367/1151/534 1375/1158/527 1376/1157/526
f 1367/1151/534 1366/1152/535 1374/1159/528 1375/1158/527
f 1366/1152/535 1365/1153/536 1373/1160/529 1374/1159/528
f 1365/1153/536 1364/1154/537 1372/1161/752 1373/1160/529
f 1364/1154/537 1363/1155/538 1371/1162/753 1372/1161/752
f 1363/1155/538 1362/1156/539 1370/1163/532 1371/1162/753
f 1362/1156/539 1105/892/350 1104/888/349 1370/1163/532
f 1377/961/525 1376/1157/526 1384/1164/518 1385/963/517
f 1376/1157/526 1375/1158/527 1383/1165/754 1384/1164/518
f 1375/1158/527 1374/1159/528 1382/1166/520 1383/1165/754
f 1374/1159/528 1373/1160/529 1381/1167/521 1382/1166/520
f 1373/1160/529 1372/1161/752 1380/1168/522 1381/1167/521
f 1372/1161/752 1371/1162/753 1379/1169/523 1380/1168/522
f 1371/1162/753 1370/1163/532 1378/1170/524 1379/1169/523
f 1370/1163/532 1104/888/349 1103/882/357 1378/1170/524
f 1385/963/517 1384/1164/518 1392/1171/510 1393/965/421
f 1384/1164/518 1383/1165/754 1391/1172/511 1392/1171/510
f 1383/1165/754 1382/1166/520 1390/1173/512 1391/1172/511
f 1382/1166/520 1381/1167/521 1389/1174/513 1390/1173/512
f 1381/1167/521 1380/1168/522 1388/1175/514 1389/1174/513
f 1380/1168/522 1379/1169/523 1387/1176/515 1388/1175/514
f 1379/1169/523 1378/1170/524 1386/1177/755 1387/1176/515
f 1378/1170/524 1103/882/357 1102/876/715 1386/1177/755
f 1393/965/421 1392/1171/510 1400/1178/503 1401/967/419
f 1392/1171/510 1391/1172/511 1399/1179/504 1400/1178/503
f 1391/1172/511 1390/1173/512 1398/1180/505 1399/1179/504
f 1390/1173/512 1389/1174/513 1397/1181/506 1398/1180/505
f 1389/1174/513 1388/1175/514 1396/1182/507 1397/1181/506
f 1388/1175/514 1387/1176/515 1395/1183/508 1396/1182/507
f 1387/1176/515 1386/1177/755 1394/1184/509 1395/1183/508
f 1386/1177/755 1102/876/715 1101/870/371 1394/1184/509
f 1401/967/419 1400/1178/503 1408/1185/496 1409/969/417
f 1400/1178/503 1399/1179/504 1407/1186/497 1408/1185/496
f 1399/1179/504 1398/1180/505 1406/1187/498 1407/1186/497
f 1398/1180/505 1397/1181/506 1405/1188/499 1406/1187/498
f 1397/1181/506 1396/1182/507 1404/1189/500 1405/1188/499
f 1396/1182/507 1395/1183/508 1403/1190/501 1404/1189/500
f 1395/1183/508 1394/1184/509 1402/1191/502 1403/1190/501
f 1394/1184/509 1101/870/371 1100/864/377 1402/1191/502
f 1409/969/417 1408/1185/496 1416/1192/482 1417/971/733
f 1408/1185/496 1407/1186/497 1415/1193/484 1416/1192/482
f 1407/1186/497 1406/1187/498 1414/1194/486 1415/1193/484
f 1406/1187/498 1405/1188/499 1413/1195/488 1414/1194/486
f 1405/1188/499 1404/1189/500 1412/1196/490 1413/1195/488
f 1404/1189/500 1403/1190/501 1411/1197/492 1412/1196/490
f 1403/1190/501 1402/1191/502 1410/1198/494 1411/1197/492
f 1402/1191/502 1100/864/377 1099/858/383 1410/1198/494
f 1417/971/733 1416/1192/482 1163/1199/483 1162/973/415
f 1416/1192/482 1415/1193/484 1164/1200/485 1163/1199/483
f 1415/1193/484 1414/1194/486 1165/1201/487 1164/1200/485
f 1414/1194/486 1413/1195/488 1166/1202/489 1165/1201/487
f 1413/1195/488 1412/1196/490 1167/1203/491 1166/1202/489
f 1412/1196/490 1411/1197/492 1168/1204/493 1167/1203/491
f 1411/1197/492 1410/1198/494 1169/1205/495 1168/1204/493
f 1410/1198/494 1099/858/383 1098/857/362 1169/1205/495
f 1130/974/412 1418/1206/709 1131/972/734
f 1131/972/734 1418/1206/709 1132/970/416
f 1132/970/416 1418/1206/709 1133/968/418
f 1133/968/418 1418/1206/709 1134/966/420
f 1134/966/420 1418/1206/709 1135/964/732
f 1135/964/732 1418/1206/709 1136/962/424
f 1136/962/730 1418/1206/756 1137/960/427
f 1137/960/729 1418/1206/711 1138/958/728
f 1138/958/728 1418/1206/711 1139/956/433
f 1139/956/433 1418/1206/711 1140/954/435
f 1140/954/435 1418/1206/711 1141/952/437
f 1141/952/437 1418/1206/711 1142/950/439
f 1142/950/439 1418/1206/711 1143/948/441
f 1143/948/441 1418/1206/711 1144/946/443
f 1144/946/443 1418/1206/711 1145/944/726
f 1145/944/726 1418/1206/711 1146/942/447
f 1146/942/447 1418/1206/711 1147/940/725
f 1147/940/725 1418/1206/711 1148/938/451
f 1148/938/451 1418/1206/711 1149/936/453
f 1149/936/453 1418/1206/711 1150/934/455
f 1150/934/455 1418/1206/711 1151/932/457
f 1151/932/457 1418/1206/711 1152/930/459
f 1152/930/459 1418/1206/711 1153/928/461
f 1153/928/461 1418/1206/711 1154/926/723
f 1154/926/723 1418/1206/711 1155/924/722
f 1155/924/467 1418/1206/757 1156/922/721
f 1156/922/470 1418/1206/709 1157/920/720
f 1157/920/720 1418/1206/709 1158/918/474
f 1158/918/474 1418/1206/709 1159/916/476
f 1159/916/476 1418/1206/709 1160/914/478
f 1160/914/478 1418/1206/709 1161/912/718
f 1161/912/718 1418/1206/709 1130/909/412
f 1064/835/713 1420/1207/713 1421/1208/713 1419/1209/713 1423/1210/713 1424/1211/713 1422/1212/713 1065/836/713
f 1435/1213/758 1440/1214/759 1442/1215/760 1436/1216/761
f 1436/1217/762 1442/1218/763 1441/1219/764 1434/1220/765
f 1440/1214/759 1437/1221/759 1439/1222/766 1442/1215/760
f 1442/1223/767 1439/1224/768 1438/1225/769 1441/1226/770
f 1432/1227/771 1428/1228/771 1430/1229/772 1433/1230/773
f 1433/1231/774 1430/1232/775 1429/1233/776 1431/1234/777
f 1426/1235/771 1432/1227/771 1433/1230/773 1427/1236/778
f 1427/1237/779 1433/1238/780 1431/1239/781 1425/1240/782
f 1450/1241/771 1446/1242/771 1448/1243/783 1451/1244/784
f 1451/1244/784 1448/1243/783 1447/1245/785 1449/1246/786
f 1455/1247/771 1458/1248/771 1460/1249/787 1457/1250/788
f 1457/1250/788 1460/1249/787 1459/1251/789 1456/1252/790
f 1444/1253/791 1450/1241/771 1451/1244/784 1445/1254/792
f 1445/1254/792 1451/1244/784 1449/1246/786 1443/1255/793
f 1458/1248/771 1452/1256/791 1454/1257/794 1460/1249/787
f 1460/1249/787 1454/1257/794 1453/1258/795 1459/1251/789
f 1468/1259/771 1464/1260/758 1466/1261/796 1469/1262/797
f 1469/1262/797 1466/1261/796 1465/1263/798 1467/1264/799
f 1473/1265/771 1476/1266/771 1478/1267/800 1475/1268/801
f 1475/1268/801 1478/1267/800 1477/1269/802 1474/1270/803
f 1462/1271/771 1468/1259/771 1469/1262/797 1463/1272/804
f 1463/1272/804 1469/1262/797 1467/1264/799 1461/1273/805
f 1476/1266/771 1470/1274/759 1472/1275/806 1478/1267/800
f 1478/1267/800 1472/1275/806 1471/1276/807 1477/1269/802
f 1480/1277/771 1435/1213/758 1436/1216/761 1481/1278/808
f 1481/1279/809 1436/1217/762 1434/1220/765 1479/1280/363
f 1437/1221/759 1426/1235/771 1427/1236/778 1439/1222/766
f 1439/1224/810 1427/1237/779 1425/1240/782 1438/1225/811
f 1486/1281/812 1465/1263/798 1466/1261/796 1487/1282/813
f 1487/1282/813 1466/1261/796 1464/1260/758 1485/1283/771
f 1461/1273/805 1447/1245/785 1448/1243/783 1463/1272/804
f 1463/1272/804 1448/1243/783 1446/1242/771 1462/1271/771
f 1456/1252/790 1471/1276/807 1472/1275/806 1457/1250/788
f 1457/1250/788 1472/1275/806 1470/1274/759 1455/1247/771
f 1428/1228/771 1482/1284/771 1484/1285/814 1430/1229/772
f 1430/1232/775 1484/1286/815 1483/1287/372 1429/1233/776
f 1443/1255/793 1488/1288/816 1490/1289/817 1445/1254/792
f 1445/1254/792 1490/1289/817 1489/1290/771 1444/1253/791
f 1452/1256/791 1491/1291/791 1493/1292/818 1454/1257/794
f 1454/1257/794 1493/1292/818 1492/1293/816 1453/1258/795
f 1474/1270/803 1494/1294/812 1496/1295/819 1475/1268/801
f 1475/1268/801 1496/1295/819 1495/1296/758 1473/1265/771
f 1507/1297/820 1512/1298/821 1514/1299/822 1508/1300/823
f 1508/1301/824 1514/1302/825 1513/1303/758 1506/1304/771
f 1512/1305/826 1509/1306/827 1511/1307/828 1514/1302/829
f 1514/1302/825 1511/1307/830 1510/1308/771 1513/1303/758
f 1504/1309/831 1500/1310/832 1502/1311/833 1505/1312/834
f 1505/1313/835 1502/1314/836 1501/1315/771 1503/1316/837
f 1498/1317/838 1504/1318/839 1505/1313/840 1499/1319/841
f 1499/1319/842 1505/1313/835 1503/1316/837 1497/1320/771
f 1522/1321/843 1518/1322/844 1520/1323/845 1523/1324/846
f 1523/1324/846 1520/1323/845 1519/1325/771 1521/1326/771
f 1528/1327/847 1531/1328/848 1532/1329/849 1529/1330/850
f 1529/1330/850 1532/1329/849 1530/1331/771 1527/1332/771
f 1516/1333/851 1522/1321/843 1523/1324/846 1517/1334/852
f 1517/1334/852 1523/1324/846 1521/1326/771 1515/1335/771
f 1531/1328/848 1525/1336/853 1526/1337/854 1532/1329/849
f 1532/1329/849 1526/1337/854 1524/1338/771 1530/1331/771
f 1540/1339/855 1536/1340/856 1538/1341/857 1541/1342/858
f 1541/1342/858 1538/1341/857 1537/1343/758 1539/1344/771
f 1546/1345/859 1549/1346/860 1550/1347/861 1547/1348/862
f 1547/1348/862 1550/1347/861 1548/1349/771 1545/1350/771
f 1534/1351/863 1540/1339/855 1541/1342/858 1535/1352/864
f 1535/1352/864 1541/1342/858 1539/1344/771 1533/1353/771
f 1549/1346/860 1543/1354/865 1544/1355/866 1550/1347/861
f 1550/1347/861 1544/1355/866 1542/1356/771 1548/1349/771
f 1479/1280/363 1507/1297/820 1508/1300/823 1481/1279/809
f 1481/1278/808 1508/1301/824 1506/1304/771 1480/1277/771
f 1509/1306/867 1498/1317/838 1499/1319/841 1511/1307/868
f 1511/1307/830 1499/1319/842 1497/1320/771 1510/1308/771
f 1485/1283/771 1537/1343/758 1538/1341/857 1487/1282/813
f 1487/1282/813 1538/1341/857 1536/1340/856 1486/1281/812
f 1533/1353/771 1519/1325/771 1520/1323/845 1535/1352/864
f 1535/1352/864 1520/1323/845 1518/1322/844 1534/1351/863
f 1527/1332/771 1542/1356/771 1544/1355/866 1529/1330/850
f 1529/1330/850 1544/1355/866 1543/1354/865 1528/1327/847
f 1500/1310/832 1483/1287/372 1484/1286/815 1502/1311/833
f 1502/1314/836 1484/1285/814 1482/1284/771 1501/1315/771
f 1515/1335/771 1489/1290/771 1490/1289/817 1517/1334/852
f 1517/1334/852 1490/1289/817 1488/1288/816 1516/1333/851
f 1525/1336/853 1492/1293/816 1493/1292/818 1526/1337/854
f 1526/1337/854 1493/1292/818 1491/1291/791 1524/1338/771
f 1545/1350/771 1495/1296/758 1496/1295/819 1547/1348/862
f 1547/1348/862 1496/1295/819 1494/1294/812 1546/1345/859
f 1426/1235/771 1446/1242/771 1450/1241/771 1432/1227/771
f 1462/1271/771 1446/1242/771 1426/1235/771 1437/1221/771
f 1431/1239/869 1060/841/869 1058/840/870 1425/1240/871
f 1425/1240/871 1058/840/870 1062/839/872 1438/1225/872
f 1432/1227/771 1450/1241/771 1444/1253/771 1428/1228/771
f 1429/1233/873 1059/842/874 1060/841/875 1431/1234/875
f 1444/1253/771 1489/1290/771 1482/1284/771 1428/1228/771
f 1483/1287/372 1064/835/372 1059/842/874 1429/1233/873
f 1434/1220/876 1061/837/877 1065/836/363 1479/1280/363
f 1061/837/877 1434/1220/876 1441/1219/878 1063/838/878
f 1435/1213/771 1464/1260/771 1468/1259/771 1440/1214/771
f 1485/1283/771 1464/1260/771 1435/1213/771 1480/1277/771
f 1440/1214/771 1468/1259/771 1462/1271/771 1437/1221/771
f 1063/838/879 1441/1226/879 1438/1225/879 1062/839/879
f 1449/1246/880 1459/1251/881 1453/1258/882 1443/1255/883
f 1488/1288/884 1443/1255/883 1453/1258/882 1492/1293/884
f 1447/1245/885 1456/1252/886 1459/1251/881 1449/1246/880
f 1447/1245/885 1461/1273/887 1471/1276/888 1456/1252/886
f 1495/1296/771 1491/1291/771 1452/1256/771 1458/1248/771 1455/1247/771 1470/1274/771 1476/1266/771 1473/1265/771
f 1467/1264/889 1477/1269/889 1471/1276/888 1461/1273/887
f 1465/1263/890 1474/1270/891 1477/1269/892 1467/1264/892
f 1465/1263/890 1486/1281/893 1494/1294/893 1474/1270/891
f 1507/1297/894 1479/1280/363 1065/836/363 1422/1212/895
f 1485/1283/771 1480/1277/771 1506/1304/771 1537/1343/771
f 1515/1335/771 1501/1315/771 1482/1284/771 1489/1290/771
f 1483/1287/372 1500/1310/896 1420/1207/897 1064/835/372
f 1536/1340/898 1546/1345/899 1494/1294/893 1486/1281/893
f 1488/1288/884 1492/1293/884 1525/1336/900 1516/1333/901
f 1495/1296/771 1545/1350/771 1548/1349/771 1542/1356/771 1527/1332/771 1530/1331/771 1524/1338/771 1491/1291/771
f 1497/1320/771 1503/1316/771 1521/1326/771 1519/1325/771
f 1504/1318/902 1498/1317/903 1419/1209/904 1421/1208/902
f 1533/1353/771 1510/1308/771 1497/1320/771 1519/1325/771
f 1498/1317/903 1509/1306/905 1423/1210/905 1419/1209/904
f 1503/1316/771 1501/1315/771 1515/1335/771 1521/1326/771
f 1500/1310/896 1504/1309/906 1421/1208/906 1420/1207/897
f 1422/1212/895 1424/1211/907 1512/1298/907 1507/1297/894
f 1506/1304/771 1513/1303/771 1539/1344/771 1537/1343/771
f 1513/1303/771 1510/1308/771 1533/1353/771 1539/1344/771
f 1424/1211/908 1423/1210/908 1509/1306/908 1512/1305/908
f 1522/1321/909 1516/1333/901 1525/1336/900 1531/1328/910
f 1518/1322/911 1522/1321/909 1531/1328/910 1528/1327/912
f 1518/1322/911 1528/1327/912 1543/1354/913 1534/1351/914
f 1540/1339/915 1534/1351/914 1543/1354/913 1549/1346/915
f 1536/1340/898 1540/1339/916 1549/1346/916 1546/1345/899
