# Blender 4.5.0
# www.blender.org
mtllib WindowForTextureNEW.mtl
o Window
v 0.964724 4.298057 -13.376669
v 0.964724 10.368609 -13.376669
v 8.368609 4.298057 -13.376669
v 8.368609 10.368609 -13.376669
v 0.666667 4.000000 -13.376669
v 0.666667 10.666666 -13.376669
v 8.666666 4.000000 -13.376669
v 8.666666 10.666666 -13.376669
v 0.898057 4.231390 -12.956669
v 0.964724 4.298057 -13.023335
v 0.945198 4.278530 -12.976195
v 0.964724 10.368609 -13.023335
v 0.898057 10.435276 -12.956669
v 0.945198 10.388136 -12.976195
v 8.368609 10.368609 -13.023335
v 8.435276 10.435276 -12.956669
v 8.388136 10.388136 -12.976195
v 8.435276 4.231390 -12.956669
v 8.368609 4.298057 -13.023335
v 8.388136 4.278530 -12.976195
v 0.666667 4.000000 -13.023335
v 0.733333 4.066667 -12.956669
v 0.686193 4.019526 -12.976195
v 0.733333 10.599999 -12.956669
v 0.666667 10.666666 -13.023335
v 0.686193 10.647141 -12.976195
v 8.666666 4.000000 -13.023335
v 8.599999 4.066667 -12.956669
v 8.647141 4.019526 -12.976195
v 8.599999 10.599999 -12.956669
v 8.666666 10.666666 -13.023335
v 8.647141 10.647141 -12.976195
vn -0.0000 -0.0000 -1.0000
vn -0.0000 -0.0001 1.0000
vn -0.0001 -0.0000 1.0000
vn 0.1912 -0.0388 0.9808
vn 0.1240 0.1240 0.9845
vn -0.9029 0.3800 0.2007
vn -0.8582 -0.4101 0.3087
vn -0.9281 -0.2585 -0.2681
vn -0.9280 0.2588 -0.2679
vn 0.2585 -0.9281 -0.2681
vn -0.2585 -0.9281 -0.2681
vn -0.4101 -0.8582 0.3087
vn 0.3800 -0.9029 0.2007
vn -0.0388 0.1912 0.9808
vn 0.0001 -0.0000 1.0000
vn -0.2585 0.9281 -0.2681
vn 0.2585 0.9281 -0.2681
vn 0.3174 0.9424 0.1054
vn -0.0835 0.9962 -0.0245
vn -0.1240 -0.1240 0.9845
vn -0.0000 0.0001 1.0000
vn 0.9962 -0.0835 -0.0245
vn 0.9424 0.3174 0.1054
vn 0.9281 0.2585 -0.2681
vn 0.9281 -0.2585 -0.2681
vn -0.0653 -0.3411 0.9377
vn -0.0653 0.3411 0.9378
vn 0.8771 -0.4602 0.1373
vn 0.8475 0.4880 0.2089
vn -0.1404 -0.1404 0.9801
vn -0.2740 -0.1153 0.9548
vn -0.0000 -0.0000 1.0000
vn -0.1153 -0.2740 0.9548
vn 0.4880 0.8475 0.2089
vn -0.4602 0.8771 0.1373
vn 0.3411 -0.0653 0.9377
vn -0.3411 -0.0653 0.9378
vn 0.1404 0.1404 0.9801
vn -0.3276 -0.9445 -0.0253
vn 0.5029 -0.8165 0.2837
vn -0.3411 0.0653 0.9377
vn 0.3411 0.0653 0.9378
vn 0.0653 0.3411 0.9377
vn 0.0653 -0.3411 0.9378
vn -0.8165 0.5029 0.2837
vn -0.9445 -0.3276 -0.0253
vn 1.0000 -0.0000 -0.0000
vn -0.0000 1.0000 -0.0000
vn -0.0000 -1.0000 -0.0000
vn -1.0000 -0.0000 -0.0000
vt 0.403632 0.446356
vt 0.755443 0.446356
vt 0.772716 0.463630
vt 0.386358 0.463630
vt 0.755443 0.017274
vt 0.772716 0.000000
vt 0.403632 0.017273
vt 0.386358 0.000000
vt 0.382495 0.003864
vt 0.003864 0.003864
vt 0.000514 0.000618
vt 0.385844 0.000618
vt 0.854302 0.848856
vt 0.854302 0.464761
vt 0.858165 0.463630
vt 0.858165 0.849988
vt 0.800920 -0.000000
vt 0.800920 0.463630
vt 0.797057 0.462498
vt 0.797057 0.001132
vt 0.385844 0.463012
vt 0.382494 0.459766
vt 0.776580 0.000000
vt 0.776580 0.463630
vt 0.772716 0.462498
vt 0.772716 0.001132
vt 0.000514 0.463012
vt 0.003864 0.459766
vt 0.894419 0.001132
vt 0.894419 0.385226
vt 0.890556 0.386358
vt 0.890556 0.000000
vt 0.914896 0.351811
vt 0.914896 0.000000
vt 0.918760 0.000000
vt 0.918760 0.351811
vt 0.369085 0.017274
vt 0.017274 0.017273
vt 0.013410 0.013410
vt 0.372948 0.013410
vt 0.372948 0.450220
vt 0.369085 0.446356
vt 0.845738 0.429083
vt 0.845738 -0.000000
vt 0.849601 -0.000000
vt 0.849601 0.429083
vt 0.013410 0.450220
vt 0.017274 0.446356
vt 0.821397 0.429083
vt 0.821397 -0.000000
vt 0.825261 -0.000000
vt 0.825261 0.429083
vt 0.882506 0.463630
vt 0.882506 0.815441
vt 0.878642 0.815441
vt 0.878642 0.463630
vt 0.894419 0.351811
vt 0.894419 0.000000
vt 0.870078 -0.000000
vt 0.870078 0.429083
vt 0.845738 -0.000000
vt 0.902983 0.463630
vt 0.902983 0.815441
vt 0.878642 0.463630
vt 0.878642 0.849988
vt 0.821397 -0.000000
vt 0.821397 0.463630
vt 0.797057 0.000000
vt 0.797057 0.463630
vt 0.870078 0.386358
vt 0.870078 0.000000
s 1
usemtl Mat.Window
f 2/1/1 1/2/1 5/3/1 6/4/1
f 1/2/1 3/5/1 7/6/1 5/3/1
f 4/7/1 2/1/1 6/4/1 8/8/1
f 3/5/1 4/7/1 8/8/1 7/6/1
f 22/9/2 24/10/3 26/11/4 23/12/5
f 23/13/6 26/14/7 25/15/8 21/16/9
f 21/17/10 27/18/11 29/19/12 23/20/13
f 23/12/5 29/21/14 28/22/15 22/9/2
f 31/23/16 25/24/17 26/25/18 32/26/19
f 32/27/20 26/11/4 24/10/3 30/28/21
f 30/28/21 28/22/15 29/21/14 32/27/20
f 32/29/22 29/30/23 27/31/24 31/32/25
f 10/33/26 12/34/27 14/35/28 11/36/29
f 11/37/30 14/38/31 13/39/32 9/40/32
f 9/40/32 18/41/32 20/42/33 11/37/30
f 11/43/34 20/44/35 19/45/36 10/46/37
f 16/47/32 13/39/32 14/38/31 17/48/38
f 17/49/39 14/50/40 12/51/41 15/52/42
f 15/53/43 19/54/44 20/55/45 17/56/46
f 17/48/38 20/42/33 18/41/32 16/47/32
f 1/57/47 2/58/47 12/34/47 10/33/47
f 9/40/32 13/39/32 24/10/32 22/9/32
f 3/59/48 1/60/48 10/46/48 19/45/48
f 18/41/32 9/40/32 22/9/32 28/22/32
f 13/39/32 16/47/32 30/28/32 24/10/32
f 2/61/49 4/43/49 15/52/49 12/51/49
f 4/62/50 3/63/50 19/54/50 15/53/50
f 16/47/32 18/41/32 28/22/32 30/28/32
f 25/15/50 6/64/50 5/65/50 21/16/50
f 21/17/49 5/66/49 7/67/49 27/18/49
f 31/23/48 8/68/48 6/69/48 25/24/48
f 27/31/47 7/70/47 8/71/47 31/32/47
o Window.001
v 4.295829 4.191309 -12.368646
v 4.320396 4.190852 -12.567131
v 4.382016 6.208183 -12.564147
v 4.386086 6.341455 -12.563951
v 4.440045 8.107966 -12.561337
v 4.481169 10.259026 -12.359673
v 4.505735 10.258569 -12.558157
v 4.444116 8.241238 -12.561141
v 4.419549 8.241694 -12.362656
v 4.357449 6.208640 -12.365663
v 4.361520 6.341911 -12.365465
v 4.415478 8.108423 -12.362853
v 1.023613 4.522134 -13.043119
v 1.042364 4.540563 -13.028905
v 1.034752 4.532884 -13.038269
v 1.212432 10.111015 -13.020604
v 1.194922 10.130526 -13.034825
v 1.205361 10.119123 -13.029989
v 4.411248 10.031693 -12.636505
v 4.389587 10.013319 -12.627208
v 4.399257 10.020960 -12.634469
v 4.219501 4.442866 -12.635365
v 4.239939 4.423302 -12.644800
v 4.228643 4.434721 -12.642707
v 1.020641 4.540899 -12.854013
v 0.999046 4.522591 -12.844635
v 1.011018 4.533305 -12.846695
v 1.170355 10.130982 -12.836340
v 1.190856 10.111347 -12.845694
v 1.181670 10.119543 -12.838409
v 4.368014 10.013787 -12.452298
v 4.386681 10.032150 -12.438021
v 4.375567 10.021420 -12.442889
v 4.215372 4.423759 -12.446315
v 4.197782 4.443339 -12.460473
v 4.204910 4.435183 -12.451132
v 0.787038 4.299506 -13.058454
v 0.802309 4.312396 -13.070028
v 0.792190 4.303268 -13.067325
v 0.986834 10.353458 -13.061094
v 0.972378 10.367222 -13.049479
v 0.977291 10.363178 -13.058362
v 4.456837 10.260155 -12.620905
v 4.434161 10.247528 -12.634167
v 4.446450 10.256578 -12.629596
v 4.249636 4.206465 -12.643101
v 4.271498 4.192438 -12.629878
v 4.261349 4.196669 -12.638557
v 0.777742 4.312853 -12.871543
v 0.765747 4.299901 -12.886434
v 0.768582 4.303708 -12.876591
v 0.951086 10.367619 -12.877460
v 0.962268 10.353915 -12.862609
v 0.953683 10.363617 -12.867629
v 4.409594 10.247985 -12.435681
v 4.426476 10.260799 -12.429855
v 4.420186 10.257091 -12.433289
v 4.241137 4.193083 -12.438828
v 4.225069 4.206923 -12.444615
v 4.235085 4.197180 -12.442250
v 1.059203 4.558137 -12.987821
v 1.062598 4.563610 -12.961968
v 1.062282 4.561995 -12.975021
v 1.231296 10.086508 -12.953801
v 1.228163 10.092325 -12.979573
v 1.231057 10.088200 -12.966830
v 4.363231 9.995921 -12.591390
v 4.353631 9.990564 -12.567122
v 4.357121 9.992121 -12.579710
v 4.184934 4.467666 -12.575289
v 4.194252 4.461734 -12.599493
v 4.188342 4.465916 -12.587859
v 1.056663 4.563720 -12.914017
v 1.046997 4.558297 -12.889830
v 1.053154 4.562144 -12.901452
v 1.216104 10.092480 -12.881564
v 1.225361 10.086618 -12.905849
v 1.221971 10.088348 -12.893255
v 4.347696 9.990675 -12.519170
v 4.351176 9.996213 -12.493380
v 4.348038 9.992310 -12.506135
v 4.182052 4.462030 -12.501502
v 4.178998 4.467776 -12.527337
v 4.179214 4.466105 -12.514289
v 0.863522 6.316400 -13.067064
v 0.848658 6.316837 -13.055470
v 0.853690 6.316696 -13.064347
v 0.852729 6.450108 -13.055273
v 0.867593 6.449671 -13.066867
v 0.857761 6.449967 -13.064150
v 0.921551 8.216184 -13.064255
v 0.906687 8.216620 -13.052660
v 0.911719 8.216479 -13.061537
v 0.910758 8.349892 -13.052464
v 0.925622 8.349455 -13.064057
v 0.915790 8.349751 -13.061340
v 4.372949 8.243524 -12.637130
v 4.394369 8.242851 -12.624977
v 4.384701 8.243158 -12.632892
v 4.390298 8.109580 -12.625175
v 4.368877 8.110252 -12.637327
v 4.380630 8.109887 -12.633089
v 4.314919 6.343740 -12.639939
v 4.336340 6.343068 -12.627787
v 4.326672 6.343375 -12.635701
v 4.332269 6.209797 -12.627984
v 4.310848 6.210469 -12.640137
v 4.322601 6.210104 -12.635899
v 0.843026 6.450128 -12.868382
v 0.831437 6.450504 -12.883253
v 0.834153 6.450407 -12.873416
v 0.827367 6.317233 -12.883450
v 0.838955 6.316857 -12.868580
v 0.830082 6.317135 -12.873613
v 0.901055 8.349911 -12.865573
v 0.889467 8.350287 -12.880443
v 0.892182 8.350189 -12.870606
v 0.885396 8.217016 -12.880640
v 0.896984 8.216640 -12.865769
v 0.888112 8.216919 -12.870804
v 4.344311 8.110709 -12.438842
v 4.365731 8.110037 -12.426689
v 4.356064 8.110344 -12.434605
v 4.369802 8.243308 -12.426493
v 4.348382 8.243980 -12.438645
v 4.360134 8.243615 -12.434407
v 4.286282 6.210926 -12.441652
v 4.307702 6.210254 -12.429499
v 4.298035 6.210561 -12.437414
v 4.311772 6.343525 -12.429302
v 4.290352 6.344197 -12.441455
v 4.302105 6.343832 -12.437217
v 1.096331 6.309229 -13.026434
v 1.078218 6.309803 -13.040476
v 1.089002 6.309466 -13.035685
v 1.082289 6.443074 -13.040278
v 1.100402 6.442500 -13.026237
v 1.093072 6.442738 -13.035487
v 1.154361 8.209012 -13.023624
v 1.136247 8.209586 -13.037666
v 1.147031 8.209249 -13.032875
v 1.140318 8.342857 -13.037469
v 1.158431 8.342283 -13.023427
v 1.151102 8.342521 -13.032678
v 4.335653 8.244653 -12.629950
v 4.356644 8.244025 -12.639150
v 4.345017 8.244377 -12.637134
v 4.352572 8.110754 -12.639346
v 4.331583 8.111382 -12.630147
v 4.340946 8.111106 -12.637330
v 4.277624 6.344869 -12.632759
v 4.298615 6.344242 -12.641959
v 4.286988 6.344594 -12.639943
v 4.294543 6.210970 -12.642156
v 4.273553 6.211598 -12.632957
v 4.282917 6.211323 -12.640140
v 1.053651 6.310260 -12.841990
v 1.074641 6.309632 -12.851191
v 1.065277 6.309907 -12.844007
v 1.078712 6.442903 -12.850993
v 1.057722 6.443531 -12.841794
v 1.069348 6.443179 -12.843810
v 1.111680 8.210043 -12.839181
v 1.132670 8.209415 -12.848380
v 1.123306 8.209691 -12.841197
v 1.136741 8.342687 -12.848184
v 1.115751 8.343314 -12.838984
v 1.127377 8.342962 -12.841000
v 4.309892 8.111785 -12.454904
v 4.328006 8.111211 -12.440862
v 4.317223 8.111547 -12.445653
v 4.332077 8.244482 -12.440664
v 4.313963 8.245056 -12.454706
v 4.321293 8.244818 -12.445456
v 4.251863 6.212001 -12.457713
v 4.269977 6.211427 -12.443671
v 4.259193 6.211764 -12.448462
v 4.274047 6.344698 -12.443474
v 4.255934 6.345273 -12.457516
v 4.263264 6.345035 -12.448265
v 1.134628 6.434702 -12.970796
v 1.116718 6.441940 -12.984827
v 1.120377 6.441795 -12.962499
v 1.123946 6.438371 -12.975581
v 1.123547 6.440304 -12.972469
v 1.119815 6.441828 -12.973145
v 1.128896 6.439564 -12.968592
v 1.130964 6.314759 -12.970973
v 1.116306 6.308524 -12.962696
v 1.112647 6.308669 -12.985024
v 1.124946 6.310249 -12.968782
v 1.119562 6.309849 -12.972663
v 1.115744 6.308558 -12.973342
v 1.120079 6.311763 -12.975769
v 1.192657 8.334486 -12.967986
v 1.174747 8.341723 -12.982018
v 1.178406 8.341578 -12.959689
v 1.181975 8.338154 -12.972772
v 1.181576 8.340087 -12.969660
v 1.177844 8.341612 -12.970335
v 1.186925 8.339347 -12.965782
v 1.188993 8.214542 -12.968163
v 1.174335 8.208307 -12.959887
v 1.170676 8.208452 -12.982215
v 1.182975 8.210032 -12.965973
v 1.177591 8.209632 -12.969852
v 1.173773 8.208341 -12.970532
v 1.178108 8.211547 -12.972960
v 4.284877 8.119411 -12.584759
v 4.305664 8.112120 -12.593968
v 4.296671 8.112364 -12.573207
v 4.296402 8.115726 -12.586781
v 4.296029 8.113808 -12.583656
v 4.299812 8.112283 -12.583394
v 4.289896 8.114562 -12.581203
v 4.288541 8.239354 -12.584581
v 4.300742 8.245634 -12.573009
v 4.309734 8.245391 -12.593771
v 4.293846 8.243877 -12.581011
v 4.300014 8.244263 -12.583463
v 4.303883 8.245554 -12.583197
v 4.300269 8.242334 -12.586593
v 4.226848 6.219627 -12.587569
v 4.247634 6.212337 -12.596778
v 4.238642 6.212580 -12.576016
v 4.238373 6.215943 -12.589590
v 4.238000 6.214025 -12.586466
v 4.241783 6.212499 -12.586204
v 4.231867 6.214779 -12.584012
v 4.230512 6.339571 -12.587392
v 4.242713 6.345851 -12.575819
v 4.251705 6.345607 -12.596581
v 4.235817 6.344093 -12.583821
v 4.241985 6.344480 -12.586272
v 4.245853 6.345770 -12.586006
v 4.242240 6.342551 -12.589402
v 1.125417 6.434874 -12.896379
v 1.113623 6.441921 -12.907931
v 1.104631 6.442165 -12.887170
v 1.120398 6.439722 -12.899936
v 1.114266 6.440476 -12.897482
v 1.110482 6.442002 -12.897744
v 1.113893 6.438558 -12.894358
v 1.100560 6.308894 -12.887367
v 1.109552 6.308650 -12.908129
v 1.121754 6.314930 -12.896556
v 1.106411 6.308731 -12.897942
v 1.110281 6.310022 -12.897676
v 1.116448 6.310408 -12.900126
v 1.110026 6.311950 -12.894546
v 1.183447 8.334658 -12.893569
v 1.171652 8.341704 -12.905122
v 1.162660 8.341949 -12.884360
v 1.178427 8.339505 -12.897126
v 1.172295 8.340260 -12.894672
v 1.168511 8.341785 -12.894935
v 1.171922 8.338341 -12.891548
v 1.158589 8.208677 -12.884557
v 1.167582 8.208433 -12.905318
v 1.179783 8.214713 -12.893746
v 1.164441 8.208514 -12.895132
v 1.168310 8.209805 -12.894865
v 1.174477 8.210191 -12.897317
v 1.168055 8.211734 -12.891736
v 4.279330 8.239526 -12.510165
v 4.297647 8.245615 -12.496114
v 4.293988 8.245760 -12.518442
v 4.290216 8.242521 -12.505369
v 4.290733 8.244435 -12.508475
v 4.294550 8.245728 -12.507796
v 4.285348 8.244035 -12.512355
v 4.275667 8.119582 -12.510343
v 4.289917 8.112489 -12.518639
v 4.293577 8.112345 -12.496310
v 4.281398 8.114720 -12.512547
v 4.286748 8.113980 -12.508669
v 4.290480 8.112456 -12.507994
v 4.286349 8.115913 -12.505556
v 4.221301 6.339743 -12.512975
v 4.239618 6.345832 -12.498923
v 4.235959 6.345977 -12.521252
v 4.232187 6.342738 -12.508179
v 4.232704 6.344652 -12.511285
v 4.236521 6.345944 -12.510606
v 4.227319 6.344252 -12.515165
v 4.217638 6.219799 -12.513152
v 4.231888 6.212706 -12.521448
v 4.235548 6.212561 -12.499121
v 4.223369 6.214937 -12.515356
v 4.228719 6.214197 -12.511478
v 4.232450 6.212673 -12.510803
v 4.228320 6.216130 -12.508366
v 4.768620 10.250471 -12.512166
v 4.757031 10.250847 -12.527036
v 4.765903 10.250568 -12.522002
v 4.732465 10.251304 -12.328551
v 4.747328 10.250867 -12.340145
v 4.742296 10.251007 -12.331268
v 4.561989 4.183150 -12.349119
v 4.547125 4.183587 -12.337524
v 4.556957 4.183290 -12.340242
v 4.571692 4.183130 -12.536010
v 4.583281 4.182755 -12.521139
v 4.580564 4.182852 -12.530975
v 4.610969 7.593881 -12.348793
v 4.629937 7.593281 -12.335123
v 4.598889 7.642319 -12.339079
v 4.599148 7.618358 -12.347114
v 4.618903 7.593625 -12.339806
v 4.613143 7.618408 -12.340382
v 4.621240 7.627764 -12.336279
v 4.598796 7.629781 -12.341440
v 4.606835 7.607124 -12.350083
v 4.685709 8.233536 -12.343129
v 4.670845 8.233973 -12.331534
v 4.680676 8.233676 -12.334252
v 4.608745 6.200918 -12.334541
v 4.623609 6.200481 -12.346136
v 4.618577 6.200622 -12.337258
v 4.588048 6.843520 -12.349902
v 4.574756 6.819805 -12.348294
v 4.573035 6.795880 -12.340330
v 4.607018 6.842920 -12.336233
v 4.583115 6.830557 -12.351233
v 4.588721 6.818881 -12.341564
v 4.573708 6.808408 -12.342655
v 4.596232 6.809036 -12.337490
v 4.595984 6.843264 -12.340915
v 4.637383 6.333733 -12.532829
v 4.648971 6.333356 -12.517959
v 4.646255 6.333454 -12.527795
v 4.644900 6.200086 -12.518156
v 4.633312 6.200461 -12.533026
v 4.642184 6.200183 -12.527992
v 4.695412 8.233516 -12.530020
v 4.707000 8.233140 -12.515149
v 4.704284 8.233237 -12.524985
v 4.702929 8.099869 -12.515347
v 4.691341 8.100245 -12.530216
v 4.700213 8.099966 -12.525183
v 4.444352 6.823812 -12.364444
v 4.433311 6.848274 -12.369065
v 4.411583 6.848925 -12.360435
v 4.442631 6.799888 -12.356481
v 4.437627 6.835028 -12.369249
v 4.429138 6.823784 -12.361327
v 4.423425 6.848566 -12.362285
v 4.420280 6.814443 -12.359281
v 4.443303 6.812415 -12.358805
v 4.468744 7.622365 -12.363263
v 4.468485 7.646327 -12.355228
v 4.434503 7.599287 -12.359326
v 4.456231 7.598636 -12.367956
v 4.468392 7.633788 -12.357590
v 4.453560 7.623312 -12.360146
v 4.445289 7.633171 -12.358069
v 4.446345 7.598928 -12.361176
v 4.461347 7.611595 -12.368101
v 4.666774 8.100701 -12.331732
v 4.681638 8.100265 -12.343326
v 4.676606 8.100405 -12.334449
v 4.627679 6.333753 -12.345939
v 4.612816 6.334189 -12.334344
v 4.622647 6.333893 -12.337062
v 4.607821 7.586461 -12.354917
v 4.592500 7.602684 -12.360049
v 4.588601 7.578850 -12.368599
v 4.601937 7.595577 -12.359613
v 4.598450 7.590225 -12.363785
v 4.590772 7.591325 -12.365980
v 4.599761 7.582611 -12.363911
v 4.585360 6.851136 -12.356005
v 4.566642 6.859946 -12.369662
v 4.569077 6.835894 -12.361183
v 4.577551 6.855497 -12.364985
v 4.575778 6.847977 -12.364882
v 4.568048 6.847354 -12.367080
v 4.578932 6.842410 -12.360727
v 4.453962 6.839431 -12.375440
v 4.459841 6.863228 -12.382889
v 4.437861 6.855669 -12.374271
v 4.457089 6.850764 -12.380821
v 4.449110 6.851870 -12.380569
v 4.447873 6.859482 -12.381045
v 4.444706 6.846535 -12.377351
v 4.477384 7.606221 -12.374306
v 4.460322 7.590993 -12.373183
v 4.481800 7.582132 -12.381825
v 4.467712 7.599701 -12.376237
v 4.471782 7.594117 -12.379472
v 4.470082 7.586596 -12.379971
v 4.479814 7.594734 -12.379722
vn 0.2918 0.1888 -0.9377
vn 0.1043 0.7995 -0.5915
vn 0.1300 0.0080 -0.9915
vn 0.8617 0.0859 -0.5000
vn 0.9335 -0.0304 -0.3573
vn 0.3589 0.5625 -0.7448
vn 0.1570 -0.7707 -0.6176
vn 0.5910 0.0118 -0.8066
vn 0.1227 0.0033 -0.9924
vn 0.9911 -0.1319 0.0153
vn 0.4867 -0.4010 -0.7761
vn 0.9298 -0.0289 -0.3669
vn 0.8663 0.0804 -0.4931
vn 0.9306 -0.0287 -0.3650
vn 0.1457 0.8067 -0.5727
vn 0.9917 -0.1281 0.0046
vn 0.4848 -0.3978 -0.7790
vn 0.9329 -0.0294 -0.3589
vn -0.0545 -0.1933 -0.9796
vn 0.0371 -0.8057 -0.5912
vn 0.1215 -0.0004 -0.9926
vn -0.7139 -0.0887 -0.6947
vn -0.8182 0.0283 -0.5742
vn -0.3012 -0.3715 -0.8782
vn -0.0039 0.7724 -0.6351
vn -0.3765 -0.0158 -0.9263
vn 0.1283 -0.0211 -0.9915
vn -0.9649 0.1314 -0.2275
vn -0.5821 0.1184 -0.8044
vn -0.8123 0.0267 -0.5827
vn -0.7200 -0.0831 -0.6890
vn -0.8134 0.0265 -0.5810
vn -0.0365 -0.6673 -0.7439
vn -0.9629 0.1276 -0.2379
vn -0.5806 0.1137 -0.8062
vn -0.8172 0.0273 -0.5757
vn 0.0480 0.7644 0.6430
vn 0.3747 -0.0415 0.9262
vn -0.1233 -0.0033 0.9924
vn 0.9688 0.0679 0.2382
vn 0.3034 0.3735 0.8766
vn 0.8173 -0.0244 0.5757
vn 0.7135 -0.1289 0.6886
vn 0.3760 0.0145 0.9265
vn 0.8135 -0.0249 0.5810
vn -0.1261 -0.8195 0.5590
vn -0.0473 -0.8097 0.5849
vn -0.1163 -0.0084 0.9932
vn 0.3716 -0.0517 0.9269
vn -0.1156 0.0126 0.9932
vn 0.9711 0.0716 0.2278
vn 0.3062 0.3766 0.8743
vn 0.8123 -0.0247 0.5827
vn 0.7071 -0.1341 0.6943
vn 0.3792 0.0005 0.9253
vn 0.8184 -0.0234 0.5742
vn 0.1319 -0.5776 0.8056
vn -0.1229 0.0079 0.9924
vn -0.2899 0.2125 0.9332
vn -0.0594 0.8064 0.5884
vn -0.1174 -0.0166 0.9930
vn -0.8598 0.1317 0.4933
vn -0.9306 0.0271 0.3651
vn -0.1763 0.6739 0.7175
vn -0.2053 -0.7660 0.6092
vn -0.5864 0.0556 0.8081
vn -0.1241 0.0042 0.9923
vn -0.9977 -0.0674 -0.0049
vn -0.7654 -0.0724 0.6395
vn -0.9330 0.0265 0.3590
vn -0.2791 0.2027 0.9386
vn -0.8549 0.1369 0.5004
vn -0.9333 0.0274 0.3581
vn -0.4831 0.3956 0.7811
vn -0.5895 0.0443 0.8065
vn -0.9973 -0.0712 -0.0155
vn -0.7667 -0.0770 0.6374
vn -0.9301 0.0288 0.3661
vn -0.6135 -0.0088 0.7897
vn -0.6012 -0.3448 0.7209
vn -0.9037 0.0251 0.4274
vn -0.1241 0.0019 0.9923
vn -0.4128 -0.2221 0.8833
vn -0.1327 -0.2635 0.9555
vn -0.1232 -0.0016 0.9924
vn -0.1223 0.0085 0.9925
vn -0.1214 -0.5982 0.7921
vn -0.5779 0.3452 0.7395
vn -0.5848 0.0184 0.8110
vn -0.9020 0.0307 0.4306
vn -0.0813 0.6041 0.7928
vn -0.3986 0.2443 0.8840
vn -0.1229 0.0061 0.9924
vn -0.2273 0.2263 0.9472
vn -0.1228 -0.0037 0.9924
vn -0.1238 0.0027 0.9923
vn -0.0751 0.6018 0.7951
vn 0.1851 0.2264 0.9563
vn -0.1051 0.3143 0.9435
vn 0.4024 0.0128 0.9154
vn 0.3855 0.3127 0.8681
vn 0.7722 -0.0227 0.6349
vn -0.1215 0.0027 0.9926
vn -0.1225 0.0061 0.9924
vn -0.1234 -0.0040 0.9924
vn -0.1148 -0.6004 0.7914
vn 0.1709 -0.2401 0.9556
vn 0.3854 -0.3751 0.8431
vn -0.1227 -0.0016 0.9924
vn -0.0106 -0.2219 0.9750
vn -0.1229 0.0082 0.9924
vn -0.1219 0.0018 0.9925
vn 0.4099 -0.0831 0.9083
vn 0.7698 -0.0282 0.6376
vn -0.9021 0.0273 0.4307
vn -0.4626 -0.2223 0.8583
vn -0.5840 0.0138 0.8116
vn -0.1305 -0.2655 0.9552
vn -0.6134 -0.2546 0.7476
vn -0.1197 -0.5982 0.7924
vn -0.1272 -0.0025 0.9919
vn -0.9015 0.0271 0.4319
vn -0.4482 0.2475 0.8590
vn -0.5799 0.3696 0.7260
vn -0.1307 0.3740 0.9182
vn -0.6093 0.1162 0.7843
vn -0.1271 0.0074 0.9919
vn -0.0830 0.6021 0.7941
vn -0.1059 0.2700 0.9570
vn 0.4067 0.3394 0.8482
vn -0.0754 0.6007 0.7959
vn 0.4008 0.0147 0.9161
vn -0.1168 0.0080 0.9931
vn 0.7690 -0.0242 0.6388
vn 0.2395 0.2264 0.9441
vn 0.4033 -0.3414 0.8490
vn -0.1265 -0.3159 0.9403
vn -0.1120 -0.5973 0.7941
vn 0.7699 -0.0240 0.6377
vn 0.2251 -0.2434 0.9435
vn 0.4002 -0.1126 0.9095
vn -0.1174 -0.0036 0.9931
vn 0.1242 -0.0254 -0.9919
vn -0.6215 0.7125 -0.3255
vn 0.6350 0.5871 -0.5021
vn -0.4372 0.8403 0.3206
vn 0.8888 0.4549 -0.0551
vn 0.1256 0.0207 -0.9919
vn -0.6609 -0.6753 -0.3273
vn 0.1234 -0.0205 -0.9921
vn 0.5988 -0.6224 -0.5041
vn -0.4876 -0.8131 0.3181
vn -0.2376 0.7306 -0.6401
vn -0.4703 -0.0982 0.8770
vn -0.9181 0.0192 0.3958
vn -0.6123 0.7511 0.2468
vn -0.0957 -0.1308 0.9868
vn -0.2816 -0.7129 -0.6422
vn -0.0648 0.4170 0.9066
vn -0.4638 -0.1015 0.8801
vn -0.0876 0.1335 0.9872
vn -0.1256 -0.1221 0.9845
vn 0.2066 0.0304 -0.9780
vn 0.0887 0.0238 -0.9958
vn 0.1605 0.0228 -0.9868
vn 0.1255 -0.0045 -0.9921
vn 0.1222 -0.0018 -0.9925
vn 0.0381 -0.0349 -0.9987
vn 0.1567 -0.0284 -0.9872
vn 0.0849 -0.0274 -0.9960
vn 0.1202 -0.0001 -0.9928
vn 0.1235 -0.0028 -0.9923
vn -0.1256 0.0003 0.9921
vn -0.1587 0.0298 0.9869
vn -0.5614 -0.4336 0.7049
vn -0.2044 0.0401 0.9781
vn -0.3734 0.2586 0.8909
vn -0.1200 0.0043 0.9928
vn -0.0867 -0.0252 0.9959
vn 0.3728 0.4371 0.8185
vn -0.0402 -0.0355 0.9986
vn 0.1448 -0.2543 0.9562
vn -0.0304 -0.9995 -0.0024
vn -0.0031 -0.9762 -0.2170
vn -0.0306 -0.9995 -0.0006
vn -0.0027 -0.9754 -0.2203
vn 0.0241 -0.9072 -0.4200
vn 0.0306 0.9995 0.0006
vn 0.0565 0.9752 -0.2141
vn 0.0304 0.9995 0.0023
vn 0.0569 0.9744 -0.2175
vn 0.0795 0.9053 -0.4173
vn -0.0795 -0.9053 0.4173
vn -0.0569 -0.9744 0.2175
vn -0.0799 -0.9032 0.4217
vn -0.0565 -0.9752 0.2141
vn -0.0242 0.9072 0.4200
vn 0.0027 0.9754 0.2203
vn -0.0248 0.9052 0.4244
vn 0.0031 0.9762 0.2170
vn 0.0304 0.9995 0.0024
vn 0.1228 -0.0023 -0.9924
vn -0.4011 0.0130 -0.9160
vn 0.1235 -0.0023 -0.9923
vn -0.4010 0.0136 -0.9160
vn -0.8117 0.0257 -0.5835
vn 0.1241 -0.0023 -0.9923
vn -0.4010 0.0119 -0.9160
vn -0.8124 0.0257 -0.5826
vn -0.1229 0.0023 0.9924
vn -0.6122 0.0183 0.7905
vn -0.1222 0.0023 0.9925
vn -0.6122 0.0175 0.7905
vn -0.9295 0.0278 0.3679
vn -0.1216 0.0022 0.9926
vn -0.6121 0.0193 0.7906
vn -0.9299 0.0279 0.3668
vn 0.1229 -0.0023 -0.9924
vn 0.6123 -0.0169 -0.7905
vn 0.1222 -0.0023 -0.9925
vn 0.6122 -0.0175 -0.7905
vn 0.9295 -0.0278 -0.3678
vn 0.1216 -0.0022 -0.9926
vn 0.6122 -0.0157 -0.7906
vn 0.9299 -0.0278 -0.3668
vn -0.8065 0.0235 0.5908
vn -0.4931 0.0138 0.8699
vn -0.7882 0.0232 0.6149
vn -0.4897 0.0439 0.8708
vn -0.7883 0.0232 0.6149
vn -0.4918 0.0439 0.8696
vn -0.8065 0.0240 0.5908
vn -0.1487 0.0032 0.9889
vn 0.8124 -0.0257 0.5826
vn 0.4011 -0.0119 0.9160
vn 0.8107 -0.0257 0.5850
vn 0.4010 -0.0136 0.9160
vn -0.1241 0.0023 0.9923
vn -0.9920 0.0305 -0.1228
vn 0.8117 -0.0257 0.5835
vn 0.4011 -0.0131 0.9160
vn -0.1228 0.0023 0.9924
vn 0.7856 -0.0231 -0.6183
vn 0.4931 -0.0138 -0.8699
vn 0.7882 -0.0232 -0.6149
vn 0.4933 -0.0179 -0.8697
vn 0.7883 -0.0232 -0.6149
vn 0.4930 -0.0179 -0.8699
vn 0.1185 -0.0022 -0.9930
vn -0.9920 0.0305 -0.1229
vn -0.6146 0.0199 -0.7886
vn 0.3886 0.2379 -0.8901
vn 0.1245 0.0158 -0.9921
vn -0.1180 0.1267 0.9849
vn -0.1600 -0.2422 -0.9570
vn 0.1185 -0.0021 -0.9930
vn -0.1235 0.0023 0.9923
vn 0.9900 -0.0303 0.1379
vn 0.9919 -0.0301 -0.1237
vn 0.9901 -0.0305 0.1370
vn 0.9914 -0.0300 -0.1273
vn 0.9343 -0.0281 -0.3553
vn -0.9937 0.0304 -0.1078
vn -0.9317 0.0290 -0.3620
vn -0.9936 0.0306 -0.1087
vn -0.9304 0.0289 -0.3653
vn -0.8195 0.0259 -0.5725
vn 0.9936 -0.0304 0.1086
vn 0.9304 -0.0290 0.3653
vn 0.8195 -0.0258 0.5725
vn 0.9937 -0.0306 0.1078
vn 0.9317 -0.0290 0.3620
vn -0.9901 0.0303 -0.1370
vn -0.9914 0.0301 0.1273
vn -0.9343 0.0280 0.3553
vn -0.9900 0.0306 -0.1378
vn -0.9919 0.0301 0.1238
vn 0.9920 -0.0305 0.1229
vn 0.6146 -0.0199 0.7886
vn 0.9920 -0.0305 0.1228
vn 0.9919 -0.0305 0.1229
vn 0.0798 0.9043 -0.4195
vn 0.0798 0.9042 -0.4195
vn 0.9291 -0.0278 -0.3688
vn 0.9291 -0.0278 -0.3689
vn 0.0244 -0.9062 -0.4222
vn 0.9299 -0.0279 -0.3668
vn -0.8124 0.0256 -0.5826
vn -0.8111 0.0256 -0.5843
vn -0.8111 0.0256 -0.5844
vn -0.8124 0.0257 -0.5825
vn 0.8111 -0.0257 0.5843
vn -0.0245 0.9062 0.4222
vn -0.0797 -0.9042 0.4195
vn -0.0797 -0.9043 0.4195
vn 0.8111 -0.0256 0.5844
vn -0.9291 0.0279 0.3688
vn -0.9291 0.0278 0.3688
vn -0.9291 0.0278 0.3689
vn -0.0305 -0.9995 -0.0015
vn 0.0305 0.9995 0.0015
vn -0.9020 0.0269 0.4310
vn -0.1163 -0.6024 0.7897
vn -0.0794 0.6060 0.7915
vn -0.0794 0.6061 0.7915
vn 0.7697 -0.0245 0.6380
vn 0.7696 -0.0245 0.6380
vn 0.4131 0.8048 -0.4261
vn 0.3633 -0.8273 -0.4285
vn 0.4132 0.8048 -0.4261
vn -0.2973 -0.8069 -0.5103
vn -0.2474 0.8251 -0.5080
vn -0.2474 0.8251 -0.5079
vn 0.2973 0.8070 0.5103
vn 0.2474 -0.8251 0.5079
vn -0.3633 0.8272 0.4286
vn -0.4132 -0.8048 0.4261
vn -0.3634 0.8272 0.4286
vn -0.4132 -0.8048 0.4262
vn 0.8594 -0.5082 -0.0565
vn -0.2033 0.8556 0.4761
vn -0.1221 0.0028 0.9925
vn -0.1235 0.0018 0.9923
vn 0.0247 -0.9052 -0.4243
vn 0.0800 0.9032 -0.4217
vn -0.0304 -0.9995 -0.0023
vn -0.8107 0.0256 -0.5850
vn -0.9288 0.0279 0.3695
vn 0.9288 -0.0278 -0.3695
vn -0.1487 0.0029 0.9889
vn 0.9352 -0.0279 -0.3530
vn -0.8209 0.0258 -0.5704
vn 0.8209 -0.0261 0.5705
vn -0.9352 0.0282 0.3530
vn 0.8111 -0.0257 0.5844
vn -0.9291 0.0279 0.3689
vt 0.988486 0.182418
vt 0.988293 0.181968
vt 0.988679 0.181645
vt 0.956765 0.676658
vt 0.956765 0.676852
vt 0.956097 0.676658
vt 0.040564 0.997408
vt 0.040564 0.997859
vt 0.039985 0.997859
vt 0.996020 0.181968
vt 0.995827 0.182418
vt 0.995634 0.181645
vt 0.956765 0.684386
vt 0.957344 0.684386
vt 0.956764 0.684192
vt 0.956098 0.684386
vt 0.988089 0.832412
vt 0.987896 0.831961
vt 0.988282 0.831639
vt 0.956764 0.566507
vt 0.956765 0.566701
vt 0.956098 0.566507
vt 0.044910 0.997408
vt 0.044910 0.997859
vt 0.044330 0.997859
vt 0.995623 0.831961
vt 0.995430 0.832412
vt 0.995236 0.831639
vt 0.956765 0.574235
vt 0.956765 0.574235
vt 0.957344 0.574235
vt 0.956764 0.574041
vt 0.956098 0.574235
vt 0.995430 0.649994
vt 0.995623 0.650444
vt 0.995237 0.650766
vt 0.961551 0.110605
vt 0.961551 0.110412
vt 0.962218 0.110605
vt 0.996105 0.645597
vt 0.996105 0.646048
vt 0.995525 0.646048
vt 0.987896 0.650444
vt 0.988089 0.649994
vt 0.988282 0.650766
vt 0.961551 0.102878
vt 0.961551 0.102878
vt 0.960972 0.102878
vt 0.961551 0.103071
vt 0.962218 0.102878
vt 0.995827 0.000000
vt 0.996020 0.000450
vt 0.995634 0.000773
vt 0.961551 0.220756
vt 0.961551 0.220563
vt 0.962218 0.220756
vt 0.027527 0.997408
vt 0.027527 0.997859
vt 0.026948 0.997859
vt 0.988293 0.000450
vt 0.988486 0.000000
vt 0.988679 0.000773
vt 0.961551 0.213029
vt 0.961551 0.213029
vt 0.960972 0.213029
vt 0.961551 0.213222
vt 0.962218 0.213029
vt 0.980169 0.650444
vt 0.980362 0.649993
vt 0.980555 0.650766
vt 0.961108 0.676658
vt 0.961108 0.676658
vt 0.960529 0.676658
vt 0.961108 0.676852
vt 0.961798 0.676658
vt 0.961108 0.684386
vt 0.961108 0.684192
vt 0.961798 0.684386
vt 0.023182 0.815891
vt 0.023182 0.815441
vt 0.023761 0.815441
vt 0.987703 0.649993
vt 0.987896 0.650444
vt 0.987509 0.650766
vt 0.953204 0.787713
vt 0.953397 0.787263
vt 0.953590 0.788036
vt 0.961108 0.566507
vt 0.960529 0.566507
vt 0.961108 0.566701
vt 0.961798 0.566507
vt 0.961108 0.574235
vt 0.961108 0.574041
vt 0.961798 0.574234
vt 0.991759 0.464080
vt 0.991759 0.463630
vt 0.992339 0.463630
vt 0.960738 0.787263
vt 0.960931 0.787713
vt 0.960545 0.788036
vt 0.953397 0.969681
vt 0.953204 0.969231
vt 0.953590 0.968908
vt 0.957207 0.102878
vt 0.957207 0.103071
vt 0.956518 0.102878
vt 0.040564 0.815891
vt 0.040564 0.815441
vt 0.041144 0.815441
vt 0.960931 0.969231
vt 0.960738 0.969681
vt 0.960545 0.968908
vt 0.957207 0.110605
vt 0.957787 0.110605
vt 0.957207 0.110412
vt 0.956518 0.110605
vt 0.980362 0.832412
vt 0.980169 0.831961
vt 0.980555 0.831639
vt 0.957207 0.213029
vt 0.957207 0.213222
vt 0.956518 0.213029
vt 0.036218 0.815891
vt 0.036218 0.815441
vt 0.036798 0.815441
vt 0.987896 0.831961
vt 0.987703 0.832412
vt 0.987509 0.831639
vt 0.957207 0.220756
vt 0.957787 0.220756
vt 0.957207 0.220563
vt 0.956518 0.220756
vt 0.057309 0.817453
vt 0.058211 0.816607
vt 0.057972 0.817453
vt 0.056951 0.817453
vt 0.057309 0.816028
vt 0.906901 0.615769
vt 0.905570 0.615800
vt 0.906901 0.614997
vt 0.906901 0.616385
vt 0.906029 0.615970
vt 0.058211 0.861806
vt 0.057309 0.860960
vt 0.057972 0.860960
vt 0.906901 0.662686
vt 0.905931 0.663051
vt 0.906339 0.662135
vt 0.905570 0.663270
vt 0.906901 0.663301
vt 0.906901 0.664073
vt 0.905001 0.661288
vt 0.914519 0.662686
vt 0.915391 0.663100
vt 0.914519 0.663301
vt 0.060637 0.860960
vt 0.059735 0.861806
vt 0.059973 0.860960
vt 0.060994 0.860960
vt 0.060637 0.862385
vt 0.915850 0.663270
vt 0.914519 0.664074
vt 0.914519 0.616385
vt 0.915489 0.616020
vt 0.915080 0.616936
vt 0.915850 0.615800
vt 0.914519 0.615769
vt 0.914519 0.614997
vt 0.916419 0.617782
vt 0.059735 0.816607
vt 0.060637 0.817453
vt 0.059973 0.817453
vt 0.058309 0.817889
vt 0.058973 0.817593
vt 0.058973 0.818127
vt 0.907469 0.617921
vt 0.906668 0.617614
vt 0.907347 0.617305
vt 0.906817 0.618456
vt 0.907590 0.618694
vt 0.058309 0.860524
vt 0.058973 0.860725
vt 0.058735 0.861128
vt 0.907469 0.661149
vt 0.906817 0.660614
vt 0.907590 0.660376
vt 0.906668 0.661456
vt 0.907347 0.661765
vt 0.913951 0.661149
vt 0.914751 0.661456
vt 0.914073 0.661765
vt 0.914602 0.660614
vt 0.913830 0.660376
vt 0.059636 0.860524
vt 0.058973 0.860821
vt 0.058973 0.860286
vt 0.914751 0.617614
vt 0.913951 0.617921
vt 0.914073 0.617306
vt 0.059636 0.817889
vt 0.058973 0.817689
vt 0.059210 0.817285
vt 0.914602 0.618456
vt 0.913830 0.618694
vt 0.202178 0.464402
vt 0.000143 0.463713
vt 0.202930 0.463765
vt 0.980168 0.483283
vt 0.975605 0.686134
vt 0.979577 0.482619
vt 0.202178 0.814668
vt 0.000143 0.815357
vt 0.000773 0.814668
vt 0.964790 0.705801
vt 0.969353 0.908652
vt 0.968576 0.908440
vt 0.965562 0.685946
vt 0.968577 0.483179
vt 0.968367 0.482796
vt 0.854162 0.463716
vt 0.652124 0.464402
vt 0.651447 0.463723
vt 0.979396 0.908464
vt 0.976381 0.705697
vt 0.980164 0.908224
vt 0.854162 0.815354
vt 0.652124 0.814668
vt 0.853529 0.814668
vt 0.987604 0.185990
vt 0.988293 0.000000
vt 0.988293 0.186364
vt 0.200453 0.477718
vt 0.013316 0.476946
vt 0.201225 0.476946
vt 0.952515 0.973253
vt 0.953204 0.787263
vt 0.953204 0.973627
vt 0.014089 0.801352
vt 0.201225 0.802125
vt 0.013316 0.802125
vt 0.653076 0.476946
vt 0.840213 0.477718
vt 0.653849 0.477718
vt 0.976702 0.186364
vt 0.977391 0.000374
vt 0.977393 0.185994
vt 0.840986 0.802125
vt 0.653849 0.801352
vt 0.840213 0.801352
vt 0.941613 0.973627
vt 0.942302 0.787637
vt 0.942304 0.973257
vt 0.983898 0.001973
vt 0.984670 0.184391
vt 0.983898 0.184391
vt 0.984670 0.001973
vt 0.985361 0.184761
vt 0.948809 0.789236
vt 0.949581 0.971654
vt 0.948809 0.971654
vt 0.949581 0.789236
vt 0.950272 0.972024
vt 0.979634 0.001603
vt 0.980325 0.184391
vt 0.979636 0.184765
vt 0.980325 0.001973
vt 0.981098 0.184391
vt 0.944545 0.788867
vt 0.945236 0.971654
vt 0.944547 0.972028
vt 0.945236 0.789236
vt 0.946008 0.971654
vt 0.201225 0.588323
vt 0.200453 0.580596
vt 0.201225 0.580596
vt 0.965112 0.110605
vt 0.964445 0.102878
vt 0.965112 0.102878
vt 0.201225 0.698474
vt 0.200453 0.690747
vt 0.201225 0.690747
vt 0.965112 0.220756
vt 0.964445 0.213029
vt 0.965112 0.213029
vt 0.653076 0.690747
vt 0.653849 0.698474
vt 0.653076 0.698474
vt 0.953526 0.213029
vt 0.954216 0.220756
vt 0.953526 0.220756
vt 0.653076 0.580596
vt 0.653849 0.588323
vt 0.653076 0.588323
vt 0.953526 0.102878
vt 0.954216 0.110605
vt 0.953526 0.110605
vt 0.013316 0.690747
vt 0.014089 0.698474
vt 0.013316 0.698474
vt 0.953204 0.676658
vt 0.953871 0.684386
vt 0.953204 0.684386
vt 0.013316 0.580596
vt 0.014089 0.588323
vt 0.013316 0.588323
vt 0.953204 0.566507
vt 0.953871 0.574235
vt 0.953204 0.574235
vt 0.991759 0.645597
vt 0.041144 0.997859
vt 0.023182 0.997408
vt 0.036798 0.997859
vt 0.995525 0.463630
vt 0.044910 0.815891
vt 0.026948 0.815441
vt 0.040564 0.815891
vt 0.999437 0.116966
vt 1.000000 0.124694
vt 0.999437 0.124694
vt 0.651351 0.580596
vt 0.652124 0.588323
vt 0.651351 0.588323
vt 0.999437 0.227117
vt 1.000000 0.234845
vt 0.999437 0.234845
vt 0.651351 0.690747
vt 0.652124 0.698474
vt 0.651351 0.698474
vt 0.964100 0.676658
vt 0.964789 0.684386
vt 0.964100 0.684386
vt 0.840213 0.690747
vt 0.840986 0.698474
vt 0.840213 0.698474
vt 0.931122 0.234845
vt 0.930350 0.227117
vt 0.931123 0.227117
vt 0.854302 0.698474
vt 0.853529 0.690747
vt 0.854302 0.690747
vt 0.964100 0.566507
vt 0.964789 0.574234
vt 0.964100 0.574235
vt 0.840213 0.580596
vt 0.840985 0.588323
vt 0.840213 0.588323
vt 0.931122 0.124694
vt 0.930350 0.116966
vt 0.931123 0.116966
vt 0.854302 0.588323
vt 0.853529 0.580596
vt 0.854302 0.580596
vt 0.203497 0.698474
vt 0.202951 0.690747
vt 0.203497 0.690747
vt 0.202951 0.698474
vt 0.202178 0.690747
vt 0.203497 0.588323
vt 0.202951 0.580596
vt 0.203497 0.580596
vt 0.202951 0.588323
vt 0.202178 0.580596
vt 0.941163 0.116966
vt 0.941936 0.124694
vt 0.941163 0.124694
vt 0.000000 0.580596
vt 0.000773 0.588323
vt 0.000000 0.588323
vt 0.941163 0.227117
vt 0.941935 0.234845
vt 0.941163 0.234845
vt 0.000000 0.690747
vt 0.000773 0.698474
vt 0.000000 0.698474
vt 0.941936 0.351585
vt 0.930350 0.351585
vt 0.931123 0.351811
vt 0.953871 0.676658
vt 0.014089 0.690747
vt 0.941936 0.227117
vt 0.000773 0.690747
vt 0.953879 0.786934
vt 0.853529 0.588323
vt 0.930350 0.124694
vt 0.953880 0.463955
vt 0.953204 0.463630
vt 0.014089 0.477718
vt 0.941936 0.000226
vt 0.941935 0.116966
vt 0.000773 0.464402
vt 0.000773 0.580596
vt 0.853529 0.464402
vt 0.930350 0.000226
vt 1.000000 0.000226
vt 0.999777 0.000000
vt 0.964445 0.110605
vt 0.200453 0.588323
vt 0.202178 0.588323
vt 0.964437 0.000329
vt 0.652124 0.690747
vt 1.000000 0.227117
vt 0.964435 0.323308
vt 0.965112 0.323634
vt 0.200453 0.801352
vt 0.202930 0.815306
vt 0.202178 0.698474
vt 1.000000 0.351585
vt 0.964090 0.786938
vt 0.964789 0.787263
vt 0.964789 0.676658
vt 0.840986 0.690747
vt 0.964092 0.463959
vt 0.964789 0.566507
vt 0.840986 0.580596
vt 0.954225 0.000325
vt 0.953526 0.000000
vt 0.954216 0.213029
vt 0.653849 0.690747
vt 0.954224 0.323304
vt 0.957537 0.785558
vt 0.956765 0.785558
vt 0.957344 0.676658
vt 0.957537 0.465335
vt 0.956765 0.465335
vt 0.956090 0.465006
vt 0.960779 0.001706
vt 0.961551 0.001706
vt 0.960972 0.110605
vt 0.960779 0.321928
vt 0.961551 0.321928
vt 0.962226 0.322257
vt 0.960336 0.785558
vt 0.961108 0.785558
vt 0.961806 0.785887
vt 0.960529 0.574235
vt 0.960336 0.465335
vt 0.961108 0.465335
vt 0.957980 0.001706
vt 0.957207 0.001706
vt 0.956510 0.001377
vt 0.957787 0.213029
vt 0.957980 0.321928
vt 0.957207 0.321928
vt 0.940841 0.580596
vt 0.941613 0.588323
vt 0.940841 0.588323
vt 0.902983 0.580596
vt 0.903755 0.588323
vt 0.902983 0.588323
vt 0.940841 0.690747
vt 0.941613 0.698474
vt 0.940841 0.698474
vt 0.902983 0.690747
vt 0.903755 0.698474
vt 0.902983 0.698474
vt 0.930800 0.698474
vt 0.930028 0.690747
vt 0.930800 0.690747
vt 0.222268 0.698474
vt 0.221496 0.690747
vt 0.222268 0.690747
vt 0.930800 0.588323
vt 0.930028 0.580596
vt 0.930800 0.580596
vt 0.222268 0.588323
vt 0.221496 0.580596
vt 0.222268 0.580596
vt 0.221496 0.463630
vt 0.930028 0.463630
vt 0.903756 0.580596
vt 0.902983 0.463630
vt 0.903756 0.463630
vt 0.941613 0.580596
vt 0.940841 0.463630
vt 0.941613 0.463630
vt 0.930028 0.588323
vt 0.221496 0.588323
vt 0.903755 0.690747
vt 0.941613 0.690747
vt 0.930800 0.815441
vt 0.930028 0.698474
vt 0.222268 0.815441
vt 0.221496 0.698474
vt 0.903756 0.815441
vt 0.941613 0.815441
vt 0.905774 0.661288
vt 0.905001 0.617782
vt 0.905774 0.617782
vt 0.915646 0.617782
vt 0.916419 0.661288
vt 0.915646 0.661288
vt 0.058973 0.818127
vt 0.058735 0.817285
vt 0.906339 0.616936
vt 0.915080 0.662135
vt 0.059210 0.861128
vt 0.952513 0.787633
vt 0.950270 0.788862
vt 0.956088 0.785883
vt 0.987602 0.000370
vt 0.985359 0.001599
vt 0.953871 0.566507
vt 0.962227 0.001381
vt 0.964445 0.220756
vt 0.653076 0.802125
vt 0.853529 0.698474
vt 0.961807 0.465010
vt 0.840986 0.476946
vt 0.954216 0.102878
vt 0.652124 0.580596
vt 0.956508 0.322253
vt 0.976590 0.705314
vt 0.965381 0.705137
vt 0.941163 0.351811
vt 0.941163 0.000000
vt 0.203554 0.463630
vt 0.206814 0.580596
vt 0.976378 0.479298
vt 0.203554 0.815441
vt 0.206814 0.698474
vt 0.206814 0.815441
vt 0.968580 0.701816
vt 0.980169 0.701600
vt 0.996020 0.000000
vt 0.996020 0.351811
vt 0.996020 0.234845
vt 0.946008 0.789236
vt 0.960529 0.684386
vt 0.981098 0.001973
vt 0.957787 0.102878
vt 0.206814 0.588323
vt 0.206814 0.690747
vt 0.996020 0.124694
vt 0.996020 0.116966
vt 0.996020 0.227117
vt 0.039985 0.815441
vt 0.023761 0.997859
vt 0.930800 0.463630
vt 0.206814 0.463630
vt 0.975894 0.463832
vt 0.976436 0.464068
vt 0.976652 0.464619
vt 0.918437 0.580596
vt 0.918437 0.463630
vt 0.918437 0.815441
vt 0.918437 0.698474
vt 0.979107 0.686162
vt 0.979658 0.686379
vt 0.979894 0.686921
vt 0.221496 0.815441
vt 0.918437 0.588323
vt 0.918437 0.690747
vt 0.988375 0.182418
vt 0.956765 0.676658
vt 0.040564 0.997745
vt 0.996020 0.182304
vt 0.956764 0.684350
vt 0.987977 0.832412
vt 0.956765 0.566507
vt 0.044910 0.997745
vt 0.995623 0.832298
vt 0.956765 0.574199
vt 0.995541 0.649994
vt 0.961551 0.110605
vt 0.996105 0.645934
vt 0.987896 0.650107
vt 0.961551 0.102913
vt 0.995939 0.000000
vt 0.027527 0.997745
vt 0.988293 0.000114
vt 0.961551 0.213064
vt 0.980169 0.650107
vt 0.961108 0.676694
vt 0.961108 0.684386
vt 0.023182 0.815555
vt 0.987814 0.649993
vt 0.953204 0.787377
vt 0.961108 0.566543
vt 0.991759 0.463744
vt 0.960849 0.787263
vt 0.953286 0.969681
vt 0.040564 0.815555
vt 0.960931 0.969567
vt 0.957207 0.110569
vt 0.980250 0.832412
vt 0.957207 0.213029
vt 0.036218 0.815555
vt 0.987896 0.832298
vt 0.957207 0.220720
vt 0.057214 0.815471
vt 0.057674 0.862499
vt 0.060731 0.862942
vt 0.060271 0.815914
vt 0.906912 0.617970
vt 0.058973 0.860286
vt 0.906915 0.661149
vt 0.914508 0.661100
vt 0.914505 0.617921
vt 0.976382 0.685922
vt 0.964793 0.685705
vt 0.651447 0.815348
vt 0.976702 0.000000
vt 0.941613 0.787263
vt 0.200453 0.698474
vt 0.653849 0.580596
vt 0.014089 0.580596
vt 0.992339 0.646048
vt 0.040564 0.997409
vt 0.036218 0.997409
vt 0.996105 0.464080
vt 0.044330 0.815441
vt 0.027527 0.815891
vt 1.000000 0.116966
vt 0.930350 0.234845
vt 0.953204 0.787263
vt 0.931123 0.000000
vt 0.965112 0.000000
vt 0.999777 0.351811
vt 0.964789 0.463630
vt 0.953526 0.323634
vt 0.957344 0.566507
vt 0.960972 0.220756
vt 0.222268 0.463630
vt 0.930028 0.815441
vt 0.902983 0.815441
vt 0.940841 0.815441
vt 0.964789 0.479081
vt 0.965063 0.464402
vt 0.965300 0.463860
vt 0.965850 0.463644
vt 0.968306 0.687137
vt 0.968522 0.686586
vt 0.969064 0.686350
s 1
usemtl Mat.Window
f 216/72/51 219/73/52 213/74/53
f 218/75/54 216/76/51 214/77/55
f 219/78/52 218/79/54 215/80/56
f 223/81/57 226/82/58 220/83/59
f 225/84/60 223/84/57 221/85/61
f 226/86/58 225/84/60 222/87/62
f 230/88/51 233/89/52 227/90/53
f 232/91/63 230/92/51 228/93/64
f 233/94/52 232/95/63 229/96/65
f 237/97/57 240/98/58 234/99/59
f 239/100/66 237/101/57 235/102/67
f 240/103/58 239/100/66 236/104/68
f 244/105/69 247/106/70 241/107/71
f 246/108/72 244/109/69 242/110/73
f 247/111/70 246/112/72 243/113/74
f 251/114/75 254/115/76 248/116/77
f 253/117/78 251/118/75 249/119/79
f 254/120/76 253/117/78 250/121/80
f 258/122/69 261/123/70 255/124/71
f 260/125/81 258/126/69 256/127/82
f 261/128/70 260/129/81 257/130/83
f 265/131/75 268/132/76 262/133/77
f 267/134/84 265/135/75 263/136/85
f 268/137/76 267/134/84 264/138/86
f 272/139/87 275/140/88 269/141/89
f 274/142/90 272/143/87 270/144/91
f 275/145/88 274/142/90 271/146/92
f 279/147/93 282/148/94 276/149/95
f 281/150/96 279/151/93 277/152/97
f 282/153/94 281/154/96 278/155/98
f 286/156/87 289/157/99 283/158/100
f 288/159/101 286/159/87 284/160/102
f 289/161/99 288/159/101 285/162/103
f 293/163/104 296/164/105 290/165/106
f 295/166/96 293/167/104 291/168/107
f 296/169/105 295/170/96 292/171/108
f 300/172/109 303/173/110 297/174/111
f 302/175/112 300/176/109 298/177/113
f 303/178/110 302/179/112 299/180/114
f 307/181/115 310/182/116 304/183/117
f 309/184/118 307/184/115 305/185/119
f 310/186/116 309/184/118 306/187/120
f 314/188/121 317/189/110 311/190/111
f 316/191/122 314/192/121 312/193/123
f 317/194/110 316/195/122 313/196/124
f 321/197/115 324/198/125 318/199/117
f 323/200/126 321/200/115 319/201/127
f 324/202/125 323/200/126 320/203/128
f 341/204/129 345/205/130 337/206/131
f 338/207/132 342/208/133 341/204/129
f 344/209/134 343/210/135 339/211/136
f 340/212/137 342/213/133 344/209/134
f 356/214/138 360/215/139 352/216/140
f 353/217/141 357/218/142 356/219/138
f 359/220/143 358/221/144 354/222/145
f 355/223/146 357/218/142 359/220/143
f 373/224/147 378/225/148 381/226/149
f 379/227/150 377/228/151 374/229/152
f 375/230/153 378/231/148 379/227/150
f 381/226/149 380/232/154 376/233/155
f 382/234/156 387/235/157 390/236/158
f 388/237/159 386/238/160 383/239/161
f 384/240/162 387/235/157 388/237/159
f 390/241/158 389/242/163 385/243/164
f 397/244/165 401/245/166 403/246/167
f 402/247/168 400/248/169 398/249/170
f 403/250/167 402/247/168 399/251/171
f 404/252/172 408/253/173 410/254/174
f 409/255/175 407/256/176 405/257/177
f 410/258/174 409/255/175 406/259/178
f 414/260/179 417/261/180 411/262/181
f 416/263/182 414/260/179 412/264/183
f 413/265/184 415/266/185 416/267/182
f 421/268/186 424/269/187 418/270/188
f 419/271/189 422/272/190 421/273/186
f 424/269/187 423/274/191 420/275/192
f 76/276/193 74/277/194 77/278/195
f 77/279/195 73/280/196 75/281/197
f 78/282/198 71/283/199 70/284/200
f 80/285/201 69/286/202 71/287/199
f 84/288/203 89/289/204 88/290/205
f 86/291/206 87/292/207 89/293/204
f 82/294/208 92/295/209 83/296/210
f 83/297/210 91/298/211 81/299/212
f 52/300/213 50/301/214 53/302/215
f 53/303/215 49/304/216 51/305/217
f 46/306/218 56/307/219 47/308/220
f 47/309/220 55/310/221 45/311/222
f 64/312/223 62/313/224 65/314/225
f 65/315/225 61/316/226 63/317/227
f 58/318/228 68/319/229 59/320/230
f 59/321/230 67/322/231 57/323/232
f 96/324/233 101/325/234 100/326/235
f 98/327/236 99/328/237 101/325/234
f 102/329/238 95/330/239 94/331/240
f 104/332/241 93/333/242 95/330/239
f 108/334/243 113/335/244 112/336/245
f 110/337/246 111/338/235 113/335/244
f 114/339/247 107/340/248 106/341/249
f 116/342/250 105/343/251 107/340/248
f 180/344/252 179/345/253 178/346/254
f 182/347/255 177/348/256 179/349/253
f 248/116/77 244/105/69 241/107/71
f 254/120/76 242/110/73 244/109/69
f 186/350/257 185/351/255 184/352/252
f 188/353/258 183/354/259 185/355/255
f 262/133/77 258/122/69 255/124/71
f 268/137/76 256/127/82 258/126/69
f 210/356/260 209/357/261 208/358/262
f 212/359/263 207/360/264 209/361/261
f 311/190/111 324/198/125 314/188/121
f 314/192/121 320/203/128 312/193/123
f 204/362/265 203/363/263 202/364/260
f 206/365/266 201/366/267 203/367/263
f 297/174/111 310/182/116 300/172/109
f 310/186/116 298/177/113 300/176/109
f 168/368/268 167/369/269 166/370/270
f 170/371/271 165/372/272 167/373/269
f 220/83/59 216/72/51 213/74/53
f 226/86/58 214/77/55 216/76/51
f 174/374/273 173/375/271 172/376/268
f 176/377/274 171/378/275 173/379/271
f 234/99/59 230/88/51 227/90/53
f 240/103/58 228/93/64 230/92/51
f 290/165/106 289/161/99 285/162/103
f 289/157/99 292/171/108 283/158/100
f 291/168/107 307/380/115 295/166/96
f 307/181/115 292/171/108 295/170/96
f 284/381/102 303/178/110 299/180/114
f 303/173/110 283/158/100 297/174/111
f 276/149/95 275/145/88 271/146/92
f 282/153/94 269/141/89 275/140/88
f 277/152/97 321/382/115 281/150/96
f 321/197/115 278/155/98 281/154/96
f 270/383/91 317/194/110 313/196/124
f 317/189/110 269/141/89 311/190/111
f 235/384/67 247/111/70 243/113/74
f 247/106/70 234/99/59 241/107/71
f 229/96/65 251/385/75 233/94/52
f 251/114/75 227/90/53 233/89/52
f 221/386/61 261/128/70 257/130/83
f 261/123/70 220/83/59 255/124/71
f 215/80/56 265/387/75 219/78/52
f 265/131/75 213/74/53 219/73/52
f 156/388/276 155/389/277 154/390/278
f 158/391/279 153/392/260 155/393/277
f 162/394/280 161/395/281 160/396/282
f 164/397/277 159/398/283 161/399/281
f 192/400/284 191/401/285 190/402/286
f 194/403/287 189/404/288 191/405/285
f 144/406/289 143/407/280 142/408/289
f 146/409/280 141/410/260 143/411/280
f 198/412/290 197/413/287 196/414/284
f 200/415/291 195/416/292 197/417/287
f 150/418/289 149/419/280 148/420/289
f 152/421/280 147/422/260 149/423/280
f 138/424/293 137/425/294 136/426/295
f 140/427/296 135/428/268 137/425/294
f 132/429/297 131/430/298 130/431/293
f 134/432/294 129/433/299 131/430/298
f 126/434/300 125/435/301 124/436/300
f 128/437/301 123/438/252 125/439/301
f 120/440/300 119/441/301 118/442/300
f 122/443/301 117/444/252 119/445/301
f 70/284/200 119/445/301 117/444/252
f 71/446/199 118/442/300 119/441/301
f 81/299/212 146/409/280 83/297/210
f 83/447/210 144/406/289 82/448/208
f 169/449/275 173/379/271 171/378/275
f 170/450/271 172/376/268 173/375/271
f 124/436/300 122/451/301 120/440/300
f 125/439/301 121/452/252 122/443/301
f 46/453/218 167/373/269 165/372/272
f 47/309/220 166/370/270 167/369/269
f 151/454/260 143/411/280 141/410/260
f 152/455/280 142/408/289 143/407/280
f 48/456/302 176/377/274 50/457/214
f 50/458/214 174/374/273 49/304/216
f 126/434/300 74/459/194 128/460/301
f 128/437/301 72/461/303 127/462/252
f 85/463/304 149/423/280 147/422/260
f 86/464/206 148/420/289 149/419/280
f 76/276/193 131/430/298 129/433/299
f 77/278/195 130/431/293 131/430/298
f 87/292/207 158/391/279 89/293/204
f 89/465/204 156/388/276 88/466/205
f 181/467/259 185/355/255 183/354/259
f 182/468/255 184/352/252 185/351/255
f 136/426/295 134/432/294 132/429/297
f 137/425/294 133/469/268 134/432/294
f 52/470/213 179/349/253 177/348/256
f 53/303/215 178/346/254 179/345/253
f 163/471/260 155/393/277 153/392/260
f 164/472/277 154/390/278 155/389/277
f 54/473/305 188/353/258 56/474/219
f 56/475/219 186/350/257 55/310/221
f 138/424/293 80/476/201 140/427/296
f 140/427/296 78/282/198 139/477/306
f 91/298/211 161/399/281 159/398/283
f 92/478/209 160/396/282 161/395/281
f 57/479/232 191/401/285 59/480/230
f 59/320/230 189/404/288 58/318/228
f 196/414/284 194/481/287 192/400/284
f 197/417/287 193/482/292 194/403/287
f 61/483/226 200/484/291 198/412/290
f 62/313/224 199/485/307 200/415/291
f 63/486/227 206/365/266 65/487/225
f 65/314/225 204/362/265 64/312/223
f 211/488/267 203/367/263 201/366/267
f 212/489/263 202/364/260 203/363/263
f 67/490/231 209/361/261 207/360/264
f 68/319/229 208/358/262 209/357/261
f 94/491/308 225/84/60 221/85/61
f 95/492/309 222/87/62 225/84/60
f 215/493/56 239/100/66 235/102/67
f 218/75/54 236/104/68 239/100/66
f 96/494/310 232/91/63 98/495/311
f 98/495/311 228/93/64 97/496/312
f 100/497/313 253/117/78 249/119/79
f 101/498/314 250/121/80 253/117/78
f 243/499/74 267/134/84 263/136/85
f 246/108/72 264/138/86 267/134/84
f 102/500/315 260/125/81 104/501/316
f 104/501/316 256/127/82 103/502/317
f 105/503/318 279/147/93 107/504/319
f 107/504/319 276/149/95 106/505/320
f 291/506/107 274/142/90 270/144/91
f 293/163/104 271/146/92 274/142/90
f 109/507/321 288/159/101 284/160/102
f 110/508/322 285/162/103 288/159/101
f 111/509/323 302/175/112 113/510/324
f 113/510/324 298/177/113 112/511/325
f 313/512/124 309/184/118 305/185/119
f 316/191/122 306/187/120 309/184/118
f 115/513/326 323/200/126 319/201/127
f 116/514/327 320/203/128 323/200/126
f 346/515/328 393/516/329 392/517/328
f 348/518/329 391/519/292 393/520/329
f 394/521/328 351/522/329 350/523/328
f 396/524/329 349/525/292 351/526/329
f 364/527/330 363/528/297 362/529/330
f 366/530/297 361/531/268 363/532/297
f 370/533/330 369/534/297 368/535/330
f 372/536/297 367/537/268 369/538/297
f 326/539/268 369/538/297 367/537/268
f 327/540/297 368/535/330 369/534/297
f 347/541/292 330/542/329 328/543/292
f 348/544/329 329/545/331 330/546/329
f 362/529/330 372/547/297 370/533/330
f 363/532/297 371/548/268 372/536/297
f 395/549/292 393/520/329 391/519/292
f 396/550/329 392/517/328 393/516/329
f 335/551/330 366/552/297 364/527/330
f 336/553/297 365/554/268 366/530/297
f 332/555/292 351/526/329 349/525/292
f 333/556/329 350/523/328 351/522/329
f 352/216/140 341/204/129 337/206/131
f 360/557/139 338/558/132 341/559/129
f 373/224/147 358/221/144 353/217/141
f 381/226/149 354/222/145 358/221/144
f 383/239/161 344/209/134 339/211/136
f 386/238/160 340/212/137 344/209/134
f 385/243/164 379/227/150 374/229/152
f 389/560/163 375/561/153 379/562/150
f 405/257/177 403/250/167 399/251/171
f 403/246/167 404/252/172 397/244/165
f 412/264/183 409/255/175 405/257/177
f 409/255/175 411/262/181 406/259/178
f 418/270/188 402/247/168 398/249/170
f 402/247/168 420/275/192 399/251/171
f 420/275/192 416/263/182 412/264/183
f 423/563/191 413/265/184 416/267/182
f 385/243/164 421/273/186 390/241/158
f 390/236/158 418/270/188 382/234/156
f 337/206/131 400/564/169 397/244/165
f 345/565/130 398/249/170 400/248/169
f 406/259/178 356/219/138 410/258/174
f 410/254/174 352/216/140 404/252/172
f 411/262/181 377/566/151 373/224/147
f 417/567/180 374/229/152 377/228/151
f 54/568/332 93/333/333 103/569/332
f 165/372/275 93/570/334 46/453/335
f 45/311/252 78/282/252 70/284/252
f 45/311/252 117/444/252 166/370/252
f 48/571/336 99/328/336 97/572/336
f 49/304/252 76/276/252 51/305/252
f 175/573/337 97/496/334 228/93/337
f 49/304/252 127/462/252 72/461/252
f 177/348/338 99/574/339 52/470/340
f 51/305/252 129/433/252 178/346/252
f 187/575/259 103/502/339 256/127/341
f 55/310/252 139/477/252 78/282/252
f 58/318/292 91/298/292 66/576/292
f 190/402/284 106/505/342 276/149/284
f 58/318/292 145/577/292 81/299/292
f 57/323/343 114/339/343 106/341/343
f 63/317/344 108/334/344 112/336/345
f 198/412/284 108/578/346 61/483/346
f 60/579/292 87/292/292 85/463/292
f 60/579/292 147/422/292 199/485/292
f 205/580/267 112/511/347 298/177/267
f 64/312/292 157/581/292 87/292/292
f 66/576/292 159/398/292 208/358/292
f 207/360/267 114/582/348 67/490/349
f 90/583/350 69/286/350 79/584/350
f 82/448/289 118/442/289 69/585/289
f 73/280/351 88/290/351 75/281/351
f 148/420/289 73/586/289 126/434/289
f 75/587/297 40/588/297 130/431/297
f 88/290/351 39/589/351 75/281/351
f 79/590/297 35/591/297 34/592/297
f 90/583/350 34/593/350 33/594/350
f 156/388/280 38/595/280 88/466/280
f 160/396/280 33/596/280 42/597/280
f 115/598/351 94/331/351 105/343/351
f 105/503/330 221/85/330 277/599/330
f 109/600/350 100/326/350 111/338/350
f 284/160/330 96/494/330 109/507/330
f 111/509/289 249/119/289 299/601/289
f 319/201/289 102/500/289 115/513/289
f 117/444/252 168/368/252 166/370/252
f 120/440/289 144/406/289 142/408/289
f 142/408/289 124/436/289 120/440/289
f 168/368/252 123/438/252 172/376/252
f 123/438/252 174/374/252 172/376/252
f 126/434/289 150/418/289 148/420/289
f 129/433/252 180/344/252 178/346/252
f 130/431/297 37/602/297 132/429/297
f 180/344/252 135/428/252 184/352/252
f 132/429/297 36/603/297 136/426/297
f 135/428/252 186/350/252 184/352/252
f 136/426/297 35/591/297 138/424/297
f 141/410/292 189/404/292 193/482/292
f 195/416/292 141/410/292 193/482/292
f 147/422/292 195/416/292 199/485/292
f 153/392/292 204/362/292 202/364/292
f 162/394/280 44/604/280 154/390/280
f 154/390/280 41/605/280 156/388/280
f 210/356/292 153/392/292 202/364/292
f 159/398/292 210/356/292 208/358/292
f 160/396/280 43/606/280 162/394/280
f 214/77/337 165/372/275 169/449/337
f 171/378/337 214/77/337 169/449/337
f 228/93/337 171/378/337 175/573/337
f 242/110/341 177/348/338 181/467/341
f 183/354/341 242/110/341 181/467/341
f 256/127/341 183/354/341 187/575/259
f 276/149/284 192/400/284 190/402/284
f 192/400/284 290/165/284 196/414/284
f 290/165/284 198/412/284 196/414/284
f 298/177/267 201/366/267 205/580/267
f 201/366/267 312/193/267 211/488/267
f 312/193/267 207/360/267 211/488/267
f 220/83/252 262/133/252 255/124/252
f 235/102/330 270/144/330 215/493/330
f 215/80/351 313/196/351 263/607/351
f 277/152/350 257/130/350 319/608/350
f 234/99/252 248/116/252 241/107/252
f 299/180/351 229/96/351 284/381/351
f 243/113/350 291/168/350 235/384/350
f 263/136/289 305/185/289 243/499/289
f 318/199/292 269/141/292 278/155/292
f 304/183/292 283/158/292 292/171/292
f 329/545/330 368/535/330 325/609/330
f 39/610/252 367/537/252 40/588/252
f 325/611/351 327/612/351 326/613/351
f 41/614/292 328/543/292 38/615/292
f 350/523/330 335/551/330 364/527/330
f 33/616/292 349/525/292 42/617/292
f 331/618/350 333/619/350 332/620/350
f 35/591/252 334/621/252 34/592/252
f 337/206/352 404/252/352 352/216/352
f 355/223/292 395/549/292 391/519/292
f 382/234/353 398/249/353 340/212/353
f 383/239/292 339/211/292 391/519/292
f 44/622/292 347/541/292 41/614/292
f 370/533/330 346/515/330 392/517/330
f 42/617/292 395/549/292 43/623/292
f 364/527/330 394/521/330 350/523/330
f 376/233/292 43/623/292 395/549/292
f 373/224/354 406/259/355 411/262/354
f 36/603/252 365/554/252 35/591/252
f 392/517/330 362/529/330 370/533/330
f 37/602/252 361/531/252 36/603/252
f 40/588/252 371/548/252 37/602/252
f 375/561/292 384/240/292 44/622/292
f 374/229/356 419/271/357 385/243/357
f 412/264/292 399/251/292 420/275/292
f 216/72/51 217/624/358 219/73/52
f 218/75/54 217/625/358 216/76/51
f 219/78/52 217/626/358 218/79/54
f 223/81/57 224/627/359 226/82/58
f 225/84/60 224/628/359 223/84/57
f 226/86/58 224/628/359 225/84/60
f 230/88/51 231/629/360 233/89/52
f 232/91/63 231/630/360 230/92/51
f 233/94/52 231/631/360 232/95/63
f 237/97/57 238/632/359 240/98/58
f 239/100/66 238/633/359 237/101/57
f 240/103/58 238/633/359 239/100/66
f 244/105/69 245/634/361 247/106/70
f 246/108/72 245/635/361 244/109/69
f 247/111/70 245/636/361 246/112/72
f 251/114/75 252/637/362 254/115/76
f 253/117/78 252/638/362 251/118/75
f 254/120/76 252/638/362 253/117/78
f 258/122/69 259/639/361 261/123/70
f 260/125/81 259/125/361 258/126/69
f 261/128/70 259/640/361 260/129/81
f 265/131/75 266/641/363 268/132/76
f 267/134/84 266/642/363 265/135/75
f 268/137/76 266/642/363 267/134/84
f 272/139/87 273/643/364 275/140/88
f 274/142/90 273/644/364 272/143/87
f 275/145/88 273/644/364 274/142/90
f 279/147/93 280/645/365 282/148/94
f 281/150/96 280/646/365 279/151/93
f 282/153/94 280/647/365 281/154/96
f 286/156/87 287/648/364 289/157/99
f 288/159/101 287/649/364 286/159/87
f 289/161/99 287/649/364 288/159/101
f 293/163/104 294/163/365 296/164/105
f 295/166/96 294/650/365 293/167/104
f 296/169/105 294/651/365 295/170/96
f 300/172/109 301/652/366 303/173/110
f 302/175/112 301/175/366 300/176/109
f 303/178/110 301/653/366 302/179/112
f 307/181/115 308/654/367 310/182/116
f 309/184/118 308/655/367 307/184/115
f 310/186/116 308/655/367 309/184/118
f 314/188/121 315/656/368 317/189/110
f 316/191/122 315/657/368 314/192/121
f 317/194/110 315/658/368 316/195/122
f 321/197/115 322/659/369 324/198/125
f 323/200/126 322/660/369 321/200/115
f 324/202/125 322/660/369 323/200/126
f 341/204/129 342/208/133 345/205/130
f 338/207/132 343/661/135 342/208/133
f 344/209/134 342/213/133 343/210/135
f 340/212/137 345/565/130 342/213/133
f 356/214/138 357/662/142 360/215/139
f 353/217/141 358/221/144 357/218/142
f 359/220/143 357/218/142 358/221/144
f 355/223/146 360/557/139 357/218/142
f 373/224/147 377/566/151 378/225/148
f 379/227/150 378/231/148 377/228/151
f 375/230/153 380/663/154 378/231/148
f 381/226/149 378/225/148 380/232/154
f 382/234/156 386/238/160 387/235/157
f 388/237/159 387/235/157 386/238/160
f 384/240/162 389/560/163 387/235/157
f 390/241/158 387/664/157 389/242/163
f 397/244/165 400/564/169 401/245/166
f 402/247/168 401/665/166 400/248/169
f 403/250/167 401/665/166 402/247/168
f 404/252/172 407/666/176 408/253/173
f 409/255/175 408/667/173 407/256/176
f 410/258/174 408/667/173 409/255/175
f 414/260/179 415/668/185 417/261/180
f 416/263/182 415/668/185 414/260/179
f 413/265/184 417/567/180 415/266/185
f 421/268/186 422/669/190 424/269/187
f 419/271/189 423/563/191 422/272/190
f 424/269/187 422/669/190 423/274/191
f 76/276/193 72/461/303 74/277/194
f 77/279/195 74/670/194 73/280/196
f 78/282/198 80/476/201 71/283/199
f 80/285/201 79/584/370 69/286/202
f 84/288/203 86/671/206 89/289/204
f 86/291/206 85/463/304 87/292/207
f 82/294/208 90/583/371 92/295/209
f 83/297/210 92/672/209 91/298/211
f 52/300/213 48/571/302 50/301/214
f 53/303/215 50/458/214 49/304/216
f 46/306/218 54/568/305 56/307/219
f 47/309/220 56/475/219 55/310/221
f 64/312/223 60/579/372 62/313/224
f 65/315/225 62/673/224 61/316/226
f 58/318/228 66/576/373 68/319/229
f 59/321/230 68/674/229 67/322/231
f 96/324/233 98/327/236 101/325/234
f 98/327/236 97/572/374 99/328/237
f 102/329/238 104/332/241 95/330/239
f 104/332/241 103/569/375 93/333/242
f 108/334/243 110/337/246 113/335/244
f 110/337/246 109/600/376 111/338/235
f 114/339/247 116/342/250 107/340/248
f 116/342/250 115/598/238 105/343/251
f 180/344/252 182/468/255 179/345/253
f 182/347/255 181/467/259 177/348/256
f 248/116/77 254/115/76 244/105/69
f 254/120/76 250/121/80 242/110/73
f 186/350/257 188/675/258 185/351/255
f 188/353/258 187/575/377 183/354/259
f 262/133/77 268/132/76 258/122/69
f 268/137/76 264/138/86 256/127/82
f 210/356/260 212/489/263 209/357/261
f 212/359/263 211/488/267 207/360/264
f 311/190/111 318/199/117 324/198/125
f 314/192/121 324/202/125 320/203/128
f 204/362/265 206/676/266 203/363/263
f 206/365/266 205/580/378 201/366/267
f 297/174/111 304/183/117 310/182/116
f 310/186/116 306/187/120 298/177/113
f 168/368/268 170/450/271 167/369/269
f 170/371/271 169/449/275 165/372/272
f 220/83/59 226/82/58 216/72/51
f 226/86/58 222/87/62 214/77/55
f 174/374/273 176/677/274 173/375/271
f 176/377/274 175/573/379 171/378/275
f 234/99/59 240/98/58 230/88/51
f 240/103/58 236/104/68 228/93/64
f 290/165/106 296/164/105 289/161/99
f 289/157/99 296/169/105 292/171/108
f 291/168/107 305/678/119 307/380/115
f 307/181/115 304/183/117 292/171/108
f 284/381/102 286/679/87 303/178/110
f 303/173/110 286/156/87 283/158/100
f 276/149/95 282/148/94 275/145/88
f 282/153/94 278/155/98 269/141/89
f 277/152/97 319/608/127 321/382/115
f 321/197/115 318/199/117 278/155/98
f 270/383/91 272/680/87 317/194/110
f 317/189/110 272/139/87 269/141/89
f 235/384/67 237/681/57 247/111/70
f 247/106/70 237/97/57 234/99/59
f 229/96/65 249/682/79 251/385/75
f 251/114/75 248/116/77 227/90/53
f 221/386/61 223/683/57 261/128/70
f 261/123/70 223/81/57 220/83/59
f 215/80/56 263/607/85 265/387/75
f 265/131/75 262/133/77 213/74/53
f 156/388/276 158/684/279 155/389/277
f 158/391/279 157/581/380 153/392/260
f 162/394/280 164/472/277 161/395/281
f 164/397/277 163/471/260 159/398/283
f 192/400/284 194/481/287 191/401/285
f 194/403/287 193/482/292 189/404/288
f 144/406/289 146/685/280 143/407/280
f 146/409/280 145/577/260 141/410/260
f 198/412/290 200/484/291 197/413/287
f 200/415/291 199/485/307 195/416/292
f 150/418/289 152/455/280 149/419/280
f 152/421/280 151/454/260 147/422/260
f 138/424/293 140/427/296 137/425/294
f 140/427/296 139/477/306 135/428/268
f 132/429/297 134/432/294 131/430/298
f 134/432/294 133/469/268 129/433/299
f 126/434/300 128/460/301 125/435/301
f 128/437/301 127/462/252 123/438/252
f 120/440/300 122/451/301 119/441/301
f 122/443/301 121/452/252 117/444/252
f 70/284/200 71/283/199 119/445/301
f 71/446/199 69/585/202 118/442/300
f 81/299/212 145/577/260 146/409/280
f 83/447/210 146/685/280 144/406/289
f 169/449/275 170/371/271 173/379/271
f 170/450/271 168/368/268 172/376/268
f 124/436/300 125/435/301 122/451/301
f 125/439/301 123/438/252 121/452/252
f 46/453/218 47/686/220 167/373/269
f 47/309/220 45/311/222 166/370/270
f 151/454/260 152/421/280 143/411/280
f 152/455/280 150/418/289 142/408/289
f 48/456/302 175/573/379 176/377/274
f 50/458/214 176/677/274 174/374/273
f 126/434/300 73/586/196 74/459/194
f 128/437/301 74/277/194 72/461/303
f 85/463/304 86/291/206 149/423/280
f 86/464/206 84/687/203 148/420/289
f 76/276/193 77/278/195 131/430/298
f 77/278/195 75/587/197 130/431/293
f 87/292/207 157/581/380 158/391/279
f 89/465/204 158/684/279 156/388/276
f 181/467/259 182/347/255 185/355/255
f 182/468/255 180/344/252 184/352/252
f 136/426/295 137/425/294 134/432/294
f 137/425/294 135/428/268 133/469/268
f 52/470/213 53/688/215 179/349/253
f 53/303/215 51/305/217 178/346/254
f 163/471/260 164/397/277 155/393/277
f 164/472/277 162/394/280 154/390/278
f 54/473/305 187/575/377 188/353/258
f 56/475/219 188/675/258 186/350/257
f 138/424/293 79/590/370 80/476/201
f 140/427/296 80/476/201 78/282/198
f 91/298/211 92/672/209 161/399/281
f 92/478/209 90/689/371 160/396/282
f 57/479/232 190/402/286 191/401/285
f 59/320/230 191/405/285 189/404/288
f 196/414/284 197/413/287 194/481/287
f 197/417/287 195/416/292 193/482/292
f 61/483/226 62/690/224 200/484/291
f 62/313/224 60/579/372 199/485/307
f 63/486/227 205/580/378 206/365/266
f 65/314/225 206/676/266 204/362/265
f 211/488/267 212/359/263 203/367/263
f 212/489/263 210/356/260 202/364/260
f 67/490/231 68/691/229 209/361/261
f 68/319/229 66/576/373 208/358/262
f 94/491/308 95/492/309 225/84/60
f 95/492/309 93/570/381 222/87/62
f 215/493/56 218/75/54 239/100/66
f 218/75/54 214/77/55 236/104/68
f 96/494/310 229/692/65 232/91/63
f 98/495/311 232/91/63 228/93/64
f 100/497/313 101/498/314 253/117/78
f 101/498/314 99/574/382 250/121/80
f 243/499/74 246/108/72 267/134/84
f 246/108/72 242/110/73 264/138/86
f 102/500/315 257/693/83 260/125/81
f 104/501/316 260/125/81 256/127/82
f 105/503/318 277/599/97 279/147/93
f 107/504/319 279/147/93 276/149/95
f 291/506/107 293/163/104 274/142/90
f 293/163/104 290/165/106 271/146/92
f 109/507/321 110/508/322 288/159/101
f 110/508/322 108/578/383 285/162/103
f 111/509/323 299/601/114 302/175/112
f 113/510/324 302/175/112 298/177/113
f 313/512/124 316/191/122 309/184/118
f 316/191/122 312/193/123 306/187/120
f 115/513/326 116/514/327 323/200/126
f 116/514/327 114/582/384 320/203/128
f 346/515/328 348/544/329 393/516/329
f 348/518/329 347/541/292 391/519/292
f 394/521/328 396/550/329 351/522/329
f 396/524/329 395/549/292 349/525/292
f 364/527/330 366/552/297 363/528/297
f 366/530/297 365/554/268 361/531/268
f 370/533/330 372/547/297 369/534/297
f 372/536/297 371/548/268 367/537/268
f 326/539/268 327/694/297 369/538/297
f 327/540/297 325/609/328 368/535/330
f 347/541/292 348/518/329 330/542/329
f 348/544/329 346/515/328 329/545/331
f 362/529/330 363/528/297 372/547/297
f 363/532/297 361/531/268 371/548/268
f 395/549/292 396/524/329 393/520/329
f 396/550/329 394/521/328 392/517/328
f 335/551/330 336/695/297 366/552/297
f 336/553/297 334/621/268 365/554/268
f 332/555/292 333/696/329 351/526/329
f 333/556/329 331/697/330 350/523/328
f 352/216/140 360/215/139 341/204/129
f 360/557/139 355/223/146 338/558/132
f 373/224/147 381/226/149 358/221/144
f 381/226/149 376/233/155 354/222/145
f 383/239/161 386/238/160 344/209/134
f 386/238/160 382/234/156 340/212/137
f 385/243/164 389/242/163 379/227/150
f 389/560/163 384/240/162 375/561/153
f 405/257/177 407/256/176 403/250/167
f 403/246/167 407/666/176 404/252/172
f 412/264/183 414/260/179 409/255/175
f 409/255/175 414/260/179 411/262/181
f 418/270/188 424/269/187 402/247/168
f 402/247/168 424/269/187 420/275/192
f 420/275/192 423/274/191 416/263/182
f 423/563/191 419/271/189 413/265/184
f 385/243/164 419/271/189 421/273/186
f 390/236/158 421/268/186 418/270/188
f 337/206/131 345/205/130 400/564/169
f 345/565/130 340/212/137 398/249/170
f 406/259/178 353/217/141 356/219/138
f 410/254/174 356/214/138 352/216/140
f 411/262/181 417/261/180 377/566/151
f 417/567/180 413/265/184 374/229/152
f 54/568/332 46/306/333 93/333/333
f 165/372/275 222/87/275 93/570/334
f 45/311/252 55/310/252 78/282/252
f 45/311/252 70/284/252 117/444/252
f 48/571/336 52/300/336 99/328/336
f 49/304/252 72/461/252 76/276/252
f 175/573/337 48/456/335 97/496/334
f 49/304/252 174/374/252 127/462/252
f 177/348/338 250/121/338 99/574/339
f 51/305/252 76/276/252 129/433/252
f 187/575/259 54/473/340 103/502/339
f 55/310/252 186/350/252 139/477/252
f 58/318/292 81/299/292 91/298/292
f 190/402/284 57/479/385 106/505/342
f 58/318/292 189/404/292 145/577/292
f 57/323/343 67/322/343 114/339/343
f 63/317/344 61/316/344 108/334/344
f 198/412/284 285/162/284 108/578/346
f 60/579/292 64/312/292 87/292/292
f 60/579/292 85/463/292 147/422/292
f 205/580/267 63/486/386 112/511/347
f 64/312/292 204/362/292 157/581/292
f 66/576/292 91/298/292 159/398/292
f 207/360/267 320/203/267 114/582/348
f 90/583/350 82/294/350 69/286/350
f 82/448/289 144/406/289 118/442/289
f 73/280/351 84/288/351 88/290/351
f 148/420/289 84/687/289 73/586/289
f 75/587/297 39/610/297 40/588/297
f 88/290/351 38/698/351 39/589/351
f 79/590/297 138/424/297 35/591/297
f 90/583/350 79/584/350 34/593/350
f 156/388/280 41/605/280 38/595/280
f 160/396/280 90/689/280 33/596/280
f 115/598/351 102/329/351 94/331/351
f 105/503/330 94/491/330 221/85/330
f 109/600/350 96/324/350 100/326/350
f 284/160/330 229/692/330 96/494/330
f 111/509/289 100/497/289 249/119/289
f 319/201/289 257/693/289 102/500/289
f 117/444/252 121/452/252 168/368/252
f 120/440/289 118/442/289 144/406/289
f 142/408/289 150/418/289 124/436/289
f 168/368/252 121/452/252 123/438/252
f 123/438/252 127/462/252 174/374/252
f 126/434/289 124/436/289 150/418/289
f 129/433/252 133/469/252 180/344/252
f 130/431/297 40/588/297 37/602/297
f 180/344/252 133/469/252 135/428/252
f 132/429/297 37/602/297 36/603/297
f 135/428/252 139/477/252 186/350/252
f 136/426/297 36/603/297 35/591/297
f 141/410/292 145/577/292 189/404/292
f 195/416/292 151/454/292 141/410/292
f 147/422/292 151/454/292 195/416/292
f 153/392/292 157/581/292 204/362/292
f 162/394/280 43/606/280 44/604/280
f 154/390/280 44/604/280 41/605/280
f 210/356/292 163/471/292 153/392/292
f 159/398/292 163/471/292 210/356/292
f 160/396/280 42/597/280 43/606/280
f 214/77/337 222/87/275 165/372/275
f 171/378/337 236/104/337 214/77/337
f 228/93/337 236/104/337 171/378/337
f 242/110/341 250/121/338 177/348/338
f 183/354/341 264/138/259 242/110/341
f 256/127/341 264/138/259 183/354/341
f 276/149/284 271/146/284 192/400/284
f 192/400/284 271/146/284 290/165/284
f 290/165/284 285/162/284 198/412/284
f 298/177/267 306/187/267 201/366/267
f 201/366/267 306/187/267 312/193/267
f 312/193/267 320/203/267 207/360/267
f 220/83/252 213/74/252 262/133/252
f 235/102/330 291/506/330 270/144/330
f 215/80/351 270/383/351 313/196/351
f 277/152/350 221/386/350 257/130/350
f 234/99/252 227/90/252 248/116/252
f 299/180/351 249/682/351 229/96/351
f 243/113/350 305/678/350 291/168/350
f 263/136/289 313/512/289 305/185/289
f 318/199/292 311/190/292 269/141/292
f 304/183/292 297/174/292 283/158/292
f 329/545/330 346/515/330 368/535/330
f 39/610/252 326/539/252 367/537/252
f 326/613/351 39/589/351 38/698/351
f 38/698/351 328/699/351 326/613/351
f 328/699/351 330/700/351 329/701/351
f 326/613/351 328/699/351 325/611/351
f 329/701/351 325/611/351 328/699/351
f 41/614/292 347/541/292 328/543/292
f 350/523/330 331/697/330 335/551/330
f 33/616/292 332/555/292 349/525/292
f 332/620/350 33/594/350 34/593/350
f 34/593/350 334/702/350 332/620/350
f 334/702/350 336/703/350 335/704/350
f 332/620/350 334/702/350 331/618/350
f 335/704/350 331/618/350 334/702/350
f 35/591/252 365/554/252 334/621/252
f 337/206/352 397/244/352 404/252/352
f 391/519/292 343/210/292 338/558/292
f 355/223/292 359/220/292 395/549/292
f 391/519/292 338/558/292 355/223/292
f 382/234/353 418/270/353 398/249/353
f 44/622/292 388/237/292 383/239/292
f 339/211/292 343/210/292 391/519/292
f 44/622/292 383/239/292 391/519/292
f 44/622/292 391/519/292 347/541/292
f 370/533/330 368/535/330 346/515/330
f 42/617/292 349/525/292 395/549/292
f 364/527/330 362/529/330 394/521/330
f 395/549/292 359/220/292 354/222/292
f 376/233/292 380/232/292 43/623/292
f 395/549/292 354/222/292 376/233/292
f 373/224/354 353/217/355 406/259/355
f 36/603/252 361/531/252 365/554/252
f 392/517/330 394/521/330 362/529/330
f 37/602/252 371/548/252 361/531/252
f 40/588/252 367/537/252 371/548/252
f 43/623/292 380/232/292 375/561/292
f 384/240/292 388/237/292 44/622/292
f 43/623/292 375/561/292 44/622/292
f 374/229/356 413/265/356 419/271/357
f 412/264/292 405/257/292 399/251/292
o Window.002
v 8.157837 4.526047 -13.066566
v 8.137934 4.544899 -13.054660
v 8.146440 4.537046 -13.063062
v 8.092568 10.117767 -13.054448
v 8.112087 10.136873 -13.066426
v 8.100893 10.125710 -13.062901
v 4.869807 10.110435 -13.056513
v 4.889782 10.091584 -13.044728
v 4.881226 10.099437 -13.053079
v 4.935148 4.518715 -13.044794
v 4.915557 4.499610 -13.056652
v 4.926773 4.510774 -13.053196
v 8.138548 4.544831 -12.878425
v 8.158448 4.526047 -12.866567
v 8.147052 4.537026 -12.870023
v 8.112699 10.136873 -12.866427
v 8.093034 10.117699 -12.878213
v 8.101461 10.125690 -12.869863
v 4.890246 10.091652 -12.868493
v 4.870419 10.110435 -12.856514
v 4.881793 10.099457 -12.860040
v 4.916168 4.499610 -12.856653
v 4.935761 4.518784 -12.868559
v 4.927384 4.510794 -12.860157
v 8.389512 4.298158 -13.053941
v 8.376030 4.311382 -13.067233
v 8.385547 4.302032 -13.063357
v 8.326751 10.355067 -13.067083
v 8.340015 10.368509 -13.053790
v 8.336114 10.364572 -13.063207
v 4.638213 10.338325 -13.042472
v 4.651614 10.325101 -13.055846
v 4.642121 10.334452 -13.051911
v 4.700892 4.281416 -13.055996
v 4.687709 4.267974 -13.042623
v 4.691554 4.271912 -13.052062
v 8.376641 4.311382 -12.867234
v 8.390042 4.298158 -12.880609
v 8.386134 4.302032 -12.871168
v 8.340546 10.368509 -12.880458
v 8.327362 10.355067 -12.867085
v 8.336701 10.364572 -12.871017
v 4.652225 10.325101 -12.855846
v 4.638743 10.338325 -12.869139
v 4.642709 10.334452 -12.859723
v 4.688239 4.267974 -12.869289
v 4.701504 4.281416 -12.855997
v 4.692142 4.271912 -12.859874
v 8.116691 4.562866 -13.015849
v 8.110346 4.568426 -12.990579
v 8.112187 4.566797 -13.003503
v 8.065293 10.093721 -12.990441
v 8.071621 10.099455 -13.015639
v 8.067130 10.095401 -13.003345
v 4.911263 10.073617 -13.006049
v 4.917762 10.068057 -12.980817
v 4.915842 10.069685 -12.993731
v 4.962814 4.542761 -12.980954
v 4.956332 4.537028 -13.006114
v 4.960898 4.541082 -12.993846
v 8.110494 4.568426 -12.942261
v 8.117068 4.562799 -12.917102
v 8.112435 4.566778 -12.929369
v 8.071850 10.099385 -12.916891
v 8.065441 10.093721 -12.942123
v 8.067335 10.095381 -12.929211
v 4.917910 10.068057 -12.932500
v 4.911489 10.073685 -12.907301
v 4.916046 10.069705 -12.919596
v 4.956708 4.537097 -12.907366
v 4.962962 4.542761 -12.932637
v 4.961147 4.541102 -12.919712
v 8.359682 6.316257 -13.067183
v 8.373056 6.316365 -13.053891
v 8.369123 6.316333 -13.063307
v 8.371969 6.449694 -13.053887
v 8.358596 6.449585 -13.067180
v 8.368035 6.449662 -13.063304
v 8.344186 8.216865 -13.067136
v 8.357559 8.216973 -13.053843
v 8.353625 8.216941 -13.063260
v 8.356472 8.350302 -13.053841
v 8.343099 8.350193 -13.067133
v 8.352538 8.350270 -13.063256
v 4.667961 8.320227 -13.055896
v 4.654669 8.320118 -13.042521
v 4.658545 8.320149 -13.051962
v 4.655756 8.186789 -13.042525
v 4.669048 8.186897 -13.055899
v 4.659633 8.186821 -13.051965
v 4.683458 6.419619 -13.055943
v 4.670166 6.419510 -13.042569
v 4.674043 6.419542 -13.052009
v 4.671253 6.286181 -13.042572
v 4.684546 6.286290 -13.055946
v 4.675130 6.286213 -13.052012
v 8.359207 6.449585 -12.867181
v 8.372499 6.449694 -12.880555
v 8.368623 6.449662 -12.871115
v 8.373586 6.316365 -12.880558
v 8.360294 6.316257 -12.867185
v 8.369710 6.316333 -12.871119
v 8.343710 8.350193 -12.867134
v 8.357002 8.350302 -12.880507
v 8.353126 8.350270 -12.871068
v 8.358088 8.216973 -12.880511
v 8.344797 8.216865 -12.867137
v 8.354213 8.216941 -12.871071
v 4.669660 8.186897 -12.855900
v 4.656286 8.186789 -12.869192
v 4.660220 8.186821 -12.859776
v 4.655199 8.320118 -12.869189
v 4.668572 8.320227 -12.855897
v 4.659133 8.320149 -12.859773
v 4.685157 6.286290 -12.855947
v 4.671783 6.286181 -12.869240
v 4.675717 6.286213 -12.859823
v 4.670696 6.419510 -12.869236
v 4.684070 6.419619 -12.855944
v 4.674630 6.419542 -12.859820
v 8.123580 6.314331 -13.054752
v 8.143254 6.314492 -13.066522
v 8.131969 6.314400 -13.063058
v 8.142167 6.447821 -13.066519
v 8.122493 6.447660 -13.054749
v 8.130882 6.447729 -13.063054
v 8.108083 8.214939 -13.054705
v 8.127757 8.215099 -13.066474
v 8.116472 8.215008 -13.063010
v 8.126670 8.348429 -13.066471
v 8.106996 8.348268 -13.054702
v 8.115385 8.348336 -13.063007
v 4.904135 8.322152 -13.044909
v 4.884390 8.321991 -13.056558
v 4.895696 8.322083 -13.053163
v 4.885477 8.188663 -13.056561
v 4.905222 8.188824 -13.044911
v 4.896783 8.188755 -13.053165
v 4.919632 6.421544 -13.044955
v 4.899887 6.421383 -13.056604
v 4.911193 6.421475 -13.053209
v 4.900974 6.288054 -13.056608
v 4.920719 6.288215 -13.044959
v 4.912280 6.288146 -13.053213
v 8.143866 6.314492 -12.866523
v 8.124120 6.314331 -12.878172
v 8.132560 6.314400 -12.869918
v 8.123033 6.447660 -12.878168
v 8.142778 6.447821 -12.866519
v 8.131473 6.447729 -12.869914
v 8.128368 8.215099 -12.866475
v 8.108623 8.214939 -12.878124
v 8.117063 8.215008 -12.869870
v 8.107535 8.348268 -12.878121
v 8.127281 8.348429 -12.866472
v 8.115975 8.348336 -12.869867
v 4.905763 8.188824 -12.868331
v 4.886088 8.188663 -12.856562
v 4.897373 8.188755 -12.860025
v 4.885001 8.321991 -12.856559
v 4.904675 8.322152 -12.868328
v 4.896286 8.322083 -12.860023
v 4.921260 6.288215 -12.868379
v 4.901586 6.288054 -12.856609
v 4.912870 6.288146 -12.860073
v 4.900498 6.421383 -12.856606
v 4.920173 6.421544 -12.868375
v 4.911783 6.421475 -12.860069
v 8.081705 6.440659 -13.003824
v 8.101325 6.447486 -13.015594
v 8.095015 6.447434 -12.993865
v 8.092963 6.444085 -13.007289
v 8.093029 6.446010 -13.004147
v 8.096848 6.447450 -13.004367
v 8.087239 6.445392 -13.000939
v 8.082684 6.320663 -13.003827
v 8.096102 6.314106 -12.993869
v 8.102412 6.314157 -13.015597
v 8.088294 6.316021 -13.000942
v 8.094093 6.315498 -13.004150
v 8.097936 6.314121 -13.004370
v 8.093996 6.317422 -13.007292
v 8.066208 8.341267 -13.003778
v 8.085828 8.348094 -13.015547
v 8.079517 8.348042 -12.993818
v 8.077466 8.344692 -13.007241
v 8.077533 8.346618 -13.004100
v 8.081351 8.348058 -13.004319
v 8.071742 8.346000 -13.000892
v 8.067186 8.221272 -13.003780
v 8.080605 8.214713 -12.993821
v 8.086915 8.214766 -13.015550
v 8.072797 8.216629 -13.000896
v 8.078596 8.216106 -13.004103
v 8.082438 8.214728 -13.004323
v 8.078499 8.218030 -13.007244
v 4.946321 8.195824 -12.994238
v 4.926630 8.188997 -13.005887
v 4.933073 8.189049 -12.984197
v 4.935042 8.192399 -12.997633
v 4.934995 8.190474 -12.994491
v 4.931174 8.189034 -12.994687
v 4.940804 8.191092 -12.991319
v 4.945342 8.315820 -12.994235
v 4.931986 8.322378 -12.984194
v 4.925542 8.322326 -13.005883
v 4.939750 8.320462 -12.991316
v 4.933930 8.320985 -12.994488
v 4.930087 8.322363 -12.994684
v 4.934009 8.319061 -12.997630
v 4.961818 6.295216 -12.994285
v 4.942127 6.288389 -13.005934
v 4.948570 6.288441 -12.984244
v 4.950539 6.291790 -12.997680
v 4.950492 6.289865 -12.994538
v 4.946671 6.288425 -12.994735
v 4.956302 6.290483 -12.991365
v 4.960839 6.415212 -12.994282
v 4.947483 6.421770 -12.984241
v 4.941040 6.421718 -13.005931
v 4.955247 6.419854 -12.991363
v 4.949428 6.420377 -12.994534
v 4.945584 6.421755 -12.994731
v 4.949506 6.418453 -12.997677
v 8.081935 6.440659 -12.928841
v 8.095182 6.447434 -12.938881
v 8.101625 6.447486 -12.917192
v 8.087451 6.445392 -12.931760
v 8.093261 6.446010 -12.928587
v 8.097081 6.447450 -12.928391
v 8.093213 6.444085 -12.925446
v 8.102713 6.314157 -12.917194
v 8.096270 6.314106 -12.938884
v 8.082913 6.320663 -12.928843
v 8.098168 6.314120 -12.928394
v 8.094325 6.315498 -12.928591
v 8.088506 6.316021 -12.931763
v 8.094246 6.317422 -12.925448
v 8.066438 8.341267 -12.928793
v 8.079685 8.348042 -12.938833
v 8.086128 8.348094 -12.917144
v 8.071954 8.346000 -12.931712
v 8.077764 8.346618 -12.928540
v 8.081584 8.348058 -12.928344
v 8.077716 8.344692 -12.925398
v 8.087215 8.214766 -12.917148
v 8.080772 8.214713 -12.938837
v 8.067416 8.221272 -12.928796
v 8.082671 8.214728 -12.928347
v 8.078828 8.216106 -12.928543
v 8.073009 8.216629 -12.931715
v 8.078749 8.218030 -12.925401
v 4.945571 8.315820 -12.919250
v 4.925843 8.322326 -12.907481
v 4.932154 8.322378 -12.929210
v 4.934258 8.319061 -12.915787
v 4.934161 8.320985 -12.918928
v 4.930320 8.322363 -12.918708
v 4.939961 8.320462 -12.922135
v 4.946549 8.195824 -12.919253
v 4.933241 8.189049 -12.929213
v 4.926930 8.188997 -12.907484
v 4.941016 8.191092 -12.922139
v 4.935225 8.190474 -12.918931
v 4.931407 8.189034 -12.918712
v 4.935291 8.192399 -12.915790
v 4.961068 6.415212 -12.919298
v 4.941340 6.421718 -12.907528
v 4.947651 6.421770 -12.929256
v 4.949756 6.418453 -12.915833
v 4.949658 6.420377 -12.918975
v 4.945817 6.421755 -12.918756
v 4.955459 6.419854 -12.922183
v 4.962047 6.295216 -12.919301
v 4.948738 6.288441 -12.929260
v 4.942428 6.288389 -12.907532
v 4.956513 6.290483 -12.922186
v 4.950723 6.289865 -12.918979
v 4.946904 6.288425 -12.918758
v 4.950788 6.291790 -12.915836
vn -0.3708 0.0194 -0.9285
vn -0.0714 0.7010 -0.7095
vn -0.0016 -0.0166 -0.9999
vn -0.7488 -0.0714 -0.6590
vn -0.6652 -0.1425 -0.7329
vn -0.8961 0.0192 -0.4433
vn 0.0646 0.8577 -0.5101
vn -0.9957 0.0923 -0.0010
vn 0.0169 0.9985 0.0522
vn -0.0599 -0.7021 -0.7096
vn -0.3705 -0.0253 -0.9285
vn -0.0019 0.0166 -0.9999
vn -0.9939 -0.1090 0.0168
vn 0.0786 -0.8565 -0.5101
vn -0.9998 0.0157 0.0149
vn -0.6673 0.1316 -0.7330
vn -0.7570 0.0643 -0.6503
vn -0.8957 -0.0338 -0.4434
vn -0.3708 0.0193 -0.9285
vn -0.0713 0.7011 -0.7095
vn -0.7551 -0.0760 -0.6512
vn -0.8956 0.0193 -0.4444
vn -0.9956 0.0927 0.0149
vn 0.0170 0.9985 0.0522
vn -0.3705 -0.0254 -0.9285
vn -0.9941 -0.1085 -0.0010
vn -0.6673 0.1316 -0.7331
vn -0.7498 0.0592 -0.6590
vn 0.3651 -0.0193 -0.9308
vn 0.0670 -0.7010 -0.7100
vn -0.0045 0.0166 -0.9999
vn 0.7447 0.0713 -0.6635
vn 0.6606 0.1424 -0.7371
vn 0.8934 -0.0192 -0.4488
vn -0.0677 -0.8577 -0.5097
vn 0.9957 -0.0924 -0.0071
vn -0.0167 -0.9985 0.0523
vn 0.0556 0.7021 -0.7099
vn 0.3648 0.0253 -0.9307
vn -0.0042 -0.0167 -0.9999
vn 0.9940 0.1090 0.0108
vn -0.0817 0.8565 -0.5097
vn 0.9998 -0.0157 0.0088
vn 0.6628 -0.1316 -0.7371
vn 0.7530 -0.0642 -0.6549
vn 0.8930 0.0338 -0.4488
vn 0.7511 0.0759 -0.6558
vn 0.8929 -0.0193 -0.4498
vn 0.9956 -0.0928 0.0088
vn 0.9941 0.1086 -0.0071
vn -0.0817 0.8565 -0.5096
vn 0.7457 -0.0591 -0.6636
vn -0.0670 0.7011 0.7099
vn -0.3652 0.0193 0.9307
vn 0.0045 -0.0166 0.9999
vn -0.9957 0.0923 0.0071
vn 0.0677 0.8577 0.5097
vn -0.9994 -0.0320 -0.0088
vn -0.6606 -0.1424 0.7371
vn -0.7447 -0.0713 0.6636
vn -0.8934 0.0192 0.4488
vn -0.7523 0.0637 0.6558
vn -0.6629 0.1316 0.7370
vn -0.8925 -0.0339 0.4498
vn 0.0817 -0.8565 0.5096
vn -0.9940 -0.1090 -0.0088
vn 0.0330 -0.9981 -0.0524
vn -0.3647 -0.0254 0.9308
vn -0.0556 -0.7021 0.7099
vn 0.0042 0.0166 0.9999
vn 0.0044 -0.0165 0.9999
vn -0.9956 0.0928 -0.0108
vn -0.6606 -0.1425 0.7371
vn -0.7518 -0.0766 0.6549
vn -0.7458 0.0592 0.6635
vn -0.6629 0.1317 0.7370
vn -0.8930 -0.0338 0.4488
vn -0.9941 -0.1085 0.0071
vn 0.0329 -0.9981 -0.0524
vn -0.3648 -0.0253 0.9308
vn 0.3704 0.0254 0.9285
vn 0.0599 0.7021 0.7095
vn 0.0019 -0.0166 0.9999
vn 0.7562 -0.0637 0.6512
vn 0.6674 -0.1316 0.7329
vn 0.8952 0.0339 0.4444
vn -0.0786 0.8565 0.5101
vn 0.9939 0.1090 -0.0149
vn -0.0333 0.9981 -0.0522
vn 0.0714 -0.7011 0.7095
vn 0.3708 -0.0193 0.9285
vn 0.0016 0.0166 0.9999
vn 0.9957 -0.0924 0.0010
vn -0.0646 -0.8577 0.5101
vn 0.9994 0.0320 -0.0149
vn 0.6651 0.1425 0.7331
vn 0.7487 0.0713 0.6591
vn 0.8961 -0.0192 0.4434
vn 0.7498 -0.0592 0.6590
vn 0.6674 -0.1317 0.7329
vn 0.8957 0.0338 0.4433
vn 0.9941 0.1086 0.0010
vn 0.0713 -0.7011 0.7095
vn 0.0017 0.0166 0.9999
vn 0.9955 -0.0928 -0.0168
vn 0.6651 0.1424 0.7331
vn 0.7558 0.0765 0.6503
vn -0.3881 0.3514 -0.8520
vn -0.0071 0.7071 -0.7071
vn -0.0031 -0.0000 -1.0000
vn -0.3907 0.8508 -0.3514
vn -0.0075 1.0000 -0.0000
vn -0.0079 0.7071 -0.7071
vn 0.3829 -0.3514 -0.8543
vn 0.0028 -0.7071 -0.7071
vn 0.3885 -0.8508 -0.3538
vn 0.0075 -1.0000 -0.0000
vn 0.0036 -0.7071 -0.7071
vn -0.3886 0.8500 0.3557
vn -0.0029 0.7071 0.7071
vn -0.0081 1.0000 -0.0000
vn -0.3829 0.3495 0.8551
vn 0.0037 -0.0000 1.0000
vn -0.0036 0.7071 0.7071
vn 0.3907 -0.8500 0.3534
vn 0.0072 -0.7071 0.7071
vn 0.0081 -1.0000 -0.0000
vn 0.3881 -0.3495 0.8528
vn 0.0024 -0.0000 1.0000
vn 0.0079 -0.7071 0.7071
vn 0.0068 -0.9042 -0.4271
vn -0.2493 -0.7049 -0.6640
vn 0.0017 -0.5287 -0.8488
vn 0.0023 -0.5304 -0.8478
vn -0.3000 -0.2873 -0.9097
vn -0.0030 0.0012 -1.0000
vn -0.0094 0.9042 -0.4271
vn 0.2452 0.7049 -0.6655
vn -0.0069 0.5287 -0.8488
vn -0.0075 0.5304 -0.8477
vn 0.2944 0.2873 -0.9115
vn -0.0031 -0.0012 -1.0000
vn 0.0039 -0.0013 1.0000
vn -0.2479 -0.2930 0.9234
vn 0.0069 -0.5324 0.8465
vn 0.0075 -0.5342 0.8453
vn -0.3034 -0.6970 0.6497
vn 0.0087 -0.9070 0.4211
vn 0.0023 0.0013 1.0000
vn 0.2536 0.2930 0.9219
vn -0.0017 0.5324 0.8465
vn -0.0024 0.5342 0.8453
vn 0.3073 0.6970 0.6479
vn -0.0061 0.9070 0.4211
vn -0.1193 -0.9849 -0.1253
vn 0.0076 -0.9759 -0.2179
vn 0.0082 -1.0000 0.0009
vn -0.0861 -0.9484 -0.3051
vn 0.0065 -0.9067 -0.4218
vn 0.0073 -0.9763 -0.2164
vn 0.1186 0.9849 -0.1261
vn -0.0089 0.9759 -0.2179
vn -0.0081 1.0000 0.0009
vn 0.0842 0.9484 -0.3056
vn -0.0091 0.9067 -0.4218
vn -0.0086 0.9763 -0.2164
vn -0.1152 -0.9443 0.3083
vn 0.0089 -0.9752 0.2211
vn 0.0086 -0.9046 0.4262
vn -0.0845 -0.9883 0.1273
vn 0.0085 -1.0000 0.0009
vn 0.0086 -0.9756 0.2196
vn 0.1171 0.9443 0.3076
vn -0.0075 0.9752 0.2212
vn -0.0060 0.9046 0.4263
vn 0.0853 0.9883 0.1267
vn -0.0085 1.0000 0.0010
vn -0.0073 0.9756 0.2197
vn 0.0314 -0.1375 -0.9900
vn 0.5078 -0.0099 -0.8614
vn -0.0030 -0.0000 -1.0000
vn 0.5295 -0.1090 -0.8413
vn 0.8765 -0.0099 -0.4814
vn 0.5081 0.0042 -0.8613
vn 0.2550 -0.2874 -0.9232
vn 0.5081 0.0029 -0.8613
vn 0.6678 -0.2327 -0.7071
vn 0.8767 0.0057 -0.4810
vn 0.5082 0.0042 -0.8612
vn 0.8765 -0.0100 -0.4814
vn 0.0352 0.1380 0.9898
vn 0.5128 0.0182 0.8583
vn 0.0031 -0.0000 1.0000
vn 0.5327 0.1176 0.8381
vn 0.8791 0.0243 0.4760
vn 0.5133 0.0042 0.8582
vn 0.0031 0.0041 1.0000
vn 0.3798 0.2196 0.8986
vn 0.5134 0.0074 0.8581
vn 0.7575 0.2699 0.5944
vn 0.8796 0.0072 0.4757
vn 0.6681 0.2437 0.7030
vn 0.8796 0.0086 0.4757
vn 0.5134 0.0042 0.8582
vn -0.0374 0.1375 -0.9898
vn -0.5130 0.0099 -0.8583
vn -0.5346 0.1090 -0.8380
vn -0.8794 0.0100 -0.4760
vn -0.5134 -0.0042 -0.8581
vn -0.2606 0.2874 -0.9217
vn -0.5133 -0.0029 -0.8582
vn -0.6720 0.2327 -0.7030
vn -0.8796 -0.0057 -0.4756
vn -0.8794 0.0099 -0.4760
vn -0.7582 0.2576 0.5990
vn -0.5082 -0.0009 0.8613
vn -0.8767 -0.0072 0.4810
vn -0.5081 -0.0029 0.8613
vn -0.2550 0.2874 0.9232
vn 0.0030 -0.0000 1.0000
vn 0.0077 -1.0000 -0.0000
vn 0.3717 -0.8943 0.2491
vn 0.0084 -0.7996 0.6005
vn 0.3701 -0.4868 0.7912
vn 0.0025 -0.0000 1.0000
vn 0.0083 -0.7995 0.6006
vn -0.2753 0.9255 0.2602
vn -0.0042 0.7996 0.6005
vn -0.0081 1.0000 0.0001
vn -0.0042 0.7995 0.6006
vn -0.5278 0.4433 0.7245
vn -0.3778 0.2134 0.9010
vn 0.0030 0.0041 1.0000
vn -0.5080 -0.0042 0.8613
vn -0.5279 0.4433 0.7245
vn -0.2618 -0.9299 -0.2585
vn 0.0052 -0.7996 -0.6005
vn 0.0082 -1.0000 -0.0001
vn 0.0052 -0.7995 -0.6006
vn -0.5249 -0.4519 -0.7213
vn -0.0086 1.0000 -0.0000
vn 0.3556 0.9002 -0.2513
vn -0.0084 0.7996 -0.6005
vn 0.3572 0.4928 -0.7934
vn -0.0036 -0.0000 -1.0000
vn -0.0084 0.7995 -0.6006
vn -0.5250 -0.4518 -0.7213
vn 0.3572 0.4928 -0.7935
vn -0.9835 0.1748 0.0460
vn -0.7053 0.0137 0.7088
vn -1.0000 -0.0081 0.0031
vn -0.6635 0.1773 0.7269
vn 0.0024 0.0195 0.9998
vn -0.7049 -0.0057 0.7093
vn -0.8530 0.1308 0.5053
vn -0.5085 0.0099 0.8610
vn -0.8767 -0.0071 0.4810
vn -0.4816 0.1093 0.8695
vn 0.0024 0.0172 0.9998
vn 0.9838 -0.1748 0.0400
vn 0.7096 -0.0137 0.7045
vn 1.0000 0.0081 -0.0030
vn 0.6678 -0.1774 0.7229
vn 0.0037 -0.0195 0.9998
vn 0.7092 0.0057 0.7050
vn -0.9808 -0.1908 -0.0400
vn -0.7093 -0.0253 -0.7045
vn -1.0000 -0.0082 0.0030
vn -0.6649 -0.1882 -0.7229
vn -0.0034 -0.0195 -0.9998
vn -0.7092 -0.0058 -0.7049
vn 0.9806 0.1908 -0.0460
vn 0.7050 0.0253 -0.7088
vn 1.0000 0.0082 -0.0031
vn 0.6604 0.1882 -0.7269
vn -0.0027 0.0195 -0.9998
vn 0.7049 0.0058 -0.7093
vn 0.3496 0.3855 -0.8539
vn 0.7049 0.0045 -0.7093
vn 0.8501 0.3896 -0.3544
vn 1.0000 0.0068 -0.0031
vn 0.7049 0.0057 -0.7092
vn 0.0031 0.0012 1.0000
vn 0.3593 -0.3798 0.8525
vn 0.7092 0.0058 0.7050
vn 0.7093 0.0070 0.7049
vn 0.8577 -0.3757 0.3509
vn -0.6742 0.2850 -0.6814
vn -0.5134 -0.0052 -0.8581
vn -0.8796 -0.0072 -0.4756
vn -0.2854 0.2366 -0.9288
vn -0.0031 -0.0013 -1.0000
vn -0.5133 -0.0042 -0.8582
vn 0.8547 -0.3757 -0.3582
vn 0.7049 0.0073 -0.7092
vn 0.3520 -0.3798 -0.8555
vn -0.0030 0.0015 -1.0000
vn -0.6747 0.2827 -0.6819
vn -0.5133 -0.0053 -0.8582
vn -0.8784 -0.0071 -0.4779
vn -0.2854 0.2367 -0.9287
vn -0.0016 -0.0013 -1.0000
vn -0.5132 -0.0042 -0.8582
vn 0.3613 -0.3797 0.8516
vn 0.7092 0.0073 0.7050
vn 0.8586 -0.3757 0.3489
vn 0.9999 0.0096 -0.0030
vn 0.7093 0.0058 0.7049
vn -0.8813 -0.0083 -0.4724
vn -0.6910 0.2346 -0.6837
vn -0.5204 -0.0042 -0.8539
vn -0.5185 -0.0051 -0.8550
vn -0.2875 0.2908 -0.9126
vn -0.0058 -0.0001 -1.0000
vn 1.0000 0.0095 -0.0031
vn 0.8556 -0.3757 -0.3562
vn 0.7049 0.0058 -0.7092
vn 0.7049 0.0071 -0.7093
vn 0.3541 -0.3798 -0.8547
vn 0.3611 -0.3797 0.8517
vn 0.7092 0.0071 0.7050
vn 0.8585 -0.3757 0.3491
vn 1.0000 0.0095 -0.0030
vn -0.3548 -0.3855 -0.8517
vn -0.7092 -0.0045 -0.7050
vn -0.8522 -0.3896 -0.3492
vn -1.0000 -0.0068 0.0030
vn -0.7092 -0.0057 -0.7050
vn 0.0030 -0.0012 1.0000
vn -0.3541 0.3798 0.8546
vn -0.7049 -0.0058 0.7093
vn -0.7050 -0.0070 0.7092
vn -0.8556 0.3757 0.3561
vn 0.6701 -0.2850 -0.6854
vn 0.5082 0.0052 -0.8612
vn 0.8767 0.0072 -0.4809
vn 0.2797 -0.2366 -0.9305
vn -0.0030 0.0013 -1.0000
vn -0.8569 0.3757 -0.3530
vn -0.7092 -0.0073 -0.7049
vn -0.3573 0.3798 -0.8533
vn -0.0031 -0.0015 -1.0000
vn 0.6705 -0.2827 -0.6859
vn 0.5081 0.0053 -0.8613
vn 0.8754 0.0071 -0.4833
vn 0.2797 -0.2367 -0.9305
vn -0.0045 0.0013 -1.0000
vn 0.5080 0.0042 -0.8614
vn -0.3561 0.3797 0.8538
vn -0.7049 -0.0073 0.7093
vn -0.8564 0.3757 0.3542
vn -0.9999 -0.0096 0.0031
vn 0.8784 0.0083 -0.4779
vn 0.6868 -0.2346 -0.6880
vn 0.5151 0.0042 -0.8571
vn 0.5133 0.0051 -0.8582
vn 0.2819 -0.2908 -0.9143
vn -0.0003 0.0001 -1.0000
vn -1.0000 -0.0095 0.0030
vn -0.8577 0.3757 -0.3510
vn -0.7092 -0.0058 -0.7050
vn -0.7092 -0.0071 -0.7050
vn -0.3593 0.3798 -0.8525
vn -0.3559 0.3797 0.8539
vn -0.7049 -0.0071 0.7093
vn -0.8563 0.3757 0.3544
vn -1.0000 -0.0095 0.0032
vn -0.8784 -0.0060 0.4778
vn -0.6829 -0.2458 0.6880
vn -0.5151 -0.0042 0.8571
vn -0.5133 -0.0033 0.8582
vn -0.2771 -0.2954 0.9143
vn 0.0004 -0.0000 1.0000
vn -0.6653 -0.2959 0.6855
vn -0.5081 -0.0032 0.8613
vn -0.2758 -0.2412 0.9305
vn 0.0030 0.0013 1.0000
vn -0.6658 -0.2936 0.6860
vn -0.5081 -0.0031 0.8613
vn -0.8754 -0.0072 0.4833
vn 0.0045 0.0013 1.0000
vn -0.5080 -0.0041 0.8614
vn 0.8813 0.0060 0.4725
vn 0.6870 0.2458 0.6838
vn 0.5203 0.0042 0.8539
vn 0.5185 0.0033 0.8551
vn 0.2827 0.2954 0.9126
vn 0.0058 -0.0000 1.0000
vn 0.6695 0.2960 0.6814
vn 0.5134 0.0031 0.8581
vn 0.8796 0.0071 0.4756
vn 0.2815 0.2412 0.9288
vn 0.0031 -0.0013 1.0000
vn 0.6699 0.2937 0.6819
vn 0.5133 0.0032 0.8582
vn 0.8784 0.0072 0.4779
vn 0.0016 -0.0013 1.0000
vn 0.5132 0.0041 0.8582
vn -0.9738 0.1499 -0.1712
vn -0.9617 -0.0086 -0.2738
vn -0.9998 -0.0083 -0.0158
vn -0.9244 0.0964 -0.3690
vn -0.8707 -0.0079 -0.4917
vn -0.9621 -0.0081 -0.2726
vn -0.9711 0.1672 -0.1705
vn -0.9621 -0.0083 -0.2726
vn -0.9245 0.0955 -0.3690
vn -0.8796 -0.0077 -0.4756
vn -0.9621 -0.0078 -0.2727
vn -0.9998 -0.0089 0.0175
vn -0.9852 0.0970 -0.1411
vn -0.9697 -0.0078 -0.2441
vn -0.9695 -0.0083 -0.2450
vn -0.9314 0.1239 -0.3423
vn -0.8854 -0.0073 -0.4648
vn 0.9727 -0.1499 -0.1771
vn 0.9601 0.0086 -0.2797
vn 0.9997 0.0083 -0.0219
vn 0.9221 -0.0964 -0.3747
vn 0.8677 0.0079 -0.4971
vn 0.9604 0.0081 -0.2785
vn 0.9700 -0.1671 -0.1764
vn 0.9604 0.0083 -0.2785
vn 0.9222 -0.0955 -0.3747
vn 0.8767 0.0077 -0.4809
vn 0.9604 0.0078 -0.2785
vn 0.9999 0.0089 0.0113
vn 0.9843 -0.0970 -0.1471
vn 0.9682 0.0078 -0.2500
vn 0.9680 0.0083 -0.2509
vn 0.9293 -0.1240 -0.3480
vn 0.8825 0.0073 -0.4702
vn -0.9999 -0.0074 -0.0114
vn -0.9826 -0.1131 0.1471
vn -0.9682 -0.0080 0.2500
vn -0.9680 -0.0075 0.2510
vn -0.9271 -0.1391 0.3480
vn -0.8825 -0.0072 0.4702
vn -0.9672 -0.1830 0.1764
vn -0.9604 -0.0074 0.2785
vn -0.9205 -0.1105 0.3747
vn -0.8767 -0.0066 0.4810
vn -0.9604 -0.0078 0.2785
vn -0.9701 -0.1658 0.1771
vn -0.9601 -0.0070 0.2797
vn -0.9997 -0.0080 0.0219
vn -0.9204 -0.1114 0.3747
vn -0.8677 -0.0063 0.4971
vn -0.9604 -0.0076 0.2785
vn 0.9998 0.0074 -0.0175
vn 0.9835 0.1131 0.1411
vn 0.9697 0.0080 0.2441
vn 0.9695 0.0075 0.2450
vn 0.9292 0.1391 0.3423
vn 0.8854 0.0072 0.4647
vn 0.9682 0.1829 0.1704
vn 0.9621 0.0074 0.2726
vn 0.9228 0.1105 0.3691
vn 0.8796 0.0066 0.4756
vn 0.9621 0.0078 0.2727
vn 0.9712 0.1657 0.1712
vn 0.9618 0.0070 0.2738
vn 0.9998 0.0080 0.0157
vn 0.9227 0.1114 0.3691
vn 0.8707 0.0063 0.4917
vn 0.9621 0.0076 0.2727
vn -0.0087 0.9056 -0.4240
vn -0.8786 -0.0072 -0.4776
vn 0.0061 -0.9056 -0.4241
vn 0.8756 0.0072 -0.4829
vn 0.8767 0.0072 -0.4810
vn -0.0061 0.9056 0.4241
vn 0.0087 -0.9056 0.4240
vn -0.8756 -0.0072 0.4830
vn 0.8796 0.0072 0.4756
vn 0.8786 0.0072 0.4776
vn 0.0082 -1.0000 -0.0000
vn -0.0082 1.0000 -0.0000
vn -1.0000 -0.0082 0.0031
vn -0.7954 0.0764 -0.6013
vn -0.3361 0.9097 -0.2438
vn 0.0207 0.8314 -0.5553
vn -0.9647 0.0529 -0.2580
vn -0.1956 0.8524 -0.4850
vn 0.3768 0.0966 -0.9212
vn -0.1282 0.4968 -0.8584
vn -0.4420 0.6604 -0.6071
vn -0.8932 -0.2062 -0.3996
vn 0.0343 -0.8309 -0.5554
vn -0.3212 -0.9151 -0.2438
vn -0.7941 -0.0892 -0.6012
vn -0.9052 0.1859 -0.3821
vn -0.4312 -0.6675 -0.6071
vn -0.1201 -0.4988 -0.8584
vn 0.3785 -0.0905 -0.9212
vn -0.1816 -0.8554 -0.4850
vn -0.9653 -0.0690 -0.2518
vn -0.7954 0.0763 -0.6013
vn -0.9661 0.0532 -0.2524
vn -0.1282 0.4969 -0.8583
vn -0.4420 0.6604 -0.6070
vn -0.9011 -0.2012 -0.3841
vn -0.7941 -0.0893 -0.6013
vn -0.8964 0.1917 -0.3997
vn -0.4311 -0.6675 -0.6071
vn -0.9637 -0.0686 -0.2580
vn 0.7917 -0.0765 -0.6061
vn 0.3346 -0.9098 -0.2457
vn -0.0241 -0.8314 -0.5551
vn 0.9631 -0.0529 -0.2640
vn 0.1926 -0.8524 -0.4862
vn -0.3826 -0.0966 -0.9188
vn 0.1230 -0.4967 -0.8591
vn 0.4384 -0.6603 -0.6098
vn 0.8907 0.2062 -0.4051
vn -0.0377 0.8309 -0.5551
vn 0.3197 0.9151 -0.2458
vn 0.7903 0.0894 -0.6061
vn 0.9028 -0.1859 -0.3877
vn 0.4275 0.6674 -0.6098
vn 0.1149 0.4987 -0.8591
vn -0.3841 0.0904 -0.9189
vn 0.1787 0.8554 -0.4862
vn 0.9638 0.0690 -0.2577
vn 0.3346 -0.9097 -0.2457
vn 0.9646 -0.0532 -0.2584
vn 0.1926 -0.8523 -0.4862
vn -0.3826 -0.0967 -0.9188
vn 0.4383 -0.6603 -0.6098
vn 0.8987 0.2012 -0.3896
vn -0.0377 0.8310 -0.5550
vn 0.3197 0.9151 -0.2457
vn 0.7904 0.0895 -0.6061
vn 0.8939 -0.1917 -0.4051
vn 0.9621 0.0686 -0.2640
vn 0.0241 0.8314 0.5552
vn -0.3346 0.9097 0.2458
vn -0.7917 0.0763 0.6061
vn -0.8907 -0.2062 0.4051
vn -0.4383 0.6604 0.6098
vn -0.1230 0.4968 0.8591
vn 0.3826 0.0967 0.9189
vn -0.1926 0.8524 0.4861
vn -0.9631 0.0529 0.2639
vn -0.9636 -0.0689 0.2583
vn -0.1787 -0.8554 0.4861
vn 0.3840 -0.0904 0.9189
vn -0.1148 -0.4988 0.8591
vn -0.4274 -0.6674 0.6098
vn -0.9019 0.1865 0.3896
vn -0.7903 -0.0892 0.6062
vn -0.3197 -0.9151 0.2458
vn 0.0377 -0.8309 0.5551
vn -0.3347 0.9097 0.2459
vn -0.7917 0.0762 0.6061
vn -0.8997 -0.2006 0.3877
vn -0.1229 0.4969 0.8591
vn 0.3826 0.0966 0.9188
vn -0.1926 0.8524 0.4862
vn -0.9648 0.0532 0.2577
vn -0.9621 -0.0686 0.2639
vn -0.1149 -0.4988 0.8591
vn -0.4275 -0.6674 0.6097
vn -0.8940 0.1916 0.4051
vn -0.7903 -0.0892 0.6061
vn 0.7940 0.0892 0.6014
vn 0.3212 0.9150 0.2439
vn -0.0343 0.8309 0.5554
vn 0.9651 0.0690 0.2525
vn 0.1816 0.8555 0.4850
vn -0.3784 0.0906 0.9212
vn 0.1201 0.4987 0.8584
vn 0.4312 0.6674 0.6072
vn 0.9043 -0.1865 0.3841
vn -0.0207 -0.8314 0.5553
vn 0.3361 -0.9097 0.2438
vn 0.7954 -0.0764 0.6013
vn 0.8932 0.2062 0.3997
vn 0.4421 -0.6603 0.6071
vn 0.1282 -0.4968 0.8584
vn -0.3770 -0.0967 0.9212
vn 0.1956 -0.8524 0.4850
vn 0.9647 -0.0529 0.2581
vn 0.3213 0.9150 0.2439
vn 0.9637 0.0686 0.2581
vn 0.8964 -0.1916 0.3996
vn 0.7954 -0.0763 0.6013
vn 0.9020 0.2007 0.3822
vn 0.4420 -0.6603 0.6072
vn 0.1282 -0.4967 0.8584
vn 0.9663 -0.0532 0.2518
vn -0.0037 -0.0000 -1.0000
vn 0.3771 0.3557 -0.8551
vn -0.0086 0.7071 -0.7071
vn 0.3746 0.8562 -0.3557
vn -0.0024 -0.0000 -1.0000
vn -0.3824 -0.3557 -0.8528
vn 0.0043 -0.7071 -0.7071
vn -0.3768 -0.8562 -0.3534
vn -0.0088 1.0000 -0.0000
vn 0.3767 0.8571 0.3515
vn -0.0044 0.7071 0.7071
vn 0.3824 0.3577 0.8520
vn 0.0088 -1.0000 -0.0000
vn -0.3746 -0.8571 0.3537
vn 0.0087 -0.7071 0.7071
vn -0.3771 -0.3577 0.8543
vn 0.3147 -0.6919 -0.6498
vn 0.0061 -0.9070 -0.4211
vn 0.0012 -0.5343 -0.8453
vn 0.2527 -0.2888 -0.9234
vn 0.0018 -0.5324 -0.8465
vn -0.0038 -0.0013 -1.0000
vn -0.3187 0.6919 -0.6478
vn -0.0087 0.9070 -0.4210
vn -0.0063 0.5342 -0.8453
vn -0.2583 0.2888 -0.9219
vn -0.0070 0.5324 -0.8465
vn -0.0023 0.0013 -1.0000
vn 0.3046 -0.2824 0.9097
vn 0.0030 0.0012 1.0000
vn 0.0064 -0.5304 0.8477
vn 0.2607 -0.7008 0.6640
vn 0.0069 -0.5287 0.8488
vn 0.0080 -0.9042 0.4271
vn -0.2990 0.2824 0.9115
vn 0.0031 -0.0012 1.0000
vn -0.0012 0.5304 0.8478
vn -0.2567 0.7008 0.6656
vn -0.0017 0.5287 0.8488
vn -0.0054 0.9042 0.4271
vn 0.0078 -1.0000 -0.0010
vn 0.0073 -0.9756 -0.2197
vn 0.1006 -0.9867 -0.1273
vn 0.0070 -0.9752 -0.2212
vn 0.0061 -0.9046 -0.4262
vn 0.1306 -0.9423 -0.3083
vn -0.0078 1.0000 -0.0009
vn -0.0086 0.9756 -0.2196
vn -0.1014 0.9867 -0.1267
vn -0.0084 0.9752 -0.2211
vn -0.0087 0.9046 -0.4262
vn -0.1324 0.9423 -0.3075
vn 0.0083 -0.9067 0.4218
vn 0.0086 -0.9763 0.2164
vn 0.1016 -0.9469 0.3050
vn 0.0084 -0.9759 0.2179
vn 0.0082 -1.0000 -0.0009
vn 0.1354 -0.9828 0.1253
vn -0.0057 0.9067 0.4218
vn -0.0073 0.9763 0.2164
vn -0.0997 0.9469 0.3057
vn -0.0070 0.9759 0.2179
vn -0.0082 1.0000 -0.0009
vn -0.1346 0.9828 0.1261
vn -0.0027 0.0171 -0.9999
vn 0.5080 0.0042 -0.8613
vn 0.4798 0.1172 -0.8695
vn 0.5084 0.0182 -0.8609
vn 0.8508 0.1447 -0.5052
vn -0.0030 0.0041 -1.0000
vn 0.3743 0.2195 -0.9009
vn 0.5081 0.0074 -0.8613
vn 0.7539 0.2699 -0.5990
vn 0.8508 0.1446 -0.5052
vn 0.0037 -0.0171 0.9998
vn 0.4869 -0.1093 0.8666
vn 0.5138 -0.0099 0.8578
vn 0.8561 -0.1308 0.5000
vn 0.2606 -0.2874 0.9217
vn 0.5134 0.0029 0.8582
vn 0.6720 -0.2328 0.7030
vn 0.8796 0.0057 0.4757
vn 0.5134 0.0009 0.8581
vn 0.7618 -0.2575 0.5944
vn -0.0034 -0.0171 -0.9998
vn -0.4851 -0.1172 -0.8666
vn -0.5136 -0.0182 -0.8578
vn -0.8538 -0.1446 -0.5000
vn -0.0031 -0.0041 -1.0000
vn -0.3798 -0.2195 -0.8986
vn -0.5134 -0.0074 -0.8581
vn -0.7575 -0.2699 -0.5944
vn -0.8538 -0.1447 -0.5001
vn -0.8767 -0.0086 0.4810
vn -0.5081 -0.0042 0.8613
vn -0.6638 -0.2436 0.7071
vn -0.3743 -0.2195 0.9010
vn 0.0030 -0.0041 1.0000
vn -0.2602 -0.9300 0.2595
vn 0.0089 -0.7996 0.6005
vn 0.0088 -0.7995 0.6006
vn -0.5206 -0.4526 0.7240
vn -0.0086 1.0000 0.0001
vn -0.0047 0.7996 0.6005
vn 0.3571 0.9005 0.2483
vn 0.3621 0.4933 0.7909
vn -0.0047 0.7995 0.6006
vn -0.5080 -0.0054 0.8613
vn -0.2503 -0.2916 0.9232
vn -0.5205 -0.4526 0.7240
vn 0.0077 -1.0000 -0.0001
vn 0.0047 -0.7996 -0.6005
vn 0.3702 -0.8945 -0.2505
vn 0.3652 -0.4874 -0.7931
vn 0.0047 -0.7995 -0.6006
vn -0.2769 0.9256 -0.2579
vn -0.0079 0.7996 -0.6005
vn -0.0079 0.7995 -0.6006
vn -0.5322 0.4440 -0.7208
vn -0.5322 0.4441 -0.7208
vn -0.9996 -0.0276 0.0036
vn -0.7049 -0.0058 0.7092
vn -0.7214 -0.1887 0.6663
vn -0.7043 -0.0254 0.7095
vn -0.0385 -0.1831 0.9823
vn -0.8762 -0.0243 0.4814
vn -0.5276 -0.1176 0.8413
vn -0.5075 -0.0182 0.8614
vn -0.0291 -0.1379 0.9900
vn 0.9996 0.0276 -0.0026
vn 0.7254 0.1887 0.6619
vn 0.7086 0.0252 0.7052
vn 0.0445 0.1831 0.9821
vn -0.9999 0.0113 0.0026
vn -0.7093 -0.0057 -0.7049
vn -0.7284 0.1769 -0.6619
vn -0.7089 0.0137 -0.7052
vn -0.0475 0.1824 -0.9821
vn 0.9999 -0.0113 -0.0036
vn 0.7244 -0.1769 -0.6664
vn 0.7046 -0.0137 -0.7095
vn 0.0415 -0.1824 -0.9823
vn -0.0030 0.0011 -1.0000
vn 0.3523 -0.3798 -0.8554
vn 0.7049 0.0070 -0.7092
vn 0.8548 -0.3757 -0.3580
vn 0.3530 0.3855 0.8525
vn 0.7092 0.0044 0.7050
vn 0.8515 0.3896 0.3510
vn 0.7093 0.0057 0.7049
vn 1.0000 0.0068 -0.0030
vn -0.8796 -0.0059 -0.4756
vn -0.6823 -0.2444 -0.6889
vn -0.5133 -0.0031 -0.8582
vn -0.2803 -0.2927 -0.9142
vn 1.0000 0.0067 -0.0031
vn 0.8502 0.3896 -0.3541
vn 0.7049 0.0043 -0.7093
vn 0.3499 0.3855 -0.8538
vn -0.8798 -0.0060 -0.4754
vn -0.5158 -0.0042 -0.8567
vn -0.6842 -0.2446 -0.6871
vn -0.5157 -0.0032 -0.8568
vn -0.0045 -0.0000 -1.0000
vn -0.2826 -0.2942 -0.9130
vn 0.0031 -0.0015 1.0000
vn 0.3510 0.3855 0.8533
vn 0.7093 0.0042 0.7049
vn 0.8507 0.3896 0.3530
vn -0.6719 -0.2909 -0.6811
vn -0.8768 -0.0071 -0.4809
vn -0.5123 -0.0030 -0.8588
vn -0.2829 -0.2423 -0.9280
vn -0.5140 -0.0041 -0.8578
vn -0.0004 0.0013 -1.0000
vn 0.8493 0.3896 -0.3562
vn 0.7049 0.0045 -0.7092
vn 0.3478 0.3855 -0.8546
vn 0.7049 0.0057 -0.7093
vn -0.0030 -0.0012 -1.0000
vn 0.0031 -0.0011 1.0000
vn 0.3512 0.3855 0.8532
vn 0.7093 0.0045 0.7049
vn 1.0000 0.0082 -0.0030
vn 0.8508 0.3896 0.3528
vn -0.0031 -0.0011 -1.0000
vn -0.3575 0.3798 -0.8532
vn -0.7093 -0.0070 -0.7049
vn -0.8570 0.3757 -0.3527
vn -0.3478 -0.3855 0.8546
vn -0.7049 -0.0044 0.7093
vn -0.8493 -0.3896 0.3562
vn -1.0000 -0.0068 0.0032
vn 0.8767 0.0059 -0.4810
vn 0.6781 0.2444 -0.6931
vn 0.5081 0.0031 -0.8613
vn 0.2747 0.2927 -0.9159
vn -1.0000 -0.0067 0.0030
vn -0.8523 -0.3896 -0.3489
vn -0.7092 -0.0043 -0.7050
vn -0.3551 -0.3855 -0.8516
vn 0.8769 0.0060 -0.4807
vn 0.5105 0.0042 -0.8598
vn 0.6800 0.2446 -0.6912
vn 0.5105 0.0032 -0.8599
vn -0.0015 -0.0000 -1.0000
vn 0.2770 0.2942 -0.9147
vn 0.0030 0.0015 1.0000
vn -0.3458 -0.3855 0.8555
vn -0.7049 -0.0043 0.7093
vn -0.8485 -0.3896 0.3582
vn 0.6678 0.2908 -0.6852
vn 0.8738 0.0071 -0.4862
vn 0.5070 0.0030 -0.8619
vn 0.2772 0.2423 -0.9298
vn 0.5088 0.0041 -0.8609
vn -0.0057 -0.0013 -1.0000
vn -0.8515 -0.3896 -0.3510
vn -0.7093 -0.0045 -0.7049
vn -0.3531 -0.3855 -0.8525
vn -0.0031 0.0012 -1.0000
vn 0.0030 0.0011 1.0000
vn -0.3460 -0.3855 0.8554
vn -0.7049 -0.0045 0.7093
vn -0.8486 -0.3896 0.3580
vn -0.6724 0.2799 0.6852
vn -0.8738 -0.0072 0.4863
vn -0.5070 -0.0053 0.8619
vn -0.2811 0.2377 0.9298
vn -0.5087 -0.0042 0.8609
vn 0.0058 -0.0013 1.0000
vn -0.6820 0.2333 0.6931
vn -0.5080 -0.0052 0.8613
vn -0.2794 0.2882 0.9159
vn -0.8768 -0.0084 0.4808
vn -0.5105 -0.0042 0.8599
vn -0.6839 0.2334 0.6913
vn -0.5104 -0.0051 0.8599
vn 0.0016 -0.0000 1.0000
vn -0.2818 0.2896 0.9147
vn 0.6766 -0.2799 0.6811
vn 0.8768 0.0072 0.4809
vn 0.5122 0.0053 0.8588
vn 0.2868 -0.2376 0.9280
vn 0.5140 0.0042 0.8578
vn 0.0004 0.0013 1.0000
vn 0.8796 0.0085 0.4757
vn 0.6862 -0.2333 0.6890
vn 0.5133 0.0052 0.8582
vn 0.2850 -0.2882 0.9142
vn 0.8798 0.0084 0.4753
vn 0.5158 0.0042 0.8567
vn 0.6881 -0.2334 0.6871
vn 0.5157 0.0051 0.8568
vn 0.0046 -0.0000 1.0000
vn 0.2874 -0.2896 0.9130
vn -0.9998 -0.0074 0.0183
vn -0.9704 -0.0079 -0.2414
vn -0.9840 -0.1123 -0.1385
vn -0.9705 -0.0075 -0.2408
vn -0.8866 -0.0071 -0.4625
vn -0.9309 -0.1418 -0.3365
vn -1.0000 -0.0074 0.0030
vn -0.9621 -0.0078 -0.2726
vn -0.9791 -0.1110 -0.1706
vn -0.9621 -0.0074 -0.2727
vn -0.9219 -0.1235 -0.3671
vn -0.9712 -0.1668 -0.1702
vn -0.9999 -0.0080 -0.0147
vn -0.9615 -0.0070 -0.2746
vn -0.9229 -0.1121 -0.3684
vn -0.9623 -0.0076 -0.2717
vn -0.8721 -0.0063 -0.4893
vn 0.9999 0.0074 0.0122
vn 0.9689 0.0079 -0.2474
vn 0.9831 0.1123 -0.1445
vn 0.9691 0.0075 -0.2467
vn 0.8837 0.0071 -0.4679
vn 0.9289 0.1418 -0.3422
vn 1.0000 0.0074 -0.0032
vn 0.9604 0.0078 -0.2786
vn 0.9780 0.1110 -0.1766
vn 0.9604 0.0074 -0.2786
vn 0.9197 0.1235 -0.3728
vn 0.9701 0.1668 -0.1762
vn 0.9998 0.0080 -0.0208
vn 0.9598 0.0070 -0.2804
vn 0.9206 0.1121 -0.3740
vn 0.9606 0.0076 -0.2777
vn 0.8691 0.0063 -0.4946
vn -0.9727 0.1509 0.1761
vn -0.9997 -0.0083 0.0208
vn -0.9598 -0.0086 0.2804
vn -0.9223 0.0971 0.3740
vn -0.9607 -0.0081 0.2776
vn -0.8691 -0.0079 0.4946
vn -1.0000 -0.0089 0.0031
vn -0.9797 0.0950 0.1766
vn -0.9604 -0.0083 0.2786
vn -0.9216 0.1085 0.3727
vn -0.9999 -0.0089 -0.0122
vn -0.9689 -0.0079 0.2474
vn -0.9848 0.0963 0.1445
vn -0.9690 -0.0084 0.2467
vn -0.8837 -0.0074 0.4680
vn -0.9310 0.1267 0.3422
vn 0.9738 -0.1509 0.1701
vn 0.9999 0.0083 0.0146
vn 0.9615 0.0086 0.2745
vn 0.9246 -0.0971 0.3684
vn 0.9623 0.0081 0.2718
vn 0.8720 0.0079 0.4894
vn 1.0000 0.0089 -0.0030
vn 0.9808 -0.0950 0.1706
vn 0.9621 0.0083 0.2727
vn 0.9238 -0.1084 0.3671
vn 0.9998 0.0089 -0.0183
vn 0.9704 0.0079 0.2415
vn 0.9857 -0.0963 0.1385
vn 0.9705 0.0084 0.2408
vn 0.8866 0.0074 0.4625
vn 0.9331 -0.1266 0.3366
vn -0.8796 -0.0071 -0.4756
vn -0.8786 -0.0071 -0.4776
vn 0.8767 0.0071 -0.4810
vn 0.8756 0.0071 -0.4829
vn -0.8756 -0.0072 0.4829
vt 0.015648 0.997859
vt 0.015454 0.997409
vt 0.015841 0.997086
vt 0.945236 0.676658
vt 0.945236 0.676852
vt 0.944557 0.676658
vt 0.049255 0.997408
vt 0.049255 0.997859
vt 0.048676 0.997859
vt 0.023182 0.997408
vt 0.022988 0.997859
vt 0.022795 0.997086
vt 0.945236 0.684386
vt 0.945236 0.684385
vt 0.945815 0.684385
vt 0.945236 0.684192
vt 0.944557 0.684385
vt 0.007920 0.997859
vt 0.007727 0.997409
vt 0.008114 0.997086
vt 0.945236 0.566507
vt 0.945236 0.566701
vt 0.944557 0.566507
vt 0.053601 0.997408
vt 0.053601 0.997859
vt 0.053021 0.997859
vt 0.015454 0.997408
vt 0.015261 0.997859
vt 0.015068 0.997086
vt 0.945236 0.574235
vt 0.945236 0.574235
vt 0.945815 0.574235
vt 0.945236 0.574041
vt 0.944557 0.574235
vt 0.015261 0.815441
vt 0.015454 0.815891
vt 0.015068 0.816213
vt 0.949904 0.110605
vt 0.949904 0.110412
vt 0.950582 0.110605
vt 0.031873 0.997408
vt 0.031873 0.997859
vt 0.031293 0.997859
vt 0.007727 0.815891
vt 0.007920 0.815441
vt 0.008114 0.816213
vt 0.949904 0.102878
vt 0.949904 0.102878
vt 0.949324 0.102878
vt 0.949904 0.103071
vt 0.950582 0.102878
vt 0.022988 0.815441
vt 0.023182 0.815891
vt 0.022795 0.816213
vt 0.949904 0.220756
vt 0.949904 0.220563
vt 0.950582 0.220756
vt 0.036218 0.997408
vt 0.036218 0.997859
vt 0.035639 0.997859
vt 0.015454 0.815891
vt 0.015648 0.815441
vt 0.015841 0.816213
vt 0.949904 0.213029
vt 0.949904 0.213029
vt 0.949324 0.213029
vt 0.949904 0.213222
vt 0.950582 0.213029
vt 0.000000 0.815891
vt 0.000193 0.815441
vt 0.000386 0.816213
vt 0.949581 0.676658
vt 0.949581 0.676658
vt 0.949002 0.676658
vt 0.949581 0.676852
vt 0.950260 0.676658
vt 0.949581 0.684385
vt 0.949581 0.684192
vt 0.950260 0.684386
vt 0.031873 0.815891
vt 0.031873 0.815441
vt 0.032452 0.815441
vt 0.007534 0.815441
vt 0.007727 0.815891
vt 0.007341 0.816213
vt 0.988293 0.186814
vt 0.988486 0.186364
vt 0.988679 0.187137
vt 0.949581 0.566507
vt 0.949581 0.566507
vt 0.949002 0.566507
vt 0.949581 0.566701
vt 0.950260 0.566507
vt 0.949581 0.574235
vt 0.949581 0.574041
vt 0.950260 0.574234
vt 0.027527 0.815891
vt 0.027527 0.815441
vt 0.028107 0.815441
vt 0.995827 0.186364
vt 0.996020 0.186814
vt 0.995634 0.187137
vt 0.988486 0.368782
vt 0.988293 0.368332
vt 0.988680 0.368009
vt 0.945558 0.102878
vt 0.945558 0.103071
vt 0.944879 0.102878
vt 0.049255 0.815891
vt 0.049255 0.815441
vt 0.049835 0.815441
vt 0.996020 0.368332
vt 0.995827 0.368782
vt 0.995634 0.368009
vt 0.945558 0.110605
vt 0.946138 0.110605
vt 0.945558 0.110412
vt 0.944880 0.110605
vt 0.000193 0.997859
vt -0.000000 0.997408
vt 0.000386 0.997086
vt 0.945558 0.213029
vt 0.945558 0.213222
vt 0.944879 0.213029
vt 0.044910 0.815891
vt 0.044910 0.815441
vt 0.045489 0.815441
vt 0.007727 0.997408
vt 0.007534 0.997859
vt 0.007341 0.997086
vt 0.945558 0.220756
vt 0.945558 0.220756
vt 0.946138 0.220756
vt 0.945558 0.220563
vt 0.944880 0.220756
vt 0.437583 0.464402
vt 0.651205 0.463710
vt 0.650578 0.464402
vt 0.976702 0.214315
vt 0.975930 0.000000
vt 0.976702 0.000226
vt 0.650578 0.814668
vt 0.436956 0.815361
vt 0.437582 0.814668
vt 0.976702 0.428856
vt 0.975930 0.214541
vt 0.976702 0.214768
vt 0.965884 0.214541
vt 0.965112 0.000226
vt 0.965884 0.000000
vt 0.436663 0.463710
vt 0.223041 0.464402
vt 0.222415 0.463710
vt 0.965884 0.429083
vt 0.965112 0.214768
vt 0.965884 0.214541
vt 0.222415 0.815361
vt 0.436037 0.814668
vt 0.436663 0.815361
vt 0.991071 0.649620
vt 0.991759 0.463630
vt 0.991759 0.649993
vt 0.637262 0.477718
vt 0.450126 0.476946
vt 0.638035 0.476946
vt 0.987604 0.372354
vt 0.988293 0.186364
vt 0.988293 0.372728
vt 0.450899 0.801352
vt 0.638035 0.802125
vt 0.450126 0.802125
vt 0.235584 0.476946
vt 0.422721 0.477718
vt 0.236357 0.477718
vt 0.980169 0.649993
vt 0.980857 0.464003
vt 0.980859 0.649624
vt 0.423494 0.802125
vt 0.236357 0.801352
vt 0.422721 0.801352
vt 0.976702 0.372728
vt 0.977391 0.186738
vt 0.977393 0.372358
vt 0.987364 0.465603
vt 0.988137 0.648021
vt 0.987364 0.648021
vt 0.988137 0.465602
vt 0.988827 0.648390
vt 0.983898 0.188337
vt 0.984670 0.370755
vt 0.983898 0.370755
vt 0.984670 0.188337
vt 0.985361 0.371124
vt 0.983100 0.465233
vt 0.983791 0.648021
vt 0.983102 0.648394
vt 0.983791 0.465603
vt 0.984564 0.648021
vt 0.979634 0.187967
vt 0.980325 0.370755
vt 0.979636 0.371129
vt 0.980325 0.188337
vt 0.981097 0.370755
vt 0.638035 0.588323
vt 0.637262 0.580596
vt 0.638035 0.580596
vt 0.953526 0.110605
vt 0.952848 0.102878
vt 0.953526 0.102878
vt 0.638035 0.698474
vt 0.637262 0.690747
vt 0.638035 0.690747
vt 0.953526 0.220756
vt 0.952848 0.213029
vt 0.953526 0.213029
vt 0.235584 0.690747
vt 0.236357 0.698474
vt 0.235584 0.698474
vt 0.941936 0.213029
vt 0.942614 0.220756
vt 0.941936 0.220756
vt 0.235584 0.580596
vt 0.236357 0.588323
vt 0.235584 0.588323
vt 0.941936 0.102878
vt 0.942614 0.110605
vt 0.941936 0.110605
vt 0.450126 0.690747
vt 0.450898 0.698474
vt 0.450126 0.698474
vt 0.941613 0.676658
vt 0.942292 0.684385
vt 0.941613 0.684386
vt 0.450126 0.580596
vt 0.450898 0.588323
vt 0.450126 0.588323
vt 0.941613 0.566507
vt 0.942292 0.574235
vt 0.941613 0.574235
vt 0.027527 0.997408
vt 0.049835 0.997859
vt 0.031873 0.997408
vt 0.045489 0.997859
vt 0.031293 0.815441
vt 0.053601 0.815891
vt 0.035639 0.815441
vt 0.049255 0.815891
vt 0.929255 0.580596
vt 0.930028 0.588323
vt 0.929255 0.588323
vt 0.222268 0.580596
vt 0.223041 0.588323
vt 0.222268 0.588323
vt 0.929255 0.690747
vt 0.930028 0.698474
vt 0.929255 0.698474
vt 0.222268 0.690747
vt 0.223041 0.698474
vt 0.222268 0.698474
vt 0.952525 0.676658
vt 0.953204 0.684385
vt 0.952525 0.684385
vt 0.422721 0.690747
vt 0.423494 0.698474
vt 0.422721 0.698474
vt 0.919532 0.234845
vt 0.918759 0.227117
vt 0.919532 0.227117
vt 0.436810 0.698474
vt 0.436037 0.690747
vt 0.436810 0.690747
vt 0.952525 0.566507
vt 0.953204 0.574234
vt 0.952525 0.574234
vt 0.422721 0.580596
vt 0.423494 0.588323
vt 0.422721 0.588323
vt 0.919532 0.124694
vt 0.918759 0.116966
vt 0.919532 0.116966
vt 0.436810 0.588323
vt 0.436037 0.580596
vt 0.436810 0.580596
vt 0.919210 0.698474
vt 0.918437 0.690747
vt 0.919210 0.690747
vt 0.651351 0.698474
vt 0.650578 0.690747
vt 0.651351 0.690747
vt 0.919210 0.588323
vt 0.918437 0.580596
vt 0.919210 0.580596
vt 0.651351 0.588323
vt 0.650578 0.580596
vt 0.651351 0.580596
vt 0.929578 0.116966
vt 0.930350 0.124694
vt 0.929577 0.124694
vt 0.436810 0.580596
vt 0.437582 0.588323
vt 0.929577 0.227117
vt 0.930350 0.234845
vt 0.929578 0.234845
vt 0.436810 0.690747
vt 0.437583 0.698474
vt 0.930350 0.351585
vt 0.918759 0.351585
vt 0.919532 0.351811
vt 0.942292 0.676658
vt 0.450898 0.690747
vt 0.930350 0.227117
vt 0.437582 0.690747
vt 0.942299 0.786934
vt 0.436037 0.588323
vt 0.918759 0.124694
vt 0.942301 0.463955
vt 0.941613 0.463630
vt 0.450898 0.477718
vt 0.930350 0.000226
vt 0.930350 0.116966
vt 0.437583 0.580596
vt 0.436037 0.464402
vt 0.918759 0.000226
vt 0.918437 0.463856
vt 0.930028 0.463856
vt 0.929255 0.463630
vt 0.952848 0.110605
vt 0.637262 0.588323
vt 0.918437 0.588323
vt 0.650578 0.588323
vt 0.952840 0.000329
vt 0.223041 0.690747
vt 0.930028 0.690747
vt 0.952838 0.323308
vt 0.953526 0.323634
vt 0.637262 0.801352
vt 0.918437 0.815214
vt 0.918437 0.698474
vt 0.650578 0.698474
vt 0.223041 0.814668
vt 0.930028 0.815214
vt 0.952516 0.786938
vt 0.953204 0.787263
vt 0.953204 0.676658
vt 0.423494 0.690747
vt 0.952517 0.463959
vt 0.953204 0.566507
vt 0.423494 0.580596
vt 0.942623 0.000325
vt 0.941936 0.000000
vt 0.942614 0.213029
vt 0.236357 0.690747
vt 0.942622 0.323304
vt 0.946008 0.785558
vt 0.945236 0.785557
vt 0.945815 0.676658
vt 0.946008 0.465335
vt 0.945236 0.465335
vt 0.944549 0.465006
vt 0.949131 0.001706
vt 0.949904 0.001706
vt 0.949324 0.110605
vt 0.949131 0.321928
vt 0.949904 0.321928
vt 0.950590 0.322257
vt 0.948809 0.785557
vt 0.949581 0.785557
vt 0.950268 0.785887
vt 0.949002 0.574235
vt 0.948809 0.465335
vt 0.949581 0.465335
vt 0.946331 0.001706
vt 0.945558 0.001706
vt 0.944872 0.001377
vt 0.946138 0.213029
vt 0.946331 0.321928
vt 0.945558 0.321928
vt 0.987602 0.186733
vt 0.985359 0.187963
vt 0.944548 0.785883
vt 0.991069 0.463999
vt 0.988826 0.465229
vt 0.942292 0.566507
vt 0.950592 0.001381
vt 0.952848 0.220756
vt 0.235584 0.802125
vt 0.436037 0.698474
vt 0.950269 0.465010
vt 0.423494 0.476946
vt 0.942614 0.102878
vt 0.223041 0.580596
vt 0.944870 0.322253
vt 0.975930 0.429083
vt 0.929578 0.351811
vt 0.975930 0.214541
vt 0.929578 0.000000
vt 0.919210 0.463630
vt 0.919210 0.815441
vt 0.981097 0.188337
vt 0.949002 0.684386
vt 0.984564 0.465602
vt 0.946138 0.102878
vt 0.048676 0.815441
vt 0.032452 0.997859
vt 0.015536 0.997859
vt 0.945236 0.676658
vt 0.049255 0.997745
vt 0.023182 0.997745
vt 0.945236 0.684350
vt 0.007809 0.997859
vt 0.053601 0.997745
vt 0.015454 0.997745
vt 0.945236 0.574199
vt 0.015373 0.815441
vt 0.949904 0.110605
vt 0.031873 0.997745
vt 0.007727 0.815555
vt 0.949904 0.102913
vt 0.023100 0.815441
vt 0.036218 0.997745
vt 0.015454 0.815555
vt 0.949904 0.213064
vt 0.000000 0.815555
vt 0.949581 0.676694
vt 0.031873 0.815555
vt 0.007646 0.815441
vt 0.988293 0.186478
vt 0.949581 0.566543
vt 0.027527 0.815555
vt 0.995939 0.186364
vt 0.988375 0.368782
vt 0.945558 0.102878
vt 0.049255 0.815555
vt 0.996020 0.368668
vt 0.945558 0.110569
vt 0.000082 0.997859
vt 0.945558 0.213029
vt 0.044910 0.815555
vt 0.007727 0.997745
vt 0.945558 0.220720
vt 0.436956 0.463710
vt 0.651205 0.815361
vt 0.965111 0.214315
vt 0.965112 0.428856
vt 0.980169 0.463630
vt 0.976702 0.186364
vt 0.637262 0.698474
vt 0.236357 0.580596
vt 0.450898 0.580596
vt 0.028107 0.997859
vt 0.049255 0.997409
vt 0.044910 0.997409
vt 0.031873 0.815891
vt 0.053021 0.815441
vt 0.036218 0.815891
vt 0.930028 0.580596
vt 0.918759 0.234845
vt 0.941613 0.787263
vt 0.919532 0.000000
vt 0.953526 0.000000
vt 0.929255 0.815441
vt 0.953204 0.463630
vt 0.941936 0.323634
vt 0.945815 0.566507
vt 0.949324 0.220756
s 0
usemtl Mat.Window
f 596/705/387 593/707/389 599/706/388
f 598/708/390 594/710/392 596/709/391
f 599/711/393 595/713/395 598/712/394
f 603/714/396 600/716/398 606/715/397
f 605/717/399 601/719/401 603/718/400
f 606/720/402 602/721/404 605/717/403
f 610/722/405 607/724/389 613/723/406
f 612/725/407 608/727/408 610/726/391
f 613/728/393 609/730/410 612/729/409
f 617/731/396 614/733/398 620/732/411
f 619/734/412 615/736/401 617/735/400
f 620/737/413 616/738/404 619/734/414
f 624/739/415 621/741/417 627/740/416
f 626/742/418 622/744/420 624/743/419
f 627/745/421 623/747/423 626/746/422
f 631/748/424 628/750/426 634/749/425
f 633/751/427 629/753/429 631/752/428
f 634/754/430 630/755/432 633/751/431
f 638/756/415 635/758/417 641/757/416
f 640/759/433 636/761/434 638/760/419
f 641/762/421 637/764/423 640/763/435
f 645/765/424 642/767/426 648/766/425
f 647/768/436 643/770/429 645/769/437
f 648/771/430 644/772/432 647/768/438
f 652/773/439 649/775/441 655/774/440
f 654/776/442 650/778/444 652/777/443
f 655/779/445 651/780/447 654/776/446
f 659/781/448 656/783/450 662/782/449
f 661/784/451 657/786/453 659/785/452
f 662/787/454 658/789/456 661/788/455
f 666/790/439 663/792/457 669/791/440
f 668/793/458 664/795/444 666/794/443
f 669/796/459 665/797/447 668/793/460
f 673/798/461 670/800/463 676/799/462
f 675/801/451 671/803/465 673/802/464
f 676/804/466 672/806/456 675/805/455
f 680/807/467 677/809/469 683/808/468
f 682/810/470 678/812/472 680/811/471
f 683/813/473 679/815/475 682/814/474
f 687/816/476 684/818/478 690/817/477
f 689/819/479 685/820/481 687/819/480
f 690/821/482 686/822/484 689/819/483
f 694/823/467 691/825/469 697/824/468
f 696/826/485 692/828/487 694/827/486
f 697/829/473 693/831/475 696/830/488
f 701/832/489 698/834/490 704/833/477
f 703/835/491 699/837/481 701/836/480
f 704/838/492 700/839/484 703/835/493
f 452/840/494 456/842/496 457/841/495
f 454/843/497 457/845/499 455/844/498
f 458/846/500 450/848/496 451/847/501
f 460/849/502 451/851/504 449/850/503
f 464/852/505 468/854/507 469/853/506
f 466/855/508 469/857/510 467/856/509
f 470/858/511 462/860/513 463/859/512
f 472/861/514 463/863/516 461/862/515
f 432/864/517 433/866/519 430/865/518
f 433/867/520 431/869/522 429/868/521
f 426/870/523 427/872/525 436/871/524
f 427/873/526 425/875/528 435/874/527
f 444/876/529 445/878/531 442/877/530
f 445/879/532 443/881/534 441/880/533
f 438/882/535 439/884/537 448/883/536
f 439/885/538 437/887/540 447/886/539
f 476/888/541 480/890/543 481/889/542
f 478/891/544 481/889/546 479/892/545
f 482/893/547 474/895/549 475/894/548
f 484/896/550 475/894/552 473/897/551
f 488/898/553 492/900/555 493/899/554
f 490/901/556 493/899/558 491/902/557
f 494/903/559 486/905/561 487/904/560
f 496/906/562 487/904/564 485/907/563
f 560/908/565 558/910/567 559/909/566
f 562/911/568 559/913/570 557/912/569
f 628/750/571 621/741/567 624/739/572
f 634/754/573 624/743/575 622/744/574
f 566/914/565 564/916/567 565/915/566
f 568/917/568 565/919/570 563/918/576
f 642/767/571 635/758/567 638/756/572
f 648/771/573 638/760/575 636/761/574
f 590/920/577 588/922/579 589/921/578
f 592/923/580 589/925/582 587/924/581
f 691/825/583 694/823/582 704/833/584
f 694/827/585 692/828/587 700/839/586
f 584/926/577 582/928/579 583/927/578
f 586/929/580 583/931/582 581/930/581
f 677/809/583 680/807/582 690/817/584
f 690/821/588 680/811/590 678/812/589
f 548/932/591 546/934/496 547/933/592
f 550/935/593 547/937/595 545/936/594
f 600/716/596 593/707/496 596/705/597
f 606/720/598 596/709/595 594/710/599
f 554/938/591 552/940/496 553/939/592
f 556/941/593 553/943/595 551/942/600
f 614/733/596 607/724/496 610/722/597
f 620/737/598 610/726/595 608/727/599
f 670/800/601 665/797/603 669/796/602
f 669/791/604 663/792/606 672/806/605
f 671/803/607 675/801/609 687/944/608
f 687/816/610 675/805/612 672/806/611
f 664/945/613 679/815/615 683/813/614
f 683/808/616 677/809/579 663/792/617
f 656/783/601 651/780/603 655/779/602
f 662/787/618 655/774/620 649/775/619
f 657/786/607 661/784/609 701/946/608
f 701/832/610 661/788/612 658/789/611
f 650/947/613 693/831/615 697/829/614
f 697/824/616 691/825/579 649/775/621
f 615/948/622 623/747/624 627/745/623
f 627/740/625 621/741/496 614/733/626
f 609/730/627 613/728/629 631/949/628
f 631/748/630 613/723/632 607/724/631
f 601/950/622 637/764/624 641/762/623
f 641/757/625 635/758/496 600/716/633
f 595/713/627 599/711/629 645/951/628
f 645/765/634 599/706/632 593/707/631
f 536/952/635 534/954/637 535/953/636
f 538/955/638 535/957/640 533/956/639
f 542/958/635 540/960/637 541/959/636
f 544/961/638 541/963/640 539/962/639
f 572/964/641 570/966/643 571/965/642
f 574/967/644 571/969/620 569/968/645
f 524/970/646 522/972/648 523/971/647
f 526/973/649 523/975/651 521/974/650
f 578/976/641 576/978/643 577/977/642
f 580/979/644 577/981/620 575/980/645
f 530/982/646 528/984/648 529/983/647
f 532/985/649 529/987/651 527/986/650
f 518/988/652 516/990/654 517/989/653
f 520/991/655 517/993/657 515/992/656
f 512/994/652 510/996/654 511/995/653
f 514/997/655 511/999/657 509/998/656
f 506/1000/658 504/1002/660 505/1001/659
f 508/1003/661 505/985/663 503/1004/662
f 500/1005/658 498/1007/660 499/1006/659
f 502/1008/661 499/973/663 497/1009/662
f 450/848/664 497/1009/567 499/973/665
f 451/1010/666 499/1006/668 498/1007/667
f 461/862/669 463/863/671 526/973/670
f 463/1011/672 462/1012/648 524/970/673
f 549/1013/674 551/942/676 553/943/675
f 550/1014/677 553/939/679 552/940/678
f 504/1002/680 500/1005/660 502/1015/681
f 505/985/682 502/1008/663 501/1016/683
f 426/1017/684 545/936/686 547/937/685
f 427/873/687 547/933/689 546/934/688
f 531/1018/690 521/974/579 523/975/691
f 532/1019/692 523/971/694 522/972/693
f 428/1020/695 430/1021/697 556/941/696
f 430/1022/698 429/868/700 554/938/699
f 506/1000/701 508/1024/703 454/1023/702
f 508/1003/704 507/1025/567 452/840/705
f 465/1026/706 527/986/579 529/987/707
f 466/1027/708 529/983/694 528/984/709
f 456/842/710 509/998/496 511/999/711
f 457/1028/712 511/995/714 510/996/713
f 467/856/715 469/857/717 538/955/716
f 469/1029/718 468/1030/637 536/952/719
f 561/1031/720 563/918/722 565/919/721
f 562/1032/723 565/915/570 564/916/724
f 516/990/725 512/994/654 514/1033/726
f 517/993/727 514/997/657 513/1034/728
f 432/1035/729 557/912/731 559/913/730
f 433/867/732 559/909/734 558/910/733
f 543/1036/735 533/956/606 535/957/736
f 544/1037/737 535/953/717 534/954/738
f 434/1038/739 436/1039/741 568/917/740
f 436/1040/742 435/874/744 566/914/743
f 518/988/745 520/1042/747 460/1041/746
f 520/991/748 519/1043/496 458/846/749
f 471/1044/750 539/962/606 541/963/751
f 472/1045/752 541/959/717 540/960/753
f 437/1046/754 439/1047/756 571/965/755
f 439/884/757 438/882/759 569/968/758
f 576/978/760 572/964/643 574/1048/761
f 577/981/762 574/967/620 573/1049/763
f 441/1050/764 578/976/766 580/1051/765
f 442/877/762 580/979/768 579/1052/767
f 443/1053/769 445/1054/771 586/929/770
f 445/878/772 444/876/774 584/926/773
f 591/1055/775 581/930/777 583/931/776
f 592/1056/778 583/927/582 582/928/779
f 447/1057/780 587/924/782 589/925/781
f 448/883/778 589/921/784 588/922/783
f 474/1058/785 601/719/787 605/717/786
f 475/1059/788 605/717/790 602/721/789
f 595/1060/791 615/736/654 619/734/792
f 598/708/793 619/734/795 616/738/794
f 476/1061/796 478/1062/798 612/725/797
f 478/1062/799 477/1063/801 608/727/800
f 480/1064/802 629/753/804 633/751/803
f 481/1065/805 633/751/807 630/755/806
f 623/1066/808 643/770/660 647/768/809
f 626/742/810 647/768/812 644/772/811
f 482/1067/813 484/1068/815 640/759/814
f 484/1068/816 483/1069/818 636/761/817
f 485/1070/819 487/1071/821 659/781/820
f 487/1071/822 486/1072/824 656/783/823
f 671/1073/825 650/778/637 654/776/826
f 673/798/827 654/776/829 651/780/828
f 489/1074/830 664/795/832 668/793/831
f 490/1075/833 668/793/835 665/797/834
f 491/1076/836 493/1077/838 682/810/837
f 493/1077/839 492/1078/841 678/812/840
f 693/1079/842 685/820/648 689/819/843
f 696/826/844 689/819/846 686/822/845
f 495/1080/847 699/837/849 703/835/848
f 496/1081/850 703/835/852 700/839/851
f 434/1082/853 483/1083/853 473/897/853
f 545/936/854 426/1017/854 473/1084/854
f 435/874/496 425/875/496 450/848/496
f 425/875/496 546/934/496 497/1009/496
f 428/1085/855 477/1086/855 479/892/855
f 431/869/496 456/842/496 452/840/496
f 555/1087/676 608/727/676 477/1063/676
f 429/868/496 452/840/496 507/1025/496
f 557/912/856 432/1035/856 479/1088/856
f 431/869/496 558/910/496 509/998/496
f 567/1089/857 636/761/857 483/1069/857
f 435/874/496 458/846/496 519/1043/496
f 446/1090/579 471/1044/579 461/862/579
f 570/966/603 656/783/603 486/1072/603
f 438/882/579 461/862/579 525/1091/579
f 437/887/858 486/905/858 494/903/858
f 443/881/859 492/900/859 488/898/859
f 578/976/860 441/1050/860 488/1092/860
f 444/876/579 440/1093/579 465/1026/579
f 440/1093/579 579/1052/579 527/986/579
f 585/1094/861 678/812/861 492/1078/861
f 444/876/579 467/856/579 537/1095/579
f 446/1090/579 588/922/579 539/962/579
f 587/924/862 447/1057/862 494/1096/862
f 470/858/863 459/1097/863 449/850/863
f 462/1012/660 449/1098/660 498/1007/660
f 464/852/864 453/1099/864 455/844/864
f 528/984/660 506/1000/660 453/1100/660
f 468/1030/865 455/1101/865 510/996/865
f 540/960/865 518/988/865 459/1102/865
f 495/1103/864 485/907/864 474/895/864
f 485/1070/865 657/1104/865 601/719/865
f 489/1105/863 491/902/863 480/890/863
f 664/795/865 489/1074/865 476/1061/865
f 491/1076/660 679/1106/660 629/753/660
f 699/837/660 495/1080/660 482/1067/660
f 497/1009/496 546/934/496 548/932/496
f 500/1005/660 522/972/660 524/970/660
f 522/972/660 500/1005/660 504/1002/660
f 548/932/496 552/940/496 503/1004/496
f 503/1004/496 552/940/496 554/938/496
f 506/1000/660 528/984/660 530/982/660
f 509/998/496 558/910/496 560/908/496
f 512/994/865 534/954/865 536/952/865
f 534/954/865 512/994/865 516/990/865
f 560/908/496 564/916/496 515/992/496
f 515/992/496 564/916/496 566/914/496
f 518/988/865 540/960/865 542/958/865
f 521/974/579 573/1049/579 569/968/579
f 575/980/579 573/1049/579 521/974/579
f 527/986/579 579/1052/579 575/980/579
f 533/956/579 582/928/579 584/926/579
f 590/920/579 582/928/579 533/956/579
f 539/962/579 588/922/579 590/920/579
f 594/710/676 549/1013/676 545/936/676
f 551/942/676 549/1013/676 594/710/676
f 608/727/676 555/1087/676 551/942/676
f 622/744/857 561/1031/857 557/912/857
f 563/918/857 561/1031/857 622/744/857
f 636/761/857 567/1089/857 563/918/857
f 656/783/603 570/966/603 572/964/603
f 572/964/603 576/978/603 670/800/603
f 670/800/603 576/978/603 578/976/603
f 678/812/861 585/1094/861 581/930/861
f 581/930/861 591/1055/861 692/828/861
f 692/828/861 591/1055/861 587/924/861
f 600/716/496 635/758/496 642/767/496
f 615/736/865 595/1060/865 650/778/865
f 595/713/864 643/1107/864 693/831/864
f 657/786/863 699/1108/863 637/764/863
f 614/733/496 621/741/496 628/750/496
f 679/815/864 664/945/864 609/730/864
f 623/747/863 615/948/863 671/803/863
f 643/770/660 623/1066/660 685/820/660
f 698/834/579 658/789/579 649/775/579
f 684/818/579 672/806/579 663/792/579
f 596/705/866 599/706/868 597/1109/867
f 598/708/869 596/709/871 597/1110/870
f 599/711/872 598/712/874 597/1111/873
f 603/714/875 606/715/877 604/1112/876
f 605/717/878 603/718/880 604/1113/879
f 606/720/881 605/717/883 604/1113/882
f 610/722/884 613/723/868 611/1114/867
f 612/725/885 610/726/871 611/725/870
f 613/728/886 612/729/888 611/1115/887
f 617/731/875 620/732/889 618/1116/876
f 619/734/890 617/735/880 618/1117/891
f 620/737/881 619/734/892 618/1117/882
f 624/739/893 627/740/895 625/1118/894
f 626/742/896 624/743/898 625/1119/897
f 627/745/899 626/746/901 625/1120/900
f 631/748/902 634/749/904 632/1121/903
f 633/751/905 631/752/907 632/1122/906
f 634/754/908 633/751/910 632/1122/909
f 638/756/893 641/757/895 639/1123/911
f 640/759/912 638/760/914 639/759/913
f 641/762/899 640/763/916 639/1124/915
f 645/765/917 648/766/919 646/1125/918
f 647/768/920 645/769/907 646/1126/906
f 648/771/908 647/768/921 646/1126/909
f 652/773/922 655/774/924 653/1127/923
f 654/776/925 652/777/927 653/1128/926
f 655/779/928 654/776/930 653/1128/929
f 659/781/931 662/782/933 660/781/932
f 661/784/934 659/785/936 660/1129/935
f 662/787/937 661/788/939 660/1130/938
f 666/790/922 669/791/941 667/1131/940
f 668/793/942 666/794/943 667/1132/926
f 669/796/944 668/793/946 667/1132/945
f 673/798/947 676/799/933 674/798/932
f 675/801/948 673/802/950 674/1133/949
f 676/804/951 675/805/939 674/1134/938
f 680/807/952 683/808/954 681/1135/953
f 682/810/955 680/811/957 681/1136/956
f 683/813/958 682/814/960 681/1137/959
f 687/816/961 690/817/963 688/1138/962
f 689/819/964 687/819/966 688/1139/965
f 690/821/967 689/819/969 688/1139/968
f 694/823/952 697/824/954 695/1140/970
f 696/826/971 694/827/957 695/1141/956
f 697/829/958 696/830/972 695/1142/959
f 701/832/961 704/833/973 702/1143/962
f 703/835/974 701/836/976 702/1144/975
f 704/838/967 703/835/977 702/1144/968
f 452/840/978 457/841/979 454/1145/499
f 454/843/980 455/844/981 453/1099/864
f 458/846/982 451/847/983 460/1146/504
f 460/849/984 449/850/985 459/1097/863
f 464/852/986 469/853/987 466/1147/510
f 466/855/988 467/856/989 465/1026/579
f 470/858/990 463/859/991 472/1148/516
f 472/861/992 461/862/993 471/1044/579
f 432/864/994 430/865/996 428/1085/995
f 433/867/997 429/868/999 430/1022/998
f 426/870/1000 436/871/1002 434/1082/1001
f 427/873/1003 435/874/1005 436/1040/1004
f 444/876/1006 442/877/1008 440/1093/1007
f 445/879/1009 441/880/1011 442/1149/1010
f 438/882/1012 448/883/1014 446/1090/1013
f 439/885/1015 447/886/1017 448/1150/1016
f 476/888/1018 481/889/1020 478/891/1019
f 478/891/1021 479/892/1023 477/1086/1022
f 482/893/1024 475/894/1026 484/896/1025
f 484/896/1027 473/897/1029 483/1083/1028
f 488/898/1030 493/899/1032 490/901/1031
f 490/901/1033 491/902/1035 489/1105/1034
f 494/903/1036 487/904/1038 496/906/1037
f 496/906/1039 485/907/1041 495/1103/1040
f 560/908/1042 559/909/1044 562/1032/1043
f 562/911/1045 557/912/1046 561/1031/857
f 628/750/1047 624/739/1048 634/749/570
f 634/754/1049 622/744/1050 630/755/857
f 566/914/1042 565/915/1044 568/1151/1043
f 568/917/1045 563/918/1051 567/1089/857
f 642/767/1047 638/756/1048 648/766/570
f 648/771/1049 636/761/1050 644/772/857
f 590/920/1052 589/921/1053 592/1056/582
f 592/923/1054 587/924/1055 591/1055/777
f 691/825/1056 704/833/1057 698/834/579
f 694/827/1058 700/839/1059 704/838/590
f 584/926/1052 583/927/1053 586/1152/582
f 586/929/1054 581/930/1055 585/1094/777
f 677/809/1056 690/817/1057 684/818/579
f 690/821/1060 678/812/1061 686/822/587
f 548/932/1062 547/933/1063 550/1014/679
f 550/935/1064 545/936/1065 549/1013/676
f 600/716/1066 596/705/1067 606/715/679
f 606/720/1068 594/710/1069 602/721/676
f 554/938/1062 553/939/1063 556/1153/679
f 556/941/1064 551/942/1070 555/1087/676
f 614/733/1066 610/722/1067 620/732/679
f 620/737/1068 608/727/1069 616/738/676
f 670/800/1071 669/796/1073 676/799/1072
f 669/791/1074 672/806/1075 676/804/620
f 671/803/1076 687/944/1077 685/1154/513
f 687/816/1078 672/806/1079 684/818/606
f 664/945/1080 683/813/1082 666/1155/1081
f 683/808/1083 663/792/611 666/790/1084
f 656/783/1071 655/779/1073 662/782/1072
f 662/787/1085 649/775/1086 658/789/606
f 657/786/1076 701/946/1077 699/1108/513
f 701/832/1078 658/789/1087 698/834/606
f 650/947/1080 697/829/1082 652/1156/1081
f 697/824/1083 649/775/611 652/773/1084
f 615/948/1088 627/745/1090 617/1157/1089
f 627/740/1091 614/733/631 617/731/1092
f 609/730/1093 631/949/1094 629/1158/864
f 631/748/1095 607/724/1096 628/750/496
f 601/950/1088 641/762/1090 603/1159/1089
f 641/757/1091 600/716/631 603/714/1092
f 595/713/1093 645/951/1094 643/1107/864
f 645/765/1095 593/707/1097 642/767/496
f 536/952/1098 535/953/1100 538/1160/1099
f 538/955/1101 533/956/1102 537/1095/606
f 542/958/1098 541/959/1100 544/1037/1099
f 544/961/1101 539/962/1102 543/1036/606
f 572/964/1103 571/965/1104 574/1048/1072
f 574/967/1105 569/968/1106 573/1049/606
f 524/970/1107 523/971/1108 526/1161/694
f 526/973/1109 521/974/1110 525/1091/579
f 578/976/1103 577/977/1104 580/1051/1072
f 580/979/1105 575/980/1106 579/1052/606
f 530/982/1107 529/983/1108 532/1019/694
f 532/985/1109 527/986/1110 531/1018/579
f 518/988/1111 517/989/1113 520/1042/1112
f 520/991/1114 515/992/1115 519/1043/496
f 512/994/1111 511/995/1113 514/1033/1112
f 514/997/1114 509/998/1115 513/1034/496
f 506/1000/1116 505/1001/1117 508/1024/668
f 508/1003/1118 503/1004/1119 507/1025/567
f 500/1005/1116 499/1006/1117 502/1015/668
f 502/1008/1118 497/1009/1119 501/1016/567
f 450/848/1120 499/973/1121 451/847/663
f 451/1010/1122 498/1007/1123 449/1098/660
f 461/862/1124 526/973/1125 525/1091/579
f 463/1011/1126 524/970/1128 526/1161/1127
f 549/1013/1129 553/943/1130 550/935/595
f 550/1014/1131 552/940/1132 548/932/496
f 504/1002/1133 502/1015/1134 505/1001/668
f 505/985/1135 501/1016/1136 503/1004/567
f 426/1017/1137 547/937/1139 427/1162/1138
f 427/873/1140 546/934/1142 425/875/1141
f 531/1018/1143 523/975/1144 532/985/651
f 532/1019/1145 522/972/1146 530/982/648
f 428/1020/1147 556/941/1149 555/1087/1148
f 430/1022/1150 554/938/1152 556/1153/1151
f 506/1000/1153 454/1023/1154 453/1100/660
f 508/1003/1155 452/840/1157 454/1145/1156
f 465/1026/1158 529/987/1159 466/855/671
f 466/1027/1160 528/984/1162 464/1163/1161
f 456/842/1163 511/999/1164 457/841/657
f 457/1028/1165 510/996/1166 455/1101/865
f 467/856/1167 538/955/1168 537/1095/606
f 469/1029/1169 536/952/1170 538/1160/640
f 561/1031/1171 565/919/1172 562/911/570
f 562/1032/1173 564/916/1174 560/908/567
f 516/990/1175 514/1033/1176 517/989/1112
f 517/993/1177 513/1034/1178 515/992/496
f 432/1035/1179 559/913/1181 433/1164/1180
f 433/867/1182 558/910/1184 431/869/1183
f 543/1036/1185 535/957/1186 544/961/640
f 544/1037/1187 534/954/1188 542/958/637
f 434/1038/1189 568/917/1191 567/1089/1190
f 436/1040/1192 566/914/1194 568/1151/1193
f 518/988/1195 460/1041/1196 459/1102/654
f 520/991/1197 458/846/1198 460/1146/714
f 471/1044/1199 541/963/1200 472/861/717
f 472/1045/1201 540/960/1202 470/1165/865
f 437/1046/1203 571/965/1205 570/966/1204
f 439/884/1206 569/968/1208 571/969/1207
f 576/978/1071 574/1048/1209 577/977/1072
f 577/981/1210 573/1049/1211 575/980/606
f 441/1050/1212 580/1051/1214 442/1166/1213
f 442/877/1215 579/1052/1217 440/1093/1216
f 443/1053/1218 586/929/1220 585/1094/1219
f 445/878/1221 584/926/1223 586/1152/1222
f 591/1055/1224 583/931/1225 592/923/582
f 592/1056/1226 582/928/1227 590/920/579
f 447/1057/1228 589/925/1230 448/1167/1229
f 448/883/1231 588/922/1233 446/1090/1232
f 474/1058/1234 605/717/1236 475/1059/1235
f 475/1059/1237 602/721/1239 473/1084/1238
f 595/1060/1240 619/734/1242 598/708/1241
f 598/708/1243 616/738/1244 594/710/676
f 476/1061/1245 612/725/1247 609/1168/1246
f 478/1062/1248 608/727/1250 612/725/1249
f 480/1064/1251 633/751/1253 481/1065/1252
f 481/1065/1254 630/755/1256 479/1088/1255
f 623/1066/1257 647/768/1259 626/742/1258
f 626/742/1260 644/772/1261 622/744/857
f 482/1067/1262 640/759/1264 637/1169/1263
f 484/1068/1265 636/761/1267 640/759/1266
f 485/1070/1268 659/781/1270 657/1104/1269
f 487/1071/1271 656/783/1273 659/781/1272
f 671/1073/1274 654/776/1275 673/798/829
f 673/798/1276 651/780/1277 670/800/603
f 489/1074/1278 668/793/1280 490/1075/1279
f 490/1075/1281 665/797/1283 488/1092/1282
f 491/1076/1284 682/810/1286 679/1106/1285
f 493/1077/1287 678/812/1289 682/810/1288
f 693/1079/1290 689/819/1291 696/826/846
f 696/826/1292 686/822/1293 692/828/861
f 495/1080/1294 703/835/1296 496/1081/1295
f 496/1081/1297 700/839/1299 494/1096/1298
f 434/1082/853 473/897/853 426/870/853
f 545/936/1300 473/1084/1300 602/721/1300
f 435/874/496 450/848/496 458/846/496
f 425/875/496 497/1009/496 450/848/496
f 428/1085/855 479/892/855 432/864/855
f 431/869/496 452/840/496 429/868/496
f 555/1087/1301 477/1063/1301 428/1020/1301
f 429/868/496 507/1025/496 554/938/496
f 557/912/1302 479/1088/1302 630/755/1302
f 431/869/496 509/998/496 456/842/496
f 567/1089/1303 483/1069/1303 434/1038/1303
f 435/874/496 519/1043/496 566/914/496
f 446/1090/579 461/862/579 438/882/579
f 570/966/1304 486/1072/1304 437/1046/1304
f 438/882/579 525/1091/579 569/968/579
f 437/887/858 494/903/858 447/886/858
f 443/881/859 488/898/859 441/880/859
f 578/976/603 488/1092/603 665/797/603
f 444/876/579 465/1026/579 467/856/579
f 440/1093/579 527/986/579 465/1026/579
f 585/1094/862 492/1078/862 443/1053/862
f 444/876/579 537/1095/579 584/926/579
f 446/1090/579 539/962/579 471/1044/579
f 587/924/861 494/1096/861 700/839/861
f 470/858/863 449/850/863 462/860/863
f 462/1012/660 498/1007/660 524/970/660
f 464/852/864 455/844/864 468/854/864
f 528/984/660 453/1100/660 464/1163/660
f 468/1030/865 510/996/865 536/952/865
f 540/960/865 459/1102/865 470/1165/865
f 495/1103/864 474/895/864 482/893/864
f 485/1070/865 601/719/865 474/1058/865
f 489/1105/863 480/890/863 476/888/863
f 664/795/865 476/1061/865 609/1168/865
f 491/1076/660 629/753/660 480/1064/660
f 699/837/660 482/1067/660 637/1169/660
f 497/1009/496 548/932/496 501/1016/496
f 500/1005/660 524/970/660 498/1007/660
f 522/972/660 504/1002/660 530/982/660
f 548/932/496 503/1004/496 501/1016/496
f 503/1004/496 554/938/496 507/1025/496
f 506/1000/660 530/982/660 504/1002/660
f 509/998/496 560/908/496 513/1034/496
f 512/994/865 536/952/865 510/996/865
f 534/954/865 516/990/865 542/958/865
f 560/908/496 515/992/496 513/1034/496
f 515/992/496 566/914/496 519/1043/496
f 518/988/865 542/958/865 516/990/865
f 521/974/579 569/968/579 525/1091/579
f 575/980/579 521/974/579 531/1018/579
f 527/986/579 575/980/579 531/1018/579
f 533/956/579 584/926/579 537/1095/579
f 590/920/579 533/956/579 543/1036/579
f 539/962/579 590/920/579 543/1036/579
f 594/710/676 545/936/676 602/721/676
f 551/942/676 594/710/676 616/738/676
f 608/727/676 551/942/676 616/738/676
f 622/744/857 557/912/857 630/755/857
f 563/918/857 622/744/857 644/772/857
f 636/761/857 563/918/857 644/772/857
f 656/783/603 572/964/603 651/780/603
f 572/964/603 670/800/603 651/780/603
f 670/800/603 578/976/603 665/797/603
f 678/812/861 581/930/861 686/822/861
f 581/930/861 692/828/861 686/822/861
f 692/828/861 587/924/861 700/839/861
f 600/716/496 642/767/496 593/707/496
f 615/736/865 650/778/865 671/1073/865
f 595/713/864 693/831/864 650/947/864
f 657/786/863 637/764/863 601/950/863
f 614/733/496 628/750/496 607/724/496
f 679/815/864 609/730/864 629/1158/864
f 623/747/863 671/803/863 685/1154/863
f 643/770/660 685/820/660 693/1079/660
f 698/834/579 649/775/579 691/825/579
f 684/818/579 663/792/579 677/809/579
o Window.003
v 4.657461 7.160774 -12.294238
v 4.379275 7.160226 -12.329088
v 4.376915 7.259824 -12.311817
v 4.655102 7.260372 -12.276967
v 4.648104 7.250492 -12.220949
v 4.369917 7.249944 -12.255799
v 4.372277 7.150347 -12.273070
v 4.650463 7.150895 -12.238220
v 4.576496 7.155398 -12.308710
v 4.461329 7.155171 -12.323137
v 4.362819 7.189951 -12.329310
v 4.361842 7.231184 -12.322160
v 4.673349 7.190563 -12.290408
v 4.672372 7.231796 -12.283258
v 4.458695 7.266349 -12.303858
v 4.573863 7.266576 -12.289431
v 4.450883 7.255321 -12.241327
v 4.566050 7.255548 -12.226900
v 4.664560 7.220767 -12.220727
v 4.665537 7.179534 -12.227878
v 4.355006 7.178923 -12.266779
v 4.354030 7.220156 -12.259629
v 4.568684 7.144370 -12.246180
v 4.453517 7.144143 -12.260607
v 4.361189 7.151510 -12.315704
v 4.358293 7.147419 -12.292514
v 4.355658 7.258597 -12.273234
v 4.358555 7.262688 -12.296426
v 4.666189 7.259209 -12.234333
v 4.669086 7.263299 -12.257524
v 4.668823 7.148031 -12.253612
v 4.671721 7.152122 -12.276803
v 4.574188 7.133010 -12.267501
v 4.577224 7.137297 -12.291805
v 4.453488 7.132772 -12.282621
v 4.456524 7.137059 -12.306927
v 4.708083 7.225210 -12.234512
v 4.711119 7.229496 -12.258818
v 4.709106 7.181996 -12.242006
v 4.712143 7.186283 -12.266311
v 4.450155 7.273422 -12.258232
v 4.453191 7.277709 -12.282537
v 4.570856 7.273659 -12.243111
v 4.573892 7.277946 -12.267416
v 4.316260 7.181222 -12.291220
v 4.319296 7.185509 -12.315525
v 4.315236 7.224436 -12.283727
v 4.318272 7.228723 -12.308031
v 4.568586 7.220109 -12.224158
v 4.569611 7.176896 -12.231652
v 4.447886 7.219872 -12.239279
v 4.448911 7.176658 -12.246773
v 4.578469 7.234061 -12.303265
v 4.579493 7.190847 -12.310759
v 4.457769 7.233823 -12.318385
v 4.458793 7.190609 -12.325879
v 4.595843 7.258589 -12.442336
v 4.596867 7.215375 -12.449829
v 4.475142 7.258351 -12.457457
v 4.476167 7.215137 -12.464951
vn 0.3048 -0.3992 -0.8647
vn -0.0805 -0.4000 -0.9130
vn -0.1061 0.6797 -0.7258
vn 0.2792 0.6805 -0.6775
vn 0.0805 0.4000 0.9130
vn -0.3048 0.3992 0.8647
vn -0.2792 -0.6805 0.6775
vn 0.1061 -0.6797 0.7258
vn 0.1595 -0.4076 -0.8991
vn 0.0688 -0.4078 -0.9105
vn -0.1733 -0.0176 -0.9847
vn -0.1818 0.3400 -0.9227
vn 0.4109 -0.0165 -0.9115
vn 0.4025 0.3411 -0.8495
vn 0.0427 0.6931 -0.7196
vn 0.1334 0.6933 -0.7082
vn -0.1595 0.4076 0.8991
vn -0.0688 0.4078 0.9105
vn 0.1733 0.0176 0.9847
vn 0.1818 -0.3400 0.9227
vn -0.4025 -0.3411 0.8495
vn -0.4109 0.0165 0.9115
vn -0.0427 -0.6931 0.7196
vn -0.1334 -0.6933 0.7082
vn -0.3483 -0.7510 -0.5610
vn -0.4402 -0.8808 0.1747
vn -0.4788 0.7494 0.4574
vn -0.3869 0.8791 -0.2783
vn 0.3483 0.7510 0.5610
vn 0.4402 0.8808 -0.1747
vn 0.3869 -0.8791 0.2783
vn 0.4788 -0.7494 -0.4574
vn 0.0563 -0.9892 0.1353
vn 0.1286 -0.8872 -0.4431
vn -0.0841 -0.9895 0.1177
vn -0.0119 -0.8875 -0.4607
vn 0.7413 0.2707 0.6142
vn 0.8544 0.4303 -0.2912
vn 0.7578 -0.4272 0.4932
vn 0.8709 -0.2675 -0.4122
vn -0.1286 0.8872 0.4431
vn -0.0563 0.9892 -0.1353
vn 0.0119 0.8875 0.4607
vn 0.0841 0.9895 -0.1177
vn -0.8544 -0.4304 0.2912
vn -0.7413 -0.2707 -0.6142
vn -0.8709 0.2675 0.4122
vn -0.7578 0.4272 -0.4932
vn -0.0828 -0.0624 0.9946
vn -0.0777 -0.2798 0.9569
vn -0.1648 -0.0625 0.9843
vn -0.1597 -0.2800 0.9466
vn 0.4268 0.5549 -0.7141
vn 0.4461 -0.2620 -0.8558
vn -0.2396 0.5536 -0.7976
vn -0.2202 -0.2633 -0.9392
vn 0.6299 0.6694 -0.3939
vn 0.6568 -0.4680 -0.5912
vn -0.5159 0.6671 -0.5375
vn -0.4889 -0.4703 -0.7347
vt 0.157603 0.249101
vt 0.143440 0.256469
vt 0.152798 0.214858
vt 0.177974 0.213732
vt 0.181141 0.129829
vt 0.182346 0.170674
vt 0.168492 0.166264
vt 0.165520 0.128914
vt 0.202306 0.195653
vt 0.225464 0.195942
vt 0.233612 0.213824
vt 0.208886 0.212132
vt 0.252412 0.330892
vt 0.240114 0.377524
vt 0.230976 0.371376
vt 0.242442 0.330796
vt 0.184030 0.391145
vt 0.161782 0.389255
vt 0.155350 0.372589
vt 0.178188 0.374141
vt 0.133579 0.257083
vt 0.142658 0.209544
vt 0.146226 0.378702
vt 0.133639 0.331062
vt 0.143529 0.330780
vt 0.124077 0.371477
vt 0.112313 0.329851
vt 0.123083 0.330747
vt 0.134438 0.378428
vt 0.112313 0.259944
vt 0.123062 0.258306
vt 0.120830 0.218908
vt 0.130655 0.210985
vt 0.225180 0.386239
vt 0.202770 0.388629
vt 0.207595 0.372173
vt 0.223920 0.412915
vt 0.206865 0.416239
vt 0.202607 0.398252
vt 0.224318 0.400856
vt 0.183281 0.417748
vt 0.185635 0.400603
vt 0.165911 0.416493
vt 0.164093 0.404593
vt 0.243599 0.208578
vt 0.253137 0.256849
vt 0.243333 0.256472
vt 0.265463 0.217866
vt 0.274369 0.259439
vt 0.263627 0.257897
vt 0.255570 0.209979
vt 0.273747 0.329315
vt 0.262963 0.330259
vt 0.262332 0.370635
vt 0.252027 0.377620
vt 0.160646 0.198226
vt 0.184124 0.197897
vt 0.184070 0.188276
vt 0.164193 0.181790
vt 0.201995 0.169955
vt 0.201441 0.186630
vt 0.215551 0.164674
vt 0.220970 0.179608
vt 0.179746 0.034154
vt 0.179901 0.076352
vt 0.164341 0.077674
vt 0.166667 0.041310
vt 0.211312 0.040671
vt 0.214729 0.076587
vt 0.199119 0.075975
vt 0.198064 0.033930
vt 0.216273 0.127402
vt 0.200708 0.129138
vt 0.157292 0.336335
vt 0.228095 0.337049
vt 0.229701 0.249620
vt 0.193728 0.314694
vt 0.202919 0.278847
vt 0.183926 0.308021
vt 0.193019 0.272188
s 1
usemtl Mat.Window
f 760/1170/1360 714/1171/1314 706/1172/1306 715/1173/1315
f 756/1174/1356 725/1175/1325 711/1176/1311 728/1177/1328
f 752/1178/1352 732/1179/1332 707/1180/1307 716/1181/1316
f 748/1182/1348 734/1183/1334 708/1184/1308 720/1185/1320
f 744/1186/1344 736/1187/1336 705/1188/1305 717/1189/1317
f 740/1190/1340 729/1191/1329 706/1172/1306 714/1171/1314
f 736/1192/1336 738/1193/1338 713/1194/1313 705/1188/1305
f 738/1193/1338 740/1190/1340 714/1171/1314 713/1194/1313
f 712/1195/1312 727/1196/1327 737/1197/1337 735/1198/1335
f 735/1198/1335 737/1197/1337 738/1193/1338 736/1192/1336
f 727/1196/1327 728/1199/1328 739/1200/1339 737/1197/1337
f 737/1197/1337 739/1200/1339 740/1190/1340 738/1193/1338
f 728/1199/1328 711/1201/1311 730/1202/1330 739/1200/1339
f 739/1200/1339 730/1202/1330 729/1191/1329 740/1190/1340
f 734/1203/1334 742/1204/1342 718/1205/1318 708/1184/1308
f 742/1204/1342 744/1186/1344 717/1189/1317 718/1205/1318
f 709/1206/1309 723/1207/1323 741/1208/1341 733/1209/1333
f 733/1209/1333 741/1208/1341 742/1204/1342 734/1203/1334
f 723/1207/1323 724/1210/1324 743/1211/1343 741/1208/1341
f 741/1208/1341 743/1211/1343 744/1186/1344 742/1204/1342
f 724/1210/1324 712/1212/1312 735/1213/1335 743/1211/1343
f 743/1211/1343 735/1213/1335 736/1187/1336 744/1186/1344
f 732/1214/1332 746/1215/1346 719/1216/1319 707/1180/1307
f 746/1215/1346 748/1182/1348 720/1185/1320 719/1216/1319
f 710/1217/1310 721/1218/1321 745/1219/1345 731/1220/1331
f 731/1220/1331 745/1219/1345 746/1215/1346 732/1214/1332
f 721/1218/1321 722/1221/1322 747/1222/1347 745/1219/1345
f 745/1219/1345 747/1222/1347 748/1182/1348 746/1215/1346
f 722/1221/1322 709/1223/1309 733/1224/1333 747/1222/1347
f 747/1222/1347 733/1224/1333 734/1183/1334 748/1182/1348
f 729/1225/1329 750/1226/1350 715/1173/1315 706/1172/1306
f 750/1226/1350 752/1178/1352 716/1181/1316 715/1173/1315
f 711/1176/1311 725/1175/1325 749/1227/1349 730/1228/1330
f 730/1228/1330 749/1227/1349 750/1226/1350 729/1225/1329
f 725/1175/1325 726/1229/1326 751/1230/1351 749/1227/1349
f 749/1227/1349 751/1230/1351 752/1178/1352 750/1226/1350
f 726/1229/1326 710/1231/1310 731/1232/1331 751/1230/1351
f 751/1230/1351 731/1232/1331 732/1179/1332 752/1178/1352
f 724/1233/1324 754/1234/1354 727/1235/1327 712/1236/1312
f 754/1234/1354 756/1174/1356 728/1177/1328 727/1235/1327
f 709/1237/1309 722/1238/1322 753/1239/1353 723/1240/1323
f 723/1240/1323 753/1239/1353 754/1234/1354 724/1233/1324
f 722/1238/1322 721/1241/1321 755/1242/1355 753/1239/1353
f 753/1239/1353 755/1242/1355 756/1174/1356 754/1234/1354
f 721/1241/1321 710/1231/1310 726/1229/1326 755/1242/1355
f 755/1242/1355 726/1229/1326 725/1175/1325 756/1174/1356
f 717/1189/1317 705/1188/1305 713/1194/1313 758/1243/1358
f 758/1243/1358 713/1194/1313 714/1171/1314 760/1170/1360
f 708/1184/1308 718/1205/1318 757/1244/1357 720/1185/1320
f 718/1205/1318 717/1189/1317 758/1243/1358 757/1244/1357
f 720/1185/1320 757/1244/1357 759/1245/1359 719/1216/1319
f 759/1245/1359 757/1244/1357 761/1246/1361 763/1247/1363
f 719/1216/1319 759/1245/1359 716/1181/1316 707/1180/1307
f 759/1245/1359 760/1170/1360 715/1173/1315 716/1181/1316
f 761/1246/1361 762/1248/1362 764/1249/1364 763/1247/1363
f 757/1244/1357 758/1243/1358 762/1248/1362 761/1246/1361
f 758/1243/1358 760/1170/1360 764/1249/1364 762/1248/1362
f 760/1170/1360 759/1245/1359 763/1247/1363 764/1249/1364
