# Blender 4.5.0
# www.blender.org
mtllib MouseForTexture.mtl
o Body
v 0.137247 0.723072 1.279992
v 0.252324 0.560329 1.395069
v 0.265177 0.906109 1.409162
v 0.381131 0.742126 1.525115
v 0.299990 0.723072 1.117248
v 0.415067 0.560329 1.232325
v 0.429160 0.906109 1.245178
v 0.545114 0.742126 1.361132
v 0.347080 0.939452 1.327081
v 0.486699 0.742000 1.466701
v 0.318163 0.840726 1.495617
v 0.180635 0.839106 1.355407
v 0.318359 0.644336 1.493131
v 0.164074 0.634669 1.358298
v 0.195446 0.741781 1.175448
v 0.346924 0.527558 1.326926
v 0.378296 0.634669 1.144076
v 0.375406 0.839106 1.160637
v 0.515615 0.840726 1.298165
v 0.513129 0.644336 1.298360
v 0.481723 0.741317 1.191471
v 0.211470 0.741317 1.461725
v 0.444592 0.879904 1.424594
v 0.442145 0.606190 1.422147
v 0.251047 0.876443 1.231049
v -0.137247 0.723072 1.279992
v -0.252324 0.560329 1.395069
v -0.265177 0.906109 1.409162
v -0.381131 0.742126 1.525115
v -0.299990 0.723072 1.117248
v -0.415067 0.560329 1.232325
v -0.429160 0.906109 1.245178
v -0.545114 0.742126 1.361132
v -0.347080 0.939452 1.327081
v -0.486699 0.742000 1.466701
v -0.318163 0.840726 1.495617
v -0.180635 0.839106 1.355407
v -0.318359 0.644336 1.493131
v -0.164074 0.634669 1.358298
v -0.195446 0.741781 1.175448
v -0.346924 0.527558 1.326926
v -0.378296 0.634669 1.144076
v -0.375406 0.839106 1.160637
v -0.515615 0.840726 1.298165
v -0.513129 0.644336 1.298360
v -0.481723 0.741317 1.191471
v -0.211470 0.741317 1.461725
v -0.444592 0.879904 1.424594
v -0.442145 0.606190 1.422147
v -0.251047 0.876443 1.231049
v 0.396254 0.928983 1.278013
v 0.430175 0.742076 1.508419
v 0.354495 0.786408 1.521404
v 0.223077 0.883614 1.388761
v 0.284280 0.599207 1.448582
v 0.204321 0.592917 1.387040
v 0.156732 0.739544 1.227269
v 0.390610 0.536826 1.280077
v 0.407039 0.592917 1.184323
v 0.338260 0.783508 1.133961
v 0.471934 0.884651 1.265029
v 0.540057 0.697932 1.334376
v 0.298012 0.928983 1.376256
v 0.528417 0.742076 1.410177
v 0.285027 0.884651 1.451936
v 0.153959 0.783508 1.318262
v 0.354374 0.697932 1.520059
v 0.140303 0.683453 1.323022
v 0.247267 0.739544 1.136734
v 0.300075 0.536826 1.370612
v 0.343021 0.683453 1.120305
v 0.408760 0.883614 1.203079
v 0.541402 0.786408 1.334497
v 0.468581 0.599207 1.264281
v 0.434581 0.687551 1.162578
v 0.511031 0.795061 1.238169
v 0.509776 0.688458 1.238744
v 0.434736 0.794580 1.163704
v 0.258167 0.795060 1.491032
v 0.182576 0.687551 1.414582
v 0.258743 0.688458 1.489778
v 0.183703 0.794580 1.414737
v 0.491504 0.869901 1.363536
v 0.383534 0.869901 1.471506
v 0.475693 0.815916 1.455694
v 0.399346 0.923886 1.379348
v 0.474000 0.668629 1.454001
v 0.397676 0.561549 1.377677
v 0.488554 0.616002 1.362433
v 0.382432 0.616002 1.468556
v 0.295198 0.921492 1.275200
v 0.219481 0.813554 1.199483
v 0.204924 0.867036 1.291048
v 0.311047 0.867036 1.184926
v -0.396254 0.928983 1.278013
v -0.430175 0.742076 1.508419
v -0.354495 0.786408 1.521404
v -0.223077 0.883614 1.388761
v -0.284280 0.599207 1.448582
v -0.204321 0.592917 1.387040
v -0.156732 0.739544 1.227269
v -0.390610 0.536826 1.280077
v -0.407039 0.592917 1.184323
v -0.338260 0.783508 1.133961
v -0.471934 0.884651 1.265029
v -0.540057 0.697932 1.334376
v -0.298012 0.928983 1.376256
v -0.528417 0.742076 1.410177
v -0.285027 0.884650 1.451936
v -0.153959 0.783508 1.318262
v -0.354374 0.697932 1.520059
v -0.140303 0.683453 1.323022
v -0.247267 0.739544 1.136734
v -0.300075 0.536826 1.370612
v -0.343021 0.683453 1.120305
v -0.408760 0.883614 1.203079
v -0.541402 0.786408 1.334497
v -0.468581 0.599207 1.264281
v -0.434581 0.687551 1.162578
v -0.511031 0.795060 1.238169
v -0.509776 0.688458 1.238744
v -0.434736 0.794580 1.163704
v -0.258167 0.795061 1.491032
v -0.182576 0.687551 1.414582
v -0.258743 0.688458 1.489778
v -0.183703 0.794580 1.414738
v -0.491504 0.869901 1.363536
v -0.383534 0.869901 1.471506
v -0.475693 0.815916 1.455694
v -0.399346 0.923886 1.379348
v -0.474000 0.668629 1.454001
v -0.397676 0.561549 1.377677
v -0.488554 0.616002 1.362433
v -0.382432 0.616002 1.468556
v -0.295198 0.921492 1.275200
v -0.219481 0.813554 1.199483
v -0.204924 0.867036 1.291049
v -0.311047 0.867036 1.184926
v 0.351151 0.911162 1.228469
v 0.415353 0.675149 1.498039
v 0.446615 0.913138 1.322912
v 0.228941 0.844497 1.444956
v 0.391850 0.739963 1.136571
v 0.463279 0.638946 1.208000
v 0.537562 0.741814 1.281551
v 0.464954 0.844498 1.208943
v 0.301550 0.741814 1.517564
v 0.227999 0.638947 1.443281
v 0.156570 0.739963 1.371851
v 0.519944 0.809434 1.396242
v 0.416241 0.809434 1.499946
v 0.342911 0.913138 1.426616
v 0.518037 0.675149 1.395355
v 0.443616 0.571815 1.322602
v 0.342600 0.571815 1.423618
v 0.248467 0.911162 1.331152
v 0.176232 0.807095 1.257250
v 0.277248 0.807095 1.156234
v -0.351151 0.911162 1.228469
v -0.415353 0.675149 1.498039
v -0.446615 0.913138 1.322912
v -0.228941 0.844497 1.444956
v -0.391850 0.739963 1.136571
v -0.463279 0.638947 1.208000
v -0.537562 0.741814 1.281551
v -0.464954 0.844498 1.208943
v -0.301550 0.741814 1.517564
v -0.227999 0.638947 1.443281
v -0.156570 0.739963 1.371851
v -0.519944 0.809434 1.396242
v -0.416240 0.809434 1.499946
v -0.342911 0.913138 1.426616
v -0.518037 0.675149 1.395355
v -0.443616 0.571814 1.322602
v -0.342600 0.571815 1.423618
v -0.248467 0.911162 1.331152
v -0.176232 0.807095 1.257250
v -0.277248 0.807095 1.156234
vn -0.9654 0.2603 -0.0132
vn -0.2921 -0.6920 0.6602
vn -0.4238 0.8114 0.4026
vn 0.1606 -0.0150 0.9869
vn -0.0132 0.2603 -0.9654
vn 0.6602 -0.6920 -0.2921
vn 0.4026 0.8114 -0.4238
vn 0.9869 -0.0150 0.1606
vn -0.0111 0.9999 -0.0111
vn 0.7070 -0.0157 0.7070
vn -0.1598 0.4921 0.8557
vn -0.8569 0.4953 0.1431
vn -0.1498 -0.5047 0.8502
vn -0.8318 -0.2313 0.5047
vn -0.6360 0.4369 -0.6360
vn 0.3090 -0.8995 0.3090
vn 0.5047 -0.2313 -0.8318
vn 0.1431 0.4953 -0.8569
vn 0.8557 0.4921 -0.1598
vn 0.8502 -0.5047 -0.1498
vn 0.7049 -0.0031 -0.7093
vn -0.7093 -0.0031 0.7049
vn 0.5000 0.7071 0.5000
vn 0.4978 -0.7102 0.4978
vn -0.5022 0.7040 -0.5022
vn 0.9654 0.2603 -0.0132
vn 0.2921 -0.6920 0.6602
vn 0.4238 0.8114 0.4026
vn -0.1606 -0.0150 0.9869
vn 0.0132 0.2603 -0.9654
vn -0.6602 -0.6920 -0.2921
vn -0.4026 0.8114 -0.4238
vn -0.9869 -0.0150 0.1606
vn 0.0111 0.9999 -0.0111
vn -0.7070 -0.0157 0.7070
vn 0.1598 0.4921 0.8557
vn 0.8569 0.4953 0.1431
vn 0.1498 -0.5047 0.8502
vn 0.8318 -0.2313 0.5047
vn 0.6360 0.4369 -0.6360
vn -0.3090 -0.8995 0.3090
vn -0.5047 -0.2313 -0.8318
vn -0.1431 0.4953 -0.8569
vn -0.8557 0.4921 -0.1598
vn -0.8502 -0.5047 -0.1498
vn -0.7049 -0.0031 -0.7093
vn 0.7093 -0.0031 0.7049
vn -0.5000 0.7071 0.5000
vn -0.4978 -0.7102 0.4978
vn 0.5022 0.7040 -0.5022
vn 0.2066 0.9514 -0.2282
vn 0.4554 -0.0153 0.8902
vn 0.0013 0.2507 0.9681
vn -0.6747 0.6815 0.2835
vn -0.2549 -0.6459 0.7196
vn -0.6265 -0.4526 0.6345
vn -0.8330 0.4070 -0.3747
vn 0.5169 -0.8540 0.0587
vn 0.6345 -0.4526 -0.6265
vn 0.0306 0.3286 -0.9440
vn 0.6606 0.6855 -0.3061
vn 0.9610 -0.2766 0.0028
vn -0.2282 0.9514 0.2066
vn 0.8902 -0.0153 0.4554
vn -0.3061 0.6855 0.6606
vn -0.9440 0.3286 0.0306
vn 0.0028 -0.2766 0.9610
vn -0.9506 0.0056 0.3104
vn -0.3747 0.4070 -0.8330
vn 0.0587 -0.8540 0.5169
vn 0.3104 0.0056 -0.9506
vn 0.2835 0.6815 -0.6747
vn 0.9681 0.2507 0.0013
vn 0.7196 -0.6459 -0.2549
vn 0.5626 -0.1737 -0.8083
vn 0.8345 0.2390 -0.4965
vn 0.8363 -0.2565 -0.4845
vn 0.4791 0.2488 -0.8418
vn -0.4965 0.2390 0.8345
vn -0.8083 -0.1737 0.5626
vn -0.4845 -0.2565 0.8363
vn -0.8418 0.2488 0.4791
vn 0.7226 0.6588 0.2091
vn 0.2091 0.6588 0.7226
vn 0.6474 0.4021 0.6474
vn 0.2843 0.9156 0.2843
vn 0.6396 -0.4265 0.6396
vn 0.3619 -0.8591 0.3619
vn 0.7169 -0.6643 0.2117
vn 0.2117 -0.6643 0.7169
vn -0.3016 0.9045 -0.3015
vn -0.6075 0.5118 -0.6075
vn -0.7223 0.6566 -0.2171
vn -0.2171 0.6566 -0.7223
vn -0.2066 0.9514 -0.2282
vn -0.4554 -0.0153 0.8902
vn -0.0013 0.2507 0.9681
vn 0.6747 0.6815 0.2835
vn 0.2549 -0.6459 0.7196
vn 0.6265 -0.4526 0.6345
vn 0.8330 0.4070 -0.3747
vn -0.5169 -0.8540 0.0587
vn -0.6345 -0.4526 -0.6265
vn -0.0306 0.3286 -0.9440
vn -0.6606 0.6855 -0.3061
vn -0.9610 -0.2766 0.0028
vn 0.2282 0.9514 0.2066
vn -0.8902 -0.0153 0.4554
vn 0.3061 0.6855 0.6606
vn 0.9440 0.3286 0.0306
vn -0.0028 -0.2766 0.9610
vn 0.9506 0.0056 0.3104
vn 0.3747 0.4070 -0.8330
vn -0.0587 -0.8540 0.5169
vn -0.3104 0.0056 -0.9506
vn -0.2835 0.6815 -0.6747
vn -0.9681 0.2507 0.0013
vn -0.7196 -0.6459 -0.2549
vn -0.5626 -0.1737 -0.8083
vn -0.8345 0.2390 -0.4965
vn -0.8363 -0.2565 -0.4845
vn -0.4791 0.2488 -0.8418
vn 0.4965 0.2390 0.8345
vn 0.8083 -0.1737 0.5626
vn 0.4845 -0.2565 0.8363
vn 0.8418 0.2488 0.4791
vn -0.7226 0.6588 0.2091
vn -0.2091 0.6588 0.7226
vn -0.6474 0.4021 0.6474
vn -0.2843 0.9156 0.2843
vn -0.6396 -0.4265 0.6396
vn -0.3619 -0.8591 0.3619
vn -0.7169 -0.6643 0.2117
vn -0.2117 -0.6643 0.7169
vn 0.3016 0.9045 -0.3015
vn 0.6075 0.5118 -0.6075
vn 0.7223 0.6566 -0.2171
vn 0.2171 0.6566 -0.7223
vn -0.0531 0.8506 -0.5231
vn 0.3665 -0.4075 0.8365
vn 0.5093 0.8599 0.0327
vn -0.6385 0.4566 0.6195
vn 0.3531 0.0779 -0.9324
vn 0.6978 -0.4096 -0.5877
vn 0.9519 -0.0134 -0.3062
vn 0.6195 0.4566 -0.6385
vn -0.3062 -0.0134 0.9519
vn -0.5877 -0.4096 0.6978
vn -0.9324 0.0779 0.3531
vn 0.8464 0.3833 0.3697
vn 0.3697 0.3833 0.8464
vn 0.0327 0.8599 0.5093
vn 0.8365 -0.4075 0.3665
vn 0.5809 -0.8086 0.0934
vn 0.0934 -0.8086 0.5809
vn -0.5231 0.8506 -0.0531
vn -0.8155 0.4768 -0.3280
vn -0.3280 0.4768 -0.8155
vn 0.0531 0.8506 -0.5231
vn -0.3665 -0.4075 0.8365
vn -0.5093 0.8599 0.0327
vn 0.6385 0.4566 0.6195
vn -0.3531 0.0779 -0.9324
vn -0.6978 -0.4096 -0.5877
vn -0.9519 -0.0134 -0.3062
vn -0.6195 0.4566 -0.6385
vn 0.3062 -0.0134 0.9519
vn 0.5877 -0.4096 0.6978
vn 0.9324 0.0779 0.3531
vn -0.8464 0.3833 0.3697
vn -0.3697 0.3833 0.8464
vn -0.0327 0.8599 0.5093
vn -0.8365 -0.4075 0.3665
vn -0.5809 -0.8086 0.0934
vn -0.0934 -0.8086 0.5809
vn 0.5231 0.8506 -0.0531
vn 0.8155 0.4768 -0.3280
vn 0.3280 0.4768 -0.8155
vt 0.824720 0.899950
vt 0.808731 0.892057
vt 0.814999 0.870898
vt 0.831522 0.873022
vt 0.792564 0.884076
vt 0.799177 0.867041
vt 0.802023 0.853758
vt 0.813089 0.850007
vt 0.827605 0.845086
vt 0.695288 0.836055
vt 0.711276 0.843948
vt 0.705009 0.865107
vt 0.688486 0.862983
vt 0.727444 0.851929
vt 0.720831 0.868964
vt 0.717985 0.882247
vt 0.706919 0.885998
vt 0.692402 0.890919
vt 0.760004 0.868002
vt 0.768051 0.851702
vt 0.783866 0.859914
vt 0.776305 0.876050
vt 0.776077 0.835442
vt 0.791686 0.844945
vt 0.799177 0.867041
vt 0.792564 0.884076
vt 0.728056 0.932719
vt 0.735949 0.916730
vt 0.757109 0.922998
vt 0.754984 0.939521
vt 0.743930 0.900563
vt 0.760965 0.907175
vt 0.774248 0.910021
vt 0.778000 0.921088
vt 0.782921 0.935604
vt 0.791951 0.803286
vt 0.800218 0.786541
vt 0.826451 0.808703
vt 0.813727 0.820527
vt 0.813311 0.760018
vt 0.840649 0.795707
vt 0.867988 0.831396
vt 0.843815 0.839591
vt 0.737087 0.800401
vt 0.731592 0.784191
vt 0.766672 0.779193
vt 0.765023 0.796484
vt 0.723398 0.760018
vt 0.768354 0.760018
vt 0.745760 0.825984
vt 0.742008 0.814917
vt 0.762899 0.813007
vt 0.759042 0.828830
vt 0.784058 0.819275
vt 0.801901 0.832261
vt 0.813089 0.850007
vt 0.718106 0.903744
vt 0.706281 0.915478
vt 0.728322 0.891061
vt 0.652020 0.904609
vt 0.676193 0.896414
vt 0.693557 0.927302
vt 0.679358 0.940298
vt 0.719790 0.949464
vt 0.706697 0.975987
vt 0.753336 0.956812
vt 0.751654 0.975987
vt 0.788416 0.951814
vt 0.796610 0.975987
vt 0.727444 0.851929
vt 0.736946 0.836320
vt 0.751915 0.844141
vt 0.743703 0.859955
vt 0.720831 0.868964
vt 0.736142 0.876092
vt 0.751957 0.884304
vt 0.768093 0.891864
vt 0.783062 0.899685
vt 0.737087 0.800401
vt 0.742008 0.814917
vt 0.724262 0.826105
vt 0.712528 0.814280
vt 0.736946 0.836320
vt 0.731592 0.784192
vt 0.700704 0.801556
vt 0.687709 0.787357
vt 0.678542 0.827788
vt 0.652020 0.814695
vt 0.671194 0.861334
vt 0.652020 0.859652
vt 0.795745 0.909900
vt 0.807480 0.921725
vt 0.783062 0.899685
vt 0.819303 0.934450
vt 0.832299 0.948648
vt 0.841466 0.908217
vt 0.867988 0.921310
vt 0.848814 0.874671
vt 0.867988 0.876353
vt 0.843815 0.839591
vt 0.814999 0.870898
vt 0.808731 0.892057
vt 0.813089 0.850007
vt 0.792564 0.884076
vt 0.688485 0.862983
vt 0.705009 0.865107
vt 0.711276 0.843948
vt 0.692402 0.890919
vt 0.720831 0.868964
vt 0.760004 0.868003
vt 0.776305 0.876050
vt 0.783865 0.859914
vt 0.768051 0.851702
vt 0.792564 0.884076
vt 0.799177 0.867041
vt 0.791686 0.844944
vt 0.728056 0.932719
vt 0.754984 0.939521
vt 0.735949 0.916730
vt 0.778000 0.921088
vt 0.774248 0.910021
vt 0.760965 0.907175
vt 0.743930 0.900563
vt 0.791951 0.803286
vt 0.813727 0.820527
vt 0.826451 0.808703
vt 0.800218 0.786541
vt 0.843815 0.839591
vt 0.737087 0.800401
vt 0.745760 0.825984
vt 0.759042 0.828830
vt 0.742008 0.814917
vt 0.784058 0.819275
vt 0.813089 0.850007
vt 0.718106 0.903744
vt 0.728322 0.891061
vt 0.693557 0.927302
vt 0.719790 0.949464
vt 0.753336 0.956812
vt 0.788415 0.951814
vt 0.751915 0.844141
vt 0.736946 0.836320
vt 0.736142 0.876092
vt 0.720831 0.868964
vt 0.751957 0.884304
vt 0.768093 0.891864
vt 0.742008 0.814917
vt 0.736946 0.836320
vt 0.731592 0.784191
vt 0.678542 0.827788
vt 0.807480 0.921725
vt 0.795745 0.909900
vt 0.783062 0.899685
vt 0.841466 0.908217
vt 0.848814 0.874671
vt 0.843815 0.839591
s 1
usemtl Eye
f 25/1/25 91/2/91 139/3/139 94/4/94
f 91/2/91 9/5/9 51/6/51 139/3/139
f 139/3/139 51/6/51 7/7/7 72/8/72
f 94/4/94 139/3/139 72/8/72 18/9/18
f 24/10/24 87/11/87 140/12/140 90/13/90
f 87/11/87 10/14/10 52/15/52 140/12/140
f 140/12/140 52/15/52 4/16/4 67/17/67
f 90/13/90 140/12/140 67/17/67 13/18/13
f 23/19/23 83/20/83 141/21/141 86/22/86
f 83/20/83 19/23/19 61/24/61 141/21/141
f 141/21/141 61/24/61 7/7/7 51/25/51
f 86/22/86 141/21/141 51/25/51 9/26/9
f 22/27/22 79/28/79 142/29/142 82/30/82
f 79/28/79 11/31/11 65/32/65 142/29/142
f 142/29/142 65/32/65 3/33/3 54/34/54
f 82/30/82 142/29/142 54/34/54 12/35/12
f 21/36/21 75/37/75 143/38/143 78/39/78
f 75/37/75 17/40/17 71/41/71 143/38/143
f 143/38/143 71/41/71 5/42/5 60/43/60
f 78/39/78 143/38/143 60/43/60 18/9/18
f 20/44/20 74/45/74 144/46/144 77/47/77
f 74/45/74 6/48/6 59/49/59 144/46/144
f 144/46/144 59/49/59 17/40/17 75/37/75
f 77/47/77 144/46/144 75/37/75 21/36/21
f 8/50/8 62/51/62 145/52/145 73/53/73
f 62/51/62 20/44/20 77/47/77 145/52/145
f 145/52/145 77/47/77 21/36/21 76/54/76
f 73/53/73 145/52/145 76/54/76 19/23/19
f 19/23/19 76/54/76 146/55/146 61/24/61
f 76/54/76 21/36/21 78/39/78 146/55/146
f 146/55/146 78/39/78 18/9/18 72/56/72
f 61/24/61 146/55/146 72/56/72 7/7/7
f 13/18/13 67/17/67 147/57/147 81/58/81
f 67/17/67 4/16/4 53/59/53 147/57/147
f 147/57/147 53/59/53 11/31/11 79/28/79
f 81/58/81 147/57/147 79/28/79 22/27/22
f 2/60/2 55/61/55 148/62/148 56/63/56
f 55/61/55 13/18/13 81/58/81 148/62/148
f 148/62/148 81/58/81 22/27/22 80/64/80
f 56/63/56 148/62/148 80/64/80 14/65/14
f 14/65/14 80/64/80 149/66/149 68/67/68
f 80/64/80 22/27/22 82/30/82 149/66/149
f 149/66/149 82/30/82 12/35/12 66/68/66
f 68/67/68 149/66/149 66/68/66 1/69/1
f 10/70/10 64/71/64 150/72/150 85/73/85
f 64/71/64 8/50/8 73/53/73 150/72/150
f 150/72/150 73/53/73 19/23/19 83/20/83
f 85/73/85 150/72/150 83/20/83 23/19/23
f 4/16/4 52/74/52 151/75/151 53/59/53
f 52/74/52 10/70/10 85/73/85 151/75/151
f 151/75/151 85/73/85 23/19/23 84/76/84
f 53/59/53 151/75/151 84/76/84 11/31/11
f 11/31/11 84/76/84 152/77/152 65/32/65
f 84/76/84 23/19/23 86/22/86 152/77/152
f 152/77/152 86/22/86 9/26/9 63/78/63
f 65/32/65 152/77/152 63/78/63 3/33/3
f 20/79/20 62/80/62 153/81/153 89/82/89
f 62/80/62 8/50/8 64/83/64 153/81/153
f 153/81/153 64/83/64 10/14/10 87/11/87
f 89/82/89 153/81/153 87/11/87 24/10/24
f 6/48/6 74/84/74 154/85/154 58/86/58
f 74/84/74 20/79/20 89/82/89 154/85/154
f 154/85/154 89/82/89 24/10/24 88/87/88
f 58/86/58 154/85/154 88/87/88 16/88/16
f 16/88/16 88/87/88 155/89/155 70/90/70
f 88/87/88 24/10/24 90/13/90 155/89/155
f 155/89/155 90/13/90 13/18/13 55/61/55
f 70/90/70 155/89/155 55/61/55 2/60/2
f 12/35/12 54/34/54 156/91/156 93/92/93
f 54/34/54 3/33/3 63/93/63 156/91/156
f 156/91/156 63/93/63 9/5/9 91/2/91
f 93/92/93 156/91/156 91/2/91 25/1/25
f 1/69/1 66/68/66 157/94/157 57/95/57
f 66/68/66 12/35/12 93/92/93 157/94/157
f 157/94/157 93/92/93 25/1/25 92/96/92
f 57/95/57 157/94/157 92/96/92 15/97/15
f 15/97/15 92/96/92 158/98/158 69/99/69
f 92/96/92 25/1/25 94/4/94 158/98/158
f 158/98/158 94/4/94 18/9/18 60/100/60
f 69/99/69 158/98/158 60/100/60 5/42/5
f 50/1/50 138/4/138 159/101/159 135/102/135
f 138/4/138 43/9/43 116/103/116 159/101/159
f 159/101/159 116/103/116 32/7/32 95/25/95
f 135/102/135 159/101/159 95/25/95 34/104/34
f 49/10/49 134/105/134 160/106/160 131/107/131
f 134/105/134 38/108/38 111/17/111 160/106/160
f 160/106/160 111/17/111 29/16/29 96/109/96
f 131/107/131 160/106/160 96/109/96 35/14/35
f 48/110/48 130/111/130 161/112/161 127/113/127
f 130/111/130 34/114/34 95/115/95 161/112/161
f 161/112/161 95/115/95 32/7/32 105/116/105
f 127/113/127 161/112/161 105/116/105 44/23/44
f 47/117/47 126/118/126 162/29/162 123/119/123
f 126/118/126 37/35/37 98/120/98 162/29/162
f 162/29/162 98/120/98 28/121/28 109/122/109
f 123/119/123 162/29/162 109/122/109 36/123/36
f 46/124/46 122/125/122 163/126/163 119/127/119
f 122/125/122 43/9/43 104/128/104 163/126/163
f 163/126/163 104/128/104 30/42/30 115/41/115
f 119/127/119 163/126/163 115/41/115 42/40/42
f 45/129/45 121/47/121 164/46/164 118/45/118
f 121/47/121 46/124/46 119/127/119 164/46/164
f 164/46/164 119/127/119 42/40/42 103/49/103
f 118/45/118 164/46/164 103/49/103 31/48/31
f 33/130/33 117/131/117 165/52/165 106/132/106
f 117/131/117 44/23/44 120/133/120 165/52/165
f 165/52/165 120/133/120 46/124/46 121/47/121
f 106/132/106 165/52/165 121/47/121 45/129/45
f 44/23/44 105/116/105 166/55/166 120/133/120
f 105/116/105 32/7/32 116/134/116 166/55/166
f 166/55/166 116/134/116 43/9/43 122/125/122
f 120/133/120 166/55/166 122/125/122 46/124/46
f 38/108/38 125/58/125 167/135/167 111/17/111
f 125/58/125 47/117/47 123/119/123 167/135/167
f 167/135/167 123/119/123 36/123/36 97/136/97
f 111/17/111 167/135/167 97/136/97 29/16/29
f 27/60/27 100/63/100 168/137/168 99/61/99
f 100/63/100 39/65/39 124/138/124 168/137/168
f 168/137/168 124/138/124 47/117/47 125/58/125
f 99/61/99 168/137/168 125/58/125 38/108/38
f 39/65/39 112/67/112 169/139/169 124/138/124
f 112/67/112 26/69/26 110/140/110 169/139/169
f 169/139/169 110/140/110 37/35/37 126/118/126
f 124/138/124 169/139/169 126/118/126 47/117/47
f 35/70/35 129/73/129 170/141/170 108/142/108
f 129/73/129 48/110/48 127/113/127 170/141/170
f 170/141/170 127/113/127 44/23/44 117/131/117
f 108/142/108 170/141/170 117/131/117 33/130/33
f 29/16/29 97/136/97 171/143/171 96/144/96
f 97/136/97 36/123/36 128/145/128 171/143/171
f 171/143/171 128/145/128 48/110/48 129/73/129
f 96/144/96 171/143/171 129/73/129 35/70/35
f 36/123/36 109/122/109 172/146/172 128/145/128
f 109/122/109 28/121/28 107/78/107 172/146/172
f 172/146/172 107/78/107 34/114/34 130/111/130
f 128/145/128 172/146/172 130/111/130 48/110/48
f 45/79/45 133/82/133 173/81/173 106/147/106
f 133/82/133 49/10/49 131/107/131 173/81/173
f 173/81/173 131/107/131 35/14/35 108/148/108
f 106/147/106 173/81/173 108/148/108 33/130/33
f 31/48/31 102/86/102 174/85/174 118/149/118
f 102/86/102 41/88/41 132/150/132 174/85/174
f 174/85/174 132/150/132 49/10/49 133/82/133
f 118/149/118 174/85/174 133/82/133 45/79/45
f 41/88/41 114/90/114 175/89/175 132/150/132
f 114/90/114 27/60/27 99/61/99 175/89/175
f 175/89/175 99/61/99 38/108/38 134/105/134
f 132/150/132 175/89/175 134/105/134 49/10/49
f 37/35/37 137/151/137 176/152/176 98/120/98
f 137/151/137 50/1/50 135/102/135 176/152/176
f 176/152/176 135/102/135 34/104/34 107/153/107
f 98/120/98 176/152/176 107/153/107 28/121/28
f 26/69/26 101/95/101 177/94/177 110/140/110
f 101/95/101 40/97/40 136/154/136 177/94/177
f 177/94/177 136/154/136 50/1/50 137/151/137
f 110/140/110 177/94/177 137/151/137 37/35/37
f 40/97/40 113/99/113 178/155/178 136/154/136
f 113/99/113 30/42/30 104/156/104 178/155/178
f 178/155/178 104/156/104 43/9/43 138/4/138
f 136/154/136 178/155/178 138/4/138 50/1/50
o TurnThing
v 0.899552 0.459619 -1.043859
v 0.871597 0.643762 -1.015415
v 0.833252 0.825215 -1.048627
v 0.839245 0.939297 -0.898800
v 0.829994 1.095018 -0.793138
v 0.866424 1.072212 -0.609694
v 0.891687 1.110980 -0.427053
v 0.937213 0.964645 -0.317452
v 0.982191 0.863751 -0.164821
v 1.010146 0.679609 -0.193265
v 1.048491 0.498156 -0.160053
v 1.042498 0.384074 -0.309880
v 1.051748 0.228353 -0.415542
v 1.015319 0.251159 -0.598986
v 0.990056 0.212391 -0.781627
v 0.944529 0.358725 -0.891228
v 0.878370 0.567548 -1.054394
v 0.851359 0.716492 -1.056337
v 0.830032 0.911318 -0.979460
v 0.828704 1.021236 -0.875374
v 0.846622 1.108858 -0.684786
v 0.871755 1.115361 -0.535643
v 0.918422 1.044449 -0.342987
v 0.955294 0.943728 -0.236154
v 1.003373 0.755823 -0.154286
v 1.030384 0.606879 -0.152343
v 1.051711 0.412053 -0.229219
v 1.053038 0.302135 -0.333306
v 1.035121 0.214513 -0.523894
v 1.009987 0.208010 -0.673037
v 0.963321 0.278922 -0.865693
v 0.926449 0.379643 -0.972526
v 0.967441 0.471775 -1.055830
v 0.939486 0.655917 -1.027386
v 0.901141 0.837371 -1.060598
v 0.907134 0.951453 -0.910770
v 0.897884 1.107173 -0.805108
v 0.934313 1.084367 -0.621665
v 0.959576 1.123135 -0.439024
v 1.005103 0.976801 -0.329422
v 1.050080 0.875907 -0.176791
v 1.078035 0.691765 -0.205235
v 1.116380 0.510311 -0.172023
v 1.110388 0.396229 -0.321851
v 1.119638 0.240509 -0.427513
v 1.083208 0.263315 -0.610957
v 1.057945 0.224546 -0.793597
v 1.012419 0.370881 -0.903199
v 0.946259 0.579703 -1.066365
v 0.919248 0.728647 -1.068307
v 0.897921 0.923474 -0.991431
v 0.896594 1.033391 -0.887344
v 0.914511 1.121013 -0.696756
v 0.939645 1.127516 -0.547613
v 0.986311 1.056605 -0.354958
v 1.023183 0.955884 -0.248124
v 1.071262 0.767979 -0.166256
v 1.098273 0.619035 -0.164314
v 1.119601 0.424208 -0.241190
v 1.120928 0.314290 -0.345277
v 1.103010 0.226669 -0.535865
v 1.077877 0.220166 -0.685008
v 1.031210 0.291077 -0.877663
v 0.994338 0.391798 -0.984497
v 1.039382 0.788999 -0.289569
v 1.025100 0.844818 -0.313889
v 0.980432 0.500717 -0.916619
v 0.966150 0.556536 -0.940938
v 1.179582 0.813180 -0.319086
v 1.165776 0.867138 -0.342595
v 1.121437 0.528831 -0.937581
v 1.107631 0.582789 -0.961089
v 1.004561 0.618714 -0.659961
v 1.015253 0.671002 -0.546227
v 1.000971 0.726821 -0.570546
v 0.990278 0.674532 -0.684281
v 1.156258 0.699116 -0.567188
v 1.144761 0.642894 -0.689478
v 1.130955 0.696852 -0.712987
v 1.142452 0.753074 -0.590697
v 0.887263 0.514860 -1.057459
v 0.861580 0.676294 -1.039191
v 0.829572 0.875089 -1.018852
v 0.833176 0.979818 -0.892072
v 0.837079 1.110309 -0.737429
v 0.867858 1.096985 -0.576402
v 0.905386 1.082732 -0.378044
v 0.945311 0.959158 -0.277099
v 0.994480 0.808511 -0.151221
v 1.020163 0.647076 -0.169488
v 1.052170 0.448282 -0.189828
v 1.048567 0.343552 -0.316608
v 1.044663 0.213062 -0.471251
v 1.013884 0.226386 -0.632277
v 0.976357 0.240639 -0.830635
v 0.936432 0.364213 -0.931581
v 0.873748 0.609193 -1.038316
v 0.841202 0.768852 -1.060772
v 0.833774 0.930299 -0.938964
v 0.827309 1.062530 -0.841354
v 0.856535 1.094055 -0.643593
v 0.879939 1.121399 -0.483097
v 0.928700 1.004534 -0.325228
v 0.968263 0.910973 -0.195862
v 1.007995 0.714178 -0.170363
v 1.040541 0.554519 -0.147908
v 1.047969 0.393072 -0.269716
v 1.054434 0.260841 -0.367325
v 1.025207 0.229316 -0.565086
v 1.001803 0.201972 -0.725582
v 0.953043 0.318837 -0.883451
v 0.913480 0.412397 -1.012817
v 0.955152 0.527015 -1.069430
v 0.929469 0.688450 -1.051162
v 0.897462 0.887245 -1.030823
v 0.901065 0.991974 -0.904042
v 0.904969 1.122465 -0.749400
v 0.935748 1.109140 -0.588373
v 0.973276 1.094887 -0.390015
v 1.013201 0.971314 -0.289069
v 1.062369 0.820666 -0.163191
v 1.088052 0.659232 -0.181459
v 1.120060 0.460437 -0.201799
v 1.116457 0.355708 -0.328579
v 1.112553 0.225217 -0.483221
v 1.081774 0.238542 -0.644248
v 1.044246 0.252795 -0.842606
v 1.004321 0.376368 -0.943552
v 0.941637 0.621349 -1.050287
v 0.909091 0.781008 -1.072742
v 0.901663 0.942455 -0.950935
v 0.895199 1.074686 -0.853325
v 0.924425 1.106210 -0.655564
v 0.947829 1.133554 -0.495068
v 0.996589 1.016690 -0.337199
v 1.036152 0.923129 -0.207833
v 1.075884 0.726333 -0.182334
v 1.108430 0.566674 -0.159879
v 1.115859 0.405227 -0.281686
v 1.122323 0.272996 -0.379296
v 1.093097 0.241472 -0.577057
v 1.069693 0.214128 -0.737553
v 1.020932 0.330992 -0.895422
v 0.981369 0.424553 -1.024788
v 0.912314 0.573625 -1.060379
v 0.933496 0.465697 -1.049844
v 1.085693 0.234431 -0.421527
v 1.086983 0.308213 -0.339291
v 0.997265 0.284999 -0.871678
v 1.024000 0.218469 -0.787612
v 0.885304 0.722569 -1.062322
v 0.905542 0.649839 -1.021400
v 1.049264 0.257237 -0.604971
v 1.069066 0.220591 -0.529879
v 0.960394 0.385720 -0.978512
v 0.978474 0.364803 -0.897213
v 0.863976 0.917396 -0.985446
v 0.867197 0.831293 -1.054613
v 1.043932 0.214088 -0.679022
v 0.862649 1.027314 -0.881359
v 0.873189 0.945375 -0.904785
v 0.880566 1.114935 -0.690771
v 0.863939 1.101095 -0.799123
v 0.905700 1.121438 -0.541628
v 0.900368 1.078290 -0.615679
v 0.952367 1.050527 -0.348973
v 0.925632 1.117058 -0.433039
v 0.989238 0.949806 -0.242139
v 0.971158 0.970723 -0.323437
v 1.037318 0.761901 -0.160271
v 1.016136 0.869829 -0.170806
v 1.064328 0.612957 -0.158328
v 1.044090 0.685687 -0.199250
v 1.085656 0.418130 -0.235205
v 1.082435 0.504233 -0.166038
v 1.076443 0.390151 -0.315865
v 1.027794 0.728140 -0.417087
v 1.033045 0.820842 -0.293174
v 0.977738 0.617395 -0.813420
v 0.972487 0.524693 -0.937334
v 1.054316 0.513946 -0.929647
v 1.040033 0.569764 -0.953966
v 1.116441 0.554257 -0.954020
v 1.135646 0.585346 -0.813531
v 1.156185 0.811450 -0.467459
v 1.175390 0.842539 -0.326970
v 1.113265 0.802228 -0.302597
v 1.098983 0.858046 -0.326916
v 0.992972 0.557855 -0.787479
v 1.012559 0.787680 -0.443028
v 1.170467 0.755631 -0.443139
v 1.121364 0.641164 -0.837851
v 1.064162 0.687761 -0.697309
v 1.074854 0.740050 -0.583574
v 1.078444 0.631942 -0.672989
v 1.089137 0.684231 -0.559254
v 1.140569 0.672253 -0.697362
v 1.151262 0.724542 -0.583628
v 1.007308 0.694978 -0.566942
v 0.998224 0.650556 -0.663566
v 0.940871 0.661685 -0.604340
v 1.008761 0.673841 -0.616311
v 0.921207 0.520938 -1.063444
v 1.088378 0.266918 -0.373311
v 1.010301 0.246717 -0.836621
v 0.895524 0.682372 -1.045177
v 1.059152 0.235394 -0.571072
v 0.970376 0.370290 -0.937566
v 0.863517 0.881167 -1.024837
v 1.035748 0.208050 -0.731568
v 0.907693 0.615271 -1.044302
v 0.867120 0.985896 -0.898057
v 0.986987 0.324914 -0.889437
v 0.875147 0.774930 -1.066757
v 0.871024 1.116387 -0.743414
v 0.947425 0.418475 -1.018803
v 0.867718 0.936377 -0.944949
v 0.901803 1.103062 -0.582388
v 0.861254 1.068608 -0.847340
v 0.939331 1.088809 -0.384030
v 0.890480 1.100132 -0.649579
v 0.979256 0.965236 -0.283084
v 0.913884 1.127476 -0.489083
v 1.028425 0.814589 -0.157206
v 0.962645 1.010612 -0.331214
v 1.054108 0.653154 -0.175474
v 1.002207 0.917051 -0.201848
v 1.086115 0.454360 -0.195813
v 1.041939 0.720255 -0.176349
v 1.082512 0.349630 -0.322593
v 1.074485 0.560596 -0.153893
v 1.078608 0.219139 -0.477236
v 1.081914 0.399149 -0.275701
v 1.047829 0.232464 -0.638263
v 1.046370 0.537922 -0.950361
v 1.167944 0.784367 -0.456113
v 1.106929 0.834070 -0.306201
v 1.101677 0.741369 -0.430115
v 1.086443 0.800909 -0.456056
v 1.051622 0.630623 -0.826448
v 1.066856 0.571083 -0.800507
v 1.133123 0.614082 -0.826505
v 1.072108 0.663785 -0.676593
v 1.081191 0.708207 -0.579969
vn -0.9698 -0.1736 0.1710
vn 0.9698 0.1736 -0.1710
vn -0.0851 -0.4162 -0.9053
vn -0.1517 -0.1191 -0.9812
vn -0.2021 0.1807 -0.9626
vn 0.2353 -0.4839 0.8429
vn 0.2435 -0.7196 0.6503
vn 0.2284 -0.8925 0.3889
vn 0.1013 -0.9254 -0.3652
vn 0.0276 -0.7755 -0.6308
vn -0.0466 -0.5568 -0.8294
vn -0.0346 -0.5966 -0.8018
vn -0.0611 -0.5061 -0.8603
vn -0.1214 -0.2644 -0.9568
vn 0.1362 -0.9681 -0.2103
vn 0.0779 -0.8857 -0.4577
vn 0.0518 -0.8325 -0.5516
vn 0.1462 -0.9759 -0.1620
vn 0.1237 -0.9553 -0.2687
vn 0.0636 -0.8577 -0.5101
vn -0.2217 0.3368 -0.9151
vn -0.2421 0.6070 -0.7569
vn -0.2392 0.8123 -0.5319
vn 0.2114 -0.9487 0.2353
vn 0.1650 -0.9842 -0.0636
vn -0.2309 0.4306 -0.8725
vn -0.2381 0.5261 -0.8164
vn -0.1950 0.1322 -0.9719
vn -0.2100 0.2395 -0.9479
vn -0.2353 0.4839 -0.8429
vn -0.1082 -0.3218 -0.9406
vn -0.1318 -0.2167 -0.9673
vn -0.1794 0.0335 -0.9832
vn -0.2284 0.8925 -0.3889
vn -0.1908 0.9776 -0.0892
vn -0.1362 0.9681 0.2103
vn -0.0101 -0.6723 -0.7402
vn -0.2184 0.9307 -0.2933
vn -0.2050 0.9607 -0.1873
vn -0.2413 0.7835 -0.5726
vn -0.2359 0.8448 -0.4803
vn -0.2114 0.9487 -0.2353
vn -0.2435 0.7196 -0.6503
vn -0.1013 0.9254 0.3652
vn -0.0276 0.7755 0.6308
vn 0.0466 0.5568 0.8294
vn -0.0779 0.8857 0.4577
vn -0.0518 0.8325 0.5516
vn -0.1462 0.9759 0.1620
vn -0.1237 0.9553 0.2687
vn -0.0636 0.8577 0.5101
vn -0.1650 0.9842 0.0636
vn 0.0851 0.4162 0.9053
vn 0.1517 0.1191 0.9812
vn 0.2021 -0.1807 0.9626
vn 0.1082 0.3218 0.9406
vn 0.1318 0.2167 0.9673
vn 0.0346 0.5966 0.8018
vn 0.0611 0.5061 0.8603
vn 0.1214 0.2644 0.9568
vn 0.0101 0.6723 0.7402
vn 0.2217 -0.3368 0.9151
vn 0.2421 -0.6070 0.7569
vn 0.2392 -0.8123 0.5319
vn 0.2309 -0.4306 0.8725
vn 0.2381 -0.5261 0.8164
vn 0.1950 -0.1322 0.9719
vn 0.2100 -0.2395 0.9479
vn 0.1794 -0.0335 0.9832
vn 0.1908 -0.9776 0.0892
vn 0.2184 -0.9307 0.2933
vn 0.2050 -0.9607 0.1873
vn 0.2413 -0.7835 0.5726
vn 0.2359 -0.8448 0.4803
vn -0.0154 -0.6566 -0.7541
vn -0.0356 -0.4068 -0.9128
vn 0.0254 -0.6237 -0.7813
vn -0.1475 -0.1402 -0.9791
vn -0.0928 -0.1620 -0.9824
vn -0.0379 -0.1832 -0.9824
vn 0.0144 -0.3963 -0.9180
vn 0.0659 -0.5887 -0.8057
vn 0.9874 0.0569 -0.1476
vn 0.9673 0.1627 -0.1945
vn 0.9899 0.0677 -0.1242
vn 0.9338 0.2663 -0.2388
vn 0.9364 0.2772 -0.2155
vn 0.9382 0.2878 -0.1920
vn 0.9717 0.1844 -0.1474
vn 0.9918 0.0785 -0.1007
vn 0.2308 0.2177 0.9483
vn 0.1837 0.4318 0.8831
vn 0.1344 0.4245 0.8954
vn 0.1896 0.1793 0.9654
vn 0.1270 0.6232 0.7717
vn 0.0714 0.6410 0.7642
vn 0.0154 0.6566 0.7541
vn 0.1475 0.1402 0.9791
vn 0.2271 -0.8986 0.3755
vn 0.2380 -0.8959 0.3751
vn 0.2393 -0.8905 0.3869
vn 0.2493 -0.8931 0.3745
vn 0.2503 -0.8884 0.3849
vn 0.2512 -0.8836 0.3952
vn 0.2402 -0.8850 0.3988
vn 0.2296 -0.8863 0.4021
vn -0.2073 0.8914 -0.4029
vn -0.2187 0.8889 -0.4026
vn -0.2174 0.8944 -0.3908
vn -0.2064 0.8962 -0.3926
vn -0.2296 0.8863 -0.4021
vn -0.2271 0.8986 -0.3755
vn -0.2165 0.8998 -0.3789
vn -0.2054 0.9009 -0.3823
vn -0.0379 -0.1832 -0.9823
vt 0.850536 0.125000
vt 0.856518 0.132916
vt 0.750000 0.125000
vt 0.856518 0.117085
vt 0.862500 0.140831
vt 0.861901 0.155967
vt 0.861302 0.171103
vt 0.851023 0.182229
vt 0.840744 0.193355
vt 0.830917 0.194722
vt 0.851023 0.182229
vt 0.821090 0.196089
vt 0.819722 0.205917
vt 0.818355 0.215744
vt 0.807229 0.226023
vt 0.819722 0.205917
vt 0.796103 0.236302
vt 0.780967 0.236901
vt 0.765831 0.237500
vt 0.757916 0.231518
vt 0.750000 0.225536
vt 0.742085 0.231518
vt 0.734169 0.237500
vt 0.719033 0.236901
vt 0.742085 0.231518
vt 0.703897 0.236302
vt 0.692771 0.226023
vt 0.719033 0.236901
vt 0.681645 0.215744
vt 0.680278 0.205917
vt 0.678911 0.196089
vt 0.669083 0.194722
vt 0.680278 0.205917
vt 0.659256 0.193355
vt 0.648977 0.182229
vt 0.669083 0.194722
vt 0.638698 0.171103
vt 0.638099 0.155967
vt 0.637500 0.140831
vt 0.643482 0.132916
vt 0.638099 0.155967
vt 0.649464 0.125000
vt 0.643482 0.117085
vt 0.643482 0.132916
vt 0.637500 0.109169
vt 0.638099 0.094033
vt 0.643482 0.117085
vt 0.638698 0.078897
vt 0.648977 0.067771
vt 0.659256 0.056645
vt 0.669084 0.055278
vt 0.678911 0.053911
vt 0.680278 0.044083
vt 0.681645 0.034256
vt 0.692771 0.023977
vt 0.680278 0.044083
vt 0.703897 0.013698
vt 0.719033 0.013099
vt 0.692771 0.023977
vt 0.734169 0.012500
vt 0.742085 0.018482
vt 0.719033 0.013099
vt 0.750000 0.024464
vt 0.757916 0.018482
vt 0.742085 0.018482
vt 0.765831 0.012500
vt 0.780967 0.013099
vt 0.757916 0.018482
vt 0.796103 0.013698
vt 0.807229 0.023977
vt 0.780967 0.013099
vt 0.818355 0.034256
vt 0.819723 0.044083
vt 0.821090 0.053911
vt 0.830917 0.055278
vt 0.819722 0.044083
vt 0.840744 0.056645
vt 0.851023 0.067771
vt 0.861302 0.078897
vt 0.861901 0.094033
vt 0.862500 0.109169
vt 0.649464 0.125000
vt 0.643482 0.117085
vt 0.750000 0.125000
vt 0.643482 0.132915
vt 0.643482 0.117085
vt 0.648977 0.067771
vt 0.659256 0.056645
vt 0.669084 0.055278
vt 0.678911 0.053911
vt 0.680278 0.044083
vt 0.669084 0.055278
vt 0.681645 0.034256
vt 0.692771 0.023977
vt 0.703897 0.013698
vt 0.719033 0.013099
vt 0.692771 0.023977
vt 0.734169 0.012500
vt 0.742085 0.018482
vt 0.750000 0.024464
vt 0.757916 0.018482
vt 0.742085 0.018482
vt 0.780967 0.013099
vt 0.757916 0.018482
vt 0.796103 0.013698
vt 0.807229 0.023977
vt 0.780967 0.013099
vt 0.818355 0.034256
vt 0.819723 0.044083
vt 0.807229 0.023977
vt 0.821090 0.053911
vt 0.830917 0.055278
vt 0.819722 0.044083
vt 0.851023 0.067771
vt 0.830917 0.055278
vt 0.861302 0.078897
vt 0.861901 0.094033
vt 0.851023 0.067771
vt 0.862500 0.109169
vt 0.856518 0.117085
vt 0.850536 0.125000
vt 0.856518 0.132916
vt 0.856518 0.132916
vt 0.861302 0.171103
vt 0.851023 0.182229
vt 0.840744 0.193355
vt 0.830917 0.194722
vt 0.851023 0.182229
vt 0.821090 0.196089
vt 0.819722 0.205917
vt 0.830917 0.194722
vt 0.819723 0.205917
vt 0.780967 0.236901
vt 0.765831 0.237500
vt 0.757916 0.231518
vt 0.780967 0.236901
vt 0.750000 0.225536
vt 0.742085 0.231518
vt 0.757916 0.231518
vt 0.719033 0.236901
vt 0.742085 0.231518
vt 0.703897 0.236302
vt 0.692771 0.226023
vt 0.719033 0.236901
vt 0.680278 0.205917
vt 0.678911 0.196089
vt 0.669084 0.194722
vt 0.659256 0.193355
vt 0.648977 0.182229
vt 0.638698 0.171103
vt 0.638099 0.155967
vt 0.637500 0.140831
vt 0.643482 0.132915
vt 1.000000 0.250000
vt 1.000000 0.268882
vt 0.992181 0.268701
vt 0.992181 0.250000
vt 1.000000 0.287764
vt 0.992181 0.285955
vt 0.984363 0.287764
vt 0.984363 0.268882
vt 0.984363 0.250000
vt 1.000000 0.962236
vt 1.000000 0.981118
vt 0.992181 0.981299
vt 0.992181 0.964045
vt 1.000000 1.000000
vt 0.992182 1.000000
vt 0.984363 1.000000
vt 0.984363 0.981118
vt 0.984363 0.962236
vt 1.000000 0.125000
vt 1.000000 0.143882
vt 0.992181 0.143701
vt 0.992181 0.125000
vt 1.000000 0.162764
vt 0.992181 0.160955
vt 0.984363 0.162764
vt 0.984363 0.143882
vt 0.984363 0.125000
vt 1.000000 0.312500
vt 1.000000 0.324868
vt 0.992181 0.325049
vt 0.992182 0.312500
vt 1.000000 0.337236
vt 0.992181 0.339045
vt 0.984363 0.337236
vt 0.984363 0.324868
vt 0.984363 0.312500
vt 1.000000 0.037764
vt 1.000000 0.050132
vt 0.992181 0.049951
vt 0.992181 0.035955
vt 1.000000 0.062500
vt 0.992182 0.062500
vt 0.984363 0.062500
vt 0.984363 0.050132
vt 0.984363 0.037764
vt 1.000000 0.187500
vt 1.000000 0.199868
vt 0.992181 0.200049
vt 0.992182 0.187500
vt 1.000000 0.212236
vt 0.992181 0.214045
vt 0.984363 0.212236
vt 0.984363 0.199868
vt 0.984363 0.187500
vt 1.000000 0.375000
vt 1.000000 0.393882
vt 0.992181 0.393701
vt 0.992181 0.375000
vt 1.000000 0.412764
vt 0.992181 0.410955
vt 0.984363 0.412764
vt 0.984363 0.393882
vt 0.984363 0.375000
vt 1.000000 0.087236
vt 1.000000 0.106118
vt 0.992181 0.106299
vt 0.992181 0.089045
vt 0.984363 0.106118
vt 0.984363 0.087236
vt 1.000000 0.300132
vt 0.992181 0.299951
vt 0.984363 0.300132
vt 1.000000 0.437500
vt 1.000000 0.449868
vt 0.992181 0.450049
vt 0.992182 0.437500
vt 1.000000 0.462236
vt 0.992181 0.464045
vt 0.984363 0.462236
vt 0.984363 0.449868
vt 0.984363 0.437500
vt 1.000000 0.175132
vt 0.992181 0.174951
vt 0.984363 0.175132
vt 1.000000 0.356118
vt 0.992181 0.356299
vt 0.984363 0.356118
vt 1.000000 0.500000
vt 1.000000 0.518882
vt 0.992181 0.518701
vt 0.992181 0.500000
vt 1.000000 0.537764
vt 0.992181 0.535955
vt 0.984363 0.537764
vt 0.984363 0.518882
vt 0.984363 0.500000
vt 1.000000 0.231118
vt 0.992181 0.231299
vt 0.984363 0.231118
vt 1.000000 0.425132
vt 0.992181 0.424951
vt 0.984363 0.425132
vt 1.000000 0.562500
vt 1.000000 0.574868
vt 0.992181 0.575049
vt 0.992182 0.562500
vt 1.000000 0.587236
vt 0.992181 0.589045
vt 0.984363 0.587236
vt 0.984363 0.574868
vt 0.984363 0.562500
vt 1.000000 0.481118
vt 0.992181 0.481299
vt 0.984363 0.481118
vt 1.000000 0.625000
vt 1.000000 0.643882
vt 0.992181 0.643701
vt 0.992181 0.625000
vt 1.000000 0.662764
vt 0.992181 0.660955
vt 0.984363 0.662764
vt 0.984363 0.643882
vt 0.984363 0.625000
vt 1.000000 0.550132
vt 0.992181 0.549951
vt 0.984363 0.550132
vt 1.000000 0.687500
vt 1.000000 0.699868
vt 0.992181 0.700049
vt 0.992182 0.687500
vt 1.000000 0.712236
vt 0.992181 0.714045
vt 0.984363 0.712236
vt 0.984363 0.699868
vt 0.984363 0.687500
vt 1.000000 0.606118
vt 0.992181 0.606299
vt 0.984363 0.606118
vt 1.000000 0.750000
vt 1.000000 0.768882
vt 0.992181 0.768701
vt 0.992181 0.750000
vt 1.000000 0.787764
vt 0.992181 0.785955
vt 0.984363 0.787764
vt 0.984363 0.768882
vt 0.984363 0.750000
vt 1.000000 0.675132
vt 0.992181 0.674951
vt 0.984363 0.675132
vt 1.000000 0.812500
vt 1.000000 0.824868
vt 0.992181 0.825049
vt 0.992182 0.812500
vt 1.000000 0.837236
vt 0.992181 0.839045
vt 0.984363 0.837236
vt 0.984363 0.824868
vt 0.984363 0.812500
vt 1.000000 0.731118
vt 0.992181 0.731299
vt 0.984363 0.731118
vt 1.000000 0.875000
vt 1.000000 0.893882
vt 0.992181 0.893701
vt 0.992181 0.875000
vt 1.000000 0.912764
vt 0.992181 0.910955
vt 0.984363 0.912764
vt 0.984363 0.893882
vt 0.984363 0.875000
vt 1.000000 0.800132
vt 0.992181 0.799951
vt 0.984363 0.800132
vt 1.000000 0.937500
vt 1.000000 0.949868
vt 0.992181 0.950049
vt 0.992182 0.937500
vt 0.984363 0.949868
vt 0.984363 0.937500
vt 1.000000 0.856118
vt 0.992181 0.856299
vt 0.984363 0.856118
vt 1.000000 -0.000000
vt 1.000000 0.018882
vt 0.992181 0.018701
vt 0.992182 -0.000000
vt 0.984363 0.018882
vt 0.984363 -0.000000
vt 1.000000 0.925132
vt 0.992181 0.924951
vt 0.984363 0.925132
vt 1.000000 0.074868
vt 0.992181 0.075049
vt 0.984363 0.074868
vt 0.946972 0.133498
vt 0.944310 0.141845
vt 0.928043 0.136847
vt 0.931116 0.128336
vt 0.941648 0.150192
vt 0.923643 0.145537
vt 0.906742 0.137421
vt 0.912050 0.130371
vt 0.916731 0.124552
vt 0.916689 0.124648
vt 0.911999 0.130479
vt 0.899820 0.103262
vt 0.906399 0.099275
vt 0.906680 0.137544
vt 0.893980 0.107455
vt 0.881279 0.077367
vt 0.887917 0.074565
vt 0.894554 0.071764
vt 0.892177 0.062921
vt 0.912374 0.057493
vt 0.915137 0.067772
vt 0.889801 0.054078
vt 0.909997 0.048650
vt 0.930194 0.043222
vt 0.932570 0.052065
vt 0.934947 0.060907
vt 0.946992 0.133613
vt 0.931104 0.128440
vt 0.923315 0.098165
vt 0.940970 0.097260
vt 0.915137 0.067772
vt 0.923616 0.145676
vt 0.911468 0.178654
vt 0.893980 0.172255
vt 0.941657 0.150341
vt 0.928957 0.185053
vt 0.916256 0.219764
vt 0.898768 0.213365
vt 0.881279 0.206967
vt 0.923643 0.145537
vt 0.911521 0.178447
vt 0.894068 0.172062
vt 0.928973 0.184833
vt 0.916299 0.219473
vt 0.898847 0.213088
vt 0.881394 0.206702
vt 0.931116 0.128336
vt 0.923343 0.098123
vt 0.940962 0.097220
vt 0.906462 0.099231
vt 0.894641 0.071776
vt 0.915182 0.067792
vt 0.934951 0.060942
vt 0.899897 0.103210
vt 0.894068 0.107394
vt 0.881394 0.077367
vt 0.888017 0.074572
vt 0.930208 0.043293
vt 0.932580 0.052117
vt 0.912424 0.057534
vt 0.910053 0.048710
vt 0.915182 0.067792
vt 0.892269 0.062951
vt 0.889898 0.054127
vt 0.923616 0.145676
vt 0.928024 0.136968
vt 0.944325 0.141977
vt 0.911999 0.130479
s 1
f 180/157/179 275/158/179 379/159/179 260/160/179
f 195/161/179 259/162/179 379/159/179 275/158/179
f 179/163/179 290/164/179 379/159/179 259/162/179
f 210/165/179 274/166/179 379/159/179 290/167/179
f 194/168/179 289/169/179 379/159/179 274/166/179
f 209/170/179 273/171/179 379/159/179 289/172/179
f 193/173/179 288/174/179 379/159/179 273/171/179
f 208/175/179 272/176/179 379/159/179 288/174/179
f 192/177/179 287/178/179 379/159/179 272/176/179
f 207/179/179 271/180/179 379/159/179 287/181/179
f 191/182/179 286/183/179 379/159/179 271/184/179
f 206/185/179 270/186/179 379/159/179 286/183/179
f 190/187/179 285/188/179 379/159/179 270/189/179
f 205/190/179 269/191/179 379/159/179 285/192/179
f 189/193/179 284/194/179 379/159/179 269/191/179
f 204/195/179 268/196/179 379/159/179 284/197/179
f 188/198/179 283/199/179 379/159/179 268/200/179
f 203/201/179 267/202/179 379/159/179 283/203/179
f 187/204/179 282/205/179 379/159/179 267/202/179
f 202/206/179 266/207/179 379/159/179 282/205/179
f 186/208/179 281/209/179 379/159/179 266/207/179
f 201/210/179 265/211/179 379/159/179 281/212/179
f 185/213/179 280/214/179 379/159/179 265/215/179
f 200/216/179 264/217/179 379/159/179 280/218/179
f 184/219/179 279/220/179 379/159/179 264/221/179
f 199/222/179 263/223/179 379/159/179 279/224/179
f 183/225/179 278/226/179 379/159/179 263/227/179
f 198/228/179 262/229/179 379/159/179 278/226/179
f 182/230/179 277/231/179 379/159/179 262/232/179
f 197/233/179 261/234/179 379/159/179 277/231/179
f 181/235/179 276/236/179 379/159/179 261/234/179
f 196/237/179 260/160/179 379/159/179 276/236/179
f 212/238/180 292/239/180 380/240/180 307/241/180
f 228/201/180 308/202/180 380/240/180 292/242/180
f 213/204/180 293/243/180 380/240/180 308/202/180
f 229/244/180 309/245/180 380/240/180 293/243/180
f 214/246/180 294/247/180 380/240/180 309/248/180
f 230/249/180 310/250/180 380/240/180 294/247/180
f 215/251/180 295/252/180 380/240/180 310/253/180
f 231/254/180 311/255/180 380/240/180 295/252/180
f 216/256/180 296/257/180 380/240/180 311/258/180
f 232/222/180 312/259/180 380/240/180 296/260/180
f 217/261/180 297/262/180 380/240/180 312/263/180
f 233/264/180 313/265/180 380/240/180 297/266/180
f 218/267/180 298/268/180 380/240/180 313/269/180
f 234/233/180 314/270/180 380/240/180 298/271/180
f 219/272/180 299/273/180 380/240/180 314/274/180
f 235/275/180 315/276/180 380/240/180 299/273/180
f 220/277/180 300/278/180 380/240/180 315/276/180
f 236/161/180 316/162/180 380/240/180 300/279/180
f 221/280/180 301/281/180 380/240/180 316/162/180
f 237/282/180 317/283/180 380/240/180 301/284/180
f 222/285/180 302/286/180 380/240/180 317/287/180
f 238/170/180 318/171/180 380/240/180 302/288/180
f 223/173/180 303/289/180 380/240/180 318/171/180
f 239/290/180 319/291/180 380/240/180 303/292/180
f 224/293/180 304/294/180 380/240/180 319/295/180
f 240/179/180 320/296/180 380/240/180 304/297/180
f 225/298/180 305/299/180 380/240/180 320/300/180
f 241/185/180 321/301/180 380/240/180 305/299/180
f 226/302/180 306/303/180 380/240/180 321/301/180
f 242/304/180 322/305/180 380/240/180 306/303/180
f 211/306/180 291/307/180 380/240/180 322/305/180
f 227/308/180 307/309/180 380/240/180 291/307/180
f 179/310/181 259/311/182 381/312/182 324/313/181
f 259/311/182 195/314/183 323/315/183 381/312/182
f 381/312/182 323/315/183 227/316/183 291/317/182
f 324/313/181 381/312/182 291/317/182 211/318/181
f 206/319/184 286/320/185 382/321/185 326/322/184
f 286/320/185 191/323/186 325/324/186 382/321/185
f 382/321/185 325/324/186 223/325/186 318/326/185
f 326/322/184 382/321/185 318/326/185 238/327/184
f 193/328/187 273/329/188 383/330/188 328/331/187
f 273/329/188 209/332/189 327/333/189 383/330/188
f 383/330/188 327/333/189 241/334/189 305/335/188
f 328/331/187 383/330/188 305/335/188 225/336/187
f 180/337/190 260/338/191 384/339/191 330/340/190
f 260/338/191 196/341/192 329/342/192 384/339/191
f 384/339/191 329/342/192 228/343/192 292/344/191
f 330/340/190 384/339/191 292/344/191 212/345/190
f 207/346/193 287/347/194 385/348/194 332/349/193
f 287/347/194 192/350/195 331/351/195 385/348/194
f 385/348/194 331/351/195 224/352/195 319/353/194
f 332/349/193 385/348/194 319/353/194 239/354/193
f 194/355/196 274/356/197 386/357/197 334/358/196
f 274/356/197 210/359/198 333/360/198 386/357/197
f 386/357/197 333/360/198 242/361/198 306/362/197
f 334/358/196 386/357/197 306/362/197 226/363/196
f 181/364/199 261/365/200 387/366/200 336/367/199
f 261/365/200 197/368/201 335/369/201 387/366/200
f 387/366/200 335/369/201 229/370/201 293/371/200
f 336/367/199 387/366/200 293/371/200 213/372/199
f 208/373/202 288/374/203 388/375/203 337/376/202
f 288/374/203 193/328/187 328/331/187 388/375/203
f 388/375/203 328/331/187 225/336/187 320/377/203
f 337/376/202 388/375/203 320/377/203 240/378/202
f 195/314/183 275/379/204 389/380/204 323/315/183
f 275/379/204 180/337/205 330/340/205 389/380/204
f 389/380/204 330/340/205 212/345/205 307/381/204
f 323/315/183 389/380/204 307/381/204 227/316/183
f 182/382/206 262/383/207 390/384/207 339/385/206
f 262/383/207 198/386/208 338/387/208 390/384/207
f 390/384/207 338/387/208 230/388/208 294/389/207
f 339/385/206 390/384/207 294/389/207 214/390/206
f 209/332/189 289/391/209 391/392/209 327/333/189
f 289/391/209 194/355/210 334/358/210 391/392/209
f 391/392/209 334/358/210 226/363/210 321/393/209
f 327/333/189 391/392/209 321/393/209 241/334/189
f 196/341/192 276/394/211 392/395/211 329/342/192
f 276/394/211 181/364/199 336/367/199 392/395/211
f 392/395/211 336/367/199 213/372/199 308/396/211
f 329/342/192 392/395/211 308/396/211 228/343/192
f 183/397/212 263/398/213 393/399/213 341/400/212
f 263/398/213 199/401/214 340/402/214 393/399/213
f 393/399/213 340/402/214 231/403/214 295/404/213
f 341/400/212 393/399/213 295/404/213 215/405/212
f 210/359/198 290/406/215 394/407/215 333/360/198
f 290/406/215 179/310/181 324/313/181 394/407/215
f 394/407/215 324/313/181 211/318/181 322/408/215
f 333/360/198 394/407/215 322/408/215 242/361/198
f 197/368/201 277/409/216 395/410/216 335/369/201
f 277/409/216 182/382/217 339/385/217 395/410/216
f 395/410/216 339/385/217 214/390/217 309/411/216
f 335/369/201 395/410/216 309/411/216 229/370/201
f 184/412/218 264/413/219 396/414/219 343/415/218
f 264/413/219 200/416/220 342/417/220 396/414/219
f 396/414/219 342/417/220 232/418/220 296/419/219
f 343/415/218 396/414/219 296/419/219 216/420/218
f 198/386/208 278/421/221 397/422/221 338/387/208
f 278/421/221 183/397/212 341/400/212 397/422/221
f 397/422/221 341/400/212 215/405/212 310/423/221
f 338/387/208 397/422/221 310/423/221 230/388/208
f 185/424/222 265/425/223 398/426/223 345/427/222
f 265/425/223 201/428/224 344/429/224 398/426/223
f 398/426/223 344/429/224 233/430/224 297/431/223
f 345/427/222 398/426/223 297/431/223 217/432/222
f 199/401/214 279/433/225 399/434/225 340/402/214
f 279/433/225 184/412/226 343/415/226 399/434/225
f 399/434/225 343/415/226 216/420/226 311/435/225
f 340/402/214 399/434/225 311/435/225 231/403/214
f 186/436/227 266/437/228 400/438/228 347/439/227
f 266/437/228 202/440/229 346/441/229 400/438/228
f 400/438/228 346/441/229 234/442/229 298/443/228
f 347/439/227 400/438/228 298/443/228 218/444/227
f 200/416/220 280/445/230 401/446/230 342/417/220
f 280/445/230 185/424/222 345/427/222 401/446/230
f 401/446/230 345/427/222 217/432/222 312/447/230
f 342/417/220 401/446/230 312/447/230 232/418/220
f 187/448/231 267/449/232 402/450/232 349/451/231
f 267/449/232 203/452/233 348/453/233 402/450/232
f 402/450/232 348/453/233 235/454/233 299/455/232
f 349/451/231 402/450/232 299/455/232 219/456/231
f 201/428/224 281/457/234 403/458/234 344/429/224
f 281/457/234 186/436/235 347/439/235 403/458/234
f 403/458/234 347/439/235 218/444/235 313/459/234
f 344/429/224 403/458/234 313/459/234 233/430/224
f 188/460/236 268/461/237 404/462/237 351/463/236
f 268/461/237 204/464/238 350/465/238 404/462/237
f 404/462/237 350/465/238 236/466/238 300/467/237
f 351/463/236 404/462/237 300/467/237 220/468/236
f 202/440/229 282/469/239 405/470/239 346/441/229
f 282/469/239 187/448/231 349/451/231 405/470/239
f 405/470/239 349/451/231 219/456/231 314/471/239
f 346/441/229 405/470/239 314/471/239 234/442/229
f 189/472/240 269/473/241 406/474/241 353/475/240
f 269/473/241 205/476/242 352/477/242 406/474/241
f 406/474/241 352/477/242 237/478/242 301/479/241
f 353/475/240 406/474/241 301/479/241 221/480/240
f 203/452/233 283/481/243 407/482/243 348/453/233
f 283/481/243 188/460/244 351/463/244 407/482/243
f 407/482/243 351/463/244 220/468/244 315/483/243
f 348/453/233 407/482/243 315/483/243 235/454/233
f 190/484/245 270/485/246 408/486/246 354/487/245
f 270/485/246 206/319/184 326/322/184 408/486/246
f 408/486/246 326/322/184 238/327/184 302/488/246
f 354/487/245 408/486/246 302/488/246 222/489/245
f 204/464/238 284/490/247 409/491/247 350/465/238
f 284/490/247 189/472/240 353/475/240 409/491/247
f 409/491/247 353/475/240 221/480/240 316/492/247
f 350/465/238 409/491/247 316/492/247 236/466/238
f 191/493/186 271/494/248 410/495/248 325/496/186
f 271/494/248 207/346/193 332/349/193 410/495/248
f 410/495/248 332/349/193 239/354/193 303/497/248
f 325/496/186 410/495/248 303/497/248 223/498/186
f 205/476/242 285/499/249 411/500/249 352/477/242
f 285/499/249 190/484/250 354/487/250 411/500/249
f 411/500/249 354/487/250 222/489/250 317/501/249
f 352/477/242 411/500/249 317/501/249 237/478/242
f 192/350/251 272/502/252 412/503/252 331/351/251
f 272/502/252 208/373/202 337/376/202 412/503/252
f 412/503/252 337/376/202 240/378/202 304/504/252
f 331/351/251 412/503/252 304/504/252 224/352/251
f 245/505/253 358/506/181 413/507/254 359/508/255
f 358/506/181 246/509/256 360/510/257 413/507/254
f 413/507/254 360/510/257 250/511/258 361/512/259
f 359/508/255 413/507/254 361/512/259 249/513/260
f 255/514/261 376/515/262 414/516/180 369/517/263
f 376/515/262 258/518/264 363/519/265 414/516/180
f 414/516/180 363/519/265 248/520/266 364/521/267
f 369/517/263 414/516/180 364/521/267 247/522/268
f 247/522/269 364/523/270 415/524/271 365/525/272
f 364/523/270 248/526/273 366/527/274 415/524/271
f 415/524/271 366/527/274 244/528/275 356/529/231
f 365/525/272 415/524/271 356/529/231 243/530/276
f 252/531/277 374/532/278 416/533/279 355/534/186
f 374/532/278 255/514/280 369/517/281 416/533/279
f 416/533/279 369/517/281 247/522/282 365/535/283
f 355/534/186 416/533/279 365/535/283 243/530/284
f 258/518/285 372/536/286 417/537/287 363/538/288
f 372/536/286 253/539/289 368/540/212 417/537/287
f 417/537/287 368/540/212 244/541/290 366/542/291
f 363/538/288 417/537/287 366/542/291 248/543/292
f 250/511/285 360/544/286 418/545/287 370/546/288
f 360/544/286 246/509/289 357/547/212 418/545/287
f 418/545/287 357/547/212 254/548/290 371/549/291
f 370/546/288 418/545/287 371/549/291 257/550/292
f 245/505/277 359/551/278 419/552/279 367/553/186
f 359/551/278 249/513/280 362/554/281 419/552/279
f 419/552/279 362/554/281 256/555/282 373/556/283
f 367/553/186 419/552/279 373/556/283 251/557/284
f 249/513/261 361/512/262 420/558/180 362/554/263
f 361/512/262 250/511/264 370/559/265 420/558/180
f 420/558/180 370/559/265 257/560/266 375/561/267
f 362/554/263 420/558/180 375/561/267 256/555/268
f 254/562/275 378/563/231 421/564/271 371/565/274
f 378/563/231 251/557/276 373/566/272 421/564/271
f 421/564/271 373/566/272 256/555/269 375/567/270
f 371/565/274 421/564/271 375/567/270 257/568/273
f 253/539/256 372/569/257 422/570/254 377/571/181
f 372/569/257 258/518/293 376/572/259 422/570/254
f 422/570/254 376/572/259 255/514/260 374/532/255
f 377/571/181 422/570/254 374/532/255 252/531/253
o Whiskers
v 0.028633 0.434811 1.699327
v 0.042046 0.486196 1.675365
v 1.131693 0.883507 1.164652
v 0.918432 0.066487 1.545635
v 0.476099 0.249587 1.707948
v 0.590012 0.685997 1.504446
v -0.028633 0.434811 1.699327
v -0.042046 0.486196 1.675365
v -1.131693 0.883507 1.164652
v -0.918432 0.066487 1.545635
v -0.476099 0.249587 1.707948
v -0.590012 0.685997 1.504446
vn 0.1428 0.3874 0.9108
vn 0.4322 0.2860 0.8552
vn 0.2968 0.3388 0.8928
vn 0.3533 0.3181 0.8798
vn -0.1428 0.3874 0.9108
vn -0.4322 0.2860 0.8552
vn -0.2968 0.3388 0.8928
vn -0.3533 0.3181 0.8798
vt 0.206588 0.825103
vt 0.314942 0.880366
vt 0.256937 0.990255
vt 0.054084 0.886795
vt 0.341815 0.761585
vt 0.354574 0.768093
s 1
f 428/573/297 427/574/296 426/575/295 425/576/295
f 424/577/294 423/578/294 427/574/296 428/573/297
f 434/573/301 431/576/299 432/575/299 433/574/300
f 430/577/298 434/573/301 433/574/300 429/578/298
o Tail
v 0.964751 3.105190 -1.710141
v 0.964751 3.105190 -1.710141
v 0.964751 3.105190 -1.710141
v 0.964751 3.105190 -1.710141
v 0.964751 3.105190 -1.710141
v 0.964751 3.105190 -1.710141
v 0.964751 3.105190 -1.710141
v 0.964751 3.105190 -1.710141
v 0.533130 3.096923 -1.883572
v 0.536151 3.100047 -1.890409
v 0.539840 3.097026 -1.896936
v 0.542037 3.089629 -1.899328
v 0.541455 3.082190 -1.896185
v 0.538435 3.079066 -1.889348
v 0.534746 3.082087 -1.882821
v 0.532548 3.089484 -1.880428
v 0.166527 3.049475 -2.064834
v 0.173057 3.055769 -2.077978
v 0.182181 3.050244 -2.089761
v 0.188554 3.036136 -2.093281
v 0.188444 3.021710 -2.086475
v 0.181914 3.015416 -2.073332
v 0.172789 3.020942 -2.061549
v 0.166416 3.035049 -2.058030
v -0.122339 2.953870 -2.256569
v -0.111652 2.963626 -2.275156
v -0.094809 2.956984 -2.289948
v -0.081674 2.937834 -2.292281
v -0.079943 2.917394 -2.280787
v -0.090630 2.907639 -2.262200
v -0.107474 2.914281 -2.247408
v -0.120608 2.933431 -2.245075
v -0.332526 2.808499 -2.459718
v -0.317315 2.822217 -2.482826
v -0.291133 2.816872 -2.497804
v -0.269317 2.795596 -2.495878
v -0.264646 2.770852 -2.478178
v -0.279857 2.757134 -2.455070
v -0.306039 2.762479 -2.440092
v -0.327855 2.783755 -2.442018
v -0.464110 2.616135 -2.667129
v -0.444941 2.633413 -2.694800
v -0.409795 2.631612 -2.708200
v -0.379260 2.611786 -2.699479
v -0.371224 2.585550 -2.673747
v -0.390393 2.568272 -2.646077
v -0.425539 2.570073 -2.632677
v -0.456074 2.589899 -2.641397
v -0.528805 2.393037 -2.846305
v -0.506759 2.411165 -2.879674
v -0.464625 2.413812 -2.891572
v -0.427085 2.399425 -2.875028
v -0.416129 2.376434 -2.839736
v -0.438175 2.358305 -2.806367
v -0.480309 2.355659 -2.794470
v -0.517849 2.370045 -2.811013
v -0.539628 2.154308 -2.965730
v -0.515085 2.169688 -3.004866
v -0.468273 2.177611 -3.015709
v -0.426615 2.173435 -2.991906
v -0.414514 2.159606 -2.947401
v -0.439057 2.144226 -2.908265
v -0.485869 2.136303 -2.897422
v -0.527527 2.140479 -2.921225
v -0.498757 1.903915 -3.017691
v -0.471397 1.914442 -3.060809
v -0.422303 1.928591 -3.071263
v -0.380234 1.938076 -3.042928
v -0.369833 1.937339 -2.992404
v -0.397194 1.926813 -2.949285
v -0.446287 1.912663 -2.938832
v -0.488356 1.903178 -2.967166
v -0.406902 1.645866 -3.001204
v -0.376374 1.650940 -3.045691
v -0.326964 1.670545 -3.056657
v -0.287615 1.693197 -3.027677
v -0.281378 1.705626 -2.975728
v -0.311906 1.700552 -2.931240
v -0.361316 1.680947 -2.920274
v -0.400665 1.658296 -2.949254
v -0.274674 1.389524 -2.917663
v -0.240208 1.387823 -2.960357
v -0.190680 1.409445 -2.971650
v -0.155104 1.441724 -2.944927
v -0.154320 1.465751 -2.895843
v -0.188786 1.467451 -2.853149
v -0.238314 1.445829 -2.841856
v -0.273890 1.413551 -2.868578
v -0.144323 1.161466 -2.769179
v -0.104211 1.150337 -2.805603
v -0.052745 1.170008 -2.815061
v -0.020074 1.208957 -2.792013
v -0.025336 1.244368 -2.749961
v -0.065448 1.255497 -2.713537
v -0.116913 1.235826 -2.704079
v -0.149584 1.196877 -2.727127
v -0.055544 0.984953 -2.555951
v -0.009320 0.963808 -2.581438
v 0.045528 0.980384 -2.586504
v 0.076870 1.024972 -2.568182
v 0.066346 1.071453 -2.537205
v 0.020121 1.092598 -2.511718
v -0.034727 1.076021 -2.506651
v -0.066068 1.031433 -2.524973
v -0.015502 0.863330 -2.277174
v 0.035459 0.834591 -2.289618
v 0.093942 0.849332 -2.289227
v 0.125689 0.898919 -2.276231
v 0.112104 0.954305 -2.258242
v 0.061143 0.983044 -2.245799
v 0.002660 0.968302 -2.246189
v -0.029088 0.918715 -2.259185
v -0.023235 0.795558 -1.935812
v 0.032981 0.764172 -1.939609
v 0.095575 0.780099 -1.933706
v 0.127883 0.833912 -1.921511
v 0.110977 0.893964 -1.910110
v 0.054762 0.925185 -1.906235
v -0.007833 0.909422 -1.912215
v -0.040140 0.855775 -1.924488
v -0.068302 0.770333 -1.552168
v 0.000000 0.746490 -1.563899
v 0.068302 0.770333 -1.552168
v 0.096593 0.827307 -1.523548
v 0.068302 0.883291 -1.494467
v 0.000000 0.906141 -1.482269
v -0.068302 0.883291 -1.494467
v -0.096593 0.827307 -1.523548
v 0.964751 3.105190 -1.710141
v 0.744056 3.103979 -1.796285
v 0.532478 3.093499 -1.881361
v 0.743690 3.100231 -1.794746
v 0.964751 3.105190 -1.710141
v 0.745532 3.105541 -1.799741
v 0.534425 3.099210 -1.886756
v 0.964751 3.105190 -1.710141
v 0.747251 3.104003 -1.803088
v 0.538052 3.099265 -1.893981
v 0.964751 3.105190 -1.710141
v 0.748207 3.100265 -1.804367
v 0.541234 3.093634 -1.898802
v 0.964751 3.105190 -1.710141
v 0.747840 3.096517 -1.802828
v 0.542108 3.085614 -1.898396
v 0.964751 3.105190 -1.710141
v 0.746365 3.094954 -1.799373
v 0.540160 3.079903 -1.893001
v 0.964751 3.105190 -1.710141
v 0.744646 3.096493 -1.796025
v 0.536533 3.079848 -1.885777
v 0.964751 3.105190 -1.710141
v 0.533351 3.085479 -1.880955
v 0.340100 3.079124 -1.972978
v 0.165578 3.042804 -2.060278
v 0.339587 3.068106 -1.968101
v 0.344797 3.083816 -1.983059
v 0.169168 3.054004 -2.071061
v 0.350926 3.079433 -1.992438
v 0.177630 3.054420 -2.084536
v 0.354896 3.068543 -1.995620
v 0.186007 3.043807 -2.092808
v 0.354383 3.057524 -1.990743
v 0.189393 3.028382 -2.091032
v 0.349686 3.052832 -1.980663
v 0.185803 3.017181 -2.080249
v 0.343557 3.057215 -1.971284
v 0.177341 3.016766 -2.066774
v 0.168963 3.027379 -2.058502
v 0.012359 3.007803 -2.159307
v -0.123123 2.944301 -2.249374
v 0.013004 2.990206 -2.150318
v 0.020890 3.015768 -2.175298
v -0.118282 2.960624 -2.265635
v 0.033600 3.009437 -2.188924
v -0.103400 2.962308 -2.283678
v 0.043044 2.992517 -2.192203
v -0.087195 2.948364 -2.292935
v 0.043690 2.974921 -2.183214
v -0.079159 2.926963 -2.287983
v 0.035159 2.966957 -2.167223
v -0.084000 2.910640 -2.271722
v 0.022448 2.973288 -2.153597
v -0.098882 2.908958 -2.253678
v -0.115087 2.922900 -2.244421
v -0.237420 2.887462 -2.356741
v -0.332755 2.796650 -2.449401
v -0.234319 2.864603 -2.342359
v -0.224465 2.899157 -2.377665
v -0.327058 2.817442 -2.471461
v -0.203043 2.892837 -2.392872
v -0.304682 2.821969 -2.492049
v -0.185703 2.872204 -2.393456
v -0.278735 2.807578 -2.499105
v -0.182603 2.849344 -2.379073
v -0.264417 2.782701 -2.488495
v -0.195558 2.837650 -2.358150
v -0.270115 2.761909 -2.466435
v -0.216979 2.843970 -2.342942
v -0.292491 2.757383 -2.445847
v -0.318437 2.771773 -2.438791
v -0.407614 2.717361 -2.564550
v -0.463535 2.603193 -2.652951
v -0.401267 2.691408 -2.543067
v -0.390298 2.733050 -2.589839
v -0.457517 2.626716 -2.681818
v -0.359462 2.729283 -2.604120
v -0.428155 2.635082 -2.704021
v -0.333169 2.708268 -2.599027
v -0.392650 2.623391 -2.706550
v -0.326822 2.682315 -2.577544
v -0.371799 2.598492 -2.687926
v -0.344138 2.666627 -2.552254
v -0.377817 2.574969 -2.659058
v -0.374974 2.670393 -2.537974
v -0.407179 2.566603 -2.636857
v -0.442684 2.578293 -2.634327
v -0.503846 2.507279 -2.762604
v -0.527454 2.381282 -2.827494
v -0.494218 2.481952 -2.732201
v -0.483131 2.525429 -2.793007
v -0.521459 2.403510 -2.864610
v -0.444206 2.525770 -2.805599
v -0.486765 2.414741 -2.889079
v -0.409874 2.508103 -2.793004
v -0.443696 2.408394 -2.886568
v -0.400245 2.482778 -2.762601
v -0.417480 2.388189 -2.858547
v -0.420961 2.464628 -2.732199
v -0.423475 2.365961 -2.821431
v -0.459885 2.464286 -2.719606
v -0.458169 2.354731 -2.796962
v -0.501238 2.361077 -2.799473
v -0.540652 2.275244 -2.914339
v -0.538163 2.146617 -2.942415
v -0.528813 2.256151 -2.874213
v -0.517366 2.292387 -2.950707
v -0.531437 2.162407 -2.987629
v -0.472597 2.297538 -2.962015
v -0.492864 2.175004 -3.014647
v -0.432570 2.287679 -2.941638
v -0.445040 2.177030 -3.007641
v -0.420732 2.268586 -2.901513
v -0.415979 2.167297 -2.970716
v -0.444017 2.251443 -2.865144
v -0.422705 2.151507 -2.925501
v -0.488786 2.246292 -2.853837
v -0.461278 2.138910 -2.898484
v -0.509102 2.136884 -2.905490
v -0.525652 2.030366 -3.000244
v -0.498365 1.902161 -2.991405
v -0.514038 2.022836 -2.952198
v -0.499748 2.043457 -3.041667
v -0.489197 1.908249 -3.042025
v -0.451501 2.054442 -3.052203
v -0.447869 1.921589 -3.070985
v -0.409173 2.056885 -3.025681
v -0.398589 1.934365 -3.061319
v -0.397560 2.049356 -2.977635
v -0.370225 1.939094 -3.018690
v -0.423463 2.036264 -2.936211
v -0.379393 1.933005 -2.968069
v -0.471710 2.025280 -2.925675
v -0.420722 1.919665 -2.939109
v -0.470002 1.906889 -2.948775
v -0.459063 1.775545 -3.017960
v -0.408623 1.650160 -2.974155
v -0.450512 1.781560 -2.966151
v -0.430168 1.783419 -3.062112
v -0.395492 1.646184 -3.026286
v -0.380755 1.800570 -3.072744
v -0.352280 1.659525 -3.056262
v -0.339767 1.816951 -3.043628
v -0.304299 1.682368 -3.046525
v -0.331217 1.822966 -2.991819
v -0.279656 1.701332 -3.002776
v -0.360111 1.815092 -2.947667
v -0.292787 1.705308 -2.950645
v -0.409525 1.797941 -2.937035
v -0.336000 1.691967 -2.920669
v -0.383980 1.669124 -2.930407
v -0.343653 1.516054 -2.967664
v -0.279133 1.399419 -2.892015
v -0.340024 1.534413 -2.916631
v -0.311330 1.518028 -3.011728
v -0.260926 1.385512 -2.941628
v -0.261991 1.539179 -3.023011
v -0.215521 1.396281 -2.970811
v -0.224538 1.567116 -2.994904
v -0.169516 1.425418 -2.962471
v -0.220910 1.585474 -2.943871
v -0.149861 1.455855 -2.921492
v -0.253232 1.583500 -2.899808
v -0.168068 1.469762 -2.871878
v -0.302571 1.562350 -2.888525
v -0.213473 1.458994 -2.842695
v -0.259478 1.429856 -2.851035
v -0.206243 1.270156 -2.851486
v -0.151995 1.177245 -2.747227
v -0.208477 1.299852 -2.805378
v -0.169134 1.264009 -2.891668
v -0.127467 1.152086 -2.789649
v -0.118887 1.285012 -2.902386
v -0.077963 1.156704 -2.814451
v -0.084936 1.320862 -2.877363
v -0.032481 1.188392 -2.807105
v -0.087170 1.350559 -2.831256
v -0.017664 1.228589 -2.771913
v -0.124280 1.356706 -2.791074
v -0.042192 1.253748 -2.729492
v -0.174526 1.335703 -2.780355
v -0.091696 1.249131 -2.704689
v -0.137178 1.217442 -2.712035
v -0.093799 1.066272 -2.670710
v -0.066179 1.006569 -2.539966
v -0.101899 1.107374 -2.633786
v -0.050551 1.049991 -2.702127
v -0.035502 0.970013 -2.570489
v 0.002510 1.068068 -2.709633
v 0.019135 0.967543 -2.587005
v 0.034303 1.109913 -2.688831
v 0.065727 1.000607 -2.579839
v 0.026202 1.151015 -2.651907
v 0.076980 1.049836 -2.553190
v -0.017045 1.167297 -2.620490
v 0.046303 1.086393 -2.522666
v -0.070107 1.149220 -2.612984
v -0.008334 1.088863 -2.506150
v -0.054925 1.055799 -2.513316
v -0.029453 0.917318 -2.424778
v -0.028023 0.889579 -2.268218
v -0.041802 0.968577 -2.400236
v 0.019344 0.891995 -2.443812
v 0.006869 0.844104 -2.284668
v 0.076004 0.907442 -2.446190
v 0.066031 0.836537 -2.291184
v 0.107336 0.954611 -2.430519
v 0.114807 0.871311 -2.283948
v 0.094987 1.005870 -2.405977
v 0.124625 0.928056 -2.267198
v 0.046190 1.031192 -2.386942
v 0.089733 0.973531 -2.250747
v -0.010470 1.015746 -2.384565
v 0.030571 0.981098 -2.244232
v -0.018206 0.946324 -2.251468
v -0.013592 0.822897 -2.113536
v -0.037819 0.824128 -1.930739
v -0.028181 0.881575 -2.101176
v 0.039421 0.791737 -2.120057
v 0.001708 0.774587 -1.938902
v 0.099804 0.806361 -2.116927
v 0.065934 0.766231 -1.937764
v 0.132186 0.858191 -2.105972
v 0.117235 0.803953 -1.927991
v 0.117597 0.916849 -2.093602
v 0.125561 0.865508 -1.915236
v 0.064583 0.947988 -2.087071
v 0.086034 0.914821 -1.906967
v 0.004200 0.933384 -2.090211
v 0.021808 0.923177 -1.908105
v -0.029493 0.885682 -1.917984
v -0.043027 0.779810 -1.746927
v -0.089138 0.796614 -1.539070
v -0.064836 0.839122 -1.729186
v 0.018569 0.751287 -1.753152
v -0.036922 0.752792 -1.560818
v 0.083870 0.770568 -1.744369
v 0.036922 0.752792 -1.560817
v 0.114623 0.826051 -1.725568
v 0.089138 0.796614 -1.539070
v 0.092814 0.884847 -1.707585
v 0.089138 0.857691 -1.507883
v 0.031218 0.912853 -1.701118
v 0.036922 0.900150 -1.485497
v -0.034083 0.894089 -1.710143
v -0.036922 0.900150 -1.485497
v -0.089138 0.857691 -1.507883
v 0.743705 3.102256 -1.795188
v 0.744700 3.105126 -1.797888
v 0.746427 3.105138 -1.801565
v 0.747873 3.102286 -1.804066
v 0.748192 3.098240 -1.803925
v 0.747196 3.095370 -1.801225
v 0.745469 3.095357 -1.797548
v 0.744023 3.098209 -1.795048
v 0.339243 3.074044 -1.969621
v 0.342060 3.082537 -1.977707
v 0.347912 3.082705 -1.988226
v 0.353371 3.074448 -1.995017
v 0.355240 3.062604 -1.994101
v 0.352423 3.054111 -1.986015
v 0.346571 3.053945 -1.975495
v 0.341112 3.062201 -1.968705
v 0.011437 2.999625 -2.153478
v 0.015700 3.013443 -2.166981
v 0.027182 3.014326 -2.182992
v 0.039158 3.001757 -2.192130
v 0.044612 2.983099 -2.189044
v 0.040349 2.969282 -2.175540
v 0.028867 2.968399 -2.159530
v 0.016891 2.980967 -2.150391
v -0.237968 2.876652 -2.348060
v -0.232641 2.895331 -2.367146
v -0.214058 2.898236 -2.386677
v -0.193104 2.883666 -2.395214
v -0.182055 2.860155 -2.387753
v -0.187382 2.841476 -2.368669
v -0.205965 2.838571 -2.349137
v -0.226918 2.853141 -2.340601
v -0.407461 2.704754 -2.552410
v -0.401532 2.727264 -2.577693
v -0.375502 2.733709 -2.599084
v -0.344620 2.720312 -2.604050
v -0.326975 2.694923 -2.589684
v -0.332904 2.672413 -2.564400
v -0.358934 2.665968 -2.543010
v -0.389816 2.679364 -2.538043
v -0.502845 2.494582 -2.746169
v -0.496852 2.518084 -2.779039
v -0.464612 2.528080 -2.802281
v -0.425011 2.518715 -2.802279
v -0.401247 2.495474 -2.779036
v -0.407240 2.471972 -2.746166
v -0.439480 2.461976 -2.722924
v -0.479081 2.471341 -2.722926
v -0.539118 2.265193 -2.893168
v -0.532929 2.284781 -2.934519
v -0.496141 2.296833 -2.960291
v -0.450303 2.294288 -2.955389
v -0.422266 2.278637 -2.922683
v -0.428454 2.259049 -2.881333
v -0.465242 2.246997 -2.855560
v -0.511081 2.249542 -2.860463
v -0.524571 2.025525 -2.975188
v -0.516846 2.036672 -3.023553
v -0.476762 2.049687 -3.051641
v -0.427800 2.056946 -3.042999
v -0.398640 2.054197 -3.002690
v -0.406365 2.043050 -2.954325
v -0.446449 2.030034 -2.926237
v -0.495412 2.022776 -2.934879
v -0.459628 1.776873 -2.991014
v -0.448631 1.777877 -3.042887
v -0.406299 1.791405 -3.072502
v -0.357431 1.809531 -3.062510
v -0.330652 1.821638 -3.018764
v -0.341649 1.820634 -2.966891
v -0.383981 1.807106 -2.937276
v -0.432849 1.788980 -2.947268
v -0.346671 1.523162 -2.941042
v -0.331160 1.514305 -2.992449
v -0.287016 1.526805 -3.022368
v -0.240099 1.553341 -3.013273
v -0.217891 1.578367 -2.970492
v -0.233402 1.587224 -2.919086
v -0.277546 1.574723 -2.889167
v -0.324464 1.548188 -2.898262
v -0.212282 1.282947 -2.827382
v -0.191014 1.263571 -2.874028
v -0.143791 1.271601 -2.901544
v -0.098277 1.302335 -2.893811
v -0.081132 1.337768 -2.855359
v -0.102399 1.357144 -2.808713
v -0.149622 1.349113 -2.781198
v -0.195137 1.318380 -2.788931
v -0.103046 1.085053 -2.651513
v -0.075289 1.054032 -2.688456
v -0.023227 1.055003 -2.709496
v 0.022643 1.087396 -2.702309
v 0.035450 1.132235 -2.671104
v 0.007693 1.163255 -2.634161
v -0.044369 1.162284 -2.613121
v -0.090239 1.129892 -2.620307
v -0.041178 0.941435 -2.412274
v -0.008124 0.900037 -2.435830
v 0.048884 0.894698 -2.447405
v 0.096450 0.928546 -2.440219
v 0.106712 0.981753 -2.418481
v 0.073658 1.023151 -2.394924
v 0.016650 1.028490 -2.383350
v -0.030916 0.994642 -2.390536
v -0.026801 0.850806 -2.107664
v 0.009743 0.802239 -2.117869
v 0.071042 0.793301 -2.119702
v 0.121188 0.829227 -2.112089
v 0.130806 0.888954 -2.099481
v 0.094262 0.937492 -2.089262
v 0.032963 0.946431 -2.087429
v -0.017183 0.910533 -2.095056
v -0.060328 0.807644 -1.738950
v -0.015241 0.760093 -1.751871
v 0.053356 0.755097 -1.750489
v 0.105280 0.795583 -1.735611
v 0.110115 0.857367 -1.715729
v 0.065028 0.904208 -1.702474
v -0.003569 0.909204 -1.703858
v -0.055493 0.869429 -1.719067
vn -0.2602 0.7078 0.6567
vn -0.2754 0.7079 0.6504
vn -0.3490 0.3865 0.8537
vn -0.3358 0.3855 0.8595
vn -0.3210 0.7063 0.6309
vn -0.3889 0.3863 0.8364
vn -0.3954 0.0072 0.9185
vn -0.3669 0.0060 0.9302
vn -0.3575 0.0041 0.9339
vn 0.0003 1.0000 0.0032
vn -0.0123 0.9999 -0.0001
vn -0.1575 0.9230 0.3512
vn -0.1605 0.9016 0.4018
vn -0.0490 0.9987 -0.0136
vn -0.2020 0.9210 0.3331
vn 0.2739 0.7087 -0.6501
vn 0.2718 0.7105 -0.6491
vn 0.1384 0.9259 -0.3514
vn 0.1653 0.9036 -0.3952
vn 0.2660 0.7126 -0.6492
vn 0.1153 0.9263 -0.3586
vn 0.3990 -0.0004 -0.9169
vn 0.4087 0.0017 -0.9127
vn 0.3669 0.3855 -0.8466
vn 0.3627 0.3834 -0.8494
vn 0.4377 0.0056 -0.8991
vn 0.3795 0.3889 -0.8395
vn 0.3017 -0.7066 -0.6401
vn 0.3170 -0.7057 -0.6336
vn 0.3910 -0.3817 -0.8375
vn 0.3774 -0.3832 -0.8431
vn 0.3634 -0.7019 -0.6126
vn 0.4318 -0.3777 -0.8191
vn 0.0405 -0.9991 0.0157
vn 0.0523 -0.9984 0.0220
vn 0.1982 -0.9222 -0.3321
vn 0.1835 -0.9228 -0.3388
vn 0.0886 -0.9953 0.0398
vn 0.2429 -0.9188 -0.3112
vn -0.2333 -0.7053 0.6694
vn -0.2318 -0.7035 0.6718
vn -0.0988 -0.9219 0.3747
vn -0.1061 -0.9230 0.3699
vn -0.2266 -0.7008 0.6765
vn -0.0763 -0.9190 0.3868
vn -0.3260 -0.3772 0.8669
vn -0.3218 -0.3793 0.8675
vn -0.3386 -0.3750 0.8630
vn -0.3888 0.7001 0.5989
vn -0.4486 0.3817 0.8081
vn -0.4681 0.6866 0.5563
vn -0.5184 0.3708 0.7706
vn -0.4880 -0.0014 0.8728
vn -0.4380 0.0050 0.8990
vn -0.1034 0.9939 -0.0376
vn -0.2680 0.9146 0.3027
vn -0.1670 0.9835 -0.0699
vn -0.3451 0.9012 0.2621
vn 0.2576 0.7140 -0.6510
vn 0.0812 0.9244 -0.3727
vn 0.2474 0.7148 -0.6542
vn 0.0410 0.9191 -0.3919
vn 0.4806 0.0124 -0.8768
vn 0.3982 0.3932 -0.8287
vn 0.5301 0.0241 -0.8476
vn 0.4196 0.3998 -0.8149
vn 0.4319 -0.6925 -0.5778
vn 0.4922 -0.3691 -0.7884
vn 0.5113 -0.6750 -0.5320
vn 0.5619 -0.3536 -0.7478
vn 0.1429 -0.9874 0.0677
vn 0.3094 -0.9095 -0.2775
vn 0.2058 -0.9730 0.1041
vn 0.3864 -0.8924 -0.2332
vn -0.2186 -0.6976 0.6823
vn -0.0426 -0.9133 0.4050
vn -0.2097 -0.6933 0.6895
vn -0.0036 -0.9035 0.4285
vn -0.3575 -0.3745 0.8556
vn -0.3800 -0.3757 0.8453
vn -0.5553 0.6631 0.5020
vn -0.5954 0.3511 0.7226
vn -0.6476 0.6261 0.4343
vn -0.6771 0.3196 0.6629
vn -0.6027 -0.0352 0.7972
vn -0.5435 -0.0141 0.8393
vn -0.2372 0.9650 -0.1115
vn -0.4301 0.8780 0.2102
vn -0.3118 0.9359 -0.1639
vn -0.5200 0.8417 0.1452
vn 0.2353 0.7147 -0.6587
vn -0.0037 0.9090 -0.4169
vn 0.2217 0.7131 -0.6651
vn -0.0516 0.8921 -0.4488
vn 0.5835 0.0427 -0.8110
vn 0.4423 0.4097 -0.7978
vn 0.6389 0.0703 -0.7660
vn 0.4652 0.4237 -0.7772
vn 0.5974 -0.6466 -0.4744
vn 0.6375 -0.3286 -0.6969
vn 0.6872 -0.6042 -0.4034
vn 0.7163 -0.2911 -0.6341
vn 0.2740 -0.9500 0.1499
vn 0.4699 -0.8647 -0.1775
vn 0.3448 -0.9157 0.2063
vn 0.5570 -0.8233 -0.1088
vn -0.2008 -0.6873 0.6981
vn 0.0384 -0.8882 0.4578
vn -0.1923 -0.6795 0.7080
vn 0.0817 -0.8658 0.4936
vn -0.4053 -0.3794 0.8317
vn -0.4330 -0.3869 0.8142
vn -0.7398 0.5730 0.3527
vn -0.7589 0.2735 0.5911
vn -0.8236 0.5038 0.2605
vn -0.8331 0.2128 0.5105
vn -0.7159 -0.1100 0.6894
vn -0.6622 -0.0672 0.7463
vn -0.3862 0.8938 -0.2280
vn -0.6096 0.7899 0.0663
vn -0.4542 0.8381 -0.3023
vn -0.6911 0.7224 -0.0238
vn 0.2071 0.7093 -0.6738
vn -0.0999 0.8669 -0.4884
vn 0.1919 0.7020 -0.6858
vn -0.1448 0.8322 -0.5353
vn 0.6929 0.1086 -0.7128
vn 0.4867 0.4423 -0.7534
vn 0.7395 0.1568 -0.6546
vn 0.5038 0.4643 -0.7284
vn 0.7755 -0.5451 -0.3185
vn 0.7937 -0.2386 -0.5595
vn 0.8540 -0.4695 -0.2239
vn 0.8620 -0.1718 -0.4768
vn 0.4139 -0.8682 0.2736
vn 0.6424 -0.7659 -0.0265
vn 0.4756 -0.8076 0.3488
vn 0.7185 -0.6925 0.0655
vn -0.1848 -0.6701 0.7189
vn 0.1235 -0.8352 0.5358
vn -0.1777 -0.6590 0.7308
vn 0.1611 -0.7964 0.5829
vn -0.4611 -0.3994 0.7924
vn -0.4861 -0.4172 0.7679
vn -0.8891 0.4258 0.1677
vn -0.8900 0.1457 0.4321
vn -0.9341 0.3469 0.0841
vn -0.9270 0.0821 0.3659
vn -0.7782 -0.1945 0.5972
vn -0.7553 -0.1559 0.6366
vn -0.5091 0.7714 -0.3817
vn -0.7557 0.6444 -0.1170
vn -0.5502 0.6960 -0.4613
vn -0.8017 0.5613 -0.2053
vn 0.1758 0.6873 -0.7048
vn -0.1829 0.7875 -0.5885
vn 0.1578 0.6604 -0.7341
vn -0.2144 0.7315 -0.6473
vn 0.7713 0.2063 -0.6022
vn 0.5123 0.4830 -0.7101
vn 0.7866 0.2473 -0.5658
vn 0.5105 0.4906 -0.7062
vn 0.9134 -0.3851 -0.1316
vn 0.9119 -0.0993 -0.3983
vn 0.9522 -0.3012 -0.0515
vn 0.9417 -0.0316 -0.3351
vn 0.5254 -0.7367 0.4256
vn 0.7777 -0.6086 0.1572
vn 0.5622 -0.6582 0.5007
vn 0.8186 -0.5210 0.2416
vn -0.1680 -0.6430 0.7472
vn 0.1937 -0.7494 0.6332
vn -0.1556 -0.6158 0.7724
vn 0.2206 -0.6920 0.6874
vn -0.5019 -0.4340 0.7482
vn -0.5070 -0.4407 0.7408
vn -0.9632 0.2685 0.0112
vn -0.9492 0.0255 0.3136
vn -0.9808 0.1880 -0.0524
vn -0.9616 -0.0243 0.2734
vn -0.7940 -0.2318 0.5619
vn -0.7893 -0.2207 0.5730
vn -0.5802 0.6092 -0.5406
vn -0.8331 0.4723 -0.2877
vn -0.6007 0.5052 -0.6196
vn -0.8532 0.3728 -0.3648
vn 0.1394 0.6163 -0.7751
vn -0.2401 0.6601 -0.7118
vn 0.1235 0.5493 -0.8264
vn -0.2594 0.5673 -0.7816
vn 0.7904 0.2748 -0.5475
vn 0.5024 0.4815 -0.7182
vn 0.7884 0.2860 -0.5447
vn 0.4924 0.4513 -0.7443
vn 0.9755 -0.2196 0.0149
vn 0.9569 0.0277 -0.2891
vn 0.9880 -0.1377 0.0695
vn 0.9630 0.0783 -0.2578
vn 0.5884 -0.5697 0.5738
vn 0.8455 -0.4293 0.3175
vn 0.6057 -0.4652 0.6455
vn 0.8618 -0.3286 0.3864
vn -0.1422 -0.5719 0.8079
vn 0.2423 -0.6202 0.7461
vn -0.1311 -0.5057 0.8527
vn 0.2579 -0.5277 0.8094
vn -0.5052 -0.4315 0.7474
vn -0.5014 -0.4018 0.7663
vn -0.9893 0.0977 -0.1085
vn -0.9678 -0.0745 0.2406
vn -0.9878 -0.0065 -0.1559
vn -0.9681 -0.1321 0.2129
vn -0.7990 -0.2356 0.5533
vn -0.7967 -0.2340 0.5572
vn -0.6111 0.3794 -0.6947
vn -0.8630 0.2562 -0.4355
vn -0.6078 0.2335 -0.7590
vn -0.8601 0.1213 -0.4956
vn 0.1138 0.4598 -0.8807
vn -0.2699 0.4508 -0.8508
vn 0.1148 0.3537 -0.9283
vn -0.2674 0.3149 -0.9107
vn 0.7850 0.2858 -0.5496
vn 0.4852 0.4025 -0.7762
vn 0.7827 0.2814 -0.5552
vn 0.4845 0.3426 -0.8049
vn 0.9920 -0.0490 0.1167
vn 0.9638 0.1264 -0.2347
vn 0.9865 0.0510 0.1558
vn 0.9599 0.1785 -0.2162
vn 0.6120 -0.3401 0.7140
vn 0.8675 -0.2130 0.4495
vn 0.6048 -0.1959 0.7719
vn 0.8608 -0.0807 0.5025
vn -0.1269 -0.4174 0.8998
vn 0.2638 -0.4119 0.8722
vn -0.1324 -0.3149 0.9398
vn 0.2571 -0.2781 0.9255
vn -0.5002 -0.3551 0.7898
vn -0.5042 -0.3002 0.8098
vn -0.9746 -0.1196 -0.1896
vn -0.9616 -0.1952 0.1930
vn -0.9503 -0.2332 -0.2064
vn -0.9484 -0.2589 0.1830
vn -0.8007 -0.2426 0.5477
vn -0.8004 -0.2387 0.5499
vn -0.5885 0.0759 -0.8049
vn -0.8424 -0.0246 -0.5383
vn -0.5539 -0.0820 -0.8285
vn -0.8107 -0.1709 -0.5599
vn 0.1284 0.2386 -0.9626
vn -0.2495 0.1679 -0.9537
vn 0.1542 0.1231 -0.9803
vn -0.2168 0.0207 -0.9760
vn 0.7818 0.2753 -0.5595
vn 0.4915 0.2768 -0.8257
vn 0.7822 0.2683 -0.5622
vn 0.5060 0.2103 -0.8365
vn 0.9704 0.1579 0.1826
vn 0.9508 0.2333 -0.2038
vn 0.9448 0.2636 0.1948
vn 0.9371 0.2871 -0.1985
vn 0.5824 -0.0412 0.8118
vn 0.8401 0.0613 0.5390
vn 0.5458 0.1119 0.8304
vn 0.8064 0.2019 0.5559
vn -0.1488 -0.2056 0.9673
vn 0.2362 -0.1348 0.9623
vn -0.1749 -0.0978 0.9797
vn 0.2022 0.0068 0.9793
vn -0.5136 -0.2424 0.8231
vn -0.5279 -0.1857 0.8288
vn -0.9179 -0.3387 -0.2069
vn -0.9303 -0.3181 0.1828
vn -0.8821 -0.4288 -0.1949
vn -0.9105 -0.3672 0.1902
vn -0.7991 -0.2475 0.5479
vn -0.7999 -0.2464 0.5472
vn -0.5076 -0.2289 -0.8306
vn -0.7686 -0.3069 -0.5613
vn -0.4552 -0.3568 -0.8157
vn -0.7215 -0.4245 -0.5470
vn 0.1890 0.0157 -0.9818
vn -0.1728 -0.1162 -0.9781
vn 0.2290 -0.0789 -0.9702
vn -0.1227 -0.2360 -0.9640
vn 0.7838 0.2614 -0.5633
vn 0.5258 0.1484 -0.8375
vn 0.7868 0.2532 -0.5629
vn 0.5490 0.0928 -0.8306
vn 0.9125 0.3606 0.1932
vn 0.9203 0.3363 -0.1999
vn 0.8782 0.4427 0.1809
vn 0.9030 0.3767 -0.2065
vn 0.4993 0.2520 0.8290
vn 0.7638 0.3308 0.5543
vn 0.4488 0.3726 0.8122
vn 0.7179 0.4410 0.5387
vn -0.2078 0.0006 0.9782
vn 0.1589 0.1363 0.9778
vn -0.2437 0.0867 0.9660
vn 0.1119 0.2483 0.9622
vn -0.5452 -0.1341 0.8275
vn -0.5640 -0.0876 0.8211
vn -0.8502 -0.4958 -0.1772
vn -0.8959 -0.3971 0.1995
vn -0.8275 -0.5381 -0.1603
vn -0.8924 -0.4028 0.2035
vn -0.8190 -0.2049 0.5360
vn -0.8035 -0.2362 0.5465
vn -0.4020 -0.4631 -0.7898
vn -0.6760 -0.5183 -0.5239
vn -0.3508 -0.5532 -0.7555
vn -0.6364 -0.5902 -0.4967
vn 0.2731 -0.1648 -0.9478
vn -0.0698 -0.3395 -0.9380
vn 0.3221 -0.2512 -0.9128
vn -0.0152 -0.4344 -0.9006
vn 0.7950 0.2352 -0.5591
vn 0.5771 0.0367 -0.8159
vn 0.8129 0.2000 -0.5469
vn 0.6128 -0.0290 -0.7897
vn 0.8489 0.5029 0.1628
vn 0.8911 0.3997 -0.2147
vn 0.8287 0.5407 0.1447
vn 0.8896 0.4010 -0.2185
vn 0.4000 0.4729 0.7851
vn 0.6756 0.5284 0.5142
vn 0.3531 0.5598 0.7496
vn 0.6394 0.5964 0.4853
vn -0.2820 0.1667 0.9448
vn 0.0643 0.3459 0.9361
vn -0.3268 0.2503 0.9114
vn 0.0142 0.4380 0.8989
vn -0.5870 -0.0377 0.8087
vn -0.6195 0.0248 0.7846
vn -0.8141 -0.5616 -0.1477
vn -0.9008 -0.3874 0.1960
vn -0.8082 -0.5715 -0.1419
vn -0.9192 -0.3550 0.1706
vn -0.8864 -0.0836 0.4553
vn -0.8473 -0.1533 0.5086
vn -0.3009 -0.6359 -0.7107
vn -0.6022 -0.6481 -0.4661
vn -0.2523 -0.7166 -0.6503
vn -0.5726 -0.6978 -0.4302
vn 0.3774 -0.3448 -0.8594
vn 0.0422 -0.5292 -0.8474
vn 0.4378 -0.4483 -0.7793
vn 0.1014 -0.6284 -0.7713
vn 0.8417 0.1468 -0.5196
vn 0.6577 -0.1085 -0.7454
vn 0.8798 0.0775 -0.4690
vn 0.7104 -0.2018 -0.6742
vn 0.8173 0.5614 0.1294
vn 0.8990 0.3830 -0.2123
vn 0.8134 0.5694 0.1194
vn 0.9175 0.3492 -0.1905
vn 0.3068 0.6419 0.7027
vn 0.6084 0.6525 0.4518
vn 0.2611 0.7240 0.6385
vn 0.5817 0.7015 0.4117
vn -0.3800 0.3445 0.8584
vn -0.0401 0.5332 0.8450
vn -0.4404 0.4516 0.7759
vn -0.0978 0.6355 0.7659
vn -0.6634 0.1040 0.7410
vn -0.7172 0.1998 0.6676
vn -0.8064 -0.5746 -0.1399
vn -0.9400 -0.3159 0.1290
vn -0.8053 -0.5765 -0.1384
vn -0.9563 -0.2816 0.0789
vn -0.9579 0.0568 0.2814
vn -0.9266 -0.0083 0.3759
vn -0.2096 -0.7934 -0.5714
vn -0.5484 -0.7418 -0.3860
vn -0.1772 -0.8599 -0.4788
vn -0.5302 -0.7791 -0.3344
vn 0.4947 -0.5523 -0.6710
vn 0.1554 -0.7259 -0.6700
vn 0.5396 -0.6429 -0.5436
vn 0.1972 -0.8108 -0.5512
vn 0.9188 0.0042 -0.3946
vn 0.7620 -0.2975 -0.5752
vn 0.9504 -0.0595 -0.3053
vn 0.8033 -0.3807 -0.4580
vn 0.8126 0.5715 0.1144
vn 0.9384 0.3101 -0.1526
vn 0.8123 0.5726 0.1109
vn 0.9554 0.2759 -0.1056
vn 0.2188 0.8026 0.5550
vn 0.5586 0.7452 0.3641
vn 0.1862 0.8695 0.4575
vn 0.5408 0.7821 0.3096
vn -0.4992 0.5602 0.6611
vn -0.1527 0.7367 0.6587
vn -0.5447 0.6535 0.5256
vn -0.1951 0.8235 0.5328
vn -0.7708 0.2994 0.5624
vn -0.8124 0.3851 0.4379
vn -0.8044 -0.5781 -0.1366
vn -0.9663 -0.2560 0.0264
vn -0.8033 -0.5801 -0.1349
vn -0.9705 -0.2400 -0.0245
vn -0.9867 0.1371 0.0869
vn -0.9775 0.1055 0.1825
vn -0.1567 -0.9113 -0.3808
vn -0.5188 -0.8078 -0.2797
vn -0.1465 -0.9471 -0.2856
vn -0.5128 -0.8281 -0.2266
vn 0.5692 -0.7133 -0.4089
vn 0.2241 -0.8768 -0.4255
vn 0.5850 -0.7619 -0.2780
vn 0.2379 -0.9227 -0.3033
vn 0.9716 -0.1080 -0.2104
vn 0.8310 -0.4449 -0.3339
vn 0.9831 -0.1400 -0.1183
vn 0.8461 -0.4884 -0.2133
vn 0.8121 0.5735 0.1078
vn 0.9667 0.2501 -0.0552
vn 0.8114 0.5749 0.1051
vn 0.9722 0.2339 -0.0062
vn 0.1659 0.9200 0.3552
vn 0.5297 0.8097 0.2525
vn 0.1560 0.9537 0.2571
vn 0.5237 0.8286 0.1979
vn -0.5733 0.7238 0.3840
vn -0.2215 0.8889 0.4009
vn -0.5870 0.7707 0.2478
vn -0.2340 0.9328 0.2742
vn -0.8386 0.4495 0.3078
vn -0.8513 0.4921 0.1823
vn -0.7971 -0.5888 -0.1343
vn -0.9684 -0.2385 -0.0727
vn -0.7759 -0.6167 -0.1329
vn -0.9585 -0.2608 -0.1151
vn -0.9869 0.1409 -0.0784
vn -0.9887 0.1499 -0.0019
vn -0.1380 -0.9706 -0.1971
vn -0.5043 -0.8450 -0.1777
vn -0.1148 -0.9866 -0.1160
vn -0.4774 -0.8687 -0.1321
vn 0.5928 -0.7897 -0.1578
vn 0.2459 -0.9505 -0.1902
vn 0.6006 -0.7979 -0.0522
vn 0.2603 -0.9615 -0.0884
vn 0.9877 -0.1522 -0.0352
vn 0.8534 -0.5108 -0.1037
vn 0.9896 -0.1398 0.0334
vn 0.8588 -0.5123 -0.0103
vn 0.8051 0.5841 0.1034
vn 0.9717 0.2333 0.0379
vn 0.7812 0.6161 0.1005
vn 0.9627 0.2606 0.0728
vn 0.1474 0.9743 0.1705
vn 0.5144 0.8443 0.1503
vn 0.1216 0.9875 0.1005
vn 0.4829 0.8687 0.1107
vn -0.5917 0.7964 0.1251
vn -0.2402 0.9572 0.1614
vn -0.5953 0.8031 0.0250
vn -0.2532 0.9648 0.0706
vn -0.8552 0.5138 0.0676
vn -0.8559 0.5164 -0.0283
vn -0.7334 -0.6676 -0.1280
vn -0.9401 -0.3096 -0.1423
vn -0.7386 -0.6616 -0.1295
vn -0.9474 -0.2812 -0.1526
vn -0.9776 0.1555 -0.1418
vn -0.9853 0.1125 -0.1287
vn -0.0676 -0.9963 -0.0540
vn -0.4223 -0.9015 -0.0947
vn -0.0469 -0.9984 -0.0314
vn -0.4119 -0.9074 -0.0832
vn 0.6133 -0.7895 0.0224
vn 0.2884 -0.9574 -0.0137
vn 0.6434 -0.7638 0.0512
vn 0.3141 -0.9493 0.0148
vn 0.9917 -0.1023 0.0773
vn 0.8665 -0.4964 0.0533
vn 0.9958 -0.0068 0.0917
vn 0.8946 -0.4402 0.0771
vn 0.7292 0.6780 0.0919
vn 0.9424 0.3218 0.0911
vn 0.6544 0.7515 0.0833
vn 0.9005 0.4246 0.0937
vn 0.0679 0.9963 0.0520
vn 0.4165 0.9057 0.0788
vn 0.0199 0.9993 0.0328
vn 0.3443 0.9367 0.0629
vn -0.6036 0.7964 -0.0380
vn -0.2810 0.9596 0.0121
vn -0.5927 0.8035 -0.0545
vn -0.2967 0.9549 -0.0069
vn -0.8580 0.5058 -0.0895
vn -0.8387 0.5346 -0.1038
vt 0.934665 0.270090
vt 0.936117 0.303688
vt 0.935777 0.303703
vt 0.934630 0.270091
vt 0.937610 0.336162
vt 0.936960 0.336193
vt 0.936310 0.336216
vt 0.935437 0.303715
vt 0.934596 0.270093
vt 0.934732 0.270086
vt 0.936787 0.303838
vt 0.936455 0.303701
vt 0.934699 0.270088
vt 0.938841 0.337590
vt 0.938253 0.336250
vt 0.934260 0.270091
vt 0.932063 0.303648
vt 0.931725 0.303654
vt 0.934227 0.270088
vt 0.929864 0.336083
vt 0.929220 0.336158
vt 0.928585 0.337481
vt 0.931389 0.303784
vt 0.934193 0.270086
vt 0.934327 0.270094
vt 0.932736 0.303689
vt 0.932400 0.303670
vt 0.934294 0.270092
vt 0.931150 0.336164
vt 0.930507 0.336127
vt 0.934393 0.270096
vt 0.933410 0.303716
vt 0.933073 0.303704
vt 0.934360 0.270095
vt 0.932438 0.336219
vt 0.931794 0.336195
vt 0.934460 0.270096
vt 0.934085 0.303729
vt 0.933747 0.303724
vt 0.934427 0.270096
vt 0.933727 0.336245
vt 0.933082 0.336235
vt 0.934528 0.270095
vt 0.934760 0.303729
vt 0.934422 0.303731
vt 0.934494 0.270095
vt 0.935016 0.336244
vt 0.934371 0.336248
vt 0.935098 0.303724
vt 0.934562 0.270094
vt 0.935662 0.336234
vt 0.939173 0.366614
vt 0.938207 0.366663
vt 0.940795 0.395057
vt 0.939510 0.395128
vt 0.938223 0.395185
vt 0.937240 0.366702
vt 0.936310 0.336216
vt 0.941084 0.366826
vt 0.940133 0.366611
vt 0.943327 0.396062
vt 0.942073 0.395070
vt 0.940795 0.395057
vt 0.939173 0.366614
vt 0.927663 0.366501
vt 0.926707 0.366478
vt 0.925465 0.394913
vt 0.924194 0.394901
vt 0.922919 0.395866
vt 0.925752 0.366674
vt 0.931150 0.336164
vt 0.929574 0.366629
vt 0.928618 0.366570
vt 0.930507 0.336127
vt 0.928008 0.395094
vt 0.926736 0.395011
vt 0.925465 0.394913
vt 0.927663 0.366501
vt 0.929864 0.336083
vt 0.932438 0.336219
vt 0.931486 0.366713
vt 0.930529 0.366677
vt 0.931794 0.336195
vt 0.930557 0.395213
vt 0.929282 0.395162
vt 0.933727 0.336245
vt 0.933400 0.366753
vt 0.932443 0.366739
vt 0.933082 0.336235
vt 0.933110 0.395265
vt 0.931833 0.395247
vt 0.935016 0.336244
vt 0.935316 0.366749
vt 0.934358 0.366756
vt 0.934371 0.336248
vt 0.935662 0.395255
vt 0.934385 0.395268
vt 0.936276 0.366730
vt 0.935662 0.336234
vt 0.936940 0.395227
vt 0.942460 0.421750
vt 0.940857 0.421846
vt 0.944163 0.447025
vt 0.942246 0.447145
vt 0.940325 0.447242
vt 0.939252 0.421922
vt 0.945640 0.421748
vt 0.944055 0.421675
vt 0.947952 0.447435
vt 0.946071 0.446941
vt 0.944163 0.447025
vt 0.942460 0.421750
vt 0.923272 0.421579
vt 0.921688 0.421473
vt 0.921080 0.446828
vt 0.919181 0.446708
vt 0.917293 0.447164
vt 0.920106 0.421515
vt 0.926455 0.421817
vt 0.924861 0.421708
vt 0.924911 0.447120
vt 0.922991 0.446986
vt 0.921080 0.446828
vt 0.923272 0.421579
vt 0.929652 0.421972
vt 0.928052 0.421905
vt 0.928766 0.447312
vt 0.926837 0.447229
vt 0.932855 0.422038
vt 0.931253 0.422016
vt 0.932630 0.447392
vt 0.930698 0.447366
vt 0.936051 0.422019
vt 0.934453 0.422039
vt 0.936482 0.447367
vt 0.934557 0.447392
vt 0.937650 0.421980
vt 0.938403 0.447316
vt 0.945890 0.471236
vt 0.943663 0.471380
vt 0.947586 0.494753
vt 0.945058 0.494918
vt 0.942523 0.495052
vt 0.941431 0.471495
vt 0.950343 0.470999
vt 0.948114 0.471086
vt 0.952733 0.494563
vt 0.950120 0.494577
vt 0.947586 0.494753
vt 0.945890 0.471236
vt 0.918894 0.471011
vt 0.916677 0.470823
vt 0.916789 0.494498
vt 0.914261 0.494284
vt 0.911632 0.494233
vt 0.914463 0.470699
vt 0.923382 0.471350
vt 0.921131 0.471194
vt 0.921902 0.494879
vt 0.919335 0.494703
vt 0.916789 0.494498
vt 0.918894 0.471011
vt 0.927899 0.471577
vt 0.925638 0.471479
vt 0.927064 0.495138
vt 0.924479 0.495025
vt 0.932430 0.471673
vt 0.930164 0.471641
vt 0.932251 0.495253
vt 0.929657 0.495214
vt 0.936945 0.471644
vt 0.934691 0.471674
vt 0.937415 0.495223
vt 0.934839 0.495256
vt 0.939192 0.471584
vt 0.939976 0.495155
vt 0.949211 0.517858
vt 0.946390 0.518046
vt 0.950813 0.540484
vt 0.947708 0.540694
vt 0.944588 0.540869
vt 0.943561 0.518200
vt 0.954834 0.517489
vt 0.952023 0.517655
vt 0.956935 0.540415
vt 0.953893 0.540281
vt 0.950813 0.540484
vt 0.914822 0.517573
vt 0.912022 0.517330
vt 0.912916 0.540160
vt 0.909851 0.539915
vt 0.906822 0.540020
vt 0.909227 0.517127
vt 0.920498 0.517994
vt 0.917646 0.517799
vt 0.919127 0.540628
vt 0.916005 0.540410
vt 0.914822 0.517573
vt 0.926269 0.518287
vt 0.923375 0.518158
vt 0.925481 0.540961
vt 0.922288 0.540814
vt 0.932085 0.518422
vt 0.929176 0.518375
vt 0.931913 0.541121
vt 0.928694 0.541064
vt 0.937868 0.518394
vt 0.934986 0.518429
vt 0.938307 0.541092
vt 0.935122 0.541131
vt 0.940724 0.518317
vt 0.941458 0.541003
vt 0.952437 0.562470
vt 0.949055 0.562699
vt 0.954011 0.583638
vt 0.950368 0.583871
vt 0.946673 0.584070
vt 0.945642 0.562893
vt 0.959125 0.562073
vt 0.955786 0.562235
vt 0.961315 0.583730
vt 0.957616 0.583431
vt 0.952437 0.562470
vt 0.910991 0.562094
vt 0.907658 0.561809
vt 0.909082 0.583201
vt 0.905495 0.582932
vt 0.901842 0.583173
vt 0.904332 0.561596
vt 0.917743 0.562616
vt 0.914348 0.562372
vt 0.916369 0.583755
vt 0.912701 0.583494
vt 0.924670 0.562994
vt 0.921186 0.562826
vt 0.923862 0.584159
vt 0.920090 0.583978
vt 0.931718 0.563181
vt 0.928187 0.563113
vt 0.931511 0.584364
vt 0.927676 0.584289
vt 0.938740 0.563148
vt 0.935240 0.563193
vt 0.939153 0.584334
vt 0.935342 0.584379
vt 0.942205 0.563046
vt 0.942932 0.584227
vt 0.955428 0.603894
vt 0.951550 0.604103
vt 0.956534 0.623486
vt 0.952467 0.623647
vt 0.948314 0.623776
vt 0.947599 0.604279
vt 0.963060 0.603513
vt 0.959243 0.603676
vt 0.964805 0.623296
vt 0.960543 0.623315
vt 0.956534 0.623486
vt 0.907273 0.603392
vt 0.903472 0.603099
vt 0.905740 0.622930
vt 0.901743 0.622672
vt 0.897496 0.622546
vt 0.899669 0.602859
vt 0.915058 0.603927
vt 0.911131 0.603675
vt 0.913932 0.623393
vt 0.909794 0.623177
vt 0.905740 0.622930
vt 0.907273 0.603392
vt 0.923096 0.604315
vt 0.919049 0.604142
vt 0.922422 0.623720
vt 0.918145 0.623575
vt 0.931309 0.604516
vt 0.927191 0.604441
vt 0.931109 0.623896
vt 0.926752 0.623827
vt 0.939524 0.604504
vt 0.935426 0.604537
vt 0.939799 0.623919
vt 0.935466 0.623928
vt 0.943586 0.604415
vt 0.944087 0.623868
vt 0.957207 0.642749
vt 0.953013 0.642847
vt 0.957504 0.662021
vt 0.953229 0.662056
vt 0.948875 0.662064
vt 0.948732 0.642914
vt 0.965463 0.642487
vt 0.961333 0.642625
vt 0.966121 0.661678
vt 0.961732 0.661942
vt 0.957207 0.642749
vt 0.904634 0.642163
vt 0.900515 0.641948
vt 0.903903 0.661426
vt 0.899675 0.661256
vt 0.895286 0.660882
vt 0.896391 0.641714
vt 0.913096 0.642512
vt 0.908821 0.642352
vt 0.912532 0.661652
vt 0.908178 0.661552
vt 0.903903 0.661426
vt 0.904634 0.642163
vt 0.921883 0.642743
vt 0.917452 0.642642
vt 0.921488 0.661785
vt 0.916970 0.661727
vt 0.930905 0.642878
vt 0.926377 0.642820
vt 0.930699 0.661886
vt 0.926074 0.661835
vt 0.939932 0.642950
vt 0.935434 0.642924
vt 0.939918 0.662002
vt 0.935327 0.661945
vt 0.944369 0.642948
vt 0.944438 0.662045
vt 0.957526 0.681647
vt 0.953199 0.681639
vt 0.957393 0.702014
vt 0.953035 0.701988
vt 0.948614 0.701942
vt 0.948804 0.681608
vt 0.966077 0.681491
vt 0.961804 0.681613
vt 0.966034 0.701304
vt 0.961706 0.701963
vt 0.957393 0.702014
vt 0.957526 0.681647
vt 0.903454 0.681059
vt 0.899172 0.680945
vt 0.903206 0.701440
vt 0.898888 0.701323
vt 0.894498 0.700600
vt 0.894892 0.680741
vt 0.912189 0.681186
vt 0.907786 0.681133
vt 0.911990 0.701511
vt 0.907568 0.701482
vt 0.903453 0.681059
vt 0.921223 0.681256
vt 0.916670 0.681224
vt 0.921022 0.701557
vt 0.916475 0.701532
vt 0.930491 0.681346
vt 0.925838 0.681294
vt 0.930265 0.701655
vt 0.925625 0.701598
vt 0.939775 0.681487
vt 0.935150 0.681413
vt 0.939548 0.701803
vt 0.934919 0.701726
vt 0.944330 0.681555
vt 0.944117 0.701878
vt 0.957227 0.723379
vt 0.952848 0.723358
vt 0.957152 0.745424
vt 0.952734 0.745418
vt 0.948243 0.745393
vt 0.948403 0.723319
vt 0.965852 0.723272
vt 0.961557 0.723366
vt 0.965670 0.745239
vt 0.961499 0.745404
vt 0.957152 0.745424
vt 0.957227 0.723379
vt 0.903075 0.722813
vt 0.898757 0.722752
vt 0.902922 0.744857
vt 0.898614 0.744799
vt 0.894432 0.744631
vt 0.894465 0.722616
vt 0.911850 0.722877
vt 0.907440 0.722848
vt 0.911661 0.744942
vt 0.907275 0.744900
vt 0.902922 0.744856
vt 0.903075 0.722813
vt 0.920813 0.722936
vt 0.916304 0.722903
vt 0.920560 0.745031
vt 0.916081 0.744983
vt 0.930009 0.723050
vt 0.925387 0.722987
vt 0.929738 0.745156
vt 0.925118 0.745090
vt 0.939288 0.723192
vt 0.934654 0.723120
vt 0.939046 0.745286
vt 0.934390 0.745222
vt 0.943879 0.723261
vt 0.943673 0.745346
vt 0.957237 0.767699
vt 0.952743 0.767698
vt 0.957328 0.789766
vt 0.952765 0.789753
vt 0.948115 0.789722
vt 0.948170 0.767678
vt 0.966016 0.767701
vt 0.961649 0.767693
vt 0.966362 0.790162
vt 0.961802 0.789801
vt 0.957237 0.767699
vt 0.902642 0.767112
vt 0.898320 0.767062
vt 0.902303 0.789153
vt 0.897972 0.789124
vt 0.893588 0.789446
vt 0.894010 0.767039
vt 0.911348 0.767227
vt 0.906980 0.767170
vt 0.910993 0.789292
vt 0.906632 0.789222
vt 0.902642 0.767112
vt 0.920251 0.767339
vt 0.915764 0.767283
vt 0.919927 0.789409
vt 0.915420 0.789353
vt 0.929466 0.767463
vt 0.924824 0.767401
vt 0.929196 0.789514
vt 0.924523 0.789463
vt 0.938852 0.767579
vt 0.934153 0.767522
vt 0.938673 0.789613
vt 0.933923 0.789562
vt 0.943533 0.767635
vt 0.943411 0.789671
vt 0.957266 0.811337
vt 0.952679 0.811292
vt 0.957079 0.832689
vt 0.952491 0.832613
vt 0.947805 0.832528
vt 0.947996 0.811233
vt 0.966182 0.811435
vt 0.961748 0.811377
vt 0.966002 0.832708
vt 0.961563 0.832744
vt 0.957079 0.832689
vt 0.957267 0.811337
vt 0.901993 0.810698
vt 0.897670 0.810638
vt 0.901684 0.832020
vt 0.897363 0.831940
vt 0.893111 0.831775
vt 0.893350 0.810610
vt 0.910691 0.810846
vt 0.906324 0.810773
vt 0.910416 0.832174
vt 0.906032 0.832100
vt 0.901993 0.810698
vt 0.919633 0.810951
vt 0.915121 0.810905
vt 0.919366 0.832265
vt 0.914854 0.832229
vt 0.928923 0.811021
vt 0.924236 0.810989
vt 0.928659 0.832308
vt 0.923967 0.832290
vt 0.938469 0.811099
vt 0.933680 0.811054
vt 0.938237 0.832369
vt 0.933428 0.832329
vt 0.943251 0.811163
vt 0.943042 0.832440
vt 0.956835 0.854245
vt 0.952241 0.854159
vt 0.956595 0.876443
vt 0.951976 0.876360
vt 0.947278 0.876266
vt 0.947554 0.854064
vt 0.965778 0.854280
vt 0.961335 0.854301
vt 0.965554 0.875850
vt 0.961128 0.876450
vt 0.956595 0.876443
vt 0.956835 0.854245
vt 0.901324 0.853531
vt 0.896975 0.853429
vt 0.900862 0.875660
vt 0.896472 0.875496
vt 0.892201 0.874754
vt 0.892656 0.853264
vt 0.910119 0.853702
vt 0.905704 0.853621
vt 0.909753 0.875859
vt 0.905292 0.875766
vt 0.900863 0.875660
vt 0.901324 0.853531
vt 0.919104 0.853798
vt 0.914579 0.853761
vt 0.918807 0.875970
vt 0.914253 0.875926
vt 0.928405 0.853836
vt 0.923712 0.853820
vt 0.928136 0.876019
vt 0.923434 0.875998
vt 0.937984 0.853897
vt 0.933175 0.853856
vt 0.937710 0.876092
vt 0.932905 0.876045
vt 0.942790 0.853971
vt 0.942512 0.876171
vt 0.956414 0.899638
vt 0.951756 0.899602
vt 0.956346 0.923850
vt 0.951670 0.924104
vt 0.946966 0.924348
vt 0.947036 0.899551
vt 0.965553 0.899570
vt 0.961009 0.899643
vt 0.965552 0.923289
vt 0.961006 0.923613
vt 0.956346 0.923850
vt 0.956414 0.899638
vt 0.900316 0.898720
vt 0.895840 0.898560
vt 0.899957 0.922564
vt 0.895330 0.922294
vt 0.890540 0.921908
vt 0.891371 0.898331
vt 0.909333 0.899016
vt 0.904813 0.898871
vt 0.909117 0.923327
vt 0.904546 0.922915
vt 0.899957 0.922564
vt 0.900316 0.898720
vt 0.918479 0.899226
vt 0.913883 0.899135
vt 0.918305 0.924120
vt 0.913690 0.923744
vt 0.927863 0.899338
vt 0.923138 0.899291
vt 0.927769 0.924605
vt 0.923000 0.924414
vt 0.937453 0.899426
vt 0.932643 0.899379
vt 0.937418 0.924657
vt 0.932589 0.924683
vt 0.942260 0.899487
vt 0.942215 0.924540
vt 0.956406 0.948926
vt 0.951778 0.949892
vt 0.956383 0.974273
vt 0.951989 0.976392
vt 0.947595 0.978512
vt 0.947178 0.950871
vt 0.946966 0.924348
vt 0.965957 0.947396
vt 0.961159 0.948127
vt 0.966362 0.971504
vt 0.961372 0.972888
vt 0.900040 0.946887
vt 0.895184 0.946426
vt 0.900561 0.971069
vt 0.895257 0.970694
vt 0.889954 0.970319
vt 0.890247 0.946114
vt 0.909117 0.923327
vt 0.909335 0.948760
vt 0.904737 0.947721
vt 0.904546 0.922915
vt 0.909902 0.974707
vt 0.905232 0.972888
vt 0.918305 0.924120
vt 0.918434 0.950974
vt 0.913862 0.949898
vt 0.918604 0.979165
vt 0.914254 0.976936
vt 0.927769 0.924605
vt 0.928007 0.952370
vt 0.923167 0.951811
vt 0.923000 0.924413
vt 0.928404 0.981987
vt 0.923504 0.980576
vt 0.937418 0.924657
vt 0.937783 0.952293
vt 0.932909 0.952500
vt 0.932589 0.924683
vt 0.938527 0.981697
vt 0.933466 0.981842
vt 0.942524 0.951695
vt 0.942215 0.924540
vt 0.943061 0.980105
s 1
f 435/579/302 564/580/303 811/581/304 563/582/305
f 564/580/303 443/583/306 565/584/307 811/581/304
f 811/581/304 565/584/307 450/585/308 566/586/309
f 563/582/305 811/581/304 566/586/309 442/587/310
f 436/588/311 568/589/312 812/590/313 567/591/314
f 568/589/312 444/592/315 569/593/316 812/590/313
f 812/590/313 569/593/316 443/583/306 564/580/303
f 567/591/314 812/590/313 564/580/303 435/579/302
f 437/594/317 571/595/318 813/596/319 570/597/320
f 571/595/318 445/598/321 572/599/322 813/596/319
f 813/596/319 572/599/322 444/600/315 568/601/312
f 570/597/320 813/596/319 568/601/312 436/602/311
f 438/603/323 574/604/324 814/605/325 573/606/326
f 574/604/324 446/607/327 575/608/328 814/605/325
f 814/605/325 575/608/328 445/598/321 571/595/318
f 573/606/326 814/605/325 571/595/318 437/594/317
f 439/609/329 577/610/330 815/611/331 576/612/332
f 577/610/330 447/613/333 578/614/334 815/611/331
f 815/611/331 578/614/334 446/607/327 574/604/324
f 576/612/332 815/611/331 574/604/324 438/603/323
f 440/615/335 580/616/336 816/617/337 579/618/338
f 580/616/336 448/619/339 581/620/340 816/617/337
f 816/617/337 581/620/340 447/613/333 577/610/330
f 579/618/338 816/617/337 577/610/330 439/609/329
f 441/621/341 583/622/342 817/623/343 582/624/344
f 583/622/342 449/625/345 584/626/346 817/623/343
f 817/623/343 584/626/346 448/619/339 580/616/336
f 582/624/344 817/623/343 580/616/336 440/615/335
f 442/587/310 566/586/309 818/627/347 585/628/348
f 566/586/309 450/585/308 586/629/349 818/627/347
f 818/627/347 586/629/349 449/625/345 583/622/342
f 585/628/348 818/627/347 583/622/342 441/621/341
f 443/583/306 587/630/350 819/631/351 565/584/307
f 587/630/350 451/632/352 588/633/353 819/631/351
f 819/631/351 588/633/353 458/634/354 589/635/355
f 565/584/307 819/631/351 589/635/355 450/636/308
f 444/592/315 590/637/356 820/638/357 569/593/316
f 590/637/356 452/639/358 591/640/359 820/638/357
f 820/638/357 591/640/359 451/641/352 587/642/350
f 569/593/316 820/638/357 587/642/350 443/583/306
f 445/598/321 592/643/360 821/644/361 572/599/322
f 592/643/360 453/645/362 593/646/363 821/644/361
f 821/644/361 593/646/363 452/647/358 590/648/356
f 572/599/322 821/644/361 590/648/356 444/600/315
f 446/649/327 594/650/364 822/651/365 575/652/328
f 594/650/364 454/653/366 595/654/367 822/651/365
f 822/651/365 595/654/367 453/655/362 592/656/360
f 575/652/328 822/651/365 592/656/360 445/657/321
f 447/658/333 596/659/368 823/660/369 578/661/334
f 596/659/368 455/662/370 597/663/371 823/660/369
f 823/660/369 597/663/371 454/653/366 594/650/364
f 578/661/334 823/660/369 594/650/364 446/649/327
f 448/664/339 598/665/372 824/666/373 581/667/340
f 598/665/372 456/668/374 599/669/375 824/666/373
f 824/666/373 599/669/375 455/662/370 596/659/368
f 581/667/340 824/666/373 596/659/368 447/658/333
f 449/670/345 600/671/376 825/672/377 584/673/346
f 600/671/376 457/674/378 601/675/379 825/672/377
f 825/672/377 601/675/379 456/668/374 598/665/372
f 584/673/346 825/672/377 598/665/372 448/664/339
f 450/636/308 589/635/355 826/676/380 586/677/349
f 589/635/355 458/634/354 602/678/381 826/676/380
f 826/676/380 602/678/381 457/674/378 600/671/376
f 586/677/349 826/676/380 600/671/376 449/670/345
f 451/632/352 603/679/382 827/680/383 588/633/353
f 603/679/382 459/681/384 604/682/385 827/680/383
f 827/680/383 604/682/385 466/683/386 605/684/387
f 588/633/353 827/680/383 605/684/387 458/634/354
f 452/639/358 606/685/388 828/686/389 591/640/359
f 606/685/388 460/687/390 607/688/391 828/686/389
f 828/686/389 607/688/391 459/689/384 603/690/382
f 591/640/359 828/686/389 603/690/382 451/641/352
f 453/645/362 608/691/392 829/692/393 593/646/363
f 608/691/392 461/693/394 609/694/395 829/692/393
f 829/692/393 609/694/395 460/695/390 606/696/388
f 593/646/363 829/692/393 606/696/388 452/647/358
f 454/653/366 610/697/396 830/698/397 595/654/367
f 610/697/396 462/699/398 611/700/399 830/698/397
f 830/698/397 611/700/399 461/701/394 608/702/392
f 595/654/367 830/698/397 608/702/392 453/655/362
f 455/662/370 612/703/400 831/704/401 597/663/371
f 612/703/400 463/705/402 613/706/403 831/704/401
f 831/704/401 613/706/403 462/699/398 610/697/396
f 597/663/371 831/704/401 610/697/396 454/653/366
f 456/668/374 614/707/404 832/708/405 599/669/375
f 614/707/404 464/709/406 615/710/407 832/708/405
f 832/708/405 615/710/407 463/705/402 612/703/400
f 599/669/375 832/708/405 612/703/400 455/662/370
f 457/674/378 616/711/408 833/712/409 601/675/379
f 616/711/408 465/713/410 617/714/411 833/712/409
f 833/712/409 617/714/411 464/709/406 614/707/404
f 601/675/379 833/712/409 614/707/404 456/668/374
f 458/634/354 605/684/387 834/715/412 602/678/381
f 605/684/387 466/683/386 618/716/413 834/715/412
f 834/715/412 618/716/413 465/713/410 616/711/408
f 602/678/381 834/715/412 616/711/408 457/674/378
f 459/681/384 619/717/414 835/718/415 604/682/385
f 619/717/414 467/719/416 620/720/417 835/718/415
f 835/718/415 620/720/417 474/721/418 621/722/419
f 604/682/385 835/718/415 621/722/419 466/683/386
f 460/687/390 622/723/420 836/724/421 607/688/391
f 622/723/420 468/725/422 623/726/423 836/724/421
f 836/724/421 623/726/423 467/727/416 619/728/414
f 607/688/391 836/724/421 619/728/414 459/689/384
f 461/693/394 624/729/424 837/730/425 609/694/395
f 624/729/424 469/731/426 625/732/427 837/730/425
f 837/730/425 625/732/427 468/733/422 622/734/420
f 609/694/395 837/730/425 622/734/420 460/695/390
f 462/699/398 626/735/428 838/736/429 611/700/399
f 626/735/428 470/737/430 627/738/431 838/736/429
f 838/736/429 627/738/431 469/739/426 624/740/424
f 611/700/399 838/736/429 624/740/424 461/701/394
f 463/705/402 628/741/432 839/742/433 613/706/403
f 628/741/432 471/743/434 629/744/435 839/742/433
f 839/742/433 629/744/435 470/737/430 626/735/428
f 613/706/403 839/742/433 626/735/428 462/699/398
f 464/709/406 630/745/436 840/746/437 615/710/407
f 630/745/436 472/747/438 631/748/439 840/746/437
f 840/746/437 631/748/439 471/743/434 628/741/432
f 615/710/407 840/746/437 628/741/432 463/705/402
f 465/713/410 632/749/440 841/750/441 617/714/411
f 632/749/440 473/751/442 633/752/443 841/750/441
f 841/750/441 633/752/443 472/747/438 630/745/436
f 617/714/411 841/750/441 630/745/436 464/709/406
f 466/683/386 621/722/419 842/753/444 618/716/413
f 621/722/419 474/721/418 634/754/445 842/753/444
f 842/753/444 634/754/445 473/751/442 632/749/440
f 618/716/413 842/753/444 632/749/440 465/713/410
f 467/719/416 635/755/446 843/756/447 620/720/417
f 635/755/446 475/757/448 636/758/449 843/756/447
f 843/756/447 636/758/449 482/759/450 637/760/451
f 620/720/417 843/756/447 637/760/451 474/721/418
f 468/725/422 638/761/452 844/762/453 623/726/423
f 638/761/452 476/763/454 639/764/455 844/762/453
f 844/762/453 639/764/455 475/765/448 635/755/446
f 623/726/423 844/762/453 635/755/446 467/727/416
f 469/731/426 640/766/456 845/767/457 625/732/427
f 640/766/456 477/768/458 641/769/459 845/767/457
f 845/767/457 641/769/459 476/770/454 638/771/452
f 625/732/427 845/767/457 638/771/452 468/733/422
f 470/737/430 642/772/460 846/773/461 627/738/431
f 642/772/460 478/774/462 643/775/463 846/773/461
f 846/773/461 643/775/463 477/768/458 640/776/456
f 627/738/431 846/773/461 640/776/456 469/739/426
f 471/743/434 644/777/464 847/778/465 629/744/435
f 644/777/464 479/779/466 645/780/467 847/778/465
f 847/778/465 645/780/467 478/774/462 642/772/460
f 629/744/435 847/778/465 642/772/460 470/737/430
f 472/747/438 646/781/468 848/782/469 631/748/439
f 646/781/468 480/783/470 647/784/471 848/782/469
f 848/782/469 647/784/471 479/779/466 644/777/464
f 631/748/439 848/782/469 644/777/464 471/743/434
f 473/751/442 648/785/472 849/786/473 633/752/443
f 648/785/472 481/787/474 649/788/475 849/786/473
f 849/786/473 649/788/475 480/783/470 646/781/468
f 633/752/443 849/786/473 646/781/468 472/747/438
f 474/721/418 637/760/451 850/789/476 634/754/445
f 637/760/451 482/759/450 650/790/477 850/789/476
f 850/789/476 650/790/477 481/787/474 648/785/472
f 634/754/445 850/789/476 648/785/472 473/751/442
f 475/757/448 651/791/478 851/792/479 636/758/449
f 651/791/478 483/793/480 652/794/481 851/792/479
f 851/792/479 652/794/481 490/795/482 653/796/483
f 636/758/449 851/792/479 653/796/483 482/759/450
f 476/763/454 654/797/484 852/798/485 639/764/455
f 654/797/484 484/799/486 655/800/487 852/798/485
f 852/798/485 655/800/487 483/793/480 651/801/478
f 639/764/455 852/798/485 651/801/478 475/765/448
f 477/768/458 656/802/488 853/803/489 641/769/459
f 656/802/488 485/804/490 657/805/491 853/803/489
f 853/803/489 657/805/491 484/806/486 654/807/484
f 641/769/459 853/803/489 654/807/484 476/770/454
f 478/774/462 658/808/492 854/809/493 643/775/463
f 658/808/492 486/810/494 659/811/495 854/809/493
f 854/809/493 659/811/495 485/804/490 656/802/488
f 643/775/463 854/809/493 656/802/488 477/768/458
f 479/779/466 660/812/496 855/813/497 645/780/467
f 660/812/496 487/814/498 661/815/499 855/813/497
f 855/813/497 661/815/499 486/810/494 658/808/492
f 645/780/467 855/813/497 658/808/492 478/774/462
f 480/783/470 662/816/500 856/817/501 647/784/471
f 662/816/500 488/818/502 663/819/503 856/817/501
f 856/817/501 663/819/503 487/814/498 660/812/496
f 647/784/471 856/817/501 660/812/496 479/779/466
f 481/787/474 664/820/504 857/821/505 649/788/475
f 664/820/504 489/822/506 665/823/507 857/821/505
f 857/821/505 665/823/507 488/818/502 662/816/500
f 649/788/475 857/821/505 662/816/500 480/783/470
f 482/759/450 653/796/483 858/824/508 650/790/477
f 653/796/483 490/795/482 666/825/509 858/824/508
f 858/824/508 666/825/509 489/822/506 664/820/504
f 650/790/477 858/824/508 664/820/504 481/787/474
f 483/793/480 667/826/510 859/827/511 652/794/481
f 667/826/510 491/828/512 668/829/513 859/827/511
f 859/827/511 668/829/513 498/830/514 669/831/515
f 652/794/481 859/827/511 669/831/515 490/795/482
f 484/799/486 670/832/516 860/833/517 655/800/487
f 670/832/516 492/834/518 671/835/519 860/833/517
f 860/833/517 671/835/519 491/836/512 667/826/510
f 655/800/487 860/833/517 667/826/510 483/793/480
f 485/804/490 672/837/520 861/838/521 657/805/491
f 672/837/520 493/839/522 673/840/523 861/838/521
f 861/838/521 673/840/523 492/841/518 670/842/516
f 657/805/491 861/838/521 670/842/516 484/806/486
f 486/810/494 674/843/524 862/844/525 659/811/495
f 674/843/524 494/845/526 675/846/527 862/844/525
f 862/844/525 675/846/527 493/847/522 672/848/520
f 659/811/495 862/844/525 672/848/520 485/804/490
f 487/814/498 676/849/528 863/850/529 661/815/499
f 676/849/528 495/851/530 677/852/531 863/850/529
f 863/850/529 677/852/531 494/845/526 674/843/524
f 661/815/499 863/850/529 674/843/524 486/810/494
f 488/818/502 678/853/532 864/854/533 663/819/503
f 678/853/532 496/855/534 679/856/535 864/854/533
f 864/854/533 679/856/535 495/851/530 676/849/528
f 663/819/503 864/854/533 676/849/528 487/814/498
f 489/822/506 680/857/536 865/858/537 665/823/507
f 680/857/536 497/859/538 681/860/539 865/858/537
f 865/858/537 681/860/539 496/855/534 678/853/532
f 665/823/507 865/858/537 678/853/532 488/818/502
f 490/795/482 669/831/515 866/861/540 666/825/509
f 669/831/515 498/830/514 682/862/541 866/861/540
f 866/861/540 682/862/541 497/859/538 680/857/536
f 666/825/509 866/861/540 680/857/536 489/822/506
f 491/828/512 683/863/542 867/864/543 668/829/513
f 683/863/542 499/865/544 684/866/545 867/864/543
f 867/864/543 684/866/545 506/867/546 685/868/547
f 668/829/513 867/864/543 685/868/547 498/830/514
f 492/834/518 686/869/548 868/870/549 671/835/519
f 686/869/548 500/871/550 687/872/551 868/870/549
f 868/870/549 687/872/551 499/865/544 683/873/542
f 671/835/519 868/870/549 683/873/542 491/836/512
f 493/839/522 688/874/552 869/875/553 673/840/523
f 688/874/552 501/876/554 689/877/555 869/875/553
f 869/875/553 689/877/555 500/878/550 686/879/548
f 673/840/523 869/875/553 686/879/548 492/841/518
f 494/845/526 690/880/556 870/881/557 675/846/527
f 690/880/556 502/882/558 691/883/559 870/881/557
f 870/881/557 691/883/559 501/884/554 688/885/552
f 675/846/527 870/881/557 688/885/552 493/847/522
f 495/851/530 692/886/560 871/887/561 677/852/531
f 692/886/560 503/888/562 693/889/563 871/887/561
f 871/887/561 693/889/563 502/882/558 690/880/556
f 677/852/531 871/887/561 690/880/556 494/845/526
f 496/855/534 694/890/564 872/891/565 679/856/535
f 694/890/564 504/892/566 695/893/567 872/891/565
f 872/891/565 695/893/567 503/888/562 692/886/560
f 679/856/535 872/891/565 692/886/560 495/851/530
f 497/859/538 696/894/568 873/895/569 681/860/539
f 696/894/568 505/896/570 697/897/571 873/895/569
f 873/895/569 697/897/571 504/892/566 694/890/564
f 681/860/539 873/895/569 694/890/564 496/855/534
f 498/830/514 685/868/547 874/898/572 682/862/541
f 685/868/547 506/867/546 698/899/573 874/898/572
f 874/898/572 698/899/573 505/896/570 696/894/568
f 682/862/541 874/898/572 696/894/568 497/859/538
f 499/865/544 699/900/574 875/901/575 684/866/545
f 699/900/574 507/902/576 700/903/577 875/901/575
f 875/901/575 700/903/577 514/904/578 701/905/579
f 684/866/545 875/901/575 701/905/579 506/867/546
f 500/871/550 702/906/580 876/907/581 687/872/551
f 702/906/580 508/908/582 703/909/583 876/907/581
f 876/907/581 703/909/583 507/910/576 699/911/574
f 687/872/551 876/907/581 699/911/574 499/865/544
f 501/876/554 704/912/584 877/913/585 689/877/555
f 704/912/584 509/914/586 705/915/587 877/913/585
f 877/913/585 705/915/587 508/916/582 702/917/580
f 689/877/555 877/913/585 702/917/580 500/878/550
f 502/882/558 706/918/588 878/919/589 691/883/559
f 706/918/588 510/920/590 707/921/591 878/919/589
f 878/919/589 707/921/591 509/914/586 704/922/584
f 691/883/559 878/919/589 704/922/584 501/884/554
f 503/888/562 708/923/592 879/924/593 693/889/563
f 708/923/592 511/925/594 709/926/595 879/924/593
f 879/924/593 709/926/595 510/920/590 706/918/588
f 693/889/563 879/924/593 706/918/588 502/882/558
f 504/892/566 710/927/596 880/928/597 695/893/567
f 710/927/596 512/929/598 711/930/599 880/928/597
f 880/928/597 711/930/599 511/925/594 708/923/592
f 695/893/567 880/928/597 708/923/592 503/888/562
f 505/896/570 712/931/600 881/932/601 697/897/571
f 712/931/600 513/933/602 713/934/603 881/932/601
f 881/932/601 713/934/603 512/929/598 710/927/596
f 697/897/571 881/932/601 710/927/596 504/892/566
f 506/867/546 701/905/579 882/935/604 698/899/573
f 701/905/579 514/904/578 714/936/605 882/935/604
f 882/935/604 714/936/605 513/933/602 712/931/600
f 698/899/573 882/935/604 712/931/600 505/896/570
f 507/902/576 715/937/606 883/938/607 700/903/577
f 715/937/606 515/939/608 716/940/609 883/938/607
f 883/938/607 716/940/609 522/941/610 717/942/611
f 700/903/577 883/938/607 717/942/611 514/904/578
f 508/908/582 718/943/612 884/944/613 703/909/583
f 718/943/612 516/945/614 719/946/615 884/944/613
f 884/944/613 719/946/615 515/947/608 715/948/606
f 703/909/583 884/944/613 715/948/606 507/910/576
f 509/914/586 720/949/616 885/950/617 705/915/587
f 720/949/616 517/951/618 721/952/619 885/950/617
f 885/950/617 721/952/619 516/953/614 718/954/612
f 705/915/587 885/950/617 718/954/612 508/916/582
f 510/920/590 722/955/620 886/956/621 707/921/591
f 722/955/620 518/957/622 723/958/623 886/956/621
f 886/956/621 723/958/623 517/959/618 720/960/616
f 707/921/591 886/956/621 720/960/616 509/914/586
f 511/925/594 724/961/624 887/962/625 709/926/595
f 724/961/624 519/963/626 725/964/627 887/962/625
f 887/962/625 725/964/627 518/957/622 722/955/620
f 709/926/595 887/962/625 722/955/620 510/920/590
f 512/929/598 726/965/628 888/966/629 711/930/599
f 726/965/628 520/967/630 727/968/631 888/966/629
f 888/966/629 727/968/631 519/963/626 724/961/624
f 711/930/599 888/966/629 724/961/624 511/925/594
f 513/933/602 728/969/632 889/970/633 713/934/603
f 728/969/632 521/971/634 729/972/635 889/970/633
f 889/970/633 729/972/635 520/967/630 726/965/628
f 713/934/603 889/970/633 726/965/628 512/929/598
f 514/904/578 717/942/611 890/973/636 714/936/605
f 717/942/611 522/941/610 730/974/637 890/973/636
f 890/973/636 730/974/637 521/971/634 728/969/632
f 714/936/605 890/973/636 728/969/632 513/933/602
f 515/939/608 731/975/638 891/976/639 716/940/609
f 731/975/638 523/977/640 732/978/641 891/976/639
f 891/976/639 732/978/641 530/979/642 733/980/643
f 716/940/609 891/976/639 733/980/643 522/941/610
f 516/945/614 734/981/644 892/982/645 719/946/615
f 734/981/644 524/983/646 735/984/647 892/982/645
f 892/982/645 735/984/647 523/977/640 731/985/638
f 719/946/615 892/982/645 731/985/638 515/947/608
f 517/951/618 736/986/648 893/987/649 721/952/619
f 736/986/648 525/988/650 737/989/651 893/987/649
f 893/987/649 737/989/651 524/990/646 734/991/644
f 721/952/619 893/987/649 734/991/644 516/953/614
f 518/957/622 738/992/652 894/993/653 723/958/623
f 738/992/652 526/994/654 739/995/655 894/993/653
f 894/993/653 739/995/655 525/988/650 736/996/648
f 723/958/623 894/993/653 736/996/648 517/959/618
f 519/963/626 740/997/656 895/998/657 725/964/627
f 740/997/656 527/999/658 741/1000/659 895/998/657
f 895/998/657 741/1000/659 526/994/654 738/992/652
f 725/964/627 895/998/657 738/992/652 518/957/622
f 520/967/630 742/1001/660 896/1002/661 727/968/631
f 742/1001/660 528/1003/662 743/1004/663 896/1002/661
f 896/1002/661 743/1004/663 527/999/658 740/997/656
f 727/968/631 896/1002/661 740/997/656 519/963/626
f 521/971/634 744/1005/664 897/1006/665 729/972/635
f 744/1005/664 529/1007/666 745/1008/667 897/1006/665
f 897/1006/665 745/1008/667 528/1003/662 742/1001/660
f 729/972/635 897/1006/665 742/1001/660 520/967/630
f 522/941/610 733/980/643 898/1009/668 730/974/637
f 733/980/643 530/979/642 746/1010/669 898/1009/668
f 898/1009/668 746/1010/669 529/1007/666 744/1005/664
f 730/974/637 898/1009/668 744/1005/664 521/971/634
f 523/977/640 747/1011/670 899/1012/671 732/978/641
f 747/1011/670 531/1013/672 748/1014/673 899/1012/671
f 899/1012/671 748/1014/673 538/1015/674 749/1016/675
f 732/978/641 899/1012/671 749/1016/675 530/979/642
f 524/983/646 750/1017/676 900/1018/677 735/984/647
f 750/1017/676 532/1019/678 751/1020/679 900/1018/677
f 900/1018/677 751/1020/679 531/1021/672 747/1022/670
f 735/984/647 900/1018/677 747/1022/670 523/977/640
f 525/988/650 752/1023/680 901/1024/681 737/989/651
f 752/1023/680 533/1025/682 753/1026/683 901/1024/681
f 901/1024/681 753/1026/683 532/1027/678 750/1028/676
f 737/989/651 901/1024/681 750/1028/676 524/990/646
f 526/994/654 754/1029/684 902/1030/685 739/995/655
f 754/1029/684 534/1031/686 755/1032/687 902/1030/685
f 902/1030/685 755/1032/687 533/1025/682 752/1033/680
f 739/995/655 902/1030/685 752/1033/680 525/988/650
f 527/999/658 756/1034/688 903/1035/689 741/1000/659
f 756/1034/688 535/1036/690 757/1037/691 903/1035/689
f 903/1035/689 757/1037/691 534/1031/686 754/1029/684
f 741/1000/659 903/1035/689 754/1029/684 526/994/654
f 528/1003/662 758/1038/692 904/1039/693 743/1004/663
f 758/1038/692 536/1040/694 759/1041/695 904/1039/693
f 904/1039/693 759/1041/695 535/1036/690 756/1034/688
f 743/1004/663 904/1039/693 756/1034/688 527/999/658
f 529/1007/666 760/1042/696 905/1043/697 745/1008/667
f 760/1042/696 537/1044/698 761/1045/699 905/1043/697
f 905/1043/697 761/1045/699 536/1040/694 758/1038/692
f 745/1008/667 905/1043/697 758/1038/692 528/1003/662
f 530/979/642 749/1016/675 906/1046/700 746/1010/669
f 749/1016/675 538/1015/674 762/1047/701 906/1046/700
f 906/1046/700 762/1047/701 537/1044/698 760/1042/696
f 746/1010/669 906/1046/700 760/1042/696 529/1007/666
f 531/1013/672 763/1048/702 907/1049/703 748/1014/673
f 763/1048/702 539/1050/704 764/1051/705 907/1049/703
f 907/1049/703 764/1051/705 546/1052/706 765/1053/707
f 748/1014/673 907/1049/703 765/1053/707 538/1015/674
f 532/1019/678 766/1054/708 908/1055/709 751/1020/679
f 766/1054/708 540/1056/710 767/1057/711 908/1055/709
f 908/1055/709 767/1057/711 539/1058/704 763/1059/702
f 751/1020/679 908/1055/709 763/1059/702 531/1021/672
f 533/1025/682 768/1060/712 909/1061/713 753/1026/683
f 768/1060/712 541/1062/714 769/1063/715 909/1061/713
f 909/1061/713 769/1063/715 540/1064/710 766/1065/708
f 753/1026/683 909/1061/713 766/1065/708 532/1027/678
f 534/1031/686 770/1066/716 910/1067/717 755/1032/687
f 770/1066/716 542/1068/718 771/1069/719 910/1067/717
f 910/1067/717 771/1069/719 541/1070/714 768/1071/712
f 755/1032/687 910/1067/717 768/1071/712 533/1025/682
f 535/1036/690 772/1072/720 911/1073/721 757/1037/691
f 772/1072/720 543/1074/722 773/1075/723 911/1073/721
f 911/1073/721 773/1075/723 542/1068/718 770/1066/716
f 757/1037/691 911/1073/721 770/1066/716 534/1031/686
f 536/1040/694 774/1076/724 912/1077/725 759/1041/695
f 774/1076/724 544/1078/726 775/1079/727 912/1077/725
f 912/1077/725 775/1079/727 543/1074/722 772/1072/720
f 759/1041/695 912/1077/725 772/1072/720 535/1036/690
f 537/1044/698 776/1080/728 913/1081/729 761/1045/699
f 776/1080/728 545/1082/730 777/1083/731 913/1081/729
f 913/1081/729 777/1083/731 544/1078/726 774/1076/724
f 761/1045/699 913/1081/729 774/1076/724 536/1040/694
f 538/1015/674 765/1053/707 914/1084/732 762/1047/701
f 765/1053/707 546/1052/706 778/1085/733 914/1084/732
f 914/1084/732 778/1085/733 545/1082/730 776/1080/728
f 762/1047/701 914/1084/732 776/1080/728 537/1044/698
f 539/1050/704 779/1086/734 915/1087/735 764/1051/705
f 779/1086/734 547/1088/736 780/1089/737 915/1087/735
f 915/1087/735 780/1089/737 554/1090/738 781/1091/739
f 764/1051/705 915/1087/735 781/1091/739 546/1052/706
f 540/1056/710 782/1092/740 916/1093/741 767/1057/711
f 782/1092/740 548/1094/742 783/1095/743 916/1093/741
f 916/1093/741 783/1095/743 547/1096/736 779/1097/734
f 767/1057/711 916/1093/741 779/1097/734 539/1058/704
f 541/1062/714 784/1098/744 917/1099/745 769/1063/715
f 784/1098/744 549/1100/746 785/1101/747 917/1099/745
f 917/1099/745 785/1101/747 548/1102/742 782/1103/740
f 769/1063/715 917/1099/745 782/1103/740 540/1064/710
f 542/1068/718 786/1104/748 918/1105/749 771/1069/719
f 786/1104/748 550/1106/750 787/1107/751 918/1105/749
f 918/1105/749 787/1107/751 549/1108/746 784/1109/744
f 771/1069/719 918/1105/749 784/1109/744 541/1070/714
f 543/1074/722 788/1110/752 919/1111/753 773/1075/723
f 788/1110/752 551/1112/754 789/1113/755 919/1111/753
f 919/1111/753 789/1113/755 550/1106/750 786/1104/748
f 773/1075/723 919/1111/753 786/1104/748 542/1068/718
f 544/1078/726 790/1114/756 920/1115/757 775/1079/727
f 790/1114/756 552/1116/758 791/1117/759 920/1115/757
f 920/1115/757 791/1117/759 551/1112/754 788/1110/752
f 775/1079/727 920/1115/757 788/1110/752 543/1074/722
f 545/1082/730 792/1118/760 921/1119/761 777/1083/731
f 792/1118/760 553/1120/762 793/1121/763 921/1119/761
f 921/1119/761 793/1121/763 552/1116/758 790/1114/756
f 777/1083/731 921/1119/761 790/1114/756 544/1078/726
f 546/1052/706 781/1091/739 922/1122/764 778/1085/733
f 781/1091/739 554/1090/738 794/1123/765 922/1122/764
f 922/1122/764 794/1123/765 553/1120/762 792/1118/760
f 778/1085/733 922/1122/764 792/1118/760 545/1082/730
f 547/1096/736 795/1124/766 923/1125/767 780/1089/737
f 795/1124/766 555/1126/768 796/1127/769 923/1125/767
f 923/1125/767 796/1127/769 562/1128/770 797/1129/771
f 780/1089/737 923/1125/767 797/1129/771 554/1130/738
f 548/1094/742 798/1131/772 924/1132/773 783/1095/743
f 798/1131/772 556/1133/774 799/1134/775 924/1132/773
f 924/1132/773 799/1134/775 555/1126/768 795/1124/766
f 783/1095/743 924/1132/773 795/1124/766 547/1096/736
f 549/1100/746 800/1135/776 925/1136/777 785/1101/747
f 800/1135/776 557/1137/778 801/1138/779 925/1136/777
f 925/1136/777 801/1138/779 556/1139/774 798/1140/772
f 785/1101/747 925/1136/777 798/1140/772 548/1102/742
f 550/1141/750 802/1142/780 926/1143/781 787/1144/751
f 802/1142/780 558/1145/782 803/1146/783 926/1143/781
f 926/1143/781 803/1146/783 557/1137/778 800/1135/776
f 787/1144/751 926/1143/781 800/1135/776 549/1100/746
f 551/1147/754 804/1148/784 927/1149/785 789/1113/755
f 804/1148/784 559/1150/786 805/1151/787 927/1149/785
f 927/1149/785 805/1151/787 558/1145/782 802/1142/780
f 789/1113/755 927/1149/785 802/1142/780 550/1141/750
f 552/1152/758 806/1153/788 928/1154/789 791/1155/759
f 806/1153/788 560/1156/790 807/1157/791 928/1154/789
f 928/1154/789 807/1157/791 559/1150/786 804/1148/784
f 791/1155/759 928/1154/789 804/1148/784 551/1147/754
f 553/1158/762 808/1159/792 929/1160/793 793/1161/763
f 808/1159/792 561/1162/794 809/1163/795 929/1160/793
f 929/1160/793 809/1163/795 560/1156/790 806/1153/788
f 793/1161/763 929/1160/793 806/1153/788 552/1152/758
f 554/1130/738 797/1129/771 930/1164/796 794/1165/765
f 797/1129/771 562/1128/770 810/1166/797 930/1164/796
f 930/1164/796 810/1166/797 561/1162/794 808/1159/792
f 794/1165/765 930/1164/796 808/1159/792 553/1158/762
o Body.001
v 0.000000 0.100000 -1.672543
v 0.000000 1.291111 -0.972641
v 0.000000 0.100000 1.675764
v 0.000000 0.357968 1.655112
v 0.000000 1.369563 -0.470973
v 0.000000 1.317221 0.138471
v 0.000000 1.188881 0.711901
v 0.000000 0.100000 -1.672543
v 0.000000 0.100000 1.675764
v 0.000000 0.100000 -1.727401
v 0.000000 0.100000 1.728310
v 0.000000 1.047332 1.043287
v 0.000000 0.577242 1.565852
v -0.000000 0.804214 1.363681
v 0.739086 0.100000 1.125431
v 0.789788 0.100000 -1.226399
v 0.581445 1.214734 -0.833310
v 0.986624 0.100000 -0.629402
v 1.004917 0.100000 0.069745
v 0.894890 0.100000 0.711246
v 0.730411 0.347648 1.131979
v 0.680672 0.579067 1.098895
v 0.486058 1.056957 0.682414
v 0.628777 1.161667 0.120917
v 0.643411 1.220920 -0.445716
v 0.671440 1.066675 -0.975042
v 0.746061 0.795905 -1.101474
v 0.780803 0.460763 -1.180474
v 0.438542 0.100000 -1.565505
v 0.348221 1.269821 -0.932059
v 0.444696 0.100000 1.513443
v 0.885521 0.362686 0.722788
v 0.834229 0.614113 0.714246
v 0.626329 0.888850 0.770200
v 0.994355 0.401045 0.081510
v 0.948507 0.692546 0.095441
v 0.829015 0.956218 0.116183
v 0.975850 0.435354 -0.602115
v 0.932815 0.754517 -0.557561
v 0.828731 1.027527 -0.491065
v 0.437281 0.350280 1.502433
v 0.408007 0.568571 1.434376
v 0.337967 0.790831 1.273613
v 0.355839 1.331314 -0.457223
v 0.336028 1.279926 0.131854
v 0.266297 1.149008 0.766480
v 0.739086 0.100000 1.125431
v 0.789788 0.100000 -1.226399
v 0.986624 0.100000 -0.629402
v 1.004917 0.100000 0.069745
v 0.894890 0.100000 0.711246
v 0.438542 0.100000 -1.565505
v 0.444696 0.100000 1.513443
v 1.016223 0.100000 -0.648025
v 0.813481 0.100000 -1.265210
v 1.035064 0.100000 0.073969
v 0.921736 0.100000 0.735471
v 0.761258 0.100000 1.161826
v 0.451698 0.100000 -1.616384
v 0.458037 0.100000 1.560402
v -0.000000 0.462574 -1.619559
v -0.000000 1.122620 -1.295205
v 0.401449 0.503970 -1.520581
v 0.430295 0.823300 -1.405828
v 0.350030 1.085300 -1.260134
v 0.544056 0.864387 0.951246
v 0.417770 0.970785 0.980227
v 0.262130 1.072858 0.944717
v 0.024308 0.445588 1.700611
v 0.034276 0.506685 1.672104
v 0.034506 0.406675 1.660779
v 0.052995 0.497497 1.618428
v 0.000000 0.392468 1.665934
v -0.000000 0.510578 1.610858
v 0.056896 0.451523 1.638397
v 0.031473 0.428519 1.692897
v 0.048707 0.511790 1.654064
v 0.033093 0.477148 1.688498
v -0.000000 0.442419 1.704837
v 0.000000 0.523480 1.648472
v 0.000000 0.416707 1.698272
v -0.000000 0.479768 1.694166
v 0.051341 0.470092 1.673338
v 0.000000 0.511889 1.672396
v 0.034905 0.356527 1.578614
v 0.053306 0.448087 1.535919
v 0.000000 0.341883 1.583678
v 0.000000 0.461379 1.527956
v 0.057563 0.401631 1.555817
v 0.000000 0.746490 -1.563899
v 0.068302 0.770333 -1.552168
v 0.096593 0.827307 -1.523548
v 0.068302 0.883291 -1.494467
v 0.000000 0.906141 -1.482269
v 0.447912 1.010369 0.996404
v 0.523869 0.949254 1.011615
v 0.486058 1.056957 0.682414
v 0.346353 1.077803 1.006783
v 0.626329 0.888850 0.770200
v 0.266297 1.149008 0.766480
v 0.589559 1.073064 1.047926
v 0.548723 1.148424 1.057855
v 0.599761 1.207505 0.947605
v 0.446566 1.175282 1.043761
v 0.675100 1.086307 0.954148
v 0.444882 1.254501 0.950369
v 0.544056 0.864387 0.951246
v 0.417511 0.970644 0.980329
v 0.262130 1.072858 0.944717
v 0.636708 1.071448 1.038356
v 0.577842 1.183282 1.052718
v 0.435180 1.220376 1.033170
v 0.527599 1.122405 1.061460
v 0.458495 1.027771 1.019336
v 0.513751 0.977327 1.026453
v 0.379505 1.074491 1.022788
v 0.564701 1.070526 1.055621
v 0.454199 1.149581 1.052415
v 0.556990 1.148583 0.802838
v 0.672643 0.988367 0.862132
v 0.348808 1.223486 0.857937
v 0.616205 0.951585 1.002206
v 0.318664 1.171294 0.994876
v 0.570684 0.990493 1.034027
v 0.365561 1.138181 1.028268
v 0.492216 1.073767 1.047761
v 0.544367 1.014817 1.046354
v 0.403759 1.116054 1.042407
v 0.000000 0.000000 -1.742089
v 0.000000 0.000000 1.728310
v 1.016223 0.000000 -0.654944
v 0.813481 0.000000 -1.276556
v 1.035064 0.000000 0.072166
v 0.921736 0.000000 0.735322
v 0.761258 0.000000 1.161826
v 0.451698 0.000000 -1.630374
v 0.458037 0.000000 1.560402
v 0.569297 0.000000 -0.737653
v 0.592023 0.000000 0.204709
v 0.532825 0.000000 1.050094
v -0.000000 0.000000 -0.761746
v 0.000000 0.000000 0.264889
v -0.000000 0.000000 1.179425
v -0.739086 0.100000 1.125431
v -0.789788 0.100000 -1.226399
v -0.581445 1.214734 -0.833310
v -0.986624 0.100000 -0.629402
v -1.004917 0.100000 0.069745
v -0.894890 0.100000 0.711246
v -0.730411 0.347648 1.131979
v -0.680672 0.579067 1.098895
v -0.486058 1.056957 0.682414
v -0.628776 1.161667 0.120917
v -0.643411 1.220920 -0.445716
v -0.671440 1.066675 -0.975042
v -0.746061 0.795905 -1.101474
v -0.780803 0.460763 -1.180473
v -0.438542 0.100000 -1.565504
v -0.348221 1.269821 -0.932059
v -0.444696 0.100000 1.513443
v -0.885521 0.362686 0.722788
v -0.834229 0.614113 0.714246
v -0.626329 0.888849 0.770200
v -0.994355 0.401045 0.081510
v -0.948506 0.692546 0.095441
v -0.829015 0.956218 0.116183
v -0.975850 0.435354 -0.602115
v -0.932815 0.754517 -0.557561
v -0.828731 1.027527 -0.491065
v -0.437281 0.350280 1.502433
v -0.408007 0.568571 1.434376
v -0.337967 0.790831 1.273613
v -0.355839 1.331314 -0.457223
v -0.336028 1.279926 0.131854
v -0.266297 1.149008 0.766480
v -0.739086 0.100000 1.125431
v -0.789788 0.100000 -1.226399
v -0.986624 0.100000 -0.629402
v -1.004917 0.100000 0.069745
v -0.894890 0.100000 0.711246
v -0.438542 0.100000 -1.565504
v -0.444696 0.100000 1.513443
v -1.016223 0.100000 -0.648025
v -0.813481 0.100000 -1.265210
v -1.035064 0.100000 0.073969
v -0.921736 0.100000 0.735471
v -0.761258 0.100000 1.161826
v -0.451698 0.100000 -1.616384
v -0.458037 0.100000 1.560402
v -0.401449 0.503970 -1.520581
v -0.430295 0.823300 -1.405828
v -0.350030 1.085300 -1.260134
v -0.544056 0.864387 0.951246
v -0.417770 0.970785 0.980227
v -0.262130 1.072858 0.944717
v -0.024308 0.445588 1.700611
v -0.034276 0.506685 1.672104
v -0.034506 0.406675 1.660779
v -0.052995 0.497497 1.618428
v -0.056896 0.451523 1.638396
v -0.031473 0.428519 1.692897
v -0.048707 0.511790 1.654064
v -0.033093 0.477148 1.688498
v -0.051341 0.470092 1.673338
v -0.034905 0.356527 1.578614
v -0.053306 0.448087 1.535919
v -0.057563 0.401631 1.555817
v -0.068302 0.770333 -1.552168
v -0.096593 0.827307 -1.523548
v -0.068302 0.883291 -1.494467
v -0.447912 1.010369 0.996404
v -0.523869 0.949254 1.011615
v -0.486058 1.056957 0.682414
v -0.346353 1.077803 1.006783
v -0.626329 0.888850 0.770200
v -0.266297 1.149008 0.766480
v -0.589559 1.073064 1.047926
v -0.548723 1.148424 1.057855
v -0.599761 1.207505 0.947605
v -0.446566 1.175282 1.043761
v -0.675100 1.086307 0.954148
v -0.444882 1.254501 0.950369
v -0.544056 0.864387 0.951246
v -0.417511 0.970644 0.980329
v -0.262130 1.072858 0.944717
v -0.636708 1.071448 1.038356
v -0.577842 1.183282 1.052718
v -0.435180 1.220376 1.033170
v -0.527599 1.122405 1.061460
v -0.458495 1.027771 1.019336
v -0.513751 0.977327 1.026453
v -0.379505 1.074491 1.022788
v -0.564701 1.070526 1.055621
v -0.454199 1.149581 1.052415
v -0.556990 1.148583 0.802838
v -0.672643 0.988367 0.862132
v -0.348808 1.223486 0.857937
v -0.616205 0.951585 1.002206
v -0.318664 1.171294 0.994876
v -0.570684 0.990493 1.034027
v -0.365561 1.138181 1.028268
v -0.492216 1.073767 1.047761
v -0.544367 1.014817 1.046354
v -0.403759 1.116054 1.042407
v -1.016223 0.000000 -0.654944
v -0.813481 0.000000 -1.276556
v -1.035064 0.000000 0.072166
v -0.921736 0.000000 0.735322
v -0.761258 0.000000 1.161826
v -0.451698 0.000000 -1.630374
v -0.458037 0.000000 1.560402
v -0.569297 0.000000 -0.737652
v -0.592023 0.000000 0.204709
v -0.532825 0.000000 1.050094
v 0.000000 1.215302 -1.156197
v -0.000000 0.288661 -1.646302
v 0.000000 0.232767 1.670241
v 0.000000 1.358443 -0.174086
v 0.000000 1.255563 0.448980
v 0.000000 1.345169 -0.741175
v 0.000000 0.100000 -1.699972
v 0.000000 0.100000 1.702037
v 0.000000 0.685922 1.482759
v -0.000000 0.470767 1.621800
v 0.000000 0.932895 1.206868
v 0.000000 1.126458 0.894522
v 0.910206 0.100000 -0.952371
v 1.016883 0.100000 -0.283858
v 0.958526 0.100000 0.414393
v 0.826671 0.100000 0.933637
v 0.736480 0.225873 1.131352
v 0.715745 0.463296 1.122357
v 0.617439 0.704240 1.054911
v 0.484692 0.910954 0.980803
v 0.568175 1.112329 0.404526
v 0.651854 1.199290 -0.169053
v 0.614758 1.224050 -0.682030
v 0.623812 1.160373 -0.901001
v 0.713262 0.942690 -1.043167
v 0.768036 0.633556 -1.146741
v 0.786980 0.281844 -1.205648
v 0.224935 0.100000 -1.645863
v 0.629909 0.100000 -1.429058
v 0.489733 1.243328 -0.885311
v 0.180436 1.285869 -0.962041
v 0.613672 0.100000 1.329404
v 0.233876 0.100000 1.633885
v 0.127235 1.046965 1.026260
v 0.334300 1.023072 0.976627
v 0.870151 0.488770 0.721804
v 0.764226 0.743328 0.707188
v 0.948534 0.380521 0.425026
v 0.900052 0.651184 0.427134
v 0.761535 0.908988 0.427796
v 0.978699 0.548889 0.087382
v 0.898549 0.829526 0.106727
v 1.006012 0.419449 -0.265943
v 0.961531 0.727115 -0.237836
v 0.850080 0.997134 -0.194012
v 0.960371 0.598526 -0.583023
v 0.889593 0.899212 -0.525183
v 0.817777 0.352068 0.944428
v 0.765312 0.591491 0.924818
v 0.602495 0.854038 0.867805
v 0.583129 0.966897 0.704979
v 0.740371 1.068539 0.119432
v 0.748111 1.135039 -0.462024
v 0.768698 1.048829 -0.757925
v 0.860161 0.776917 -0.852790
v 0.900049 0.449259 -0.915204
v 0.983257 0.268504 -0.616856
v 1.001624 0.251017 0.075721
v 0.892020 0.232627 0.718432
v 0.436984 0.676790 -1.458802
v 0.408215 0.955702 -1.340351
v 0.194589 0.466953 -1.597223
v 0.166906 1.117541 -1.284198
v 0.620602 0.472127 -1.377633
v 0.596943 0.812163 -1.284529
v 0.537188 1.084102 -1.131356
v 0.356106 1.198534 -1.101678
v 0.433971 0.290801 -1.541319
v 0.229570 0.355224 1.615907
v 0.214499 0.573357 1.532942
v 0.180530 0.797569 1.342402
v 0.426692 0.462310 1.477679
v 0.378894 0.675632 1.369013
v 0.288578 0.919969 1.140137
v 0.455883 0.802762 1.151076
v 0.563604 0.570883 1.277601
v 0.605114 0.347333 1.327709
v 0.442371 0.228177 1.511977
v 0.182510 1.359681 -0.466924
v 0.355373 1.317460 -0.169572
v 0.170330 1.308041 0.136632
v 0.293324 1.225932 0.435158
v 0.123532 1.184746 0.709075
v 0.349799 1.314777 -0.715680
v 0.511453 1.285647 -0.446814
v 0.491685 1.231795 0.125621
v 0.364395 1.124241 0.703261
v 0.233370 1.123500 0.861911
v 0.910206 0.100000 -0.952371
v 1.016883 0.100000 -0.283858
v 0.958526 0.100000 0.414393
v 0.826671 0.100000 0.933637
v 0.224935 0.100000 -1.645863
v 0.629909 0.100000 -1.429058
v 0.613672 0.100000 1.329404
v 0.233876 0.100000 1.633885
v 0.937512 0.100000 -0.981823
v 1.047390 0.100000 -0.291067
v 0.987282 0.100000 0.429463
v 0.851471 0.100000 0.964579
v 0.231683 0.100000 -1.699718
v 0.648806 0.100000 -1.474993
v 0.632082 0.100000 1.371246
v 0.240892 0.100000 1.684816
v 0.908313 0.100000 0.723358
v 1.019991 0.100000 0.071857
v 0.750172 0.100000 1.143628
v 0.445120 0.100000 -1.590945
v 0.801634 0.100000 -1.245804
v 0.451366 0.100000 1.536922
v 1.001424 0.100000 -0.638713
v 0.030806 0.507932 1.612827
v 0.047720 0.426426 1.650834
v 0.033529 0.419916 1.682228
v 0.041964 0.510362 1.664657
v 0.028785 0.458603 1.696361
v 0.014255 0.443316 1.703575
v 0.018095 0.395677 1.665173
v 0.060431 0.477183 1.627166
v 0.028049 0.437536 1.698625
v 0.051991 0.508688 1.640832
v 0.035274 0.495080 1.679343
v -0.000000 0.521278 1.634099
v 0.028456 0.521125 1.649643
v 0.000000 0.427986 1.703743
v -0.000000 0.406663 1.687546
v 0.016608 0.419124 1.697216
v 0.017730 0.479074 1.692659
v -0.000000 0.460408 1.701433
v 0.044233 0.474170 1.682093
v 0.055200 0.463970 1.660818
v 0.043145 0.446733 1.684313
v 0.054993 0.493513 1.662499
v 0.020744 0.510375 1.672271
v -0.000000 0.520364 1.660634
v 0.000000 0.497745 1.683991
v 0.030941 0.458682 1.530096
v 0.048313 0.376419 1.568456
v 0.018290 0.345256 1.582987
v 0.060964 0.427519 1.544628
v 0.000000 0.489099 1.573591
v 0.053267 0.475833 1.581504
v 0.057479 0.429438 1.601411
v 0.034855 0.384366 1.624156
v 0.000000 0.369777 1.629232
v 0.036922 0.752792 -1.560818
v 0.089138 0.796614 -1.539070
v 0.089138 0.857691 -1.507883
v 0.036922 0.900150 -1.485497
v -0.000000 0.611907 -1.591980
v 0.000000 1.017568 -1.398250
v 0.222578 0.652400 -1.549008
v 0.262764 0.827374 -1.477725
v 0.201463 0.982036 -1.399055
v 0.484692 0.910954 0.980803
v 0.585503 1.186921 0.874606
v 0.334300 1.023072 0.976627
v 0.602495 0.854038 0.867805
v 0.583129 0.966897 0.704979
v 0.364395 1.124241 0.703261
v 0.233370 1.123500 0.861911
v 0.619808 1.132738 1.049413
v 0.593964 1.202201 1.011202
v 0.510397 1.213609 1.046565
v 0.662996 1.077056 0.997407
v 0.655912 1.142486 0.950041
v 0.513861 1.246128 0.947814
v 0.435526 1.244325 0.992775
v 0.652566 0.937056 0.814320
v 0.399520 1.247834 0.909903
v 0.633623 1.009284 1.022045
v 0.576221 1.071364 1.052629
v 0.280036 1.130409 0.972387
v 0.492140 0.971972 1.001493
v 0.390186 1.045885 0.998735
v 0.578512 1.114237 1.054933
v 0.500293 1.170048 1.052633
v 0.585378 1.030505 1.041479
v 0.341803 1.108911 1.017713
v 0.529467 0.912650 1.001178
v 0.432711 0.990507 0.988366
v 0.310578 1.073933 0.995139
v 0.562462 1.164913 1.064104
v 0.611769 1.070895 1.051894
v 0.439903 1.196804 1.046970
v 0.473231 1.047996 1.033980
v 0.493820 0.996360 1.022542
v 0.411798 1.055760 1.020310
v 0.553602 1.094550 1.059640
v 0.487706 1.141650 1.057719
v 0.557837 1.045917 1.052727
v 0.383983 1.092411 1.032115
v 0.517990 0.962118 1.020262
v 0.539482 1.137566 1.060964
v 0.451019 1.016420 1.007040
v 0.361245 1.075616 1.015993
v 0.449538 1.161934 1.048941
v 0.522668 1.103899 0.739788
v 0.680679 1.043100 0.914002
v 0.305212 1.188630 0.810292
v 0.588617 0.902598 0.979813
v 0.370461 1.203687 1.015410
v 0.549752 0.958681 1.023447
v 0.401164 1.162632 1.036204
v 0.511289 1.100114 1.057178
v 0.527579 0.988678 1.036076
v 0.430368 1.137350 1.049078
v 0.378812 1.128464 1.036112
v 0.446684 1.098430 1.046055
v 0.524122 1.042675 1.048229
v 0.339496 1.150215 1.023563
v 0.588687 0.967119 1.030551
v 0.312695 1.203803 0.929266
v 0.558811 0.998865 1.041165
v 0.654603 0.953354 0.935461
v 0.639299 1.064213 0.817186
v 0.444022 1.205410 0.815100
v 0.937512 0.000000 -0.991181
v 1.047390 0.000000 -0.295211
v 0.987282 0.000000 0.428885
v 0.851471 0.000000 0.964560
v 0.231683 0.000000 -1.714259
v 0.648806 0.000000 -1.487904
v 0.632082 0.000000 1.371246
v 0.240892 0.000000 1.684816
v 0.804232 0.000000 -0.701288
v 0.517937 0.000000 -1.189353
v 0.296121 0.000000 -0.756712
v -0.000000 0.000000 -1.257121
v 0.827511 0.000000 0.142967
v 0.593918 0.000000 -0.269067
v 0.309978 0.000000 0.248347
v -0.000000 0.000000 -0.250176
v 0.740773 0.000000 0.905648
v 0.568250 0.000000 0.660873
v 0.279904 0.000000 1.145479
v 0.000000 0.000000 0.759029
v 0.495438 0.000000 1.335975
v 0.000000 0.000000 1.487283
v 0.000000 0.050000 -1.734745
v 0.000000 0.050000 1.728310
v 1.035064 0.050000 0.073067
v 0.921736 0.050000 0.735397
v 0.761258 0.050000 1.161826
v 0.458037 0.050000 1.560402
v 0.451698 0.050000 -1.623379
v 0.813481 0.050000 -1.270883
v 1.016223 0.050000 -0.651484
v -0.910206 0.100000 -0.952371
v -1.016883 0.100000 -0.283858
v -0.958526 0.100000 0.414393
v -0.826671 0.100000 0.933637
v -0.736480 0.225873 1.131353
v -0.715745 0.463296 1.122357
v -0.617439 0.704240 1.054911
v -0.484692 0.910954 0.980803
v -0.568174 1.112329 0.404526
v -0.651854 1.199290 -0.169053
v -0.614758 1.224050 -0.682030
v -0.623812 1.160373 -0.901001
v -0.713262 0.942690 -1.043167
v -0.768036 0.633556 -1.146741
v -0.786980 0.281844 -1.205648
v -0.224935 0.100000 -1.645863
v -0.629909 0.100000 -1.429058
v -0.489733 1.243328 -0.885312
v -0.180436 1.285869 -0.962042
v -0.613672 0.100000 1.329404
v -0.233876 0.100000 1.633885
v -0.127235 1.046965 1.026260
v -0.334300 1.023072 0.976627
v -0.870152 0.488770 0.721804
v -0.764226 0.743328 0.707188
v -0.948534 0.380521 0.425026
v -0.900052 0.651184 0.427134
v -0.761535 0.908988 0.427796
v -0.978699 0.548889 0.087382
v -0.898549 0.829526 0.106727
v -1.006012 0.419449 -0.265943
v -0.961531 0.727114 -0.237836
v -0.850080 0.997134 -0.194012
v -0.960371 0.598526 -0.583023
v -0.889593 0.899212 -0.525183
v -0.817777 0.352068 0.944428
v -0.765312 0.591491 0.924818
v -0.602495 0.854038 0.867805
v -0.583129 0.966897 0.704979
v -0.740371 1.068539 0.119432
v -0.748111 1.135039 -0.462024
v -0.768698 1.048829 -0.757925
v -0.860161 0.776917 -0.852790
v -0.900049 0.449259 -0.915205
v -0.983257 0.268504 -0.616856
v -1.001624 0.251017 0.075721
v -0.892020 0.232627 0.718432
v -0.436984 0.676790 -1.458802
v -0.408215 0.955702 -1.340351
v -0.194589 0.466953 -1.597223
v -0.166906 1.117541 -1.284198
v -0.620602 0.472127 -1.377633
v -0.596944 0.812163 -1.284529
v -0.537188 1.084102 -1.131356
v -0.356106 1.198534 -1.101678
v -0.433971 0.290801 -1.541319
v -0.229570 0.355224 1.615907
v -0.214499 0.573357 1.532942
v -0.180530 0.797569 1.342402
v -0.426692 0.462310 1.477679
v -0.378894 0.675632 1.369013
v -0.288578 0.919969 1.140137
v -0.455883 0.802762 1.151076
v -0.563604 0.570883 1.277601
v -0.605114 0.347333 1.327709
v -0.442371 0.228177 1.511977
v -0.182510 1.359681 -0.466924
v -0.355373 1.317460 -0.169572
v -0.170330 1.308041 0.136632
v -0.293324 1.225932 0.435158
v -0.123532 1.184746 0.709075
v -0.349800 1.314777 -0.715680
v -0.511453 1.285647 -0.446814
v -0.491685 1.231795 0.125621
v -0.364395 1.124241 0.703261
v -0.233370 1.123500 0.861911
v -0.910206 0.100000 -0.952371
v -1.016883 0.100000 -0.283858
v -0.958526 0.100000 0.414393
v -0.826671 0.100000 0.933637
v -0.224935 0.100000 -1.645863
v -0.629909 0.100000 -1.429058
v -0.613672 0.100000 1.329404
v -0.233876 0.100000 1.633885
v -0.937512 0.100000 -0.981823
v -1.047390 0.100000 -0.291067
v -0.987282 0.100000 0.429463
v -0.851471 0.100000 0.964579
v -0.231683 0.100000 -1.699718
v -0.648806 0.100000 -1.474993
v -0.632082 0.100000 1.371246
v -0.240892 0.100000 1.684816
v -0.908313 0.100000 0.723358
v -1.019991 0.100000 0.071857
v -0.750172 0.100000 1.143628
v -0.445120 0.100000 -1.590945
v -0.801634 0.100000 -1.245804
v -0.451366 0.100000 1.536922
v -1.001424 0.100000 -0.638713
v -0.030806 0.507932 1.612827
v -0.047720 0.426426 1.650834
v -0.033529 0.419916 1.682228
v -0.041964 0.510362 1.664657
v -0.028785 0.458603 1.696361
v -0.014255 0.443316 1.703575
v -0.018095 0.395677 1.665173
v -0.060431 0.477183 1.627166
v -0.028049 0.437536 1.698626
v -0.051991 0.508688 1.640832
v -0.035274 0.495080 1.679343
v -0.028456 0.521125 1.649643
v -0.016608 0.419124 1.697215
v -0.017730 0.479074 1.692659
v -0.044233 0.474170 1.682093
v -0.055200 0.463970 1.660818
v -0.043145 0.446733 1.684313
v -0.054993 0.493513 1.662499
v -0.020744 0.510375 1.672271
v -0.030941 0.458682 1.530096
v -0.048313 0.376419 1.568456
v -0.018290 0.345256 1.582987
v -0.060964 0.427519 1.544628
v -0.053267 0.475833 1.581504
v -0.057479 0.429438 1.601411
v -0.034855 0.384366 1.624156
v -0.036922 0.752792 -1.560817
v -0.089138 0.796614 -1.539070
v -0.089138 0.857691 -1.507883
v -0.036922 0.900150 -1.485497
v -0.222578 0.652400 -1.549008
v -0.262764 0.827374 -1.477724
v -0.201463 0.982036 -1.399055
v -0.484692 0.910954 0.980803
v -0.585503 1.186921 0.874606
v -0.334300 1.023072 0.976627
v -0.602495 0.854038 0.867805
v -0.583129 0.966897 0.704979
v -0.364395 1.124241 0.703261
v -0.233370 1.123500 0.861911
v -0.619808 1.132738 1.049413
v -0.593964 1.202201 1.011202
v -0.510397 1.213609 1.046565
v -0.662996 1.077056 0.997407
v -0.655912 1.142486 0.950041
v -0.513861 1.246128 0.947814
v -0.435527 1.244325 0.992775
v -0.652566 0.937056 0.814320
v -0.399520 1.247834 0.909903
v -0.633623 1.009284 1.022045
v -0.576221 1.071364 1.052629
v -0.280036 1.130409 0.972387
v -0.492140 0.971972 1.001493
v -0.390186 1.045885 0.998735
v -0.578512 1.114237 1.054933
v -0.500293 1.170048 1.052633
v -0.585378 1.030505 1.041479
v -0.341803 1.108911 1.017713
v -0.529467 0.912650 1.001178
v -0.432711 0.990507 0.988366
v -0.310578 1.073933 0.995139
v -0.562462 1.164913 1.064104
v -0.611769 1.070895 1.051894
v -0.439903 1.196804 1.046970
v -0.473231 1.047996 1.033980
v -0.493820 0.996360 1.022542
v -0.411798 1.055760 1.020310
v -0.553602 1.094550 1.059640
v -0.487706 1.141650 1.057719
v -0.557837 1.045917 1.052727
v -0.383983 1.092411 1.032115
v -0.517990 0.962118 1.020262
v -0.539483 1.137566 1.060964
v -0.451019 1.016420 1.007040
v -0.361245 1.075616 1.015993
v -0.449538 1.161934 1.048941
v -0.522668 1.103899 0.739788
v -0.680679 1.043101 0.914002
v -0.305212 1.188630 0.810292
v -0.588617 0.902598 0.979813
v -0.370461 1.203687 1.015410
v -0.549752 0.958681 1.023447
v -0.401164 1.162632 1.036204
v -0.511289 1.100114 1.057178
v -0.527579 0.988678 1.036076
v -0.430368 1.137350 1.049078
v -0.378812 1.128464 1.036112
v -0.446684 1.098430 1.046055
v -0.524122 1.042675 1.048229
v -0.339496 1.150215 1.023563
v -0.588687 0.967118 1.030551
v -0.312695 1.203803 0.929266
v -0.558811 0.998865 1.041165
v -0.654603 0.953354 0.935461
v -0.639299 1.064213 0.817186
v -0.444022 1.205410 0.815100
v -0.937512 0.000000 -0.991181
v -1.047390 0.000000 -0.295211
v -0.987282 0.000000 0.428885
v -0.851471 0.000000 0.964560
v -0.231683 0.000000 -1.714259
v -0.648806 0.000000 -1.487904
v -0.632082 0.000000 1.371246
v -0.240892 0.000000 1.684816
v -0.804232 0.000000 -0.701288
v -0.517937 0.000000 -1.189353
v -0.296121 0.000000 -0.756712
v -0.827511 0.000000 0.142967
v -0.593918 0.000000 -0.269067
v -0.309978 0.000000 0.248348
v -0.740773 0.000000 0.905648
v -0.568250 0.000000 0.660873
v -0.279904 0.000000 1.145479
v -0.495438 0.000000 1.335975
v -1.035064 0.050000 0.073067
v -0.921736 0.050000 0.735397
v -0.761258 0.050000 1.161826
v -0.458037 0.050000 1.560402
v -0.451698 0.050000 -1.623379
v -0.813481 0.050000 -1.270883
v -1.016223 0.050000 -0.651484
v 0.933028 0.517096 0.427012
v 0.841536 0.783102 0.427570
v 0.990257 0.576115 -0.254179
v 0.915540 0.868798 -0.215971
v 0.823989 0.227708 0.941055
v 0.802588 0.471499 0.939955
v 0.695407 0.718566 0.898524
v 0.675499 1.018922 0.412954
v 0.763198 1.108249 -0.177875
v 0.701884 1.149288 -0.710554
v 0.821271 0.922808 -0.807766
v 0.885542 0.617553 -0.888381
v 0.907032 0.275842 -0.935483
v 1.013487 0.260253 -0.275412
v 0.955429 0.241078 0.420464
v 0.627048 0.286686 -1.405693
v 0.613390 0.648825 -1.337111
v 0.570630 0.958898 -1.216191
v 0.507573 1.179738 -1.024399
v 0.182477 1.211435 -1.142676
v 0.221046 0.289207 -1.620317
v 0.201153 0.680470 1.455303
v 0.152153 0.927680 1.190001
v 0.394587 0.912380 1.070557
v 0.515690 0.685096 1.224638
v 0.591744 0.460501 1.310763
v 0.611050 0.226175 1.331906
v 0.232510 0.231159 1.629478
v 0.181472 1.347864 -0.172615
v 0.146170 1.249404 0.444333
v 0.180522 1.337423 -0.734151
v 0.497119 1.277651 -0.691915
v 0.514342 1.268498 -0.167267
v 0.436220 1.181950 0.415188
v 0.115383 1.125551 0.883883
v 0.987281 0.050000 0.429174
v 0.851471 0.050000 0.964570
v 0.632082 0.050000 1.371246
v 0.240892 0.050000 1.684816
v 0.231683 0.050000 -1.706988
v 0.648806 0.050000 -1.481448
v 0.937512 0.050000 -0.986502
v 1.047390 0.050000 -0.293139
v 0.972904 0.100000 0.421928
v 0.839071 0.100000 0.949108
v 0.737775 0.000000 -1.102137
v 0.228309 0.100000 -1.672791
v 0.639357 0.100000 -1.452025
v 0.622877 0.100000 1.350325
v 0.237384 0.100000 1.659350
v 0.923859 0.100000 -0.967097
v 1.032137 0.100000 -0.287462
v 0.223709 0.467559 1.585049
v 0.261048 0.732284 -1.515222
v 0.246970 0.915201 -1.433705
v 0.124404 0.618199 -1.579309
v 0.110443 1.011421 -1.394498
v 0.047190 0.494706 1.672272
v 0.015077 0.429860 1.702589
v 0.030309 0.518745 1.635711
v 0.017616 0.409527 1.686642
v 0.015692 0.460260 1.699982
v 0.037625 0.453445 1.691514
v 0.046257 0.439264 1.672772
v 0.058950 0.489008 1.649576
v 0.024643 0.518297 1.661326
v 0.019094 0.496751 1.682943
v 0.030924 0.486409 1.575709
v 0.060898 0.455297 1.590216
v 0.048239 0.404240 1.614025
v 0.018266 0.373129 1.628532
v 0.485042 1.234615 0.881410
v 0.654792 1.111459 0.883540
v 0.642194 1.144155 1.009240
v 0.517272 1.236073 1.006651
v 0.566299 1.107101 1.058461
v 0.666064 1.012785 0.970194
v 0.572168 1.034403 1.047577
v 0.367460 1.231956 0.964434
v 0.487930 0.942017 0.993201
v 0.362858 1.034303 0.989695
v 0.598316 1.122475 1.060758
v 0.504563 1.191106 1.058057
v 0.562812 0.926522 1.015853
v 0.384140 1.180675 1.035781
v 0.540042 1.071180 1.056338
v 0.469151 1.122023 1.054307
v 0.490394 0.982159 1.011466
v 0.357595 1.102458 1.026216
v 0.496274 1.157076 1.056405
v 0.399599 1.047974 1.009008
v 0.410289 1.150512 1.042942
v 0.426663 1.074234 1.033603
v 0.506815 1.016326 1.035813
v 0.308544 1.113616 1.008798
v 0.606659 1.017430 1.042093
v 0.269255 1.166386 0.895082
v 0.540244 0.970508 1.031253
v 0.631971 0.901168 0.901269
v 0.613736 1.015272 0.758485
v 0.403462 1.166906 0.756548
v 0.267866 0.000000 -1.240753
v 0.833821 0.000000 -0.282374
v 0.310126 0.000000 -0.256197
v 0.791755 0.000000 0.553960
v 0.298114 0.000000 0.732896
v 0.687367 0.000000 1.165155
v 0.260458 0.000000 1.447877
v -0.933028 0.517096 0.427012
v -0.841536 0.783102 0.427570
v -0.990257 0.576115 -0.254179
v -0.915540 0.868798 -0.215971
v -0.823989 0.227708 0.941055
v -0.802588 0.471499 0.939955
v -0.695407 0.718566 0.898524
v -0.675499 1.018922 0.412954
v -0.763198 1.108249 -0.177875
v -0.701884 1.149288 -0.710554
v -0.821271 0.922808 -0.807766
v -0.885541 0.617553 -0.888381
v -0.907032 0.275842 -0.935483
v -1.013487 0.260253 -0.275412
v -0.955429 0.241078 0.420464
v -0.627048 0.286686 -1.405693
v -0.613390 0.648825 -1.337111
v -0.570630 0.958898 -1.216191
v -0.507573 1.179738 -1.024399
v -0.182477 1.211435 -1.142676
v -0.221046 0.289207 -1.620317
v -0.201153 0.680470 1.455303
v -0.152153 0.927680 1.190001
v -0.394587 0.912380 1.070557
v -0.515690 0.685096 1.224638
v -0.591744 0.460501 1.310763
v -0.611050 0.226175 1.331906
v -0.232510 0.231159 1.629478
v -0.181472 1.347864 -0.172615
v -0.146170 1.249404 0.444333
v -0.180522 1.337423 -0.734151
v -0.497119 1.277651 -0.691915
v -0.514342 1.268498 -0.167267
v -0.436220 1.181950 0.415188
v -0.115383 1.125551 0.883883
v -0.987281 0.050000 0.429174
v -0.851471 0.050000 0.964570
v -0.632082 0.050000 1.371246
v -0.240892 0.050000 1.684816
v -0.231683 0.050000 -1.706988
v -0.648806 0.050000 -1.481448
v -0.937512 0.050000 -0.986502
v -1.047390 0.050000 -0.293139
v -0.972904 0.100000 0.421928
v -0.839071 0.100000 0.949108
v -0.737775 0.000000 -1.102137
v -0.228309 0.100000 -1.672791
v -0.639357 0.100000 -1.452025
v -0.622877 0.100000 1.350325
v -0.237384 0.100000 1.659350
v -0.923859 0.100000 -0.967097
v -1.032136 0.100000 -0.287462
v -0.223709 0.467559 1.585049
v -0.261048 0.732284 -1.515221
v -0.246970 0.915201 -1.433705
v -0.124404 0.618199 -1.579309
v -0.110443 1.011421 -1.394498
v -0.047190 0.494706 1.672272
v -0.015077 0.429860 1.702589
v -0.030309 0.518745 1.635711
v -0.017616 0.409527 1.686642
v -0.015692 0.460260 1.699982
v -0.037625 0.453445 1.691514
v -0.046257 0.439264 1.672772
v -0.058950 0.489008 1.649576
v -0.024643 0.518297 1.661326
v -0.019094 0.496751 1.682943
v -0.030924 0.486409 1.575709
v -0.060898 0.455297 1.590216
v -0.048239 0.404240 1.614025
v -0.018266 0.373129 1.628532
v -0.485042 1.234615 0.881410
v -0.654792 1.111459 0.883540
v -0.642194 1.144155 1.009240
v -0.517272 1.236073 1.006651
v -0.566299 1.107101 1.058461
v -0.666064 1.012785 0.970194
v -0.572168 1.034403 1.047577
v -0.367460 1.231956 0.964434
v -0.487930 0.942017 0.993201
v -0.362858 1.034303 0.989695
v -0.598316 1.122475 1.060758
v -0.504563 1.191106 1.058057
v -0.562812 0.926522 1.015853
v -0.384140 1.180675 1.035781
v -0.540042 1.071180 1.056338
v -0.469151 1.122023 1.054307
v -0.490394 0.982159 1.011466
v -0.357595 1.102459 1.026216
v -0.496274 1.157076 1.056405
v -0.399599 1.047974 1.009008
v -0.410289 1.150512 1.042942
v -0.426663 1.074234 1.033603
v -0.506815 1.016327 1.035813
v -0.308544 1.113616 1.008798
v -0.606659 1.017430 1.042093
v -0.269255 1.166386 0.895082
v -0.540244 0.970508 1.031253
v -0.631971 0.901167 0.901269
v -0.613736 1.015272 0.758485
v -0.403462 1.166906 0.756548
v -0.267866 0.000000 -1.240753
v -0.833821 0.000000 -0.282374
v -0.310126 0.000000 -0.256197
v -0.791755 0.000000 0.553960
v -0.298114 0.000000 0.732896
v -0.687367 0.000000 1.165155
v -0.260458 0.000000 1.447877
vn 0.9637 0.0795 0.2548
vn 0.9817 0.0757 0.1749
vn 0.9670 0.1724 0.1878
vn 0.9430 0.1982 0.2673
vn 0.9934 0.0736 0.0875
vn 0.9834 0.1530 0.0978
vn 0.9548 0.2713 0.1214
vn 0.9236 0.3160 0.2170
vn 0.8834 0.3674 0.2907
vn 0.8515 0.4572 0.2570
vn 0.8010 0.5068 0.3185
vn 0.9005 0.4059 0.1562
vn 0.8207 0.5397 0.1876
vn 0.7725 0.5665 0.2868
vn 0.7420 0.5796 0.3368
vn 0.9968 0.0758 -0.0240
vn 0.9890 0.1469 -0.0167
vn 0.9836 0.0854 -0.1586
vn 0.9761 0.1545 -0.1530
vn 0.9571 0.2543 -0.1390
vn 0.9678 0.2516 -0.0000
vn 0.9238 0.3820 0.0273
vn 0.9181 0.3799 -0.1133
vn 0.8459 0.5279 -0.0761
vn 0.8458 0.5302 0.0588
vn 0.8822 -0.0015 0.4709
vn 0.9356 0.0006 0.3530
vn 0.9339 0.0195 0.3569
vn 0.8792 0.0212 0.4759
vn 0.9683 0.0077 0.2496
vn 0.9676 0.0239 0.2515
vn 0.9285 0.0850 0.3614
vn 0.8707 0.0976 0.4819
vn 0.9027 0.2222 0.3685
vn 0.8418 0.2447 0.4810
vn 0.8341 0.4060 0.3734
vn 0.7758 0.4282 0.4635
vn 0.7545 0.5366 0.3779
vn 0.7010 0.5574 0.4447
vn 0.7232 0.5753 0.3821
vn 0.6591 0.6020 0.4508
vn 0.6762 0.6760 0.2929
vn 0.6676 0.6698 0.3250
vn 0.7046 0.6799 0.2031
vn 0.5469 0.8128 0.2006
vn 0.5444 0.7907 0.2800
vn 0.5414 0.7818 0.3093
vn 0.7195 0.6892 0.0852
vn 0.7204 0.6928 -0.0339
vn 0.5412 0.8409 -0.0041
vn 0.5472 0.8312 0.0987
vn 0.8152 0.5331 -0.2265
vn 0.7050 0.6899 -0.1645
vn 0.7176 0.5700 -0.4002
vn 0.6173 0.7179 -0.3216
vn 0.5013 0.8359 -0.2236
vn 0.5270 0.8422 -0.1135
vn 0.9145 0.2734 -0.2984
vn 0.8784 0.3939 -0.2705
vn 0.8179 0.3092 -0.4853
vn 0.7802 0.4327 -0.4517
vn 0.9422 0.1039 -0.3187
vn 0.9336 0.1745 -0.3131
vn 0.8470 0.1313 -0.5151
vn 0.8379 0.2052 -0.5058
vn 0.9861 0.0325 -0.1628
vn 0.9452 0.0487 -0.3229
vn 0.9457 0.0620 -0.3191
vn 0.9861 0.0454 -0.1598
vn 0.8502 0.0733 -0.5213
vn 0.8519 0.0876 -0.5163
vn 0.9964 0.0181 0.0825
vn 0.9993 0.0231 -0.0287
vn 0.9990 0.0360 -0.0264
vn 0.9959 0.0314 0.0844
vn 0.9853 0.0138 0.1702
vn 0.9848 0.0282 0.1717
vn 0.6796 0.1014 -0.7265
vn 0.6803 0.1190 -0.7232
vn 0.4618 0.1226 -0.8785
vn 0.4622 0.1389 -0.8758
vn 0.4336 0.1857 -0.8818
vn 0.6739 0.1597 -0.7213
vn 0.6735 0.2338 -0.7012
vn 0.4781 0.2623 -0.8382
vn 0.4691 0.3857 -0.7944
vn 0.6576 0.3517 -0.6663
vn 0.6108 0.4916 -0.6207
vn 0.4224 0.5279 -0.7368
vn 0.3192 0.6901 -0.6495
vn 0.5343 0.6398 -0.5525
vn 0.4397 0.7863 -0.4341
vn 0.2643 0.8396 -0.4746
vn 0.2111 0.9335 -0.2897
vn 0.3535 0.8961 -0.2683
vn 0.1387 0.7533 -0.6429
vn 0.1211 0.8706 -0.4769
vn -0.0000 0.7692 -0.6390
vn -0.0000 0.8805 -0.4740
vn -0.0000 0.9520 -0.3060
vn 0.0982 0.9483 -0.3017
vn 0.2321 0.1336 -0.9635
vn 0.2325 0.1428 -0.9621
vn -0.0000 0.1370 -0.9906
vn -0.0000 0.1427 -0.9898
vn -0.0000 0.1605 -0.9870
vn 0.2168 0.1701 -0.9613
vn -0.0000 0.5296 0.8483
vn 0.2743 0.5114 0.8144
vn 0.2405 0.6382 0.7313
vn -0.0000 0.6540 0.7565
vn 0.5235 0.4729 0.7087
vn 0.4660 0.6036 0.6469
vn 0.4047 0.6924 0.5973
vn 0.2074 0.7262 0.6555
vn -0.0000 0.7387 0.6740
vn 0.1731 0.7823 0.5983
vn -0.0000 0.7937 0.6082
vn 0.3292 0.7498 0.5740
vn 0.2012 0.8245 0.5289
vn 0.1274 0.8369 0.5323
vn -0.0000 0.8479 0.5302
vn 0.5624 0.6453 0.5169
vn 0.4790 0.6881 0.5450
vn 0.5674 0.6405 0.5175
vn 0.4855 0.6721 0.5591
vn 0.3879 0.7269 0.5667
vn 0.6915 0.4435 0.5702
vn 0.6235 0.5745 0.5303
vn 0.6004 0.1550 0.7845
vn 0.7789 0.1219 0.6152
vn 0.7485 0.2719 0.6048
vn 0.5709 0.3109 0.7599
vn 0.6207 0.0193 0.7838
vn 0.7963 0.0057 0.6049
vn 0.7914 0.0332 0.6104
vn 0.6150 0.0523 0.7868
vn -0.0000 0.0385 0.9993
vn 0.3381 0.0328 0.9405
vn 0.3344 0.0700 0.9398
vn -0.0000 0.0773 0.9970
vn 0.3241 0.1847 0.9278
vn -0.0000 0.1968 0.9804
vn -0.0000 0.9997 -0.0248
vn -0.0000 0.9964 0.0843
vn 0.1120 0.9900 0.0862
vn 0.1063 0.9941 -0.0204
vn -0.0000 0.9868 0.1617
vn 0.1120 0.9802 0.1632
vn 0.2361 0.9566 0.1708
vn 0.2299 0.9689 0.0917
vn 0.2190 0.9757 -0.0095
vn -0.0000 0.9758 0.2186
vn 0.1048 0.9702 0.2185
vn -0.0000 0.9589 0.2837
vn 0.0862 0.9576 0.2749
vn 0.1795 0.9445 0.2751
vn 0.2440 0.9430 0.2263
vn -0.0000 0.9876 -0.1571
vn 0.0977 0.9837 -0.1508
vn 0.2045 0.9696 -0.1344
vn 0.3390 0.9340 -0.1125
vn 0.3595 0.9331 0.0008
vn 0.3718 0.9231 0.0984
vn 0.3805 0.9059 0.1860
vn 0.3990 0.8818 0.2515
vn 0.3960 0.8781 0.2686
vn -0.0000 0.9148 0.4039
vn 0.0758 0.9131 0.4006
vn 0.1039 0.9155 0.3886
vn -0.9965 0.0013 -0.0841
vn -0.9965 0.0013 -0.0834
vn -0.9852 0.0012 -0.1713
vn -0.9852 0.0012 -0.1715
vn -0.9966 0.0013 -0.0828
vn -0.9853 0.0012 -0.1710
vn -0.9679 0.0005 -0.2514
vn -0.9679 0.0005 -0.2515
vn -0.9678 0.0005 -0.2515
vn -0.9348 0.0001 -0.3553
vn -0.9347 0.0001 -0.3553
vn -0.8819 -0.0000 -0.4713
vn -0.8819 -0.0000 -0.4714
vn -0.7971 -0.0000 -0.6038
vn -0.6238 -0.0000 -0.7816
vn -0.3424 -0.0000 -0.9396
vn -0.0000 -0.0000 -1.0000
vn -0.0000 -0.1446 0.9895
vn -0.2367 -0.1389 0.9616
vn -0.2388 -0.1388 0.9611
vn -0.2344 -0.1390 0.9622
vn -0.4663 -0.1218 0.8762
vn -0.4705 -0.1214 0.8740
vn -0.4745 -0.1209 0.8719
vn -0.6902 -0.0924 0.7177
vn -0.6952 -0.0916 0.7130
vn -0.6849 -0.0933 0.7226
vn -0.8539 -0.0594 0.5170
vn -0.8576 -0.0584 0.5110
vn -0.8612 -0.0575 0.5050
vn -0.9485 -0.0301 0.3154
vn -0.9499 -0.0295 0.3110
vn -0.9470 -0.0307 0.3197
vn -0.9869 -0.0120 0.1609
vn -0.9874 -0.0117 0.1581
vn -0.9878 -0.0115 0.1553
vn -0.9996 -0.0019 0.0266
vn -0.9997 -0.0018 0.0250
vn -0.9996 -0.0020 0.0281
vn -0.0000 -1.0000 -0.0000
vn -0.0000 1.0000 -0.0000
vn 0.3042 0.3505 0.8858
vn -0.0000 0.3675 0.9300
vn 0.2096 0.2580 -0.9432
vn 0.2431 0.3173 -0.9166
vn 0.3134 0.2999 -0.9010
vn 0.2771 0.2360 -0.9314
vn 0.2432 0.4141 -0.8771
vn 0.3094 0.4081 -0.8589
vn 0.2058 0.5121 -0.8339
vn 0.2714 0.5237 -0.8075
vn 0.1545 0.5678 -0.8086
vn 0.2103 0.6068 -0.7665
vn -0.0000 0.1958 -0.9806
vn 0.1287 0.2152 -0.9680
vn 0.1668 0.2028 -0.9649
vn -0.0000 0.1839 -0.9829
vn 0.0896 0.5957 -0.7982
vn 0.1141 0.6439 -0.7566
vn -0.0000 0.6071 -0.7946
vn -0.0000 0.6564 -0.7544
vn 0.8826 0.0021 0.4701
vn 0.8820 0.2653 0.3896
vn 0.6500 0.3657 0.6661
vn 0.6760 0.1786 0.7149
vn 0.6635 0.7173 0.2125
vn 0.4731 0.6926 0.5445
vn 0.3035 0.6198 0.7237
vn 0.3712 0.4539 0.8101
vn 0.4087 0.3236 0.8534
vn -0.0000 -0.6007 0.7995
vn 0.3298 -0.5535 0.7647
vn 0.2520 -0.2515 0.9345
vn -0.0000 -0.2693 0.9631
vn 0.6634 -0.3758 0.6471
vn 0.5303 -0.1383 0.8365
vn 0.3797 0.0758 0.9220
vn 0.1855 0.0569 0.9810
vn -0.0000 0.0555 0.9985
vn 0.7613 0.5800 -0.2898
vn 0.2919 0.8483 -0.4418
vn 0.2828 0.9201 -0.2712
vn 0.7498 0.6500 -0.1237
vn -0.0000 0.8869 -0.4620
vn -0.0000 0.9561 -0.2930
vn -0.0000 0.9990 0.0446
vn 0.2468 0.9662 0.0739
vn -0.0000 -0.8444 0.5357
vn 0.3831 -0.7792 0.4960
vn 0.3697 -0.7282 0.5771
vn -0.0000 -0.7892 0.6141
vn 0.7336 -0.5694 0.3710
vn 0.7217 -0.5219 0.4547
vn 0.4159 0.2059 0.8858
vn 0.1813 0.2683 0.9461
vn 0.1824 0.3991 0.8986
vn -0.0000 0.4199 0.9076
vn -0.0000 0.2730 0.9620
vn 0.8353 -0.1598 0.5261
vn 0.6665 0.0385 0.7445
vn 0.9089 -0.3418 0.2390
vn 0.8993 -0.2912 0.3264
vn 0.9744 -0.1741 0.1423
vn 0.9617 -0.1249 0.2440
vn 0.9946 0.1024 -0.0184
vn 0.9814 0.1567 0.1112
vn 0.1740 0.8803 0.4413
vn -0.0000 0.9060 0.4233
vn -0.0000 0.7237 0.6901
vn 0.1318 0.7009 0.7010
vn 0.1530 0.5283 0.8351
vn -0.0000 0.5566 0.8308
vn 0.2964 0.8215 -0.4872
vn -0.0000 0.8602 -0.5099
vn 0.7617 0.5581 -0.3292
vn 0.7742 0.5411 -0.3285
vn 0.2981 0.8157 -0.4957
vn -0.0000 0.8546 -0.5193
vn 0.9945 0.0924 -0.0485
vn 0.9758 -0.1838 0.1189
vn 0.9744 -0.1912 0.1183
vn 0.9964 0.0734 -0.0432
vn 0.9091 -0.3530 0.2211
vn 0.7346 -0.5773 0.3565
vn 0.7271 -0.5854 0.3587
vn 0.9068 -0.3591 0.2207
vn 0.3869 -0.7855 0.4830
vn -0.0000 -0.8519 0.5236
vn -0.0000 -0.8529 0.5221
vn 0.3763 -0.7901 0.4838
vn 0.4744 0.6343 -0.6104
vn 0.1322 0.8272 -0.5462
vn 0.2081 0.8968 -0.3905
vn 0.5386 0.7191 -0.4391
vn -0.3136 0.9112 -0.2672
vn -0.1786 0.9740 -0.1393
vn -0.0227 0.9995 0.0218
vn 0.2649 0.9622 -0.0634
vn 0.5966 0.7968 -0.0954
vn 0.9768 -0.1073 -0.1851
vn 0.7843 0.3343 -0.5225
vn 0.8296 0.4263 -0.3605
vn 0.9978 0.0287 -0.0591
vn 0.8684 0.4950 -0.0296
vn 0.9805 0.1732 0.0931
vn 0.7029 -0.0682 0.7080
vn 0.9159 0.0416 0.3993
vn 0.8255 0.4262 0.3700
vn 0.6333 0.2497 0.7325
vn 0.5646 0.7568 0.3294
vn 0.4031 0.5510 0.7307
vn -0.1408 0.9274 0.3465
vn 0.2159 0.9158 0.3386
vn -0.2026 0.7000 0.6848
vn 0.0916 0.6927 0.7154
vn 0.3439 -0.1196 0.9314
vn 0.2711 0.0189 0.9624
vn 0.2114 -0.0060 0.9774
vn 0.2916 -0.1225 0.9487
vn 0.1205 0.1843 0.9754
vn 0.0686 0.1271 0.9895
vn -0.0378 -0.0182 0.9991
vn 0.0661 -0.0837 0.9943
vn 0.1472 -0.1304 0.9805
vn 0.6320 -0.5015 0.5908
vn 0.8664 -0.4291 0.2555
vn 0.9096 -0.2450 0.3355
vn 0.6894 -0.3119 0.6538
vn 0.2599 -0.3736 0.8904
vn 0.3456 -0.2345 0.9086
vn 0.2621 -0.2200 0.9396
vn 0.1544 -0.3255 0.9328
vn 0.0649 -0.1830 0.9810
vn -0.0744 -0.2437 0.9670
vn -0.6346 0.7522 0.1775
vn -0.4432 0.8565 0.2644
vn -0.6678 0.4977 0.5535
vn -0.4702 0.6260 0.6221
vn -0.3464 -0.2833 0.8943
vn -0.3186 -0.2228 0.9213
vn -0.3253 -0.3231 0.8887
vn -0.1913 -0.5620 0.8047
vn -0.2162 -0.2501 0.9438
vn -0.2306 -0.2726 0.9341
vn -0.2471 -0.2958 0.9227
vn -0.3034 -0.5159 0.8011
vn 0.2577 -0.7703 0.5833
vn -0.1686 -0.3401 0.9251
vn -0.2522 -0.3850 0.8878
vn -0.2237 -0.3865 0.8947
vn -0.4990 -0.3607 0.7880
vn -0.8265 -0.0293 0.5622
vn -0.4244 -0.4486 0.7865
vn -0.1852 -0.2167 0.9585
vn -0.1838 -0.2221 0.9576
vn 0.1682 -0.0342 0.9852
vn 0.0573 0.1071 0.9926
vn -0.1755 -0.1852 0.9669
vn 0.2058 -0.1548 0.9663
vn -0.1620 -0.1814 0.9700
vn -0.1876 -0.2052 0.9606
vn -0.0874 0.1711 0.9814
vn -0.1962 0.1977 0.9604
vn -0.1005 -0.2044 0.9737
vn -0.1863 -0.2819 0.9412
vn 0.0791 -0.5254 0.8472
vn 0.2144 -0.3746 0.9021
vn 0.4624 -0.6896 0.5573
vn -0.2120 -0.1149 0.9705
vn -0.1561 -0.1280 0.9794
vn -0.3178 0.2020 0.9264
vn -0.4499 0.1379 0.8824
vn -0.2055 -0.2441 0.9477
vn -0.2071 -0.2163 0.9541
vn -0.0814 -0.1578 0.9841
vn -0.1309 -0.1445 0.9808
vn -0.2242 -0.1346 0.9652
vn -0.1778 -0.2403 0.9543
vn -0.1497 -0.1094 0.9827
vn -0.1939 0.0114 0.9810
vn -0.1113 0.0511 0.9925
vn -0.1558 0.1036 0.9823
vn -0.5151 -0.6715 0.5327
vn -0.5999 -0.6125 0.5147
vn -0.5672 -0.5407 0.6212
vn -0.4639 -0.6062 0.6460
vn -0.3391 -0.6323 0.6965
vn -0.4076 -0.5635 0.7185
vn -0.4203 -0.3919 0.8184
vn -0.4562 -0.3849 0.8023
vn -0.3607 -0.4585 0.8122
vn -0.4259 0.1275 0.8957
vn -0.5172 -0.1622 0.8403
vn -0.4397 -0.1930 0.8771
vn -0.3496 0.0475 0.9357
vn -0.5150 -0.4930 0.7013
vn -0.4302 -0.5439 0.7205
vn -0.2866 -0.4912 0.8226
vn -0.2618 -0.3037 0.9161
vn -0.0512 0.2969 0.9535
vn -0.0666 0.2238 0.9724
vn -0.1865 0.3206 0.9287
vn -0.1739 0.2568 0.9507
vn -0.4287 -0.7280 0.5350
vn -0.3762 -0.6714 0.6385
vn -0.2734 -0.5176 0.8107
vn -0.3110 0.2684 0.9117
vn -0.2678 0.1883 0.9449
vn -0.2088 -0.3716 0.9046
vn -0.2764 -0.3403 0.8988
vn -0.3321 -0.2783 0.9013
vn -0.2383 -0.3178 0.9177
vn -0.2675 -0.2352 0.9344
vn -0.5694 -0.0635 0.8196
vn -0.8178 0.2390 0.5234
vn -0.1289 -0.1598 0.9787
vn 0.2314 -0.2507 0.9400
vn -0.4301 0.8226 -0.3719
vn -0.8313 0.5427 0.1201
vn -0.7862 0.5996 0.1494
vn -0.4173 0.8460 -0.3319
vn 0.0098 -0.5425 0.8400
vn -0.0451 -0.4664 0.8834
vn 0.7458 -0.6400 0.1849
vn 0.7788 -0.5886 0.2168
vn 0.9231 -0.2266 -0.3106
vn 0.9415 -0.2160 -0.2586
vn 0.7246 0.2468 -0.6435
vn 0.7451 0.2658 -0.6117
vn 0.4096 0.5586 -0.7213
vn 0.4300 0.5771 -0.6943
vn 0.0516 0.7552 -0.6535
vn 0.0749 0.7746 -0.6280
vn -0.9637 0.0795 0.2548
vn -0.9430 0.1982 0.2673
vn -0.9670 0.1724 0.1878
vn -0.9817 0.0757 0.1749
vn -0.8834 0.3674 0.2907
vn -0.9236 0.3160 0.2170
vn -0.9548 0.2713 0.1214
vn -0.9834 0.1530 0.0978
vn -0.9934 0.0736 0.0875
vn -0.8010 0.5068 0.3185
vn -0.8515 0.4572 0.2570
vn -0.7420 0.5796 0.3368
vn -0.7725 0.5665 0.2868
vn -0.8207 0.5397 0.1876
vn -0.9005 0.4059 0.1562
vn -0.9890 0.1469 -0.0167
vn -0.9968 0.0758 -0.0240
vn -0.9678 0.2516 -0.0000
vn -0.9571 0.2543 -0.1390
vn -0.9761 0.1545 -0.1530
vn -0.9836 0.0854 -0.1586
vn -0.9238 0.3820 0.0273
vn -0.8458 0.5302 0.0588
vn -0.8459 0.5279 -0.0761
vn -0.9181 0.3799 -0.1133
vn -0.8822 -0.0015 0.4709
vn -0.8792 0.0212 0.4759
vn -0.9339 0.0195 0.3569
vn -0.9356 0.0006 0.3530
vn -0.8707 0.0976 0.4819
vn -0.9285 0.0850 0.3614
vn -0.9676 0.0239 0.2515
vn -0.9683 0.0077 0.2496
vn -0.8418 0.2447 0.4810
vn -0.9027 0.2222 0.3685
vn -0.7758 0.4282 0.4635
vn -0.8341 0.4060 0.3734
vn -0.7010 0.5574 0.4447
vn -0.7545 0.5366 0.3779
vn -0.6591 0.6020 0.4508
vn -0.7232 0.5753 0.3821
vn -0.6676 0.6698 0.3250
vn -0.6762 0.6760 0.2929
vn -0.5414 0.7818 0.3093
vn -0.5444 0.7907 0.2800
vn -0.5469 0.8128 0.2006
vn -0.7046 0.6799 0.2031
vn -0.7195 0.6892 0.0852
vn -0.5472 0.8312 0.0987
vn -0.5412 0.8409 -0.0041
vn -0.7204 0.6928 -0.0339
vn -0.7050 0.6899 -0.1645
vn -0.8152 0.5331 -0.2265
vn -0.5270 0.8422 -0.1135
vn -0.5013 0.8359 -0.2236
vn -0.6173 0.7179 -0.3216
vn -0.7176 0.5700 -0.4002
vn -0.8784 0.3939 -0.2705
vn -0.9145 0.2734 -0.2984
vn -0.7802 0.4327 -0.4517
vn -0.8179 0.3092 -0.4853
vn -0.9336 0.1745 -0.3131
vn -0.9422 0.1039 -0.3187
vn -0.8379 0.2052 -0.5058
vn -0.8470 0.1313 -0.5151
vn -0.9861 0.0325 -0.1628
vn -0.9861 0.0454 -0.1598
vn -0.9457 0.0620 -0.3191
vn -0.9452 0.0487 -0.3229
vn -0.8519 0.0876 -0.5163
vn -0.8502 0.0733 -0.5213
vn -0.9964 0.0181 0.0825
vn -0.9959 0.0314 0.0844
vn -0.9990 0.0360 -0.0264
vn -0.9993 0.0231 -0.0287
vn -0.9848 0.0282 0.1717
vn -0.9853 0.0138 0.1702
vn -0.6803 0.1190 -0.7232
vn -0.6796 0.1014 -0.7265
vn -0.6739 0.1597 -0.7213
vn -0.4336 0.1857 -0.8818
vn -0.4622 0.1389 -0.8758
vn -0.4618 0.1226 -0.8785
vn -0.6735 0.2338 -0.7012
vn -0.6576 0.3517 -0.6663
vn -0.4691 0.3857 -0.7944
vn -0.4781 0.2623 -0.8382
vn -0.6108 0.4916 -0.6207
vn -0.5343 0.6398 -0.5525
vn -0.3192 0.6901 -0.6495
vn -0.4224 0.5279 -0.7368
vn -0.4397 0.7863 -0.4341
vn -0.3535 0.8961 -0.2683
vn -0.2112 0.9335 -0.2897
vn -0.2643 0.8396 -0.4746
vn -0.1211 0.8706 -0.4769
vn -0.1387 0.7533 -0.6429
vn -0.0982 0.9483 -0.3017
vn -0.2325 0.1428 -0.9621
vn -0.2321 0.1336 -0.9635
vn -0.2168 0.1701 -0.9613
vn -0.2405 0.6382 0.7313
vn -0.2743 0.5114 0.8144
vn -0.2074 0.7262 0.6555
vn -0.4047 0.6924 0.5973
vn -0.4660 0.6036 0.6469
vn -0.5235 0.4729 0.7087
vn -0.1731 0.7823 0.5983
vn -0.1274 0.8369 0.5323
vn -0.2012 0.8245 0.5289
vn -0.3292 0.7498 0.5740
vn -0.4790 0.6881 0.5450
vn -0.5624 0.6453 0.5169
vn -0.3879 0.7269 0.5667
vn -0.4855 0.6721 0.5591
vn -0.5674 0.6405 0.5175
vn -0.6235 0.5745 0.5303
vn -0.6915 0.4435 0.5702
vn -0.6004 0.1550 0.7845
vn -0.5709 0.3109 0.7599
vn -0.7485 0.2719 0.6048
vn -0.7789 0.1219 0.6152
vn -0.6207 0.0193 0.7838
vn -0.6150 0.0523 0.7868
vn -0.7914 0.0332 0.6104
vn -0.7963 0.0057 0.6049
vn -0.3344 0.0700 0.9398
vn -0.3381 0.0328 0.9405
vn -0.3241 0.1847 0.9278
vn -0.1063 0.9941 -0.0204
vn -0.1120 0.9900 0.0862
vn -0.2190 0.9757 -0.0095
vn -0.2299 0.9689 0.0917
vn -0.2361 0.9566 0.1708
vn -0.1120 0.9802 0.1632
vn -0.1048 0.9702 0.2185
vn -0.2440 0.9430 0.2263
vn -0.1795 0.9445 0.2751
vn -0.0862 0.9576 0.2749
vn -0.0977 0.9837 -0.1508
vn -0.2045 0.9696 -0.1344
vn -0.3390 0.9340 -0.1125
vn -0.3595 0.9331 0.0008
vn -0.3718 0.9231 0.0984
vn -0.3805 0.9059 0.1860
vn -0.3990 0.8818 0.2515
vn -0.3960 0.8781 0.2686
vn -0.0758 0.9131 0.4006
vn -0.1039 0.9155 0.3886
vn 0.9965 0.0013 -0.0841
vn 0.9852 0.0012 -0.1715
vn 0.9852 0.0012 -0.1713
vn 0.9965 0.0013 -0.0834
vn 0.9678 0.0005 -0.2515
vn 0.9679 0.0005 -0.2515
vn 0.9679 0.0005 -0.2514
vn 0.9853 0.0012 -0.1710
vn 0.9966 0.0013 -0.0828
vn 0.9347 0.0001 -0.3553
vn 0.9348 0.0001 -0.3553
vn 0.8819 -0.0000 -0.4714
vn 0.8819 -0.0000 -0.4713
vn 0.7971 -0.0000 -0.6038
vn 0.6238 -0.0000 -0.7816
vn 0.3424 -0.0000 -0.9396
vn 0.2388 -0.1388 0.9611
vn 0.2367 -0.1389 0.9616
vn 0.4745 -0.1209 0.8719
vn 0.4705 -0.1214 0.8740
vn 0.4663 -0.1218 0.8762
vn 0.2344 -0.1390 0.9622
vn 0.6952 -0.0916 0.7130
vn 0.6902 -0.0924 0.7177
vn 0.8612 -0.0575 0.5050
vn 0.8576 -0.0584 0.5110
vn 0.8539 -0.0594 0.5170
vn 0.6849 -0.0933 0.7226
vn 0.9499 -0.0295 0.3110
vn 0.9485 -0.0301 0.3154
vn 0.9878 -0.0115 0.1553
vn 0.9874 -0.0117 0.1581
vn 0.9869 -0.0120 0.1609
vn 0.9470 -0.0307 0.3197
vn 0.9997 -0.0018 0.0250
vn 0.9996 -0.0019 0.0266
vn 0.9996 -0.0020 0.0281
vn -0.3042 0.3505 0.8858
vn -0.2096 0.2580 -0.9432
vn -0.2771 0.2360 -0.9314
vn -0.3134 0.2999 -0.9010
vn -0.2431 0.3173 -0.9166
vn -0.3094 0.4081 -0.8589
vn -0.2432 0.4141 -0.8771
vn -0.2714 0.5237 -0.8075
vn -0.2058 0.5121 -0.8339
vn -0.2103 0.6068 -0.7665
vn -0.1545 0.5678 -0.8086
vn -0.1668 0.2028 -0.9649
vn -0.1287 0.2152 -0.9680
vn -0.1141 0.6439 -0.7566
vn -0.0896 0.5957 -0.7982
vn -0.8826 0.0021 0.4701
vn -0.6760 0.1786 0.7149
vn -0.6501 0.3657 0.6661
vn -0.8820 0.2653 0.3896
vn -0.4087 0.3236 0.8534
vn -0.3712 0.4539 0.8101
vn -0.3035 0.6198 0.7237
vn -0.4731 0.6926 0.5445
vn -0.6635 0.7173 0.2125
vn -0.2520 -0.2515 0.9345
vn -0.3298 -0.5535 0.7647
vn -0.1855 0.0569 0.9810
vn -0.3797 0.0759 0.9220
vn -0.5303 -0.1383 0.8365
vn -0.6634 -0.3758 0.6471
vn -0.7613 0.5800 -0.2898
vn -0.7498 0.6500 -0.1237
vn -0.2828 0.9201 -0.2712
vn -0.2919 0.8483 -0.4418
vn -0.2468 0.9662 0.0739
vn -0.3697 -0.7282 0.5771
vn -0.3831 -0.7792 0.4960
vn -0.7217 -0.5219 0.4547
vn -0.7336 -0.5694 0.3710
vn -0.1813 0.2683 0.9461
vn -0.4159 0.2059 0.8858
vn -0.1824 0.3991 0.8986
vn -0.6665 0.0385 0.7445
vn -0.8353 -0.1598 0.5261
vn -0.8993 -0.2912 0.3264
vn -0.9089 -0.3418 0.2390
vn -0.9617 -0.1249 0.2440
vn -0.9744 -0.1741 0.1423
vn -0.9814 0.1567 0.1112
vn -0.9946 0.1024 -0.0184
vn -0.1740 0.8803 0.4413
vn -0.1318 0.7009 0.7010
vn -0.1530 0.5283 0.8351
vn -0.2964 0.8215 -0.4872
vn -0.2981 0.8157 -0.4957
vn -0.7742 0.5411 -0.3285
vn -0.7617 0.5581 -0.3292
vn -0.9945 0.0924 -0.0485
vn -0.9964 0.0734 -0.0432
vn -0.9744 -0.1912 0.1183
vn -0.9758 -0.1838 0.1189
vn -0.9091 -0.3530 0.2211
vn -0.9068 -0.3591 0.2207
vn -0.7271 -0.5854 0.3587
vn -0.7346 -0.5773 0.3565
vn -0.3869 -0.7855 0.4830
vn -0.3763 -0.7901 0.4838
vn -0.4744 0.6343 -0.6104
vn -0.5386 0.7191 -0.4391
vn -0.2081 0.8968 -0.3905
vn -0.1322 0.8272 -0.5462
vn -0.5966 0.7968 -0.0954
vn -0.2649 0.9622 -0.0634
vn 0.0227 0.9995 0.0218
vn 0.1786 0.9740 -0.1393
vn 0.3136 0.9112 -0.2672
vn -0.9768 -0.1073 -0.1851
vn -0.9978 0.0287 -0.0591
vn -0.8296 0.4263 -0.3605
vn -0.7843 0.3343 -0.5226
vn -0.9805 0.1732 0.0931
vn -0.8684 0.4950 -0.0296
vn -0.7029 -0.0682 0.7080
vn -0.6333 0.2497 0.7325
vn -0.8255 0.4262 0.3700
vn -0.9159 0.0416 0.3993
vn -0.4031 0.5510 0.7307
vn -0.5646 0.7568 0.3294
vn -0.2159 0.9158 0.3386
vn 0.1408 0.9274 0.3465
vn -0.0916 0.6927 0.7154
vn 0.2026 0.7000 0.6848
vn -0.3439 -0.1196 0.9314
vn -0.2916 -0.1225 0.9487
vn -0.2114 -0.0060 0.9774
vn -0.2711 0.0189 0.9624
vn -0.1472 -0.1304 0.9805
vn -0.0661 -0.0837 0.9943
vn 0.0378 -0.0182 0.9991
vn -0.0686 0.1271 0.9895
vn -0.1205 0.1843 0.9754
vn -0.6320 -0.5015 0.5908
vn -0.6894 -0.3119 0.6538
vn -0.9096 -0.2450 0.3355
vn -0.8664 -0.4291 0.2555
vn -0.2599 -0.3736 0.8904
vn -0.1544 -0.3255 0.9328
vn -0.2621 -0.2200 0.9396
vn -0.3455 -0.2345 0.9086
vn 0.0744 -0.2437 0.9670
vn -0.0649 -0.1830 0.9810
vn 0.4432 0.8565 0.2644
vn 0.6346 0.7522 0.1775
vn 0.4702 0.6260 0.6221
vn 0.6678 0.4977 0.5535
vn 0.3464 -0.2833 0.8943
vn 0.1913 -0.5620 0.8047
vn 0.3253 -0.3231 0.8887
vn 0.3186 -0.2228 0.9213
vn -0.2577 -0.7703 0.5833
vn 0.3034 -0.5159 0.8011
vn 0.2471 -0.2958 0.9227
vn 0.2306 -0.2726 0.9341
vn 0.2162 -0.2501 0.9438
vn 0.2522 -0.3850 0.8878
vn 0.1686 -0.3401 0.9251
vn 0.4244 -0.4486 0.7865
vn 0.8265 -0.0293 0.5622
vn 0.4990 -0.3607 0.7880
vn 0.2237 -0.3865 0.8947
vn 0.1852 -0.2167 0.9585
vn -0.0573 0.1071 0.9926
vn -0.1682 -0.0342 0.9852
vn 0.1838 -0.2221 0.9576
vn -0.2058 -0.1548 0.9663
vn 0.1755 -0.1852 0.9669
vn 0.1620 -0.1814 0.9700
vn 0.1962 0.1977 0.9604
vn 0.0874 0.1711 0.9814
vn 0.1876 -0.2052 0.9606
vn 0.1005 -0.2044 0.9737
vn -0.2144 -0.3746 0.9021
vn -0.0791 -0.5254 0.8472
vn 0.1863 -0.2819 0.9412
vn -0.4624 -0.6896 0.5573
vn 0.2120 -0.1149 0.9705
vn 0.4499 0.1379 0.8824
vn 0.3178 0.2020 0.9264
vn 0.1561 -0.1280 0.9794
vn 0.2055 -0.2441 0.9477
vn 0.1309 -0.1445 0.9808
vn 0.0814 -0.1578 0.9841
vn 0.2071 -0.2163 0.9541
vn 0.2242 -0.1346 0.9652
vn 0.1939 0.0114 0.9810
vn 0.1497 -0.1094 0.9827
vn 0.1778 -0.2403 0.9543
vn 0.1558 0.1036 0.9823
vn 0.1113 0.0511 0.9925
vn 0.5151 -0.6715 0.5327
vn 0.4639 -0.6062 0.6460
vn 0.5672 -0.5407 0.6212
vn 0.5999 -0.6125 0.5147
vn 0.3607 -0.4585 0.8122
vn 0.4562 -0.3849 0.8023
vn 0.4203 -0.3919 0.8184
vn 0.4076 -0.5635 0.7185
vn 0.3391 -0.6323 0.6965
vn 0.4259 0.1275 0.8957
vn 0.3496 0.0475 0.9357
vn 0.4397 -0.1930 0.8771
vn 0.5172 -0.1622 0.8403
vn 0.2618 -0.3037 0.9161
vn 0.2866 -0.4912 0.8226
vn 0.4302 -0.5439 0.7205
vn 0.5150 -0.4930 0.7013
vn 0.0666 0.2238 0.9724
vn 0.0512 0.2969 0.9535
vn 0.1739 0.2568 0.9507
vn 0.1865 0.3206 0.9287
vn 0.3762 -0.6714 0.6385
vn 0.4287 -0.7280 0.5350
vn 0.2734 -0.5176 0.8107
vn 0.2678 0.1883 0.9449
vn 0.3110 0.2684 0.9117
vn 0.2088 -0.3716 0.9046
vn 0.2764 -0.3403 0.8988
vn 0.3321 -0.2783 0.9013
vn 0.2383 -0.3178 0.9177
vn 0.5694 -0.0635 0.8196
vn 0.2675 -0.2352 0.9344
vn 0.8178 0.2390 0.5234
vn -0.2314 -0.2507 0.9400
vn 0.1289 -0.1598 0.9787
vn 0.4301 0.8226 -0.3719
vn 0.4173 0.8460 -0.3319
vn 0.7862 0.5996 0.1494
vn 0.8313 0.5427 0.1201
vn 0.0451 -0.4664 0.8834
vn -0.0098 -0.5425 0.8400
vn -0.7788 -0.5886 0.2168
vn -0.7458 -0.6400 0.1849
vn -0.9415 -0.2160 -0.2586
vn -0.9231 -0.2266 -0.3106
vn -0.7451 0.2658 -0.6117
vn -0.7246 0.2468 -0.6435
vn -0.4300 0.5771 -0.6943
vn -0.4096 0.5586 -0.7213
vn -0.0749 0.7746 -0.6280
vn -0.0516 0.7552 -0.6535
vt 0.494862 0.331877
vt 0.463458 0.391631
vt 0.436700 0.377420
vt 0.468943 0.320552
vt 0.424216 0.457220
vt 0.397082 0.439668
vt 0.371012 0.422227
vt 0.410192 0.363087
vt 0.442361 0.309005
vt 0.442361 0.309005
vt 0.410192 0.363087
vt 0.383489 0.347720
vt 0.414412 0.295269
vt 0.345970 0.404533
vt 0.321452 0.387313
vt 0.357011 0.331975
vt 0.392125 0.272577
vt 0.380840 0.519653
vt 0.354568 0.498533
vt 0.334472 0.576209
vt 0.310131 0.551519
vt 0.287579 0.527777
vt 0.329825 0.477914
vt 0.306717 0.457668
vt 0.345970 0.404533
vt 0.266847 0.504989
vt 0.247297 0.483745
vt 0.284497 0.438372
vt 0.321452 0.387313
vt 0.583907 0.265117
vt 0.570151 0.305321
vt 0.542235 0.294700
vt 0.556347 0.249290
vt 0.556395 0.345526
vt 0.522242 0.343230
vt 0.494862 0.331877
vt 0.515719 0.284576
vt 0.529877 0.240603
vt 0.529877 0.240603
vt 0.490292 0.275608
vt 0.504581 0.233968
vt 0.463540 0.266426
vt 0.477909 0.227398
vt 0.477909 0.227398
vt 0.463540 0.266426
vt 0.433528 0.255455
vt 0.447248 0.219738
vt 0.401839 0.242808
vt 0.411554 0.213040
vt 0.330013 0.318052
vt 0.361772 0.263737
vt 0.296876 0.371006
vt 0.271817 0.353808
vt 0.303681 0.302112
vt 0.331420 0.254897
vt 0.262126 0.420477
vt 0.296876 0.371006
vt 0.227819 0.464672
vt 0.206081 0.447963
vt 0.238222 0.403205
vt 0.271817 0.353808
vt 0.247297 0.483745
vt 0.210915 0.522113
vt 0.196039 0.501624
vt 0.227819 0.464672
vt 0.175415 0.551517
vt 0.166360 0.528101
vt 0.161115 0.509973
vt 0.178939 0.485660
vt 0.206081 0.447963
vt 0.244498 0.570849
vt 0.226806 0.545477
vt 0.201960 0.605645
vt 0.187390 0.577557
vt 0.175415 0.551517
vt 0.210915 0.522113
vt 0.286025 0.625654
vt 0.264247 0.597591
vt 0.238076 0.666441
vt 0.218900 0.635285
vt 0.389565 0.633021
vt 0.334097 0.686647
vt 0.309585 0.655264
vt 0.360524 0.602285
vt 0.278630 0.740273
vt 0.258981 0.699699
vt 0.238076 0.666441
vt 0.286025 0.625654
vt 0.484717 0.496139
vt 0.437141 0.564580
vt 0.408414 0.541613
vt 0.452590 0.475540
vt 0.424215 0.457220
vt 0.520556 0.420832
vt 0.491276 0.406375
vt 0.463458 0.391631
vt 0.231501 0.770432
vt 0.211449 0.733279
vt 0.184372 0.800592
vt 0.164549 0.760169
vt 0.138011 0.719905
vt 0.191907 0.697488
vt 0.175590 0.663271
vt 0.132797 0.680340
vt 0.122475 0.649784
vt 0.161294 0.631280
vt 0.149187 0.600897
vt 0.187390 0.577557
vt 0.112204 0.621076
vt 0.097111 0.590571
vt 0.139829 0.571541
vt 0.135881 0.542392
vt 0.101702 0.549048
vt 0.108616 0.511061
vt 0.139548 0.511875
vt 0.056618 0.589448
vt 0.063459 0.550743
vt 0.018013 0.595192
vt 0.022764 0.551602
vt 0.027515 0.508011
vt 0.071744 0.507969
vt 0.136000 0.823105
vt 0.117570 0.783737
vt 0.087627 0.845619
vt 0.070198 0.804877
vt 0.052769 0.764134
vt 0.095886 0.748236
vt 0.490620 0.029221
vt 0.494896 0.082875
vt 0.464291 0.089766
vt 0.454967 0.042146
vt 0.496486 0.133778
vt 0.467777 0.135833
vt 0.433495 0.140346
vt 0.427798 0.100369
vt 0.419313 0.055071
vt 0.383373 0.116266
vt 0.370381 0.082481
vt 0.391887 0.148259
vt 0.344268 0.159888
vt 0.339834 0.134632
vt 0.321450 0.109891
vt 0.428286 0.177606
vt 0.395028 0.177316
vt 0.394238 0.204869
vt 0.376922 0.196699
vt 0.360595 0.178293
vt 0.489864 0.182867
vt 0.460629 0.179721
vt 0.548667 0.134152
vt 0.541404 0.189864
vt 0.515969 0.185999
vt 0.522559 0.133175
vt 0.489864 0.182867
vt 0.496486 0.133778
vt 0.610215 0.140134
vt 0.597061 0.202625
vt 0.568495 0.195465
vt 0.577094 0.136844
vt 0.541404 0.189864
vt 0.548667 0.134152
vt 0.612222 0.018013
vt 0.611218 0.079073
vt 0.579523 0.077731
vt 0.578607 0.018589
vt 0.549552 0.077329
vt 0.544992 0.019165
vt 0.069479 0.387942
vt 0.111133 0.324378
vt 0.147738 0.346043
vt 0.113256 0.403442
vt 0.152788 0.260813
vt 0.188506 0.287491
vt 0.218351 0.311564
vt 0.181428 0.366638
vt 0.148991 0.419002
vt 0.211691 0.203834
vt 0.233555 0.230344
vt 0.270594 0.146854
vt 0.275429 0.182071
vt 0.292405 0.194796
vt 0.256223 0.254767
vt 0.048497 0.447977
vt 0.088247 0.458076
vt 0.071744 0.507969
vt 0.124266 0.467658
vt 0.154898 0.475902
vt 0.139548 0.511875
vt 0.179910 0.433331
vt 0.178939 0.485660
vt 0.148991 0.419002
vt 0.181428 0.366638
vt 0.211505 0.385529
vt 0.179910 0.433331
vt 0.245843 0.333888
vt 0.206081 0.447963
vt 0.279486 0.279796
vt 0.311913 0.224847
vt 0.303681 0.302112
vt 0.271817 0.353808
vt 0.296022 0.128373
vt 0.307279 0.153960
vt 0.339834 0.134632
vt 0.318336 0.177342
vt 0.490940 0.548077
vt 0.500094 0.553969
vt 0.459961 0.618795
vt 0.450495 0.613466
vt 0.509247 0.559860
vt 0.469427 0.624123
vt 0.437760 0.681594
vt 0.428119 0.676904
vt 0.418477 0.672215
vt 0.418477 0.672215
vt 0.428119 0.676904
vt 0.406773 0.721932
vt 0.397049 0.717876
vt 0.437760 0.681594
vt 0.416499 0.725987
vt 0.401519 0.765853
vt 0.391886 0.762425
vt 0.382253 0.758997
vt 0.378826 0.807895
vt 0.369470 0.805070
vt 0.388182 0.810721
vt 0.376149 0.859191
vt 0.366841 0.856784
vt 0.357533 0.854377
vt 0.357533 0.854377
vt 0.366841 0.856784
vt 0.356008 0.905563
vt 0.346148 0.903259
vt 0.376149 0.859191
vt 0.365867 0.907868
vt 0.356607 0.956281
vt 0.345822 0.953890
vt 0.335037 0.951499
vt 0.851098 0.269348
vt 0.855583 0.280008
vt 0.810895 0.296602
vt 0.806499 0.287028
vt 0.860067 0.290669
vt 0.815290 0.306176
vt 0.772435 0.322102
vt 0.767940 0.313511
vt 0.763446 0.304920
vt 0.767940 0.313511
vt 0.727432 0.331873
vt 0.722499 0.324073
vt 0.732365 0.339673
vt 0.691717 0.363348
vt 0.685996 0.356117
vt 0.680274 0.348886
vt 0.640459 0.390583
vt 0.633676 0.383710
vt 0.647241 0.397455
vt 0.600387 0.442567
vt 0.592547 0.435958
vt 0.584707 0.429350
vt 0.592547 0.435958
vt 0.545046 0.491448
vt 0.536414 0.485141
vt 0.553679 0.497754
vt 0.482449 0.541684
vt 0.487948 0.545790
vt 0.447747 0.611006
vt 0.444099 0.609266
vt 0.450495 0.613466
vt 0.415362 0.670025
vt 0.405750 0.676848
vt 0.394274 0.714704
vt 0.390789 0.711987
vt 0.379339 0.755287
vt 0.375829 0.747126
vt 0.647241 0.397455
vt 0.688477 0.396311
vt 0.641234 0.457915
vt 0.691717 0.363347
vt 0.733278 0.397638
vt 0.687472 0.476220
vt 0.843851 0.259233
vt 0.847474 0.264290
vt 0.803052 0.282515
vt 0.799464 0.277951
vt 0.759968 0.301049
vt 0.755077 0.296669
vt 0.719066 0.320956
vt 0.715778 0.317223
vt 0.676941 0.346161
vt 0.676480 0.337777
vt 0.366275 0.801852
vt 0.363013 0.798286
vt 0.353905 0.851428
vt 0.350198 0.849446
vt 0.341913 0.900143
vt 0.337669 0.897124
vt 0.346148 0.903259
vt 0.330089 0.948151
vt 0.325140 0.944803
vt 0.630146 0.381767
vt 0.626841 0.378700
vt 0.581268 0.427279
vt 0.577201 0.419622
vt 0.533276 0.483267
vt 0.529825 0.480653
vt 0.536414 0.485141
vt 0.522559 0.133175
vt 0.522207 0.079006
vt 0.549552 0.077329
vt 0.496486 0.133778
vt 0.494896 0.082875
vt 0.517806 0.024193
vt 0.047118 0.692509
vt 0.048902 0.683849
vt 0.090231 0.684796
vt 0.087331 0.705227
vt 0.050686 0.675188
vt 0.085265 0.663778
vt 0.122475 0.649784
vt 0.132797 0.680340
vt 0.045669 0.667959
vt 0.077939 0.644190
vt 0.040652 0.660729
vt 0.065906 0.629415
vt 0.032558 0.704695
vt 0.039838 0.698602
vt 0.068634 0.721415
vt 0.042664 0.734415
vt 0.095886 0.748236
vt 0.031495 0.658014
vt 0.044976 0.624719
vt 0.022338 0.655298
vt 0.020176 0.625245
vt 0.155361 0.050643
vt 0.156430 0.055075
vt 0.154047 0.055145
vt 0.152972 0.051145
vt 0.156323 0.059498
vt 0.154002 0.058945
vt 0.151975 0.058420
vt 0.151338 0.055614
vt 0.150196 0.051712
vt 0.146088 0.034811
vt 0.149243 0.037986
vt 0.147374 0.040348
vt 0.144454 0.037971
vt 0.151743 0.041530
vt 0.149814 0.043143
vt 0.148429 0.044589
vt 0.146187 0.043364
vt 0.142819 0.041131
vt 0.163964 0.059993
vt 0.162593 0.066104
vt 0.157412 0.065385
vt 0.158996 0.059935
vt 0.158013 0.072767
vt 0.154759 0.071184
vt 0.151505 0.069602
vt 0.154517 0.064301
vt 0.152338 0.029791
vt 0.157168 0.033120
vt 0.151993 0.035835
vt 0.149213 0.032301
vt 0.159501 0.037659
vt 0.154388 0.039929
vt 0.149150 0.047609
vt 0.145975 0.047616
vt 0.146187 0.043364
vt 0.146555 0.052428
vt 0.141565 0.053371
vt 0.142192 0.047251
vt 0.153768 0.045934
vt 0.151575 0.046913
vt 0.159501 0.037659
vt 0.161618 0.043075
vt 0.156505 0.044843
vt 0.163321 0.048804
vt 0.158190 0.050028
vt 0.155361 0.050643
vt 0.151743 0.041530
vt 0.164139 0.054351
vt 0.159154 0.054952
vt 0.163964 0.059993
vt 0.158996 0.059935
vt 0.156323 0.059498
vt 0.152092 0.062867
vt 0.149046 0.067084
vt 0.146587 0.064566
vt 0.149859 0.060682
vt 0.147997 0.056994
vt 0.144076 0.058968
vt 0.162593 0.066104
vt 0.172152 0.066303
vt 0.171005 0.073383
vt 0.172790 0.059458
vt 0.183911 0.058448
vt 0.183954 0.066224
vt 0.183997 0.073999
vt 0.164139 0.054351
vt 0.172890 0.052981
vt 0.163321 0.048804
vt 0.172221 0.046596
vt 0.183997 0.043839
vt 0.183954 0.051144
vt 0.161618 0.043075
vt 0.170496 0.040116
vt 0.159501 0.037659
vt 0.168427 0.034061
vt 0.179297 0.028916
vt 0.181647 0.036378
vt 0.166610 0.029091
vt 0.164723 0.024733
vt 0.177107 0.019675
vt 0.178202 0.024295
vt 0.070606 0.092897
vt 0.089281 0.115762
vt 0.072908 0.125115
vt 0.054818 0.105478
vt 0.102830 0.137881
vt 0.087212 0.143539
vt 0.077142 0.150312
vt 0.056246 0.135146
vt 0.035349 0.119980
vt 0.036437 0.043014
vt 0.053030 0.069125
vt 0.040123 0.084134
vt 0.027474 0.061814
vt 0.026930 0.100297
vt 0.018511 0.080614
vt 0.044940 0.227814
vt 0.031726 0.228206
vt 0.033277 0.211163
vt 0.044342 0.213367
vt 0.018511 0.228599
vt 0.019760 0.208079
vt 0.021008 0.187559
vt 0.038460 0.194812
vt 0.048826 0.199829
vt 0.059398 0.155153
vt 0.066269 0.165692
vt 0.050583 0.179861
vt 0.040203 0.171356
vt 0.073141 0.176231
vt 0.058731 0.187215
vt 0.038460 0.194812
vt 0.057559 0.222975
vt 0.056539 0.214208
vt 0.059477 0.214455
vt 0.060343 0.222035
vt 0.059460 0.205124
vt 0.062079 0.206372
vt 0.065568 0.208197
vt 0.062951 0.215698
vt 0.062693 0.221154
vt 0.059701 0.253929
vt 0.046653 0.268470
vt 0.040105 0.253344
vt 0.051407 0.242281
vt 0.028474 0.287806
vt 0.026084 0.266852
vt 0.023695 0.245898
vt 0.034317 0.236856
vt 0.068112 0.237754
vt 0.061772 0.230935
vt 0.064081 0.228797
vt 0.069661 0.234700
vt 0.066013 0.225239
vt 0.071225 0.230166
vt 0.105873 0.158663
vt 0.090605 0.160552
vt 0.102618 0.175001
vt 0.088621 0.174347
vt 0.075141 0.163271
vt 0.082476 0.242850
vt 0.088550 0.236174
vt 0.091637 0.242359
vt 0.084058 0.251809
vt 0.094859 0.224661
vt 0.099450 0.227273
vt 0.102494 0.230559
vt 0.094661 0.249372
vt 0.086828 0.268185
vt 0.101953 0.211491
vt 0.108632 0.210608
vt 0.105743 0.200141
vt 0.113823 0.196327
vt 0.129294 0.188081
vt 0.115894 0.209320
vt 0.056539 0.214208
vt 0.051575 0.214142
vt 0.055194 0.202995
vt 0.057559 0.222975
vt 0.052690 0.225182
vt 0.044342 0.213367
vt 0.075807 0.190482
vt 0.066491 0.196549
vt 0.063510 0.192591
vt 0.074760 0.185182
vt 0.058731 0.187215
vt 0.075417 0.242645
vt 0.074878 0.251145
vt 0.065921 0.244397
vt 0.069615 0.263298
vt 0.094627 0.189832
vt 0.085412 0.188565
vt 0.086803 0.183045
vt 0.098545 0.184462
vt 0.088621 0.174347
vt 0.076677 0.214446
vt 0.073096 0.223137
vt 0.067499 0.218952
vt 0.070552 0.210997
vt 0.071225 0.230166
vt 0.066013 0.225239
vt 0.062951 0.215698
vt 0.065568 0.208197
vt 0.088971 0.197941
vt 0.082810 0.205475
vt 0.076339 0.202994
vt 0.081998 0.196418
vt 0.071195 0.200933
vt 0.076554 0.196303
vt 0.086888 0.233369
vt 0.092426 0.223157
vt 0.082476 0.242850
vt 0.081796 0.239219
vt 0.081051 0.235532
vt 0.084064 0.230310
vt 0.088791 0.221067
vt 0.102508 0.193252
vt 0.099487 0.195983
vt 0.092633 0.193076
vt 0.102215 0.201766
vt 0.098419 0.203706
vt 0.095248 0.200548
vt 0.088971 0.197941
vt 0.068310 0.198728
vt 0.075807 0.190482
vt 0.076349 0.193439
vt 0.071195 0.200933
vt 0.098770 0.211524
vt 0.094695 0.210812
vt 0.085412 0.188565
vt 0.084599 0.191906
vt 0.089316 0.208384
vt 0.083199 0.218013
vt 0.079100 0.227054
vt 0.076876 0.234102
vt 0.102508 0.193252
vt 0.108893 0.188144
vt 0.115578 0.177803
vt 0.061772 0.230935
vt 0.058051 0.235455
vt 0.051407 0.242281
vt 0.139998 0.128958
vt 0.134646 0.158519
vt 0.120239 0.157954
vt 0.118413 0.133126
vt 0.075920 0.238992
vt 0.076876 0.234102
vt 0.064008 0.292091
vt 0.054685 0.281058
vt 0.069615 0.263298
vt 0.041189 0.315996
vt 0.034831 0.301901
vt 0.056826 0.019422
vt 0.079231 0.044320
vt 0.066055 0.056278
vt 0.046631 0.031218
vt 0.101637 0.069218
vt 0.085781 0.081415
vt 0.120817 0.099088
vt 0.104954 0.107244
vt 0.784841 0.402210
vt 0.744407 0.499545
vt 0.815290 0.306176
vt 0.841957 0.408715
vt 0.823847 0.526761
vt 0.509247 0.559860
vt 0.588979 0.526840
vt 0.534772 0.599744
vt 0.641234 0.457915
vt 0.687472 0.476220
vt 0.630545 0.559461
vt 0.566732 0.643240
vt 0.566732 0.643240
vt 0.630545 0.559461
vt 0.683104 0.598210
vt 0.609909 0.693609
vt 0.744129 0.641442
vt 0.664410 0.756121
vt 0.469427 0.624123
vt 0.483195 0.671099
vt 0.440369 0.732022
vt 0.502904 0.721343
vt 0.447773 0.784924
vt 0.447773 0.784923
vt 0.502904 0.721343
vt 0.532353 0.777715
vt 0.462039 0.843832
vt 0.567100 0.840093
vt 0.469789 0.924064
vt 0.401519 0.765853
vt 0.410447 0.776196
vt 0.407494 0.828064
vt 0.409378 0.882561
vt 0.365867 0.907868
vt 0.413198 0.940172
vt 0.494862 0.331877
vt 0.468943 0.320552
vt 0.436700 0.377420
vt 0.463458 0.391631
vt 0.424216 0.457220
vt 0.442361 0.309005
vt 0.357011 0.331975
vt 0.345970 0.404533
vt 0.354568 0.498533
vt 0.310131 0.551519
vt 0.334472 0.576209
vt 0.306717 0.457668
vt 0.321452 0.387313
vt 0.284497 0.438372
vt 0.247297 0.483745
vt 0.556347 0.249290
vt 0.542235 0.294700
vt 0.515719 0.284576
vt 0.522242 0.343230
vt 0.529877 0.240603
vt 0.515719 0.284576
vt 0.477909 0.227398
vt 0.463540 0.266426
vt 0.447248 0.219738
vt 0.303681 0.302112
vt 0.271817 0.353808
vt 0.296876 0.371006
vt 0.227819 0.464672
vt 0.196039 0.501624
vt 0.206081 0.447963
vt 0.178939 0.485660
vt 0.161115 0.509973
vt 0.166360 0.528101
vt 0.175415 0.551517
vt 0.226806 0.545477
vt 0.244498 0.570849
vt 0.175415 0.551517
vt 0.187390 0.577557
vt 0.201960 0.605645
vt 0.264247 0.597591
vt 0.286025 0.625654
vt 0.360524 0.602285
vt 0.309585 0.655264
vt 0.334472 0.576209
vt 0.238076 0.666441
vt 0.258981 0.699699
vt 0.452590 0.475540
vt 0.408414 0.541613
vt 0.424216 0.457220
vt 0.491276 0.406375
vt 0.463458 0.391631
vt 0.211449 0.733279
vt 0.175590 0.663272
vt 0.201960 0.605645
vt 0.161294 0.631280
vt 0.132797 0.680340
vt 0.149187 0.600897
vt 0.112204 0.621076
vt 0.139548 0.511875
vt 0.101702 0.549048
vt 0.063459 0.550743
vt 0.056618 0.589448
vt 0.117570 0.783737
vt 0.095886 0.748236
vt 0.464291 0.089766
vt 0.427798 0.100369
vt 0.391887 0.148259
vt 0.395028 0.177316
vt 0.428286 0.177606
vt 0.460629 0.179721
vt 0.489864 0.182867
vt 0.548667 0.134152
vt 0.522559 0.133175
vt 0.541404 0.189864
vt 0.489864 0.182867
vt 0.577094 0.136844
vt 0.541404 0.189864
vt 0.549552 0.077329
vt 0.113256 0.403442
vt 0.147738 0.346043
vt 0.181428 0.366638
vt 0.218351 0.311564
vt 0.188506 0.287491
vt 0.233555 0.230344
vt 0.275429 0.182071
vt 0.071744 0.507969
vt 0.088247 0.458076
vt 0.124266 0.467658
vt 0.154898 0.475902
vt 0.206081 0.447963
vt 0.211505 0.385529
vt 0.181428 0.366638
vt 0.206081 0.447963
vt 0.245842 0.333888
vt 0.279486 0.279796
vt 0.271817 0.353808
vt 0.303681 0.302112
vt 0.307279 0.153960
vt 0.339834 0.134632
vt 0.500094 0.553969
vt 0.406774 0.721932
vt 0.391886 0.762425
vt 0.378826 0.807895
vt 0.366841 0.856784
vt 0.810895 0.296602
vt 0.767941 0.313511
vt 0.727432 0.331873
vt 0.767940 0.313511
vt 0.732366 0.339673
vt 0.640459 0.390583
vt 0.592547 0.435958
vt 0.545046 0.491448
vt 0.641234 0.457915
vt 0.688477 0.396311
vt 0.647241 0.397455
vt 0.733278 0.397638
vt 0.759968 0.301049
vt 0.676941 0.346160
vt 0.366275 0.801852
vt 0.353905 0.851428
vt 0.341913 0.900143
vt 0.581268 0.427279
vt 0.533276 0.483267
vt 0.548667 0.134152
vt 0.549552 0.077329
vt 0.522207 0.079006
vt 0.522559 0.133175
vt 0.494896 0.082875
vt 0.496486 0.133778
vt 0.087331 0.705227
vt 0.090231 0.684796
vt 0.112204 0.621076
vt 0.068634 0.721415
vt 0.044976 0.624719
vt 0.155361 0.050643
vt 0.152972 0.051145
vt 0.154047 0.055145
vt 0.156430 0.055075
vt 0.150196 0.051712
vt 0.151338 0.055614
vt 0.156323 0.059498
vt 0.147374 0.040348
vt 0.163964 0.059993
vt 0.158996 0.059935
vt 0.157412 0.065385
vt 0.162593 0.066104
vt 0.154517 0.064301
vt 0.151993 0.035835
vt 0.154388 0.039929
vt 0.146187 0.043364
vt 0.145975 0.047616
vt 0.149150 0.047609
vt 0.146555 0.052428
vt 0.153768 0.045934
vt 0.156505 0.044843
vt 0.161618 0.043075
vt 0.155361 0.050643
vt 0.158190 0.050028
vt 0.163321 0.048804
vt 0.159154 0.054952
vt 0.164139 0.054351
vt 0.156430 0.055075
vt 0.158996 0.059935
vt 0.152092 0.062867
vt 0.147997 0.056994
vt 0.172890 0.052981
vt 0.164139 0.054351
vt 0.172221 0.046596
vt 0.163321 0.048804
vt 0.170496 0.040116
vt 0.161618 0.043075
vt 0.168427 0.034061
vt 0.159501 0.037659
vt 0.070606 0.092897
vt 0.054818 0.105478
vt 0.072908 0.125115
vt 0.089281 0.115762
vt 0.102830 0.137881
vt 0.040123 0.084134
vt 0.053030 0.069125
vt 0.050583 0.179861
vt 0.048826 0.199829
vt 0.059477 0.214455
vt 0.062951 0.215698
vt 0.062079 0.206372
vt 0.059701 0.253929
vt 0.051407 0.242281
vt 0.046653 0.268470
vt 0.064081 0.228797
vt 0.066013 0.225239
vt 0.090605 0.160552
vt 0.105873 0.158663
vt 0.102618 0.175001
vt 0.084058 0.251809
vt 0.099450 0.227273
vt 0.108632 0.210608
vt 0.052690 0.225182
vt 0.063510 0.192591
vt 0.065921 0.244397
vt 0.074878 0.251146
vt 0.059701 0.253929
vt 0.086803 0.183045
vt 0.102618 0.175001
vt 0.070552 0.210997
vt 0.067499 0.218952
vt 0.065568 0.208197
vt 0.062951 0.215698
vt 0.066013 0.225239
vt 0.071225 0.230166
vt 0.081998 0.196418
vt 0.076339 0.202994
vt 0.082810 0.205475
vt 0.076554 0.196303
vt 0.071195 0.200933
vt 0.092426 0.223157
vt 0.086888 0.233369
vt 0.088791 0.221067
vt 0.099487 0.195983
vt 0.095248 0.200548
vt 0.098419 0.203706
vt 0.102215 0.201766
vt 0.068310 0.198728
vt 0.071195 0.200933
vt 0.076349 0.193439
vt 0.094695 0.210812
vt 0.084599 0.191906
vt 0.081998 0.196418
vt 0.089316 0.208384
vt 0.083199 0.218013
vt 0.079100 0.227054
vt 0.108893 0.188144
vt 0.058051 0.235455
vt 0.118413 0.133126
vt 0.120239 0.157954
vt 0.075920 0.238992
vt 0.076876 0.234102
vt 0.069615 0.263298
vt 0.744407 0.499545
vt 0.784841 0.402210
vt 0.534772 0.599744
vt 0.687472 0.476220
vt 0.566732 0.643240
vt 0.609910 0.693609
vt 0.683104 0.598210
vt 0.630545 0.559461
vt 0.440369 0.732022
vt 0.483195 0.671099
vt 0.447773 0.784924
vt 0.502904 0.721343
vt 0.462039 0.843832
vt 0.532353 0.777715
vt 0.410447 0.776196
vt 0.440369 0.732022
vt 0.409378 0.882561
s 1
usemtl Body
f 962/1167/798 1222/1168/799 1653/1169/800 1220/1170/801
f 1222/1168/799 965/1171/802 1225/1172/803 1653/1169/800
f 1653/1169/800 1225/1172/803 966/1173/804 1223/1174/805
f 1220/1170/801 1653/1169/800 1223/1174/805 963/1175/806
f 963/1176/806 1223/1177/805 1654/1178/807 1221/1179/808
f 1223/1177/805 966/1173/804 1226/1180/809 1654/1178/807
f 1654/1178/807 1226/1180/809 967/1181/810 1224/1182/811
f 1221/1179/808 1654/1178/807 1224/1182/811 964/1183/812
f 965/1171/802 1227/1184/813 1655/1185/814 1225/1172/803
f 1227/1184/813 968/1186/815 1230/1187/816 1655/1185/814
f 1655/1185/814 1230/1187/816 969/1188/817 1228/1189/818
f 1225/1172/803 1655/1185/814 1228/1189/818 966/1173/804
f 966/1173/804 1228/1189/818 1656/1190/819 1226/1191/809
f 1228/1189/818 969/1188/817 1231/1192/820 1656/1190/819
f 1656/1190/819 1231/1192/820 970/1193/821 1229/1194/822
f 1226/1191/809 1656/1190/819 1229/1194/822 967/1195/810
f 945/1196/823 1200/1197/824 1657/1198/825 1201/1199/826
f 1200/1197/824 950/1200/827 1243/1201/828 1657/1198/825
f 1657/1198/825 1243/1201/828 962/1202/798 1232/1203/829
f 1201/1199/826 1657/1198/825 1232/1203/829 951/1204/830
f 951/1205/830 1232/1203/829 1658/1206/831 1202/1207/832
f 1232/1203/829 962/1167/798 1220/1170/801 1658/1206/831
f 1658/1206/831 1220/1170/801 963/1175/806 1233/1208/833
f 1202/1207/832 1658/1206/831 1233/1208/833 952/1209/834
f 952/1210/834 1233/1211/833 1659/1212/835 1203/1213/836
f 1233/1211/833 963/1176/806 1221/1179/808 1659/1212/835
f 1659/1212/835 1221/1179/808 964/1183/812 1234/1214/837
f 1203/1213/836 1659/1212/835 1234/1214/837 996/1215/838
f 964/1183/812 1224/1182/811 1660/1216/839 1235/1217/840
f 1224/1182/811 967/1181/810 1236/1218/841 1660/1216/839
f 1660/1216/839 1236/1218/841 954/1219/842 1205/1220/843
f 1235/1217/840 1660/1216/839 1205/1220/843 953/1221/844
f 967/1195/810 1229/1194/822 1661/1222/845 1236/1223/841
f 1229/1194/822 970/1193/821 1237/1224/846 1661/1222/845
f 1661/1222/845 1237/1224/846 955/1225/847 1206/1226/848
f 1236/1223/841 1661/1222/845 1206/1226/848 954/1227/842
f 970/1228/821 1238/1229/849 1662/1230/850 1237/1231/846
f 1238/1229/849 956/1232/851 1208/1233/852 1662/1230/850
f 1662/1230/850 1208/1233/852 947/1234/853 1207/1235/854
f 1237/1231/846 1662/1230/850 1207/1235/854 955/1236/847
f 969/1188/817 1239/1237/855 1663/1238/856 1231/1192/820
f 1239/1237/855 957/1239/857 1209/1240/858 1663/1238/856
f 1663/1238/856 1209/1240/858 956/1241/851 1238/1242/849
f 1231/1192/820 1663/1238/856 1238/1242/849 970/1193/821
f 968/1186/815 1240/1243/859 1664/1244/860 1230/1187/816
f 1240/1243/859 958/1245/861 1210/1246/862 1664/1244/860
f 1664/1244/860 1210/1246/862 957/1239/857 1239/1237/855
f 1230/1187/816 1664/1244/860 1239/1237/855 969/1188/817
f 948/1247/863 1197/1248/864 1665/1249/865 1241/1250/866
f 1197/1248/864 946/1251/867 1211/1252/868 1665/1249/865
f 1665/1249/865 1211/1252/868 958/1253/861 1240/1254/859
f 1241/1250/866 1665/1249/865 1240/1254/859 968/1186/815
f 949/1255/869 1198/1256/870 1666/1257/871 1242/1258/872
f 1198/1256/870 948/1247/863 1241/1250/866 1666/1257/871
f 1666/1257/871 1241/1250/866 968/1186/815 1227/1184/813
f 1242/1258/872 1666/1257/871 1227/1184/813 965/1259/802
f 950/1200/827 1199/1260/873 1667/1261/874 1243/1201/828
f 1199/1260/873 949/1255/869 1242/1258/872 1667/1261/874
f 1667/1261/874 1242/1258/872 965/1259/802 1222/1262/799
f 1243/1201/828 1667/1261/874 1222/1262/799 962/1202/798
f 946/1251/867 1213/1263/875 1668/1264/876 1211/1252/868
f 1213/1263/875 959/1265/877 1252/1266/878 1668/1264/876
f 1668/1264/876 1252/1266/878 993/1267/879 1248/1268/880
f 1211/1252/868 1668/1264/876 1248/1268/880 958/1253/861
f 958/1253/861 1248/1268/880 1669/1269/881 1210/1246/862
f 1248/1268/880 993/1267/879 1244/1270/882 1669/1269/881
f 1669/1269/881 1244/1270/882 994/1271/883 1249/1272/884
f 1210/1246/862 1669/1269/881 1249/1272/884 957/1239/857
f 957/1239/857 1249/1272/884 1670/1273/885 1209/1274/858
f 1249/1272/884 994/1271/883 1245/1275/886 1670/1273/885
f 1670/1273/885 1245/1275/886 995/1276/887 1250/1277/888
f 1209/1274/858 1670/1273/885 1250/1277/888 956/1232/851
f 956/1232/851 1250/1277/888 1671/1278/889 1208/1233/852
f 1250/1277/888 995/1276/887 1251/1279/890 1671/1278/889
f 1671/1278/889 1251/1279/890 960/1280/891 1214/1281/892
f 1208/1233/852 1671/1278/889 1214/1281/892 947/1234/853
f 995/1276/887 1247/1282/893 1672/1283/894 1251/1279/890
f 1247/1282/893 992/1284/895 1185/1285/896 1672/1283/894
f 1672/1283/894 1185/1285/896 932/1286/897 1215/1287/898
f 1251/1279/890 1672/1283/894 1215/1287/898 960/1280/891
f 959/1265/877 1212/1288/899 1673/1289/900 1252/1266/878
f 1212/1288/899 931/1290/901 1186/1291/902 1673/1289/900
f 1673/1289/900 1186/1291/902 991/1292/903 1246/1293/904
f 1252/1266/878 1673/1289/900 1246/1293/904 993/1267/879
f 943/1294/905 1254/1295/906 1674/1296/907 1193/1297/908
f 1254/1295/906 972/1298/909 1257/1299/910 1674/1296/907
f 1674/1296/907 1257/1299/910 973/1300/911 1255/1301/912
f 1193/1297/908 1674/1296/907 1255/1301/912 944/1302/913
f 944/1302/913 1255/1301/912 1675/1303/914 1195/1304/915
f 1255/1301/912 973/1300/911 1258/1305/916 1675/1303/914
f 1675/1303/914 1258/1305/916 998/1306/917 1218/1307/918
f 1195/1304/915 1675/1303/914 1218/1307/918 942/1308/919
f 973/1300/911 1259/1309/920 1676/1310/921 1258/1305/916
f 1259/1309/920 996/1215/838 1204/1311/922 1676/1310/921
f 1676/1310/921 1204/1311/922 997/1312/923 1219/1313/924
f 1258/1305/916 1676/1310/921 1219/1313/924 998/1306/917
f 972/1298/909 1260/1314/925 1677/1315/926 1257/1299/910
f 1260/1314/925 952/1210/834 1203/1213/836 1677/1315/926
f 1677/1315/926 1203/1213/836 996/1215/838 1259/1309/920
f 1257/1299/910 1677/1315/926 1259/1309/920 973/1300/911
f 971/1316/927 1261/1317/928 1678/1318/929 1256/1319/930
f 1261/1317/928 951/1205/830 1202/1207/832 1678/1318/929
f 1678/1318/929 1202/1207/832 952/1209/834 1260/1320/925
f 1256/1319/930 1678/1318/929 1260/1320/925 972/1321/909
f 961/1322/931 1216/1323/932 1679/1324/933 1262/1325/934
f 1216/1323/932 945/1196/823 1201/1199/826 1679/1324/933
f 1679/1324/933 1201/1199/826 951/1204/830 1261/1326/928
f 1262/1325/934 1679/1324/933 1261/1326/928 971/1327/927
f 933/1328/935 1217/1329/936 1680/1330/937 1187/1331/938
f 1217/1329/936 961/1322/931 1262/1325/934 1680/1330/937
f 1680/1330/937 1262/1325/934 971/1327/927 1253/1332/939
f 1187/1331/938 1680/1330/937 1253/1332/939 934/1333/940
f 935/1334/941 1188/1335/942 1681/1336/943 1263/1337/944
f 1188/1335/942 936/1338/945 1265/1339/946 1681/1336/943
f 1681/1336/943 1265/1339/946 975/1340/947 1264/1341/948
f 1263/1337/944 1681/1336/943 1264/1341/948 974/1342/949
f 936/1338/945 1189/1343/950 1682/1344/951 1265/1339/946
f 1189/1343/950 937/1345/952 1267/1346/953 1682/1344/951
f 1682/1344/951 1267/1346/953 976/1347/954 1266/1348/955
f 1265/1339/946 1682/1344/951 1266/1348/955 975/1340/947
f 932/1286/897 1190/1349/956 1683/1350/957 1215/1351/898
f 1190/1349/956 935/1334/941 1263/1337/944 1683/1350/957
f 1683/1350/957 1263/1337/944 974/1342/949 1268/1352/958
f 1215/1351/898 1683/1350/957 1268/1352/958 960/1280/891
f 960/1280/891 1268/1352/958 1684/1353/959 1214/1354/892
f 1268/1352/958 974/1342/949 1269/1355/960 1684/1353/959
f 1684/1353/959 1269/1355/960 955/1236/847 1207/1356/854
f 1214/1354/892 1684/1353/959 1207/1356/854 947/1234/853
f 974/1357/949 1264/1358/948 1685/1359/961 1269/1360/960
f 1264/1358/948 975/1340/947 1270/1361/962 1685/1359/961
f 1685/1359/961 1270/1361/962 954/1227/842 1206/1226/848
f 1269/1360/960 1685/1359/961 1206/1226/848 955/1362/847
f 975/1340/947 1266/1348/955 1686/1363/963 1270/1361/962
f 1266/1348/955 976/1347/954 1271/1364/964 1686/1363/963
f 1686/1363/963 1271/1364/964 953/1221/844 1205/1365/843
f 1270/1361/962 1686/1363/963 1205/1365/843 954/1366/842
f 937/1345/952 1196/1367/965 1687/1368/966 1267/1346/953
f 1196/1367/965 942/1308/919 1218/1369/918 1687/1368/966
f 1687/1368/966 1218/1369/918 998/1306/917 1272/1370/967
f 1267/1346/953 1687/1368/966 1272/1370/967 976/1347/954
f 986/1371/968 1426/1372/969 1688/1373/970 1283/1374/971
f 1426/1372/969 1063/1375/972 1404/1376/973 1688/1373/970
f 1688/1373/970 1404/1376/973 1064/1377/974 1427/1378/975
f 1283/1374/971 1688/1373/970 1427/1378/975 987/1379/976
f 987/1380/976 1427/1381/975 1689/1382/977 1284/1383/978
f 1427/1381/975 1064/1384/974 1405/1385/977 1689/1382/977
f 1689/1382/977 1405/1385/977 1065/1386/979 1428/1387/979
f 1284/1383/978 1689/1382/977 1428/1387/979 988/1388/980
f 988/1388/980 1428/1387/979 1690/1389/981 1287/1390/981
f 1428/1387/979 1065/1386/979 1408/1391/981 1690/1389/981
f 1690/1389/981 1408/1391/981 1067/1392/982 1429/1393/982
f 1287/1390/981 1690/1389/981 1429/1393/982 990/1394/982
f 990/1395/982 1429/1396/982 1691/1397/983 1288/1398/983
f 1429/1396/982 1067/1399/982 1409/1400/983 1691/1397/983
f 1691/1397/983 1409/1400/983 1060/1401/984 1425/1402/984
f 1288/1398/983 1691/1397/983 1425/1402/984 941/1403/984
f 940/1404/985 1424/1405/985 1692/1406/986 1285/1407/987
f 1424/1405/985 1059/1408/985 1406/1409/988 1692/1406/986
f 1692/1406/986 1406/1409/988 1066/1410/989 1430/1411/990
f 1285/1407/987 1692/1406/986 1430/1411/990 989/1412/991
f 989/1412/991 1430/1413/990 1693/1414/992 1286/1415/993
f 1430/1413/990 1066/1410/989 1407/1416/994 1693/1414/992
f 1693/1414/992 1407/1416/994 1062/1417/995 1431/1418/996
f 1286/1415/993 1693/1414/992 1431/1418/996 985/1419/997
f 985/1419/997 1431/1418/996 1694/1420/998 1281/1421/999
f 1431/1418/996 1062/1417/995 1402/1422/1000 1694/1420/998
f 1694/1420/998 1402/1422/1000 1061/1423/1001 1432/1424/1002
f 1281/1421/999 1694/1420/998 1432/1424/1002 984/1425/1003
f 984/1425/1003 1432/1426/1002 1695/1427/1004 1282/1428/1005
f 1432/1426/1002 1061/1423/1001 1403/1429/1006 1695/1427/1004
f 1695/1427/1004 1403/1429/1006 1063/1375/972 1426/1372/969
f 1282/1428/1005 1695/1427/1004 1426/1372/969 986/1371/968
f 980/1430/1007 1290/1431/1007 1696/1432/1007 1275/1433/1007
f 1290/1431/1007 986/1371/1007 1283/1434/1007 1696/1432/1007
f 1696/1432/1007 1283/1434/1007 987/1380/1007 1289/1435/1007
f 1275/1433/1007 1696/1432/1007 1289/1435/1007 981/1436/1007
f 981/1436/1007 1289/1435/1007 1697/1437/1007 1276/1438/1007
f 1289/1435/1007 987/1380/1007 1284/1383/1007 1697/1437/1007
f 1697/1437/1007 1284/1383/1007 988/1388/1007 1291/1439/1007
f 1276/1438/1007 1697/1437/1007 1291/1439/1007 977/1440/1007
f 1061/1423/1008 1402/1441/1008 1698/1442/1008 1410/1443/1008
f 1402/1441/1008 1062/1444/1008 1407/1416/1008 1698/1442/1008
f 1698/1442/1008 1407/1416/1008 1066/1410/1008 1411/1445/1008
f 1410/1443/1008 1698/1442/1008 1411/1445/1008 1068/1446/1008
f 938/1447/1007 1191/1448/1007 1699/1449/1007 1277/1450/1007
f 1191/1448/1007 940/1404/1007 1285/1407/1007 1699/1449/1007
f 1699/1449/1007 1285/1407/1007 989/1412/1007 1292/1451/1007
f 1277/1450/1007 1699/1449/1007 1292/1451/1007 982/1452/1007
f 982/1452/1007 1292/1451/1007 1700/1453/1007 1278/1454/1007
f 1292/1451/1007 989/1412/1007 1286/1415/1007 1700/1453/1007
f 1700/1453/1007 1286/1415/1007 985/1419/1007 1293/1455/1007
f 1278/1454/1007 1700/1453/1007 1293/1455/1007 978/1456/1007
f 977/1440/1007 1291/1439/1007 1701/1457/1007 1279/1458/1007
f 1291/1439/1007 988/1388/1007 1287/1390/1007 1701/1457/1007
f 1701/1457/1007 1287/1390/1007 990/1394/1007 1294/1459/1007
f 1279/1458/1007 1701/1457/1007 1294/1459/1007 983/1460/1007
f 983/1460/1007 1294/1459/1007 1702/1461/1007 1280/1462/1007
f 1294/1459/1007 990/1394/1007 1288/1463/1007 1702/1461/1007
f 1702/1461/1007 1288/1463/1007 941/1403/1007 1192/1464/1007
f 1280/1462/1007 1702/1461/1007 1192/1464/1007 939/1465/1007
f 978/1456/1007 1293/1455/1007 1703/1466/1007 1273/1467/1007
f 1293/1455/1007 985/1419/1007 1281/1421/1007 1703/1466/1007
f 1703/1466/1007 1281/1421/1007 984/1425/1007 1295/1468/1007
f 1273/1467/1007 1703/1466/1007 1295/1468/1007 979/1469/1007
f 979/1469/1007 1295/1468/1007 1704/1470/1007 1274/1471/1007
f 1295/1468/1007 984/1425/1007 1282/1472/1007 1704/1470/1007
f 1704/1470/1007 1282/1472/1007 986/1371/1007 1290/1431/1007
f 1274/1471/1007 1704/1470/1007 1290/1431/1007 980/1430/1007
f 971/1316/927 1256/1473/930 1705/1474/1009 1253/1475/939
f 1256/1473/930 972/1476/909 1254/1477/906 1705/1474/1009
f 1705/1474/1009 1254/1477/906 943/1294/905 1194/1478/1010
f 1253/1475/939 1705/1474/1009 1194/1478/1010 934/1333/940
f 1021/1479/1011 1331/1480/1012 1706/1481/1013 1336/1482/1014
f 1331/1480/1012 1022/1483/1015 1337/1484/1016 1706/1481/1013
f 1706/1481/1013 1337/1484/1016 994/1485/883 1244/1486/882
f 1336/1482/1014 1706/1481/1013 1244/1486/882 993/1267/879
f 1022/1483/1015 1332/1487/1017 1707/1488/1018 1337/1484/1016
f 1332/1487/1017 1023/1489/1019 1338/1490/1020 1707/1488/1018
f 1707/1488/1018 1338/1490/1020 995/1276/887 1245/1275/886
f 1337/1484/1016 1707/1488/1018 1245/1275/886 994/1485/883
f 1020/1491/1021 1330/1492/1022 1708/1493/1023 1334/1494/1024
f 1330/1492/1022 1021/1479/1011 1336/1482/1014 1708/1493/1023
f 1708/1493/1023 1336/1482/1014 993/1267/879 1246/1495/904
f 1334/1494/1024 1708/1493/1023 1246/1495/904 991/1292/903
f 1023/1489/1019 1333/1496/1025 1709/1497/1026 1338/1490/1020
f 1333/1496/1025 1024/1498/1027 1335/1499/1028 1709/1497/1026
f 1709/1497/1026 1335/1499/1028 992/1284/895 1247/1282/893
f 1338/1490/1020 1709/1497/1026 1247/1282/893 995/1276/887
f 1013/1500/1029 1317/1501/1030 1710/1502/1031 1314/1503/1032
f 1317/1501/1030 1007/1504/1033 1299/1505/1034 1710/1502/1031
f 1710/1502/1031 1299/1505/1034 1000/1506/1035 1306/1507/1036
f 1314/1503/1032 1710/1502/1031 1306/1507/1036 1008/1508/1037
f 1011/1509/1038 1311/1510/1039 1711/1511/1040 1309/1512/1041
f 1311/1510/1039 1006/1513/1042 1304/1514/1043 1711/1511/1040
f 1711/1511/1040 1304/1514/1043 999/1515/1044 1301/1516/1045
f 1309/1512/1041 1711/1511/1040 1301/1516/1045 1009/1517/1046
f 1002/1518/1047 1296/1519/1048 1712/1520/1049 1305/1521/1050
f 1296/1519/1048 1004/1522/1051 1307/1523/1052 1712/1520/1049
f 1712/1520/1049 1307/1523/1052 1010/1524/1053 1308/1525/1054
f 1305/1521/1050 1712/1520/1049 1308/1525/1054 1007/1504/1033
f 1003/1526/1055 1302/1527/1056 1713/1528/1057 1310/1529/1058
f 1302/1527/1056 1001/1530/1059 1298/1531/1060 1713/1528/1057
f 1713/1528/1057 1298/1531/1060 1006/1513/1042 1311/1510/1039
f 1310/1529/1058 1713/1528/1057 1311/1510/1039 1011/1509/1038
f 999/1515/1044 1300/1532/1061 1714/1533/1062 1301/1534/1045
f 1300/1532/1061 1008/1508/1037 1312/1535/1063 1714/1533/1062
f 1714/1533/1062 1312/1535/1063 1012/1536/1064 1313/1537/1065
f 1301/1534/1045 1714/1533/1062 1313/1537/1065 1009/1517/1046
f 1006/1513/1042 1316/1538/1066 1715/1539/1067 1304/1514/1043
f 1316/1538/1066 1013/1500/1029 1314/1503/1032 1715/1539/1067
f 1715/1539/1067 1314/1503/1032 1008/1508/1037 1300/1532/1061
f 1304/1514/1043 1715/1539/1067 1300/1532/1061 999/1515/1044
f 1001/1540/1059 1297/1541/1068 1716/1542/1069 1298/1531/1060
f 1297/1541/1068 1005/1543/1070 1315/1544/1071 1716/1542/1069
f 1716/1542/1069 1315/1544/1071 1013/1545/1029 1316/1538/1066
f 1298/1531/1060 1716/1542/1069 1316/1538/1066 1006/1546/1042
f 1005/1543/1070 1303/1547/1072 1717/1548/1073 1315/1544/1071
f 1303/1547/1072 1002/1549/1047 1305/1550/1050 1717/1548/1073
f 1717/1548/1073 1305/1550/1050 1007/1551/1033 1317/1501/1030
f 1315/1544/1071 1717/1548/1073 1317/1501/1030 1013/1545/1029
f 1007/1504/1033 1308/1525/1054 1718/1552/1074 1299/1505/1034
f 1308/1525/1054 1010/1524/1053 1319/1553/1075 1718/1552/1074
f 1718/1552/1074 1319/1553/1075 1014/1554/1076 1318/1555/1077
f 1299/1505/1034 1718/1552/1074 1318/1555/1077 1000/1506/1035
f 1008/1508/1037 1306/1507/1036 1719/1556/1078 1312/1535/1063
f 1306/1507/1036 1000/1506/1035 1318/1555/1077 1719/1556/1078
f 1719/1556/1078 1318/1555/1077 1014/1554/1076 1320/1557/1079
f 1312/1535/1063 1719/1556/1078 1320/1557/1079 1012/1536/1064
f 1004/1522/1051 1296/1558/1048 1720/1559/1080 1325/1560/1081
f 1296/1558/1048 1002/1518/1047 1326/1561/1082 1720/1559/1080
f 1720/1559/1080 1326/1561/1082 1016/1562/1083 1321/1563/1084
f 1325/1560/1081 1720/1559/1080 1321/1563/1084 1018/1564/1085
f 1002/1518/1047 1303/1565/1072 1721/1566/1086 1326/1561/1082
f 1303/1565/1072 1005/1567/1070 1327/1568/1087 1721/1566/1086
f 1721/1566/1086 1327/1568/1087 1019/1569/1088 1324/1570/1089
f 1326/1561/1082 1721/1566/1086 1324/1570/1089 1016/1562/1083
f 1005/1567/1070 1297/1571/1068 1722/1572/1090 1327/1568/1087
f 1297/1571/1068 1001/1573/1059 1328/1574/1091 1722/1572/1090
f 1722/1572/1090 1328/1574/1091 1015/1575/1092 1322/1576/1093
f 1327/1568/1087 1722/1572/1090 1322/1576/1093 1019/1569/1088
f 1001/1573/1059 1302/1527/1056 1723/1577/1094 1328/1574/1091
f 1302/1527/1056 1003/1526/1055 1329/1578/1095 1723/1577/1094
f 1723/1577/1094 1329/1578/1095 1017/1579/1096 1323/1580/1097
f 1328/1574/1091 1723/1577/1094 1323/1580/1097 1015/1575/1092
f 1049/1581/1098 1401/1582/1099 1724/1583/1100 1340/1584/1101
f 1401/1582/1099 1051/1585/1102 1354/1586/1103 1724/1583/1100
f 1724/1583/1100 1354/1586/1103 1036/1587/1104 1351/1588/1105
f 1340/1584/1101 1724/1583/1100 1351/1588/1105 1033/1589/1106
f 1050/1590/1107 1400/1591/1108 1725/1592/1109 1383/1593/1110
f 1400/1591/1108 1049/1581/1098 1340/1584/1101 1725/1592/1109
f 1725/1592/1109 1340/1584/1101 1033/1589/1106 1350/1594/1111
f 1383/1593/1110 1725/1592/1109 1350/1594/1111 1035/1595/1112
f 1040/1596/1113 1349/1597/1114 1726/1598/1115 1346/1599/1116
f 1349/1597/1114 1035/1600/1112 1350/1601/1111 1726/1598/1115
f 1726/1598/1115 1350/1601/1111 1033/1602/1106 1347/1603/1117
f 1346/1599/1116 1726/1598/1115 1347/1603/1117 1041/1604/1118
f 1036/1605/1104 1352/1606/1119 1727/1607/1120 1351/1608/1105
f 1352/1606/1119 1042/1609/1121 1348/1610/1122 1727/1607/1120
f 1727/1607/1120 1348/1610/1122 1041/1604/1118 1347/1611/1117
f 1351/1608/1105 1727/1607/1120 1347/1611/1117 1033/1602/1106
f 1031/1612/1123 1360/1613/1124 1728/1614/1125 1356/1615/1126
f 1360/1613/1124 1032/1616/1127 1378/1617/1128 1728/1614/1125
f 1728/1614/1125 1378/1617/1128 1043/1618/1129 1373/1619/1130
f 1356/1615/1126 1728/1614/1125 1373/1619/1130 1047/1620/1131
f 1052/1621/1132 1399/1622/1133 1729/1623/1134 1355/1624/1135
f 1399/1622/1133 1050/1625/1107 1383/1626/1110 1729/1623/1134
f 1729/1623/1134 1383/1626/1110 1035/1627/1112 1349/1628/1114
f 1355/1624/1135 1729/1623/1134 1349/1628/1114 1040/1596/1113
f 1054/1629/1136 1362/1630/1137 1730/1631/1138 1398/1632/1139
f 1362/1630/1137 1031/1612/1123 1356/1615/1126 1730/1631/1138
f 1730/1631/1138 1356/1615/1126 1047/1620/1131 1375/1633/1140
f 1398/1632/1139 1730/1631/1138 1375/1633/1140 1057/1634/1141
f 1051/1585/1102 1397/1635/1142 1731/1636/1143 1354/1586/1103
f 1397/1635/1142 1053/1637/1144 1386/1638/1145 1731/1636/1143
f 1731/1636/1143 1386/1638/1145 1042/1609/1121 1352/1639/1119
f 1354/1586/1103 1731/1636/1143 1352/1639/1119 1036/1587/1104
f 1026/1640/1146 1358/1641/1147 1732/1642/1148 1364/1643/1149
f 1358/1641/1147 1025/1644/1150 1365/1645/1151 1732/1642/1148
f 1732/1642/1148 1365/1645/1151 1038/1646/1152 1339/1647/1153
f 1364/1643/1149 1732/1642/1148 1339/1647/1153 1037/1648/1154
f 1025/1644/1150 1359/1649/1155 1733/1650/1156 1365/1645/1151
f 1359/1649/1155 1028/1651/1157 1366/1652/1158 1733/1650/1156
f 1733/1650/1156 1366/1652/1158 1039/1653/1159 1341/1654/1160
f 1365/1645/1151 1733/1650/1156 1341/1654/1160 1038/1646/1152
f 1032/1616/1161 1360/1655/1162 1734/1656/1163 1367/1657/1164
f 1360/1655/1162 1031/1658/1165 1368/1659/1166 1734/1656/1163
f 1734/1656/1163 1368/1659/1166 1040/1596/1113 1346/1660/1116
f 1367/1657/1164 1734/1656/1163 1346/1660/1116 1041/1604/1118
f 1034/1661/1167 1361/1662/1168 1735/1663/1169 1369/1664/1170
f 1361/1662/1168 1032/1616/1161 1367/1657/1164 1735/1663/1169
f 1735/1663/1169 1367/1657/1164 1041/1604/1118 1348/1665/1122
f 1369/1664/1170 1735/1663/1169 1348/1665/1122 1042/1609/1121
f 1054/1629/1171 1387/1666/1172 1736/1667/1173 1396/1668/1174
f 1387/1666/1172 1026/1640/1146 1364/1643/1149 1736/1667/1173
f 1736/1667/1173 1364/1643/1149 1037/1648/1154 1385/1669/1175
f 1396/1668/1174 1736/1667/1173 1385/1669/1175 1052/1621/1132
f 1055/1670/1176 1388/1671/1177 1737/1672/1178 1395/1673/1179
f 1388/1671/1177 1034/1661/1167 1369/1664/1170 1737/1672/1178
f 1737/1672/1178 1369/1664/1170 1042/1609/1121 1386/1674/1145
f 1395/1673/1179 1737/1672/1178 1386/1674/1145 1053/1637/1144
f 1056/1675/1180 1394/1676/1181 1738/1677/1182 1389/1678/1183
f 1394/1676/1181 1057/1679/1141 1375/1680/1140 1738/1677/1182
f 1738/1677/1182 1375/1680/1140 1047/1620/1131 1373/1681/1130
f 1389/1678/1183 1738/1677/1182 1373/1681/1130 1043/1682/1129
f 1058/1683/1184 1393/1684/1185 1739/1685/1186 1391/1686/1187
f 1393/1684/1185 1056/1675/1180 1389/1678/1183 1739/1685/1186
f 1739/1685/1186 1389/1678/1183 1043/1682/1129 1374/1687/1188
f 1391/1686/1187 1739/1685/1186 1374/1687/1188 1048/1688/1189
f 1025/1644/1190 1358/1641/1191 1740/1689/1192 1379/1690/1193
f 1358/1641/1191 1026/1691/1194 1377/1692/1195 1740/1689/1192
f 1740/1689/1192 1377/1692/1195 1045/1693/1196 1371/1694/1197
f 1379/1690/1193 1740/1689/1192 1371/1694/1197 1044/1695/1198
f 1055/1670/1199 1363/1696/1200 1741/1697/1201 1392/1698/1202
f 1363/1696/1200 1028/1651/1203 1380/1699/1204 1741/1697/1201
f 1741/1697/1201 1380/1699/1204 1046/1700/1205 1376/1701/1206
f 1392/1698/1202 1741/1697/1201 1376/1701/1206 1058/1702/1184
f 1032/1616/1127 1361/1662/1207 1742/1703/1208 1378/1617/1128
f 1361/1662/1207 1034/1704/1209 1381/1705/1210 1742/1703/1208
f 1742/1703/1208 1381/1705/1210 1048/1688/1189 1374/1706/1188
f 1378/1617/1128 1742/1703/1208 1374/1706/1188 1043/1618/1129
f 1028/1651/1203 1359/1649/1211 1743/1707/1212 1380/1699/1204
f 1359/1649/1211 1025/1644/1190 1379/1690/1193 1743/1707/1212
f 1743/1707/1212 1379/1690/1193 1044/1695/1198 1372/1708/1213
f 1380/1699/1204 1743/1707/1212 1372/1708/1213 1046/1700/1205
f 1034/1704/1209 1388/1709/1214 1744/1710/1215 1381/1705/1210
f 1388/1709/1214 1055/1670/1199 1392/1698/1202 1744/1710/1215
f 1744/1710/1215 1392/1698/1202 1058/1702/1184 1391/1686/1187
f 1381/1705/1210 1744/1710/1215 1391/1686/1187 1048/1688/1189
f 1046/1700/1205 1372/1708/1213 1745/1711/1216 1376/1701/1206
f 1372/1708/1213 1044/1695/1198 1370/1712/1217 1745/1711/1216
f 1745/1711/1216 1370/1712/1217 1056/1675/1180 1393/1684/1185
f 1376/1701/1206 1745/1711/1216 1393/1684/1185 1058/1683/1184
f 1044/1695/1198 1371/1694/1197 1746/1713/1218 1370/1712/1217
f 1371/1694/1197 1045/1693/1196 1390/1714/1219 1746/1713/1218
f 1746/1713/1218 1390/1714/1219 1057/1679/1141 1394/1676/1181
f 1370/1712/1217 1746/1713/1218 1394/1676/1181 1056/1675/1180
f 1028/1651/1157 1363/1715/1220 1747/1716/1221 1366/1652/1158
f 1363/1715/1220 1055/1670/1176 1395/1673/1179 1747/1716/1221
f 1747/1716/1221 1395/1673/1179 1053/1637/1144 1357/1717/1222
f 1366/1652/1158 1747/1716/1221 1357/1717/1222 1039/1653/1159
f 1031/1658/1165 1362/1718/1223 1748/1719/1224 1368/1659/1166
f 1362/1718/1223 1054/1629/1171 1396/1668/1174 1748/1719/1224
f 1748/1719/1224 1396/1668/1174 1052/1621/1132 1355/1720/1135
f 1368/1659/1166 1748/1719/1224 1355/1720/1135 1040/1596/1113
f 1030/1721/1225 1345/1722/1226 1749/1723/1227 1384/1724/1228
f 1345/1722/1226 1039/1653/1159 1357/1717/1222 1749/1723/1227
f 1749/1723/1227 1357/1717/1222 1053/1637/1144 1397/1635/1142
f 1384/1724/1228 1749/1723/1227 1397/1635/1142 1051/1585/1102
f 1026/1691/1194 1387/1666/1229 1750/1725/1230 1377/1692/1195
f 1387/1666/1229 1054/1629/1136 1398/1632/1139 1750/1725/1230
f 1750/1725/1230 1398/1632/1139 1057/1634/1141 1390/1726/1219
f 1377/1692/1195 1750/1725/1230 1390/1726/1219 1045/1693/1196
f 1037/1648/1154 1342/1727/1231 1751/1728/1232 1385/1729/1175
f 1342/1727/1231 1029/1730/1233 1353/1731/1234 1751/1728/1232
f 1751/1728/1232 1353/1731/1234 1050/1625/1107 1399/1622/1133
f 1385/1729/1175 1751/1728/1232 1399/1622/1133 1052/1621/1132
f 1029/1732/1233 1343/1733/1235 1752/1734/1236 1353/1735/1234
f 1343/1733/1235 1027/1736/1237 1382/1737/1238 1752/1734/1236
f 1752/1734/1236 1382/1737/1238 1049/1581/1098 1400/1591/1108
f 1353/1735/1234 1752/1734/1236 1400/1591/1108 1050/1590/1107
f 1027/1736/1237 1344/1738/1239 1753/1739/1240 1382/1737/1238
f 1344/1738/1239 1030/1721/1225 1384/1724/1228 1753/1739/1240
f 1753/1739/1240 1384/1724/1228 1051/1585/1102 1401/1582/1099
f 1382/1737/1238 1753/1739/1240 1401/1582/1099 1049/1581/1098
f 1068/1446/1008 1411/1445/1008 1754/1740/1008 1412/1741/1008
f 1411/1445/1008 1066/1410/1008 1406/1742/1008 1754/1740/1008
f 1754/1740/1008 1406/1742/1008 1059/1408/1008 1413/1743/1008
f 1412/1741/1008 1754/1740/1008 1413/1743/1008 1071/1744/1008
f 1063/1745/1008 1403/1429/1008 1755/1746/1008 1414/1747/1008
f 1403/1429/1008 1061/1423/1008 1410/1748/1008 1755/1746/1008
f 1755/1746/1008 1410/1748/1008 1068/1749/1008 1415/1750/1008
f 1414/1747/1008 1755/1746/1008 1415/1750/1008 1069/1751/1008
f 1069/1752/1008 1415/1753/1008 1756/1754/1008 1416/1755/1008
f 1415/1753/1008 1068/1446/1008 1412/1741/1008 1756/1754/1008
f 1756/1754/1008 1412/1741/1008 1071/1744/1008 1417/1756/1008
f 1416/1755/1008 1756/1754/1008 1417/1756/1008 1072/1757/1008
f 1064/1377/1008 1404/1758/1008 1757/1759/1008 1418/1760/1008
f 1404/1758/1008 1063/1745/1008 1414/1747/1008 1757/1759/1008
f 1757/1759/1008 1414/1747/1008 1069/1751/1008 1419/1761/1008
f 1418/1760/1008 1757/1759/1008 1419/1761/1008 1070/1762/1008
f 1070/1763/1008 1419/1764/1008 1758/1765/1008 1420/1766/1008
f 1419/1764/1008 1069/1752/1008 1416/1755/1008 1758/1765/1008
f 1758/1765/1008 1416/1755/1008 1072/1757/1008 1421/1767/1008
f 1420/1766/1008 1758/1765/1008 1421/1767/1008 1073/1768/1008
f 1065/1769/1008 1405/1385/1008 1759/1770/1008 1408/1391/1008
f 1405/1385/1008 1064/1384/1008 1418/1760/1008 1759/1770/1008
f 1759/1770/1008 1418/1760/1008 1070/1763/1008 1422/1771/1008
f 1408/1391/1008 1759/1770/1008 1422/1771/1008 1067/1392/1008
f 1067/1392/1008 1422/1771/1008 1760/1772/1008 1409/1773/1008
f 1422/1771/1008 1070/1763/1008 1420/1766/1008 1760/1772/1008
f 1760/1772/1008 1420/1766/1008 1073/1768/1008 1423/1774/1008
f 1409/1773/1008 1760/1772/1008 1423/1774/1008 1060/1401/1008
f 1091/1775/1241 1456/1776/1242 1761/1777/1243 1458/1778/1244
f 1456/1776/1242 1092/1175/1245 1459/1174/1246 1761/1777/1243
f 1761/1777/1243 1459/1174/1246 1095/1173/1247 1461/1172/1248
f 1458/1778/1244 1761/1777/1243 1461/1172/1248 1094/1779/1249
f 1092/1780/1245 1457/1179/1250 1762/1178/1251 1459/1174/1246
f 1457/1179/1250 1093/1183/1252 1460/1781/1253 1762/1178/1251
f 1762/1178/1251 1460/1781/1253 1096/1181/1254 1462/1782/1255
f 1459/1174/1246 1762/1178/1251 1462/1782/1255 1095/1173/1247
f 1094/1779/1249 1461/1172/1248 1763/1783/1256 1463/1184/1257
f 1461/1172/1248 1095/1173/1247 1464/1189/1258 1763/1783/1256
f 1763/1783/1256 1464/1189/1258 1098/1188/1259 1466/1784/1260
f 1463/1184/1257 1763/1783/1256 1466/1784/1260 1097/1785/1261
f 1095/1173/1247 1462/1191/1255 1764/1786/1262 1464/1189/1258
f 1462/1191/1255 1096/1787/1254 1465/1788/1263 1764/1786/1262
f 1764/1786/1262 1465/1788/1263 1099/1789/1264 1467/1192/1265
f 1464/1189/1258 1764/1786/1262 1467/1192/1265 1098/1188/1259
f 1074/1196/1266 1437/1790/1267 1765/1791/1268 1436/1197/1269
f 1437/1790/1267 1080/1205/1270 1468/1792/1271 1765/1791/1268
f 1765/1791/1268 1468/1792/1271 1091/1202/1241 1479/1793/1272
f 1436/1197/1269 1765/1791/1268 1479/1793/1272 1079/1200/1273
f 1080/1794/1270 1438/1207/1274 1766/1206/1275 1468/1795/1271
f 1438/1207/1274 1081/1796/1276 1469/1797/1277 1766/1206/1275
f 1766/1206/1275 1469/1797/1277 1092/1175/1245 1456/1776/1242
f 1468/1795/1271 1766/1206/1275 1456/1776/1242 1091/1775/1241
f 1081/1210/1276 1439/1798/1278 1767/1212/1279 1469/1211/1277
f 1439/1798/1278 1123/1215/1280 1470/1214/1281 1767/1212/1279
f 1767/1212/1279 1470/1214/1281 1093/1183/1252 1457/1179/1250
f 1469/1211/1277 1767/1212/1279 1457/1179/1250 1092/1780/1245
f 1093/1183/1252 1471/1217/1282 1768/1216/1283 1460/1781/1253
f 1471/1217/1282 1082/1221/1284 1441/1799/1285 1768/1216/1283
f 1768/1216/1283 1441/1799/1285 1083/1800/1286 1472/1218/1287
f 1460/1781/1253 1768/1216/1283 1472/1218/1287 1096/1181/1254
f 1096/1787/1254 1472/1801/1287 1769/1222/1288 1465/1788/1263
f 1472/1801/1287 1083/1227/1286 1442/1226/1289 1769/1222/1288
f 1769/1222/1288 1442/1226/1289 1084/1362/1290 1473/1802/1291
f 1465/1788/1263 1769/1222/1288 1473/1802/1291 1099/1789/1264
f 1099/1228/1264 1473/1231/1291 1770/1803/1292 1474/1229/1293
f 1473/1231/1291 1084/1804/1290 1443/1805/1294 1770/1803/1292
f 1770/1803/1292 1443/1805/1294 1076/1806/1295 1444/1807/1296
f 1474/1229/1293 1770/1803/1292 1444/1807/1296 1085/1808/1297
f 1098/1188/1259 1467/1192/1265 1771/1809/1298 1475/1810/1299
f 1467/1192/1265 1099/1789/1264 1474/1242/1293 1771/1809/1298
f 1771/1809/1298 1474/1242/1293 1085/1811/1297 1445/1812/1300
f 1475/1810/1299 1771/1809/1298 1445/1812/1300 1086/1813/1301
f 1097/1785/1261 1466/1784/1260 1772/1814/1302 1476/1815/1303
f 1466/1784/1260 1098/1188/1259 1475/1810/1299 1772/1814/1302
f 1772/1814/1302 1475/1810/1299 1086/1813/1301 1446/1246/1304
f 1476/1815/1303 1772/1814/1302 1446/1246/1304 1087/1245/1305
f 1077/1247/1306 1477/1816/1307 1773/1817/1308 1433/1248/1309
f 1477/1816/1307 1097/1818/1261 1476/1254/1303 1773/1817/1308
f 1773/1817/1308 1476/1254/1303 1087/1819/1305 1447/1820/1310
f 1433/1248/1309 1773/1817/1308 1447/1820/1310 1075/1251/1311
f 1078/1255/1312 1478/1821/1313 1774/1822/1314 1434/1256/1315
f 1478/1821/1313 1094/1823/1249 1463/1184/1257 1774/1822/1314
f 1774/1822/1314 1463/1184/1257 1097/1818/1261 1477/1816/1307
f 1434/1256/1315 1774/1822/1314 1477/1816/1307 1077/1247/1306
f 1079/1200/1273 1479/1793/1272 1775/1824/1316 1435/1260/1317
f 1479/1793/1272 1091/1202/1241 1458/1825/1244 1775/1824/1316
f 1775/1824/1316 1458/1825/1244 1094/1823/1249 1478/1821/1313
f 1435/1260/1317 1775/1824/1316 1478/1821/1313 1078/1255/1312
f 1075/1251/1311 1447/1820/1310 1776/1826/1318 1449/1263/1319
f 1447/1820/1310 1087/1819/1305 1484/1268/1320 1776/1826/1318
f 1776/1826/1318 1484/1268/1320 1120/1267/1321 1488/1266/1322
f 1449/1263/1319 1776/1826/1318 1488/1266/1322 1088/1265/1323
f 1087/1819/1305 1446/1246/1304 1777/1827/1324 1484/1268/1320
f 1446/1246/1304 1086/1828/1301 1485/1829/1325 1777/1827/1324
f 1777/1827/1324 1485/1829/1325 1121/1485/1326 1480/1830/1327
f 1484/1268/1320 1777/1827/1324 1480/1830/1327 1120/1267/1321
f 1086/1828/1301 1445/1274/1300 1778/1831/1328 1485/1829/1325
f 1445/1274/1300 1085/1808/1297 1486/1277/1329 1778/1831/1328
f 1778/1831/1328 1486/1277/1329 1122/1276/1330 1481/1832/1331
f 1485/1829/1325 1778/1831/1328 1481/1832/1331 1121/1485/1326
f 1085/1808/1297 1444/1807/1296 1779/1278/1332 1486/1277/1329
f 1444/1807/1296 1076/1806/1295 1450/1833/1333 1779/1278/1332
f 1779/1278/1332 1450/1833/1333 1089/1280/1334 1487/1834/1335
f 1486/1277/1329 1779/1278/1332 1487/1834/1335 1122/1276/1330
f 1122/1276/1330 1487/1834/1335 1780/1835/1336 1483/1836/1337
f 1487/1834/1335 1089/1280/1334 1451/1351/1338 1780/1835/1336
f 1780/1835/1336 1451/1351/1338 932/1286/897 1185/1285/896
f 1483/1836/1337 1780/1835/1336 1185/1285/896 992/1284/895
f 1088/1265/1323 1488/1266/1322 1781/1837/1339 1448/1288/1340
f 1488/1266/1322 1120/1267/1321 1482/1838/1341 1781/1837/1339
f 1781/1837/1339 1482/1838/1341 991/1292/903 1186/1291/902
f 1448/1288/1340 1781/1837/1339 1186/1291/902 931/1290/901
f 943/1294/905 1193/1297/908 1782/1839/1342 1490/1295/1343
f 1193/1297/908 944/1302/913 1491/1840/1344 1782/1839/1342
f 1782/1839/1342 1491/1840/1344 1102/1300/1345 1493/1299/1346
f 1490/1295/1343 1782/1839/1342 1493/1299/1346 1101/1298/1347
f 944/1302/913 1195/1304/915 1783/1303/1348 1491/1840/1344
f 1195/1304/915 942/1308/919 1454/1307/1349 1783/1303/1348
f 1783/1303/1348 1454/1307/1349 1125/1306/1350 1494/1841/1351
f 1491/1840/1344 1783/1303/1348 1494/1841/1351 1102/1300/1345
f 1102/1300/1345 1494/1841/1351 1784/1842/1352 1495/1843/1353
f 1494/1841/1351 1125/1306/1350 1455/1313/1354 1784/1842/1352
f 1784/1842/1352 1455/1313/1354 1124/1312/1355 1440/1311/1356
f 1495/1843/1353 1784/1842/1352 1440/1311/1356 1123/1215/1280
f 1101/1298/1347 1493/1299/1346 1785/1844/1357 1496/1845/1358
f 1493/1299/1346 1102/1300/1345 1495/1843/1353 1785/1844/1357
f 1785/1844/1357 1495/1843/1353 1123/1215/1280 1439/1798/1278
f 1496/1845/1358 1785/1844/1357 1439/1798/1278 1081/1210/1276
f 1100/1846/1359 1492/1847/1360 1786/1318/1361 1497/1848/1362
f 1492/1847/1360 1101/1298/1347 1496/1849/1358 1786/1318/1361
f 1786/1318/1361 1496/1849/1358 1081/1796/1276 1438/1207/1274
f 1497/1848/1362 1786/1318/1361 1438/1207/1274 1080/1794/1270
f 1090/1322/1363 1498/1850/1364 1787/1324/1365 1452/1323/1366
f 1498/1850/1364 1100/1316/1359 1497/1851/1362 1787/1324/1365
f 1787/1324/1365 1497/1851/1362 1080/1205/1270 1437/1790/1267
f 1452/1323/1366 1787/1324/1365 1437/1790/1267 1074/1196/1266
f 933/1328/935 1187/1331/938 1788/1330/1367 1453/1329/1368
f 1187/1331/938 934/1333/940 1489/1852/1369 1788/1330/1367
f 1788/1330/1367 1489/1852/1369 1100/1316/1359 1498/1850/1364
f 1453/1329/1368 1788/1330/1367 1498/1850/1364 1090/1322/1363
f 935/1334/941 1499/1853/1370 1789/1854/1371 1188/1335/942
f 1499/1853/1370 1103/1357/1372 1500/1855/1373 1789/1854/1371
f 1789/1854/1371 1500/1855/1373 1104/1856/1374 1501/1857/1375
f 1188/1335/942 1789/1854/1371 1501/1857/1375 936/1338/945
f 936/1338/945 1501/1857/1375 1790/1858/1376 1189/1343/950
f 1501/1857/1375 1104/1856/1374 1502/1348/1377 1790/1858/1376
f 1790/1858/1376 1502/1348/1377 1105/1347/1378 1503/1859/1379
f 1189/1343/950 1790/1858/1376 1503/1859/1379 937/1345/952
f 932/1286/897 1451/1860/1338 1791/1861/1380 1190/1349/956
f 1451/1860/1338 1089/1280/1334 1504/1862/1381 1791/1861/1380
f 1791/1861/1380 1504/1862/1381 1103/1357/1372 1499/1853/1370
f 1190/1349/956 1791/1861/1380 1499/1853/1370 935/1334/941
f 1089/1280/1334 1450/1354/1333 1792/1863/1382 1504/1862/1381
f 1450/1354/1333 1076/1806/1295 1443/1356/1294 1792/1863/1382
f 1792/1863/1382 1443/1356/1294 1084/1864/1290 1505/1360/1383
f 1504/1862/1381 1792/1863/1382 1505/1360/1383 1103/1357/1372
f 1103/1357/1372 1505/1360/1383 1793/1865/1384 1500/1866/1373
f 1505/1360/1383 1084/1867/1290 1442/1226/1289 1793/1865/1384
f 1793/1865/1384 1442/1226/1289 1083/1366/1286 1506/1361/1385
f 1500/1866/1373 1793/1865/1384 1506/1361/1385 1104/1340/1374
f 1104/1856/1374 1506/1868/1385 1794/1869/1386 1502/1348/1377
f 1506/1868/1385 1083/1870/1286 1441/1871/1285 1794/1869/1386
f 1794/1869/1386 1441/1871/1285 1082/1221/1284 1507/1364/1387
f 1502/1348/1377 1794/1869/1386 1507/1364/1387 1105/1347/1378
f 937/1345/952 1503/1859/1379 1795/1872/1388 1196/1367/965
f 1503/1859/1379 1105/1347/1378 1508/1370/1389 1795/1872/1388
f 1795/1872/1388 1508/1370/1389 1125/1306/1350 1454/1873/1349
f 1196/1367/965 1795/1872/1388 1454/1873/1349 942/1308/919
f 1115/1371/1390 1519/1374/1391 1796/1373/1392 1646/1874/1393
f 1519/1374/1391 1116/1379/1394 1647/1378/1395 1796/1373/1392
f 1796/1373/1392 1647/1378/1395 1178/1377/1396 1630/1376/1397
f 1646/1874/1393 1796/1373/1392 1630/1376/1397 1177/1375/1398
f 1116/1380/1394 1520/1383/1399 1797/1875/1400 1647/1378/1395
f 1520/1383/1399 1117/1388/1401 1648/1876/1401 1797/1875/1400
f 1797/1875/1400 1648/1876/1401 1179/1386/1402 1631/1385/1400
f 1647/1378/1395 1797/1875/1400 1631/1385/1400 1178/1384/1396
f 1117/1388/1401 1523/1390/1403 1798/1877/1403 1648/1876/1401
f 1523/1390/1403 1119/1394/1404 1649/1878/1404 1798/1877/1403
f 1798/1877/1403 1649/1878/1404 1181/1392/1404 1634/1391/1403
f 1648/1876/1401 1798/1877/1403 1634/1391/1403 1179/1386/1402
f 1119/1395/1404 1524/1398/1405 1799/1397/1405 1649/1396/1404
f 1524/1398/1405 941/1403/984 1425/1402/984 1799/1397/1405
f 1799/1397/1405 1425/1402/984 1060/1401/984 1635/1400/1405
f 1649/1396/1404 1799/1397/1405 1635/1400/1405 1181/1399/1404
f 940/1404/985 1521/1407/1406 1800/1879/1407 1424/1405/985
f 1521/1407/1406 1118/1412/1408 1650/1880/1409 1800/1879/1407
f 1800/1879/1407 1650/1880/1409 1180/1410/1410 1632/1409/1411
f 1424/1405/985 1800/1879/1407 1632/1409/1411 1059/1408/985
f 1118/1412/1408 1522/1415/1412 1801/1881/1413 1650/1882/1409
f 1522/1415/1412 1114/1419/1414 1651/1418/1415 1801/1881/1413
f 1801/1881/1413 1651/1418/1415 1176/1417/1416 1633/1883/1417
f 1650/1882/1409 1801/1881/1413 1633/1883/1417 1180/1410/1410
f 1114/1419/1414 1517/1421/1418 1802/1884/1419 1651/1418/1415
f 1517/1421/1418 1113/1425/1420 1652/1885/1421 1802/1884/1419
f 1802/1884/1419 1652/1885/1421 1175/1423/1422 1628/1422/1423
f 1651/1418/1415 1802/1884/1419 1628/1422/1423 1176/1417/1416
f 1113/1425/1420 1518/1428/1424 1803/1886/1425 1652/1885/1421
f 1518/1428/1424 1115/1371/1390 1646/1874/1393 1803/1886/1425
f 1803/1886/1425 1646/1874/1393 1177/1375/1398 1629/1429/1426
f 1652/1885/1421 1803/1886/1425 1629/1429/1426 1175/1423/1422
f 1109/1430/1007 1511/1433/1007 1804/1432/1007 1526/1431/1007
f 1511/1433/1007 1110/1436/1007 1525/1435/1007 1804/1432/1007
f 1804/1432/1007 1525/1435/1007 1116/1380/1007 1519/1434/1007
f 1526/1431/1007 1804/1432/1007 1519/1434/1007 1115/1371/1007
f 1110/1436/1007 1512/1438/1007 1805/1437/1007 1525/1435/1007
f 1512/1438/1007 1106/1440/1007 1527/1439/1007 1805/1437/1007
f 1805/1437/1007 1527/1439/1007 1117/1388/1007 1520/1383/1007
f 1525/1435/1007 1805/1437/1007 1520/1383/1007 1116/1380/1007
f 1175/1423/1008 1636/1887/1008 1806/1888/1008 1628/1889/1008
f 1636/1887/1008 1182/1446/1008 1637/1890/1008 1806/1888/1008
f 1806/1888/1008 1637/1890/1008 1180/1410/1008 1633/1416/1008
f 1628/1889/1008 1806/1888/1008 1633/1416/1008 1176/1444/1008
f 938/1447/1007 1513/1450/1007 1807/1449/1007 1191/1448/1007
f 1513/1450/1007 1111/1452/1007 1528/1891/1007 1807/1449/1007
f 1807/1449/1007 1528/1891/1007 1118/1412/1007 1521/1407/1007
f 1191/1448/1007 1807/1449/1007 1521/1407/1007 940/1404/1007
f 1111/1452/1007 1514/1454/1007 1808/1453/1007 1528/1891/1007
f 1514/1454/1007 1107/1456/1007 1529/1892/1007 1808/1453/1007
f 1808/1453/1007 1529/1892/1007 1114/1419/1007 1522/1415/1007
f 1528/1891/1007 1808/1453/1007 1522/1415/1007 1118/1412/1007
f 1106/1440/1007 1515/1458/1007 1809/1893/1007 1527/1439/1007
f 1515/1458/1007 1112/1460/1007 1530/1894/1007 1809/1893/1007
f 1809/1893/1007 1530/1894/1007 1119/1394/1007 1523/1390/1007
f 1527/1439/1007 1809/1893/1007 1523/1390/1007 1117/1388/1007
f 1112/1460/1007 1516/1462/1007 1810/1895/1007 1530/1894/1007
f 1516/1462/1007 939/1465/1007 1192/1464/1007 1810/1895/1007
f 1810/1895/1007 1192/1464/1007 941/1403/1007 1524/1463/1007
f 1530/1894/1007 1810/1895/1007 1524/1463/1007 1119/1394/1007
f 1107/1456/1007 1509/1467/1007 1811/1466/1007 1529/1892/1007
f 1509/1467/1007 1108/1469/1007 1531/1896/1007 1811/1466/1007
f 1811/1466/1007 1531/1896/1007 1113/1425/1007 1517/1421/1007
f 1529/1892/1007 1811/1466/1007 1517/1421/1007 1114/1419/1007
f 1108/1469/1007 1510/1471/1007 1812/1897/1007 1531/1896/1007
f 1510/1471/1007 1109/1430/1007 1526/1431/1007 1812/1897/1007
f 1812/1897/1007 1526/1431/1007 1115/1371/1007 1518/1472/1007
f 1531/1896/1007 1812/1897/1007 1518/1472/1007 1113/1425/1007
f 1100/1898/1359 1489/1899/1369 1813/1900/1427 1492/1901/1360
f 1489/1899/1369 934/1333/940 1194/1478/1010 1813/1900/1427
f 1813/1900/1427 1194/1478/1010 943/1294/905 1490/1902/1343
f 1492/1901/1360 1813/1900/1427 1490/1902/1343 1101/1903/1347
f 1138/1479/1428 1562/1904/1429 1814/1905/1430 1559/1480/1431
f 1562/1904/1429 1120/1267/1321 1480/1486/1327 1814/1905/1430
f 1814/1905/1430 1480/1486/1327 1121/1271/1326 1563/1484/1432
f 1559/1480/1431 1814/1905/1430 1563/1484/1432 1139/1483/1433
f 1139/1483/1433 1563/1484/1432 1815/1488/1434 1560/1487/1435
f 1563/1484/1432 1121/1271/1326 1481/1906/1331 1815/1488/1434
f 1815/1488/1434 1481/1906/1331 1122/1276/1330 1564/1490/1436
f 1560/1487/1435 1815/1488/1434 1564/1490/1436 1140/1489/1437
f 1020/1491/1021 1334/1494/1024 1816/1907/1438 1558/1492/1439
f 1334/1494/1024 991/1292/903 1482/1838/1341 1816/1907/1438
f 1816/1907/1438 1482/1838/1341 1120/1267/1321 1562/1904/1429
f 1558/1492/1439 1816/1907/1438 1562/1904/1429 1138/1479/1428
f 1140/1489/1437 1564/1490/1436 1817/1908/1440 1561/1496/1441
f 1564/1490/1436 1122/1276/1330 1483/1836/1337 1817/1908/1440
f 1817/1908/1440 1483/1836/1337 992/1284/895 1335/1499/1028
f 1561/1496/1441 1817/1908/1440 1335/1499/1028 1024/1498/1027
f 1134/1909/1442 1546/1910/1443 1818/1911/1444 1549/1912/1445
f 1546/1910/1443 1133/1913/1446 1542/1914/1447 1818/1911/1444
f 1818/1911/1444 1542/1914/1447 1127/1506/1448 1535/1505/1449
f 1549/1912/1445 1818/1911/1444 1535/1505/1449 1132/1915/1450
f 1011/1509/1038 1309/1512/1041 1819/1916/1451 1544/1510/1452
f 1309/1512/1041 1009/1517/1046 1537/1516/1453 1819/1916/1451
f 1819/1916/1451 1537/1516/1453 1126/1515/1454 1540/1514/1455
f 1544/1510/1452 1819/1916/1451 1540/1514/1455 1131/1546/1456
f 1129/1917/1457 1541/1918/1458 1820/1919/1459 1532/1920/1460
f 1541/1918/1458 1132/1915/1450 1543/1921/1461 1820/1919/1459
f 1820/1919/1459 1543/1921/1461 1010/1524/1053 1307/1523/1052
f 1532/1920/1460 1820/1919/1459 1307/1523/1052 1004/1522/1051
f 1003/1526/1055 1310/1529/1058 1821/1922/1462 1538/1527/1463
f 1310/1529/1058 1011/1509/1038 1544/1510/1452 1821/1922/1462
f 1821/1922/1462 1544/1510/1452 1131/1546/1456 1534/1923/1464
f 1538/1527/1463 1821/1922/1462 1534/1923/1464 1128/1573/1465
f 1126/1515/1454 1537/1924/1453 1822/1925/1466 1536/1926/1467
f 1537/1924/1453 1009/1517/1046 1313/1537/1065 1822/1925/1466
f 1822/1925/1466 1313/1537/1065 1012/1536/1064 1545/1927/1468
f 1536/1926/1467 1822/1925/1466 1545/1927/1468 1133/1913/1446
f 1131/1546/1456 1540/1514/1455 1823/1539/1469 1548/1928/1470
f 1540/1514/1455 1126/1515/1454 1536/1926/1467 1823/1539/1469
f 1823/1539/1469 1536/1926/1467 1133/1913/1446 1546/1910/1443
f 1548/1928/1470 1823/1539/1469 1546/1910/1443 1134/1909/1442
f 1128/1540/1465 1534/1923/1464 1824/1929/1471 1533/1930/1472
f 1534/1923/1464 1131/1546/1456 1548/1538/1470 1824/1929/1471
f 1824/1929/1471 1548/1538/1470 1134/1931/1442 1547/1932/1473
f 1533/1930/1472 1824/1929/1471 1547/1932/1473 1130/1933/1474
f 1130/1933/1474 1547/1932/1473 1825/1934/1475 1539/1935/1476
f 1547/1932/1473 1134/1931/1442 1549/1936/1445 1825/1934/1475
f 1825/1934/1475 1549/1936/1445 1132/1551/1450 1541/1937/1458
f 1539/1935/1476 1825/1934/1475 1541/1937/1458 1129/1549/1457
f 1132/1915/1450 1535/1505/1449 1826/1938/1477 1543/1921/1461
f 1535/1505/1449 1127/1506/1448 1550/1555/1478 1826/1938/1477
f 1826/1938/1477 1550/1555/1478 1014/1554/1076 1319/1553/1075
f 1543/1921/1461 1826/1938/1477 1319/1553/1075 1010/1524/1053
f 1133/1913/1446 1545/1927/1468 1827/1939/1479 1542/1914/1447
f 1545/1927/1468 1012/1536/1064 1320/1557/1079 1827/1939/1479
f 1827/1939/1479 1320/1557/1079 1014/1554/1076 1550/1555/1478
f 1542/1914/1447 1827/1939/1479 1550/1555/1478 1127/1506/1448
f 1004/1522/1051 1325/1560/1081 1828/1559/1480 1532/1519/1460
f 1325/1560/1081 1018/1564/1085 1551/1563/1481 1828/1559/1480
f 1828/1559/1480 1551/1563/1481 1136/1562/1482 1555/1561/1483
f 1532/1519/1460 1828/1559/1480 1555/1561/1483 1129/1549/1457
f 1129/1549/1457 1555/1561/1483 1829/1940/1484 1539/1941/1476
f 1555/1561/1483 1136/1562/1482 1554/1570/1485 1829/1940/1484
f 1829/1940/1484 1554/1570/1485 1137/1569/1486 1556/1942/1487
f 1539/1941/1476 1829/1940/1484 1556/1942/1487 1130/1943/1474
f 1130/1943/1474 1556/1942/1487 1830/1944/1488 1533/1945/1472
f 1556/1942/1487 1137/1569/1486 1552/1576/1489 1830/1944/1488
f 1830/1944/1488 1552/1576/1489 1135/1575/1490 1557/1946/1491
f 1533/1945/1472 1830/1944/1488 1557/1946/1491 1128/1947/1465
f 1128/1947/1465 1557/1946/1491 1831/1577/1492 1538/1527/1463
f 1557/1946/1491 1135/1575/1490 1553/1580/1493 1831/1577/1492
f 1831/1577/1492 1553/1580/1493 1017/1579/1096 1329/1578/1095
f 1538/1527/1463 1831/1577/1492 1329/1578/1095 1003/1526/1055
f 1165/1948/1494 1566/1949/1495 1832/1950/1496 1627/1951/1497
f 1566/1949/1495 1149/1589/1498 1577/1588/1499 1832/1950/1496
f 1832/1950/1496 1577/1588/1499 1152/1587/1500 1580/1586/1501
f 1627/1951/1497 1832/1950/1496 1580/1586/1501 1167/1952/1502
f 1166/1590/1503 1609/1593/1504 1833/1953/1505 1626/1954/1506
f 1609/1593/1504 1151/1595/1507 1576/1594/1508 1833/1953/1505
f 1833/1953/1505 1576/1594/1508 1149/1589/1498 1566/1949/1495
f 1626/1954/1506 1833/1953/1505 1566/1949/1495 1165/1948/1494
f 1156/1596/1509 1572/1599/1510 1834/1598/1511 1575/1597/1512
f 1572/1599/1510 1157/1604/1513 1573/1603/1514 1834/1598/1511
f 1834/1598/1511 1573/1603/1514 1149/1602/1498 1576/1601/1508
f 1575/1597/1512 1834/1598/1511 1576/1601/1508 1151/1600/1507
f 1152/1605/1500 1577/1608/1499 1835/1955/1515 1578/1606/1516
f 1577/1608/1499 1149/1602/1498 1573/1611/1514 1835/1955/1515
f 1835/1955/1515 1573/1611/1514 1157/1956/1513 1574/1610/1517
f 1578/1606/1516 1835/1955/1515 1574/1610/1517 1158/1609/1518
f 1147/1612/1519 1582/1615/1520 1836/1957/1521 1586/1613/1522
f 1582/1615/1520 1163/1620/1523 1599/1958/1524 1836/1957/1521
f 1836/1957/1521 1599/1958/1524 1159/1618/1525 1604/1959/1526
f 1586/1613/1522 1836/1957/1521 1604/1959/1526 1148/1616/1527
f 1168/1960/1528 1581/1961/1529 1837/1623/1530 1625/1962/1531
f 1581/1961/1529 1156/1596/1509 1575/1628/1512 1837/1623/1530
f 1837/1623/1530 1575/1628/1512 1151/1627/1507 1609/1626/1504
f 1625/1962/1531 1837/1623/1530 1609/1626/1504 1166/1625/1503
f 1170/1629/1532 1624/1632/1533 1838/1963/1534 1588/1630/1535
f 1624/1632/1533 1173/1634/1536 1601/1964/1537 1838/1963/1534
f 1838/1963/1534 1601/1964/1537 1163/1620/1523 1582/1615/1520
f 1588/1630/1535 1838/1963/1534 1582/1615/1520 1147/1612/1519
f 1167/1952/1502 1580/1586/1501 1839/1965/1538 1623/1966/1539
f 1580/1586/1501 1152/1587/1500 1578/1639/1516 1839/1965/1538
f 1839/1965/1538 1578/1639/1516 1158/1609/1518 1612/1638/1540
f 1623/1966/1539 1839/1965/1538 1612/1638/1540 1169/1967/1541
f 1142/1640/1542 1590/1968/1543 1840/1642/1544 1584/1641/1545
f 1590/1968/1543 1153/1648/1546 1565/1647/1547 1840/1642/1544
f 1840/1642/1544 1565/1647/1547 1154/1646/1548 1591/1969/1549
f 1584/1641/1545 1840/1642/1544 1591/1969/1549 1141/1644/1550
f 1141/1644/1550 1591/1969/1549 1841/1970/1551 1585/1649/1552
f 1591/1969/1549 1154/1646/1548 1567/1654/1553 1841/1970/1551
f 1841/1970/1551 1567/1654/1553 1155/1653/1554 1592/1652/1555
f 1585/1649/1552 1841/1970/1551 1592/1652/1555 1144/1651/1556
f 1148/1616/1557 1593/1657/1558 1842/1656/1559 1586/1655/1560
f 1593/1657/1558 1157/1604/1513 1572/1660/1510 1842/1656/1559
f 1842/1656/1559 1572/1660/1510 1156/1596/1509 1594/1971/1561
f 1586/1655/1560 1842/1656/1559 1594/1971/1561 1147/1658/1562
f 1150/1661/1563 1595/1664/1564 1843/1972/1565 1587/1662/1566
f 1595/1664/1564 1158/1609/1518 1574/1610/1517 1843/1972/1565
f 1843/1972/1565 1574/1610/1517 1157/1604/1513 1593/1657/1558
f 1587/1662/1566 1843/1972/1565 1593/1657/1558 1148/1616/1557
f 1170/1629/1567 1622/1973/1568 1844/1974/1569 1613/1666/1570
f 1622/1973/1568 1168/1975/1528 1611/1729/1571 1844/1974/1569
f 1844/1974/1569 1611/1729/1571 1153/1648/1546 1590/1968/1543
f 1613/1666/1570 1844/1974/1569 1590/1968/1543 1142/1640/1542
f 1171/1670/1572 1621/1673/1573 1845/1976/1574 1614/1671/1575
f 1621/1673/1573 1169/1977/1541 1612/1638/1540 1845/1976/1574
f 1845/1976/1574 1612/1638/1540 1158/1609/1518 1595/1664/1564
f 1614/1671/1575 1845/1976/1574 1595/1664/1564 1150/1661/1563
f 1172/1675/1576 1615/1978/1577 1846/1979/1578 1620/1676/1579
f 1615/1978/1577 1159/1980/1525 1599/1981/1524 1846/1979/1578
f 1846/1979/1578 1599/1981/1524 1163/1620/1523 1601/1982/1537
f 1620/1676/1579 1846/1979/1578 1601/1982/1537 1173/1983/1536
f 1174/1702/1580 1617/1984/1581 1847/1985/1582 1619/1986/1583
f 1617/1984/1581 1164/1987/1584 1600/1988/1585 1847/1985/1582
f 1847/1985/1582 1600/1988/1585 1159/1980/1525 1615/1978/1577
f 1619/1986/1583 1847/1985/1582 1615/1978/1577 1172/1675/1576
f 1141/1644/1586 1605/1989/1587 1848/1990/1588 1584/1641/1589
f 1605/1989/1587 1160/1991/1590 1597/1694/1591 1848/1990/1588
f 1848/1990/1588 1597/1694/1591 1161/1693/1592 1603/1692/1593
f 1584/1641/1589 1848/1990/1588 1603/1692/1593 1142/1691/1594
f 1171/1670/1595 1618/1698/1596 1849/1992/1597 1589/1696/1598
f 1618/1698/1596 1174/1683/1580 1602/1993/1599 1849/1992/1597
f 1849/1992/1597 1602/1993/1599 1162/1994/1600 1606/1995/1601
f 1589/1696/1598 1849/1992/1597 1606/1995/1601 1144/1651/1602
f 1148/1616/1527 1604/1959/1526 1850/1996/1603 1587/1662/1604
f 1604/1959/1526 1159/1618/1525 1600/1997/1585 1850/1996/1603
f 1850/1996/1603 1600/1997/1585 1164/1987/1584 1607/1998/1605
f 1587/1662/1604 1850/1996/1603 1607/1998/1605 1150/1704/1606
f 1144/1651/1602 1606/1995/1601 1851/1707/1607 1585/1649/1608
f 1606/1995/1601 1162/1994/1600 1598/1999/1609 1851/1707/1607
f 1851/1707/1607 1598/1999/1609 1160/1991/1590 1605/1989/1587
f 1585/1649/1608 1851/1707/1607 1605/1989/1587 1141/1644/1586
f 1150/1704/1606 1607/1998/1605 1852/2000/1610 1614/1709/1611
f 1607/1998/1605 1164/1987/1584 1617/2001/1581 1852/2000/1610
f 1852/2000/1610 1617/2001/1581 1174/1683/1580 1618/1698/1596
f 1614/1709/1611 1852/2000/1610 1618/1698/1596 1171/1670/1595
f 1162/1994/1600 1602/1701/1599 1853/2002/1612 1598/1999/1609
f 1602/1701/1599 1174/1702/1580 1619/1986/1583 1853/2002/1612
f 1853/2002/1612 1619/1986/1583 1172/1675/1576 1596/2003/1613
f 1598/1999/1609 1853/2002/1612 1596/2003/1613 1160/1991/1590
f 1160/1991/1590 1596/2003/1613 1854/2004/1614 1597/1694/1591
f 1596/2003/1613 1172/1675/1576 1620/1676/1579 1854/2004/1614
f 1854/2004/1614 1620/1676/1579 1173/1983/1536 1616/1726/1615
f 1597/1694/1591 1854/2004/1614 1616/1726/1615 1161/1693/1592
f 1144/1651/1556 1592/1652/1555 1855/2005/1616 1589/1715/1617
f 1592/1652/1555 1155/1653/1554 1583/1717/1618 1855/2005/1616
f 1855/2005/1616 1583/1717/1618 1169/1977/1541 1621/1673/1573
f 1589/1715/1617 1855/2005/1616 1621/1673/1573 1171/1670/1572
f 1147/1658/1562 1594/1971/1561 1856/2006/1619 1588/1718/1620
f 1594/1971/1561 1156/1596/1509 1581/1961/1529 1856/2006/1619
f 1856/2006/1619 1581/1961/1529 1168/1975/1528 1622/1973/1568
f 1588/1718/1620 1856/2006/1619 1622/1973/1568 1170/1629/1567
f 1146/1721/1621 1610/2007/1622 1857/2008/1623 1571/1722/1624
f 1610/2007/1622 1167/1952/1502 1623/1966/1539 1857/2008/1623
f 1857/2008/1623 1623/1966/1539 1169/1967/1541 1583/1717/1618
f 1571/1722/1624 1857/2008/1623 1583/1717/1618 1155/1653/1554
f 1142/1691/1594 1603/1692/1593 1858/2009/1625 1613/1666/1626
f 1603/1692/1593 1161/1693/1592 1616/2010/1615 1858/2009/1625
f 1858/2009/1625 1616/2010/1615 1173/1634/1536 1624/1632/1533
f 1613/1666/1626 1858/2009/1625 1624/1632/1533 1170/1629/1532
f 1153/1648/1546 1611/2011/1571 1859/1728/1627 1568/1727/1628
f 1611/2011/1571 1168/1960/1528 1625/1962/1531 1859/1728/1627
f 1859/1728/1627 1625/1962/1531 1166/1625/1503 1579/1731/1629
f 1568/1727/1628 1859/1728/1627 1579/1731/1629 1145/1730/1630
f 1145/1732/1630 1579/1735/1629 1860/1734/1631 1569/1733/1632
f 1579/1735/1629 1166/1590/1503 1626/1954/1506 1860/1734/1631
f 1860/1734/1631 1626/1954/1506 1165/1948/1494 1608/1737/1633
f 1569/1733/1632 1860/1734/1631 1608/1737/1633 1143/1736/1634
f 1143/1736/1634 1608/1737/1633 1861/1739/1635 1570/1738/1636
f 1608/1737/1633 1165/1948/1494 1627/1951/1497 1861/1739/1635
f 1861/1739/1635 1627/1951/1497 1167/1952/1502 1610/2007/1622
f 1570/1738/1636 1861/1739/1635 1610/2007/1622 1146/1721/1621
f 1182/1446/1008 1638/2012/1008 1862/2013/1008 1637/1890/1008
f 1638/2012/1008 1071/1744/1008 1413/1743/1008 1862/2013/1008
f 1862/2013/1008 1413/1743/1008 1059/1408/1008 1632/1742/1008
f 1637/1890/1008 1862/2013/1008 1632/1742/1008 1180/1410/1008
f 1177/1745/1008 1639/2014/1008 1863/1746/1008 1629/1429/1008
f 1639/2014/1008 1183/1752/1008 1640/1750/1008 1863/1746/1008
f 1863/1746/1008 1640/1750/1008 1182/2015/1008 1636/1887/1008
f 1629/1429/1008 1863/1746/1008 1636/1887/1008 1175/1423/1008
f 1183/2016/1008 1641/2017/1008 1864/2018/1008 1640/2019/1008
f 1641/2017/1008 1072/1757/1008 1417/1756/1008 1864/2018/1008
f 1864/2018/1008 1417/1756/1008 1071/1744/1008 1638/2012/1008
f 1640/2019/1008 1864/2018/1008 1638/2012/1008 1182/1446/1008
f 1178/1377/1008 1642/2020/1008 1865/2021/1008 1630/1758/1008
f 1642/2020/1008 1184/2022/1008 1643/2023/1008 1865/2021/1008
f 1865/2021/1008 1643/2023/1008 1183/1752/1008 1639/2014/1008
f 1630/1758/1008 1865/2021/1008 1639/2014/1008 1177/1745/1008
f 1184/1763/1008 1644/2024/1008 1866/2025/1008 1643/1761/1008
f 1644/2024/1008 1073/1768/1008 1421/1767/1008 1866/2025/1008
f 1866/2025/1008 1421/1767/1008 1072/1757/1008 1641/2017/1008
f 1643/1761/1008 1866/2025/1008 1641/2017/1008 1183/2016/1008
f 1179/1769/1008 1634/1391/1008 1867/2026/1008 1631/1385/1008
f 1634/1391/1008 1181/1392/1008 1645/1771/1008 1867/2026/1008
f 1867/2026/1008 1645/1771/1008 1184/1763/1008 1642/2027/1008
f 1631/1385/1008 1867/2026/1008 1642/2027/1008 1178/1384/1008
f 1181/1392/1008 1635/1773/1008 1868/2028/1008 1645/1771/1008
f 1635/1773/1008 1060/1401/1008 1423/1774/1008 1868/2028/1008
f 1868/2028/1008 1423/1774/1008 1073/1768/1008 1644/2024/1008
f 1645/1771/1008 1868/2028/1008 1644/2024/1008 1184/1763/1008
