# Blender 4.5.0
# www.blender.org
mtllib DemoLevel.mtl
g Cube_Cube
v 1.000000 0.652908 3.747092
v 1.000000 0.952908 3.747092
v -10.672754 3.027709 1.498541
v -9.505921 1.992366 1.498541
v -9.505921 2.617710 1.498541
v -9.505921 3.027709 1.498541
v -10.672754 1.992366 1.498541
v -10.675706 2.621479 1.522151
v -10.864362 4.200000 0.598541
v -9.314362 3.900000 0.598541
v -11.794361 2.592366 0.598541
v -12.494361 4.200000 -0.301459
v -12.494361 2.592366 -0.301459
v -12.494361 4.200000 1.498541
v -12.494361 2.592366 1.498541
v -12.494361 4.200000 0.598541
v -12.494361 2.592366 0.598541
v -11.794361 2.807098 0.043604
v -11.794361 2.807098 0.253478
v -12.494361 2.807098 0.043604
v -12.494361 2.807098 0.253478
v -9.321547 3.851904 1.498541
v -9.314362 3.900000 1.473541
v -9.316466 3.885911 1.491218
v -9.314362 2.117366 1.473541
v -9.314362 2.092366 1.498541
v -9.314362 2.092366 1.498541
v -9.314362 2.104866 1.486041
v -9.314362 2.098724 1.492182
v -9.314362 2.092366 1.498541
v -9.314362 2.104866 1.486041
v -10.864362 2.092366 1.498541
v -10.864362 2.117366 1.473541
v -10.839362 2.092366 1.498541
v -10.864362 2.104866 1.486041
v -10.859077 2.098724 1.493258
v -10.857039 2.104866 1.491218
v -10.851862 2.092366 1.498541
v -10.864362 4.169178 1.498662
v -10.864362 4.200000 1.473541
v -10.864362 4.190972 1.491254
v -9.339361 4.200000 1.473541
v -9.314362 4.175000 1.473541
v -9.319436 4.168945 1.498541
v -9.321684 4.192678 1.473541
v -9.320900 4.187915 1.487975
v -9.315888 4.170784 1.491356
v -9.330334 4.190973 1.491134
v -9.340266 3.900000 -0.301459
v -9.314362 3.900000 -0.276459
v -9.321950 3.900000 -0.294137
v -9.314362 2.092366 -0.301459
v -9.339361 2.092366 -0.276459
v -9.314362 2.117366 -0.276459
v -9.314362 2.092366 -0.301459
v -9.326861 2.092366 -0.288959
v -9.317999 2.096003 -0.292890
v -9.321684 2.099688 -0.276459
v -9.314362 2.104866 -0.288959
v -9.314362 2.092366 -0.301459
v -10.864362 2.092366 -0.301459
v -10.864362 2.092366 -0.301459
v -10.864362 2.117366 -0.276459
v -10.839362 2.092366 -0.276459
v -10.864362 2.092366 -0.301459
v -10.860725 2.096003 -0.292889
v -10.864362 2.104866 -0.288959
v -10.857039 2.099688 -0.276459
v -10.851862 2.092366 -0.288959
v -10.864362 4.200000 -0.276459
v -10.864362 4.175000 -0.301459
v -10.864362 4.192678 -0.294137
v -9.339361 4.200000 -0.276459
v -9.339361 4.175000 -0.301459
v -9.314362 4.175000 -0.276459
v -9.339361 4.192677 -0.294137
v -9.324927 4.189434 -0.290893
v -9.321684 4.175000 -0.294137
v -9.321684 4.192677 -0.276459
v -11.819361 2.815470 1.200917
v -11.819361 2.840471 1.175918
v -11.794361 2.873135 1.208068
v -11.819361 2.833148 1.193595
v -11.804926 2.844196 1.196784
v -11.801769 2.849962 1.190165
v -11.801643 2.854536 1.203029
v -10.889361 2.592366 1.473541
v -10.839524 2.617352 1.498911
v -10.864362 2.567366 1.473541
v -10.864439 2.599684 1.491327
v -10.864394 2.592376 1.488037
v -10.857086 2.592426 1.491328
v -10.871684 2.585043 1.473541
v -10.864362 2.567366 -0.276459
v -10.864362 2.567366 -0.301459
v -10.839362 2.617366 -0.301459
v -10.889361 2.592366 -0.276459
v -10.864362 2.567366 -0.288959
v -10.863714 2.588081 -0.293537
v -10.851862 2.592366 -0.301459
v -10.864362 2.599688 -0.294137
v -10.871684 2.585043 -0.276459
v -11.819361 2.592366 1.200917
v -11.794361 2.592366 1.208755
v -11.801683 2.592366 1.203213
v -11.794361 2.592366 0.055556
v -11.819361 2.592366 0.061655
v -11.801683 2.592366 0.059868
v -9.340302 2.395713 -0.301459
v -9.314362 2.392366 -0.301459
v -9.314362 2.392366 -0.276459
v -9.327332 2.394039 -0.301459
v -9.321959 2.393212 -0.294137
v -9.314362 2.392366 -0.288959
v -9.321948 2.394012 -0.294121
v -9.314362 2.092366 -0.301459
v -9.314362 2.092366 -0.301459
v -9.340463 2.117366 -0.301459
v -9.314362 2.092366 -0.301459
v -9.321001 2.098724 -0.301459
v -9.327412 2.104866 -0.301459
v -9.327412 2.104866 -0.301459
v -10.864362 2.092366 -0.301459
v -10.839362 2.117366 -0.301459
v -10.864362 2.092366 -0.301459
v -10.851862 2.104866 -0.301459
v -10.858004 2.098724 -0.301459
v -10.851862 2.104866 -0.301459
v -10.864362 2.092366 -0.301459
v -10.864362 2.392366 -0.301459
v -10.839362 2.392366 -0.301459
v -10.851862 2.392366 -0.301459
v -9.314362 2.392366 -0.301459
v -9.340507 2.392366 -0.301459
v -9.327435 2.392366 -0.301459
v -9.339361 4.200000 0.598541
v -9.314362 4.175000 0.598541
v -9.321684 4.192678 0.598541
v -10.839362 2.092366 0.573541
v -10.864362 2.117366 0.598541
v -10.864362 2.092366 0.598541
v -10.864362 2.092366 0.598541
v -10.857038 2.099688 0.586040
v -10.860724 2.096003 0.594256
v -10.864362 2.104866 0.598541
v -10.864362 2.092366 0.598541
v -10.851862 2.092366 0.586041
v -9.339361 2.092366 0.573541
v -9.314362 2.092366 0.598541
v -9.314362 2.092366 0.598541
v -9.314362 2.117366 0.598541
v -9.326861 2.092366 0.586041
v -9.317998 2.096004 0.594256
v -9.314362 2.092366 0.598541
v -9.314362 2.104866 0.598541
v -9.321684 2.099688 0.586040
v -10.889361 2.592366 0.598541
v -10.864362 2.567366 0.598541
v -10.871684 2.585043 0.598541
v -11.819361 2.592366 0.235427
v -11.794361 2.592366 0.241525
v -11.801683 2.592366 0.237213
v -11.819361 2.840471 0.921164
v -11.819361 2.815470 0.896164
v -11.794361 2.873135 0.889013
v -11.819361 2.833148 0.903486
v -11.804926 2.844196 0.900297
v -11.801642 2.854536 0.894052
v -11.801769 2.849962 0.906916
v -11.794361 4.170610 -0.294178
v -11.769361 4.175000 -0.301459
v -11.769361 4.200000 -0.276459
v -11.787227 4.172004 -0.299244
v -11.783796 4.188347 -0.294515
v -11.769361 4.192678 -0.294137
v -11.786975 4.191442 -0.284694
v -11.769361 2.617366 -0.301459
v -11.794361 2.592366 -0.284978
v -11.787039 2.599688 -0.296632
v -11.794361 2.592366 0.888327
v -11.819361 2.592366 0.896164
v -11.801683 2.592366 0.893868
v -11.794361 4.170920 1.492175
v -11.769361 4.200000 1.473541
v -11.769361 4.175000 1.498541
v -11.786980 4.191529 1.482243
v -11.783796 4.188418 1.491792
v -11.769361 4.192678 1.491218
v -11.787212 4.172189 1.496610
v -11.769361 2.617366 1.498541
v -11.794361 2.592366 1.482500
v -11.787039 2.599688 1.493842
v -11.769361 4.200000 0.598541
v -11.794361 4.170779 0.598541
v -11.787039 4.191442 0.598541
v -12.469361 2.815470 1.200917
v -12.494361 2.873135 1.208068
v -12.469361 2.840471 1.175918
v -12.487080 2.854536 1.203029
v -12.483794 2.844196 1.196784
v -12.486952 2.849962 1.190165
v -12.469361 2.833148 1.193595
v -12.494361 2.592366 1.208755
v -12.469361 2.592366 1.200917
v -12.487039 2.592366 1.203213
v -12.469361 2.592366 0.061655
v -12.494361 2.592366 0.055556
v -12.487039 2.592366 0.059868
v -12.494361 2.592366 0.241525
v -12.469361 2.592366 0.235427
v -12.487039 2.592366 0.237213
v -12.469361 2.840471 0.921164
v -12.494361 2.873135 0.889013
v -12.469361 2.815470 0.896164
v -12.486952 2.849962 0.906916
v -12.483794 2.844196 0.900297
v -12.487080 2.854536 0.894052
v -12.469361 2.833148 0.903486
v -12.469361 2.592366 0.896164
v -12.494361 2.592366 0.888327
v -12.487039 2.592366 0.893868
v -9.314362 2.092366 1.498541
v -9.314362 2.092366 1.498541
v -9.339361 2.092366 1.473541
v -9.314362 2.092366 1.498541
v -9.320719 2.092366 1.492182
v -9.326861 2.092366 1.486041
v -9.326861 2.092366 1.486041
v -10.864362 2.092366 1.498541
v -10.839362 2.092366 1.473541
v -10.864362 2.092366 1.498541
v -10.851862 2.092366 1.486041
v -10.858004 2.092366 1.492182
v -10.851862 2.092366 1.486041
v -10.864362 2.092366 1.498541
v -10.864362 2.092366 0.598541
v -10.839362 2.092366 0.623541
v -10.864362 2.092366 0.598541
v -10.851862 2.092366 0.611041
v -10.858004 2.092366 0.604899
v -10.851862 2.092366 0.611041
v -10.864362 2.092366 0.598541
v -9.314362 2.092366 0.598541
v -9.314362 2.092366 0.598541
v -9.339361 2.092366 0.623541
v -9.314362 2.092366 0.598541
v -9.320719 2.092366 0.604899
v -9.326861 2.092366 0.611041
v -9.326861 2.092366 0.611041
v -11.794361 2.746064 0.119276
v -11.819361 2.723773 0.146912
v -11.801683 2.730301 0.138818
v -11.819361 2.638515 0.061655
v -11.794361 2.688409 0.056312
v -11.801683 2.653131 0.060090
v -11.819361 2.717283 0.114285
v -11.794361 2.741312 0.095376
v -11.801683 2.724321 0.108747
v -11.819361 2.698802 0.086626
v -11.794361 2.728061 0.075002
v -11.801683 2.707371 0.083221
v -11.819361 2.671142 0.068144
v -11.794361 2.708823 0.061343
v -11.801683 2.682178 0.066152
v -11.794361 2.688409 0.240769
v -11.819361 2.638515 0.235427
v -11.801683 2.653127 0.236992
v -11.819361 2.723773 0.150169
v -11.794361 2.746064 0.177806
v -11.801683 2.730301 0.158264
v -11.819361 2.671142 0.228937
v -11.794361 2.708823 0.235739
v -11.801683 2.682178 0.230929
v -11.819361 2.698802 0.210455
v -11.794361 2.728061 0.222079
v -11.801683 2.707371 0.213860
v -11.819361 2.717283 0.182796
v -11.794361 2.741312 0.201705
v -11.801683 2.724321 0.188334
v -12.494361 2.688409 0.056312
v -12.469361 2.638515 0.061655
v -12.487039 2.653131 0.060090
v -12.469361 2.723773 0.146912
v -12.494361 2.746064 0.119276
v -12.487039 2.730301 0.138818
v -12.469361 2.671142 0.068144
v -12.494361 2.708823 0.061343
v -12.487039 2.682178 0.066152
v -12.469361 2.698802 0.086626
v -12.494361 2.728061 0.075002
v -12.487039 2.707371 0.083221
v -12.469361 2.717283 0.114285
v -12.494361 2.741312 0.095376
v -12.487039 2.724321 0.108747
v -12.494361 2.746064 0.177806
v -12.469361 2.723773 0.150169
v -12.487039 2.730301 0.158264
v -12.469361 2.638515 0.235427
v -12.494361 2.688409 0.240769
v -12.487039 2.653127 0.236992
v -12.469361 2.717283 0.182796
v -12.494361 2.741312 0.201705
v -12.487039 2.724321 0.188334
v -12.469361 2.698802 0.210455
v -12.494361 2.728061 0.222079
v -12.487039 2.707371 0.213860
v -12.469361 2.671142 0.228937
v -12.494361 2.708823 0.235739
v -12.487039 2.682178 0.230929
vn 0.7071 -0.7071 -0.0000
vn 1.0000 -0.0000 -0.0000
vn -0.6821 0.7071 -0.1866
vn -0.9935 -0.0000 -0.1137
vn -1.0000 -0.0000 -0.0000
vn -0.9636 0.2171 -0.1560
vn -0.0000 -0.0000 -1.0000
vn -0.9868 -0.0013 -0.1621
vn 0.0683 -0.6705 -0.7388
vn 1.0000 -0.0000 0.0001
vn 0.1410 -0.5986 -0.7885
vn 1.0000 -0.0001 -0.0000
vn 0.7105 0.0003 -0.7037
vn 0.1411 -0.5987 -0.7885
vn 0.0797 -0.4790 -0.8742
vn 0.1410 -0.5986 -0.7886
vn 0.7104 0.0004 -0.7038
vn -0.0000 -1.0000 -0.0000
vn -0.7071 -0.7071 -0.0000
vn -0.7085 -0.5837 -0.3966
vn -0.0000 -0.6534 -0.7570
vn -1.0000 -0.0001 -0.0000
vn -0.9509 0.0025 -0.3096
vn -0.0000 0.0001 -1.0000
vn -0.9509 0.0026 -0.3096
vn -0.5104 0.6921 -0.5104
vn -0.0000 1.0000 0.0001
vn -0.6269 0.6269 -0.4627
vn -0.7071 0.7071 -0.0000
vn -0.6268 0.6269 -0.4627
vn -0.0000 1.0000 -0.0000
vn -0.6269 0.6268 -0.4627
vn -0.6920 0.5104 -0.5105
vn -0.6268 0.6268 -0.4628
vn -1.0000 -0.0000 -0.0001
vn 0.5104 0.6922 -0.5103
vn 0.6269 0.6269 -0.4626
vn 0.6921 0.5102 -0.5105
vn 1.0000 -0.0000 -0.0002
vn 0.6268 0.6268 -0.4629
vn 0.7071 0.7071 -0.0000
vn 0.6270 0.6268 -0.4626
vn -0.0000 -0.7071 0.7071
vn -0.5774 -0.5774 0.5773
vn -0.0000 -0.0000 1.0000
vn -0.7026 0.0007 0.7116
vn -0.5774 -0.5773 0.5774
vn -0.7071 -0.7071 -0.0001
vn -0.7026 0.0007 0.7115
vn 0.0001 -0.0001 -1.0000
vn 0.0001 -0.7072 -0.7071
vn 0.7862 -0.5543 -0.2730
vn 0.3675 -0.0009 -0.9300
vn -0.0001 -1.0000 -0.0000
vn 0.7695 -0.6387 -0.0000
vn 0.7862 -0.5544 -0.2731
vn -0.0000 -0.7071 -0.7071
vn 1.0000 -0.0000 -0.0001
vn 0.7862 -0.5543 -0.2731
vn 0.7695 -0.6386 -0.0001
vn -0.0021 0.6607 -0.7507
vn 0.4546 0.4559 -0.7652
vn 0.7072 0.7071 -0.0000
vn 0.0742 0.0224 -0.9970
vn -0.0021 0.6607 -0.7506
vn 0.7710 0.1053 0.6280
vn 0.7071 0.7071 -0.0001
vn 0.8648 -0.2027 0.4593
vn -0.0000 -0.0001 1.0000
vn 0.7710 0.1053 0.6281
vn -0.0022 0.6605 0.7508
vn 0.7709 0.1053 0.6281
vn -0.0000 0.0001 1.0000
vn 0.0001 1.0000 -0.0000
vn -0.0021 0.6604 0.7509
vn -0.1732 -0.9838 0.0465
vn -0.6982 0.0001 0.7159
vn -0.1193 -0.9928 -0.0091
vn 0.0001 -0.0001 1.0000
vn -0.6982 -0.0000 0.7159
vn -0.0000 0.1644 -0.9864
vn -0.9235 0.2522 -0.2891
vn 0.0521 -0.1096 0.9926
vn -0.0000 -0.1644 0.9864
vn -0.9234 0.2525 -0.2891
vn -0.0000 -0.6917 -0.7222
vn -0.0000 -0.0001 -1.0000
vn -0.5845 0.6918 0.4240
vn -0.0000 0.2425 -0.9701
vn 0.1677 -0.9846 0.0487
vn -0.3795 0.7071 -0.5967
vn -0.0000 -0.2425 0.9701
vn 0.1675 -0.9847 0.0487
vn 0.0799 0.1611 -0.9837
vn 0.7697 0.1174 0.6276
vn 0.7697 0.1174 0.6275
vn 0.7070 0.7072 -0.0000
vn 0.7623 -0.0000 0.6473
vn 0.7696 0.1174 0.6277
vn 0.7016 0.1249 0.7016
vn 0.7696 0.1174 0.6276
vn -0.0001 1.0000 -0.0000
vn -0.7697 0.1175 0.6275
vn -0.7016 0.1251 0.7015
vn -0.7697 0.1175 0.6276
vn -0.7625 -0.0000 0.6469
vn -1.0000 -0.0000 -0.0002
vn -0.7698 0.1174 0.6274
vn -1.0000 -0.0000 0.0001
vn -0.7071 0.7071 0.0001
vn -0.7696 0.1174 0.6276
vn -0.0000 -1.0000 -0.0001
vn 0.7862 -0.5544 0.2731
vn 0.7695 -0.6386 0.0001
vn 0.3675 -0.0009 0.9300
vn 0.7862 -0.5543 0.2731
vn 0.7695 -0.6386 -0.0000
vn 0.5020 0.0018 0.8649
vn 0.4152 -0.5888 0.6935
vn 0.7452 -0.6668 0.0001
vn 0.4152 -0.5889 0.6934
vn 0.5021 0.0017 0.8648
vn 0.7452 -0.6668 -0.0000
vn 0.7440 -0.6682 0.0001
vn 0.3946 -0.5931 -0.7018
vn 0.4844 0.0019 -0.8748
vn -0.0012 -0.6799 -0.7333
vn 0.7440 -0.6682 -0.0000
vn 0.0003 -0.0001 -1.0000
vn -0.0001 -0.0001 -1.0000
vn -0.3676 -0.0009 -0.9300
vn -0.7862 -0.5543 -0.2731
vn -0.0001 -0.7072 -0.7070
vn -0.7695 -0.6386 -0.0002
vn -0.7862 -0.5543 -0.2733
vn -0.3674 -0.0008 -0.9301
vn -0.7862 -0.5544 -0.2731
vn -0.7695 -0.6387 -0.0000
vn -0.7862 -0.5544 0.2731
vn -1.0000 -0.0000 0.0002
vn -0.3673 -0.0009 0.9301
vn -0.7861 -0.5543 0.2734
vn -0.7695 -0.6386 0.0002
vn -0.0001 -0.0001 1.0000
vn -0.0001 -0.7072 0.7070
vn -0.7862 -0.5543 0.2731
vn -0.3676 -0.0008 0.9300
vn -0.1104 0.9939 -0.0000
vn -0.9813 0.1087 -0.1589
vn 0.1104 -0.9939 -0.0000
vn -0.1470 0.9885 0.0367
vn -0.9813 0.1086 -0.1589
vn 0.7071 -0.0000 -0.7071
vn 0.7070 -0.0000 -0.7072
vn -0.9918 -0.0000 -0.1278
vn -0.7071 -0.0000 0.7071
vn 0.3162 0.9487 -0.0000
vn -0.8668 0.4865 -0.1094
vn 0.7071 -0.0000 0.7071
vn -0.9886 -0.0000 -0.1508
vn -0.7071 -0.0000 -0.7071
vn -0.3162 -0.9487 -0.0000
vn -0.8668 0.4865 -0.1095
vn 0.2095 0.9723 -0.1031
vn -0.2425 -0.9701 -0.0000
vn 0.3208 0.9438 -0.0799
vn -0.8830 0.4113 -0.2262
vn -0.7071 -0.0000 0.7072
vn -0.1895 -0.0000 -0.9819
vn 0.2425 0.9701 -0.0000
vn -0.8830 0.4114 -0.2262
vn 0.0905 -0.9959 -0.0000
vn -0.9623 0.1259 -0.2411
vn -0.0603 0.9977 0.0301
vn -0.0905 0.9959 -0.0000
vn -0.9622 0.1259 -0.2414
vn 0.2617 -0.0000 0.9652
vn -0.0001 -0.0000 -1.0000
vn -0.9867 -0.0013 -0.1623
vn -0.0001 -0.6534 -0.7570
vn -0.9509 0.0026 -0.3095
vn -0.9508 0.0026 -0.3097
vn -0.6981 -0.0000 0.7160
vn 1.0000 0.0001 -0.0000
vn -0.0001 -0.0000 1.0000
vn -0.0001 0.0007 1.0000
vn -0.7026 0.0004 0.7115
vn -1.0000 0.0004 -0.0000
vn 0.7452 -0.6669 -0.0000
vn -0.0008 -1.0000 -0.0000
vn -0.0008 -0.6799 -0.7333
vn -0.0013 -0.6799 -0.7333
vn -0.0013 -0.0001 -1.0000
vn -0.0000 -0.7072 0.7071
vn 0.5021 0.0018 0.8648
vn 0.5020 0.0017 0.8648
vn 0.0001 -0.0000 1.0000
vn 0.0003 -0.0000 -1.0000
vn -0.0021 0.6605 0.7508
vn -0.0021 0.6605 0.7509
vn 0.0762 0.0209 -0.9969
vn 0.7104 0.0003 -0.7038
vn 0.7440 -0.6681 -0.0000
vn 0.0001 -0.0000 -1.0000
vn 0.3676 -0.0009 0.9300
vn -0.3675 -0.0009 -0.9300
vn -1.0000 0.0001 -0.0000
vn -0.7695 -0.6386 -0.0000
vn -0.3675 -0.0009 0.9300
vn -0.0000 -0.9808 0.1951
vn 0.7283 -0.6720 0.1337
vn 0.7284 -0.6720 0.1337
vn -0.0000 -0.8315 0.5556
vn 0.7561 -0.5452 0.3621
vn 0.7561 -0.5452 0.3620
vn -0.0000 -0.5556 0.8315
vn 0.7212 -0.3888 0.5734
vn 0.7212 -0.3887 0.5734
vn 0.7213 -0.3887 0.5733
vn 0.7212 -0.3887 0.5733
vn -0.0000 -0.1951 0.9808
vn 0.5731 -0.1692 0.8018
vn 0.5732 -0.1692 0.8018
vn 0.0001 -0.1951 -0.9808
vn 0.5731 -0.1692 -0.8018
vn -0.0000 -0.5556 -0.8315
vn 0.7212 -0.3888 -0.5734
vn 0.7212 -0.3887 -0.5734
vn 0.7213 -0.3887 -0.5733
vn -0.0000 -0.8315 -0.5556
vn 0.7561 -0.5452 -0.3620
vn 0.7562 -0.5451 -0.3620
vn -0.0000 -0.9808 -0.1951
vn 0.7283 -0.6720 -0.1336
vn 0.7283 -0.6721 -0.1336
vn 0.7284 -0.6720 -0.1337
vn 0.7284 -0.6720 -0.1336
vn -0.5731 -0.1692 0.8018
vn -0.5732 -0.1693 0.8017
vn -0.5732 -0.1692 0.8017
vn -0.7212 -0.3888 0.5734
vn -0.7212 -0.3887 0.5734
vn -0.7212 -0.3888 0.5733
vn -0.7212 -0.3887 0.5733
vn -0.7561 -0.5452 0.3620
vn -0.7561 -0.5452 0.3621
vn -0.7561 -0.5451 0.3620
vn -0.7283 -0.6721 0.1336
vn -0.7284 -0.6720 0.1337
vn -0.7284 -0.6720 0.1336
vn -0.0001 -0.9808 -0.1951
vn -0.7284 -0.6720 -0.1337
vn -0.7284 -0.6720 -0.1336
vn -0.0000 -0.8315 -0.5555
vn -0.7561 -0.5452 -0.3620
vn -0.7561 -0.5453 -0.3620
vn -0.7212 -0.3888 -0.5734
vn -0.7212 -0.3887 -0.5734
vn -0.7213 -0.3887 -0.5733
vn -0.0001 -0.1951 -0.9808
vn -0.0000 -0.1951 -0.9808
vn -0.5731 -0.1692 -0.8018
vn -0.6779 -0.7352 -0.0000
vn -0.6778 -0.7352 -0.0000
vn 0.6779 -0.7352 -0.0000
vn 0.6778 -0.7352 -0.0000
vn 0.0001 -1.0000 -0.0000
vn 0.3009 -0.0038 0.9536
vn 0.3010 -0.0038 0.9536
vn 0.3011 -0.0038 0.9536
vn -0.3010 -0.0038 0.9536
vn -0.3009 -0.0038 0.9536
vn 0.3010 -0.0038 -0.9536
vn 0.3009 -0.0038 -0.9536
vn -0.3010 -0.0038 -0.9536
vn -0.3009 -0.0038 -0.9536
vn 0.0270 -0.0119 -0.9996
vn -0.0000 -0.0000 -0.0000
vn 1.0000 -0.0000 0.0003
vn -1.0000 -0.0000 0.0003
vn -1.0000 -0.0000 -0.0003
vt 0.425441 0.949479
vt 0.424718 0.950926
vt 0.424362 0.950926
vt 0.423994 0.950203
vt 0.410233 0.463175
vt 0.410233 0.463175
vt 0.198195 0.907831
vt 0.198918 0.907832
vt 0.198563 0.907831
vt 0.912096 0.867024
vt 0.911372 0.868472
vt 0.911017 0.868472
vt 0.910648 0.867748
vt 0.945475 0.199597
vt 0.948247 0.199597
vt 0.948247 0.199597
vt 0.000000 0.000000
vt 0.793405 0.765703
vt 0.793405 0.764255
vt 0.794241 0.764255
vt 0.794853 0.765180
vt 0.425441 0.830346
vt 0.423994 0.830590
vt 0.423994 0.829598
vt 0.425441 0.828898
vt 0.318386 0.907538
vt 0.320183 0.906907
vt 0.320184 0.907453
vt 0.318493 0.907831
vt 0.776372 0.000000
vt 0.777758 0.000000
vt 0.776444 0.000782
vt 0.776372 0.000000
vt 0.779144 0.002772
vt 0.776372 0.002772
vt 0.526763 0.949479
vt 0.528211 0.950203
vt 0.528211 0.950716
vt 0.526763 0.950926
vt 0.410233 0.463175
vt 0.410233 0.463175
vt 0.948247 -0.000000
vt 0.948247 -0.000000
vt 0.947915 -0.000000
vt 0.946861 -0.000000
vt 0.922317 0.321306
vt 0.923041 0.321306
vt 0.922528 0.321306
vt 0.922317 0.321306
vt 0.912096 0.765703
vt 0.910649 0.765703
vt 0.910649 0.764751
vt 0.911372 0.764255
vt 0.945475 0.002772
vt 0.948247 0.002772
vt 0.692083 0.765703
vt 0.690636 0.765703
vt 0.690330 0.764561
vt 0.692083 0.764255
vt 0.689189 0.765703
vt 0.689189 0.764255
vt 0.526763 0.830346
vt 0.526763 0.828898
vt 0.527599 0.828898
vt 0.528211 0.830346
vt 0.310055 0.823725
vt 0.308608 0.823725
vt 0.308608 0.822889
vt 0.308608 0.822277
vt 0.888820 0.715641
vt 0.889645 0.714194
vt 0.890028 0.714194
vt 0.890267 0.715641
vt 0.965811 0.667763
vt 0.965397 0.669654
vt 0.965397 0.669654
vt 0.964775 0.669654
vt 0.951019 0.196825
vt 0.948256 0.199597
vt 0.948251 0.199597
vt 0.948247 0.196825
vt 0.228573 0.819526
vt 0.227108 0.818070
vt 0.227108 0.818070
vt 0.227128 0.818085
vt 0.938150 0.867024
vt 0.939598 0.867024
vt 0.939598 0.867864
vt 0.939598 0.868472
vt 0.938150 0.765703
vt 0.938150 0.764255
vt 0.939349 0.764255
vt 0.939598 0.765703
vt 0.949805 0.321304
vt 0.951252 0.321304
vt 0.951004 0.321304
vt 0.949805 0.321304
vt 0.599050 0.852556
vt 0.597603 0.854003
vt 0.597603 0.854003
vt 0.951019 0.002772
vt 0.948247 0.002772
vt 0.948247 0.000878
vt 0.948247 -0.000000
vt 0.939872 0.233065
vt 0.939678 0.231563
vt 0.939773 0.231562
vt 0.410233 0.463175
vt 0.410233 0.463175
vt 0.410233 0.463175
vt 0.526763 0.933557
vt 0.528211 0.933462
vt 0.528211 0.933508
vt 0.528211 0.933557
vt 0.776372 0.000000
vt 0.777819 0.000000
vt 0.923764 0.233075
vt 0.922317 0.232319
vt 0.922317 0.231948
vt 0.923041 0.231564
vt 0.948247 -0.000000
vt 0.946861 -0.000000
vt 0.947542 -0.000000
vt 0.948247 -0.000000
vt 0.923764 0.319858
vt 0.923041 0.321306
vt 0.922614 0.321306
vt 0.922317 0.320582
vt 0.922317 0.321306
vt 0.945475 0.097026
vt 0.948247 0.098412
vt 0.948159 0.099427
vt 0.946861 0.099798
vt 0.912096 0.816363
vt 0.910649 0.816363
vt 0.910649 0.815640
vt 0.410233 0.463175
vt 0.948247 0.099798
vt 0.948247 0.099798
vt 0.779144 0.097026
vt 0.777758 0.099798
vt 0.776687 0.099798
vt 0.776372 0.098412
vt 0.776372 0.099798
vt 0.776372 0.099798
vt 0.476102 0.949479
vt 0.476826 0.950926
vt 0.476350 0.950926
vt 0.476102 0.950926
vt 0.874070 0.715641
vt 0.872623 0.715641
vt 0.872623 0.714806
vt 0.873245 0.714194
vt 0.344669 0.864255
vt 0.346115 0.862807
vt 0.346115 0.862807
vt 0.346115 0.864255
vt 0.947338 0.667763
vt 0.948375 0.669654
vt 0.947992 0.669654
vt 0.947753 0.669654
vt 0.878834 0.592641
vt 0.878412 0.592561
vt 0.878412 0.591614
vt 0.879383 0.590940
vt 0.689189 0.906395
vt 0.690636 0.906393
vt 0.690824 0.907516
vt 0.689016 0.907842
vt 0.692084 0.906392
vt 0.691607 0.907839
vt 0.982261 0.592624
vt 0.981685 0.590940
vt 0.982238 0.590940
vt 0.982629 0.592550
vt 0.793405 0.906392
vt 0.794852 0.906392
vt 0.794853 0.907228
vt 0.793909 0.907839
vt 0.318726 0.765692
vt 0.318564 0.764245
vt 0.319503 0.764245
vt 0.320173 0.765692
vt 0.310055 0.861359
vt 0.308608 0.862806
vt 0.308608 0.862806
vt 0.308608 0.861359
vt 0.016818 0.929304
vt 0.017854 0.931195
vt 0.017471 0.931195
vt 0.017232 0.931195
vt 0.888820 0.753274
vt 0.890267 0.753274
vt 0.890267 0.754110
vt 0.889645 0.754722
vt 0.874070 0.753274
vt 0.873245 0.754722
vt 0.872862 0.754722
vt 0.872623 0.753274
vt 0.035291 0.929304
vt 0.034876 0.931195
vt 0.034877 0.931195
vt 0.034254 0.931195
vt 0.344668 0.901888
vt 0.346115 0.901888
vt 0.346115 0.902724
vt 0.346115 0.903336
vt 0.776372 0.199597
vt 0.776372 0.199597
vt 0.776513 0.199597
vt 0.777758 0.199597
vt 0.779144 0.196825
vt 0.776372 0.198211
vt 0.948247 0.199597
vt 0.946861 0.199597
vt 0.947542 0.199597
vt 0.948247 0.199597
vt 0.945475 0.196825
vt 0.948247 0.198211
vt 0.410233 0.463175
vt 0.945475 0.102571
vt 0.946861 0.099798
vt 0.948247 0.099798
vt 0.948247 0.101185
vt 0.776372 0.099798
vt 0.777758 0.099798
vt 0.777077 0.099798
vt 0.779144 0.102571
vt 0.776372 0.101185
vt 0.300036 0.907415
vt 0.302104 0.907831
vt 0.423994 0.846956
vt 0.425441 0.846268
vt 0.793405 0.853995
vt 0.794853 0.853995
vt 0.320177 0.818090
vt 0.318393 0.818090
vt 0.526763 0.846268
vt 0.528211 0.846268
vt 0.586124 0.764262
vt 0.673275 0.764256
vt 0.673275 0.765756
vt 0.586223 0.765764
vt 0.689189 0.853997
vt 0.690636 0.853996
vt 0.692083 0.853995
vt 0.476102 0.830346
vt 0.476102 0.828898
vt 0.742744 0.764255
vt 0.742744 0.765703
vt 0.228572 0.765692
vt 0.227387 0.764406
vt 0.982629 0.683595
vt 0.981700 0.684019
vt 0.930521 0.592632
vt 0.930521 0.590940
vt 0.742744 0.907839
vt 0.742744 0.906392
vt 0.879367 0.684019
vt 0.878412 0.683595
vt 0.597866 0.907687
vt 0.599050 0.906401
vt 0.938150 0.816364
vt 0.939598 0.816363
vt 0.948247 0.099798
vt 0.951019 0.099798
vt 1.051372 0.197818
vt 1.050560 0.199597
vt 1.051372 0.001827
vt 1.050560 -0.000000
vt 0.198188 0.819536
vt 0.198912 0.818089
vt 0.939678 0.319857
vt 0.939678 0.321305
vt 0.939678 0.321305
vt 0.939678 0.233076
vt 0.952699 0.319856
vt 0.965851 0.684019
vt 0.965397 0.684019
vt 0.322968 0.822278
vt 0.322968 0.823726
vt 0.947299 0.684019
vt 0.947752 0.684019
vt 0.331758 0.862808
vt 0.331758 0.864255
vt 0.322968 0.861359
vt 0.322968 0.862807
vt 0.017232 0.945560
vt 0.016778 0.945560
vt 0.331757 0.901889
vt 0.331757 0.903337
vt 0.034876 0.945560
vt 0.035330 0.945560
vt 0.420686 0.615289
vt 0.418797 0.615291
vt 0.418797 0.613844
vt 0.420308 0.613842
vt 0.904200 0.676445
vt 0.902466 0.676798
vt 0.901388 0.675395
vt 0.902772 0.675120
vt 0.421930 0.615271
vt 0.420329 0.615278
vt 0.420422 0.613830
vt 0.421897 0.613824
vt 0.900932 0.677823
vt 0.900209 0.676162
vt 0.429354 0.655843
vt 0.427720 0.655841
vt 0.428116 0.654394
vt 0.429354 0.654396
vt 0.899973 0.679217
vt 0.899418 0.677276
vt 0.430753 0.655834
vt 0.428853 0.655833
vt 0.429655 0.654386
vt 0.430753 0.654387
vt 0.899489 0.681079
vt 0.899127 0.678458
vt 0.407315 0.696366
vt 0.405416 0.696367
vt 0.405416 0.694919
vt 0.406514 0.694919
vt 0.909444 0.681079
vt 0.908960 0.679217
vt 0.909515 0.677276
vt 0.909806 0.678458
vt 0.408469 0.696376
vt 0.406841 0.696379
vt 0.406841 0.694932
vt 0.408074 0.694929
vt 0.908001 0.677823
vt 0.908724 0.676162
vt 0.416800 0.615278
vt 0.415199 0.615271
vt 0.415232 0.613824
vt 0.416707 0.613830
vt 0.906467 0.676798
vt 0.907545 0.675395
vt 0.418332 0.615291
vt 0.416443 0.615289
vt 0.416822 0.613842
vt 0.418332 0.613844
vt 0.904733 0.676445
vt 0.906161 0.675120
vt 0.428853 0.693467
vt 0.430753 0.693468
vt 0.430753 0.694915
vt 0.429655 0.694915
vt 0.083140 0.942620
vt 0.082656 0.940758
vt 0.083211 0.938817
vt 0.083502 0.939999
vt 0.427720 0.693475
vt 0.429354 0.693477
vt 0.429354 0.694924
vt 0.428116 0.694923
vt 0.081697 0.939364
vt 0.082420 0.937703
vt 0.420329 0.652911
vt 0.421930 0.652904
vt 0.421897 0.654351
vt 0.420422 0.654358
vt 0.080163 0.938339
vt 0.081241 0.936936
vt 0.418797 0.652924
vt 0.420686 0.652922
vt 0.420307 0.654370
vt 0.418797 0.654372
vt 0.078429 0.937986
vt 0.079857 0.936661
vt 0.416443 0.652922
vt 0.418332 0.652924
vt 0.418332 0.654372
vt 0.416822 0.654370
vt 0.077896 0.937986
vt 0.076162 0.938339
vt 0.075084 0.936936
vt 0.076468 0.936661
vt 0.415199 0.652904
vt 0.416800 0.652911
vt 0.416707 0.654358
vt 0.415232 0.654351
vt 0.074627 0.939364
vt 0.073905 0.937703
vt 0.406841 0.734013
vt 0.408469 0.734010
vt 0.408074 0.735458
vt 0.406841 0.735461
vt 0.073669 0.940758
vt 0.073114 0.938817
vt 0.405416 0.734001
vt 0.407315 0.734000
vt 0.406514 0.735448
vt 0.405416 0.735449
vt 0.073185 0.942620
vt 0.072823 0.939999
vt 0.418659 0.654372
vt 0.418470 0.654372
vt 0.418470 0.652925
vt 0.418659 0.652925
vt 0.418470 0.613844
vt 0.418659 0.613844
vt 0.418659 0.615292
vt 0.418470 0.615292
vt 0.429225 0.655829
vt 0.426554 0.655829
vt 0.426554 0.654381
vt 0.429225 0.654381
vt 0.899436 0.684019
vt 0.899083 0.684019
vt 0.083546 0.945560
vt 0.083193 0.945560
vt 0.429224 0.694910
vt 0.426554 0.694910
vt 0.426554 0.693462
vt 0.429224 0.693462
vt 0.909850 0.684019
vt 0.909497 0.684019
vt 0.406930 0.694913
vt 0.409601 0.694913
vt 0.409601 0.696360
vt 0.406930 0.696360
vt 0.072779 0.945560
vt 0.073132 0.945560
vt 0.409601 0.735441
vt 0.406930 0.735441
vt 0.406930 0.733994
vt 0.409601 0.733994
vt 0.476102 0.846268
vt 0.192406 0.896741
vt 0.228601 0.896741
vt 0.252331 0.896741
vt 0.228779 0.829016
vt 0.192401 0.829183
vt 0.742744 0.853995
vt 0.252326 0.829183
vt 1.051372 0.099798
vt 0.898391 0.671586
vt 0.910542 0.671586
vt 0.930521 0.684019
vt 0.910542 0.671586
vt 0.898391 0.671586
vt 0.000000 0.945560
vt 0.000000 0.852481
vt 0.052108 0.852481
vt 0.084238 0.933127
vt 0.104217 0.852481
vt 0.104217 0.945560
vt 0.052108 0.945560
vt 0.072087 0.933127
vt 0.898390 0.671586
vt 0.898391 0.671586
vt 0.898391 0.671586
vt 0.910542 0.671586
vt 0.910542 0.671586
vt 0.084238 0.933127
vt 0.084238 0.933126
vt 0.072087 0.933127
vt 0.084238 0.933127
vt 0.084238 0.933127
vt 0.084238 0.933127
vt 0.072087 0.933127
vt 0.072087 0.933127
vt 0.072087 0.933127
s 0
usemtl Wall
f 25/1/1 28/2/2 29/3/3 31/4/4
f 26/5/5 30/6/5 29/6/6 28/5/5
f 27/7/7 31/8/8 29/9/6 30/7/2
f 32/5/9 35/5/10 36/6/11 38/5/9
f 33/10/12 37/11/13 36/12/14 35/13/2
f 42/18/18 45/19/19 46/20/20 48/21/21
f 43/22/22 47/23/23 46/24/20 45/25/19
f 44/26/24 48/27/21 46/28/20 47/29/25
f 54/36/5 59/37/5 57/38/32 58/39/29
f 55/5/33 60/40/33 57/6/34 59/41/35
f 62/46/38 67/47/39 66/48/40 65/49/38
f 63/50/2 68/51/41 66/52/42 67/53/10
f 73/56/18 76/57/43 77/58/44 79/59/19
f 74/60/45 78/61/46 77/58/47 76/57/43
f 75/62/35 79/63/48 77/64/44 78/65/49
f 80/66/50 83/67/51 84/68/52 86/69/53
f 81/70/54 85/71/55 84/72/56 83/73/57
f 82/74/58 86/75/53 84/76/59 85/77/60
f 88/82/64 92/83/13 91/84/62 90/85/65
f 89/86/2 93/87/41 91/88/62 92/89/17
f 94/90/2 98/91/2 99/92/66 102/93/67
f 95/94/68 100/95/69 99/96/70 98/97/2
f 96/98/45 101/99/71 99/100/72 100/100/73
f 109/105/45 112/106/45 113/106/76 115/107/77
f 110/108/78 114/109/5 113/6/76 112/110/79
f 111/111/35 115/112/80 113/113/76 114/114/5
f 117/108/84 121/6/84 120/6/85 119/6/84
f 118/117/86 122/118/87 120/119/88 121/120/69
f 124/125/43 128/126/45 127/127/91 126/128/7
f 125/129/92 129/49/92 127/127/93 128/126/94
f 140/134/2 145/135/58 144/135/96 143/136/97
f 141/137/98 146/137/98 144/6/99 145/137/10
f 150/6/106 155/6/107 153/6/108 154/40/106
f 151/146/109 156/147/110 153/148/111 155/149/109
f 163/150/112 166/151/43 167/152/113 169/153/114
f 164/154/69 168/155/115 167/156/116 166/157/43
f 165/158/2 169/159/117 167/160/116 168/161/115
f 170/162/10 173/163/118 174/164/119 176/165/120
f 171/166/45 175/167/43 174/168/121 173/169/122
f 172/170/18 176/171/123 174/168/121 175/167/43
f 183/172/2 186/173/124 187/174/125 189/175/126
f 184/176/18 188/177/127 187/178/125 186/179/128
f 185/180/129 189/181/126 187/182/125 188/183/127
f 196/184/130 199/185/131 200/186/132 202/187/133
f 197/188/107 201/189/134 200/190/135 199/191/136
f 198/192/18 202/193/57 200/194/137 201/195/138
f 212/196/18 215/197/138 216/198/139 218/199/43
f 213/200/140 217/201/141 216/202/142 215/203/143
f 214/204/144 218/205/145 216/206/146 217/207/147
f 223/137/150 227/137/151 226/6/152 225/6/150
f 231/220/162 235/6/162 233/6/163 234/220/164
f 236/220/165 239/220/166 240/110/167 242/6/165
f 243/5/172 246/6/172 247/6/173 249/5/174
f 27/7/178 22/230/178 24/231/8 31/8/8
f 31/4/179 24/232/179 23/233/35 25/1/35
f 40/234/18 42/18/18 48/21/180 41/235/21
f 41/236/180 48/27/180 44/26/178 39/237/178
f 43/22/5 23/233/5 24/232/181 47/23/181
f 47/29/182 24/231/182 22/230/7 44/26/7
f 111/111/5 50/238/5 51/239/183 115/112/80
f 115/240/183 51/241/183 49/242/45 109/243/45
f 71/244/45 74/60/45 76/57/43 72/245/43
f 72/245/43 76/57/43 73/56/18 70/246/18
f 137/247/5 43/22/5 45/25/19 138/248/19
f 138/249/19 45/19/19 42/18/18 136/250/18
f 143/136/41 68/51/41 63/50/184 140/134/2
f 151/146/5 54/36/5 58/39/29 156/147/29
f 74/60/185 49/242/186 51/241/46 78/61/46
f 78/65/46 51/239/187 50/238/5 75/62/188
f 185/180/129 190/251/129 192/252/126 189/181/126
f 189/175/126 192/253/126 191/254/2 183/172/2
f 194/255/12 170/162/2 176/165/123 195/256/120
f 195/257/120 176/171/189 172/170/18 193/258/18
f 184/176/18 40/234/190 41/235/127 188/177/191
f 188/183/127 41/236/192 39/237/129 185/180/193
f 171/166/45 71/244/45 72/245/43 175/167/43
f 175/167/194 72/245/194 70/246/18 172/170/18
f 170/162/2 178/259/2 179/260/195 173/163/122
f 173/169/195 179/261/196 177/262/45 171/166/197
f 158/263/2 94/90/2 102/93/41 159/264/41
f 90/85/61 192/252/61 190/251/198 88/82/129
f 179/261/75 101/99/75 96/98/45 177/262/45
f 62/46/10 95/94/10 98/97/10 67/47/10
f 67/53/2 98/91/2 94/90/2 63/50/2
f 88/82/201 34/271/201 37/272/202 92/83/202
f 92/89/13 37/11/13 33/10/58 89/86/2
f 54/36/5 111/111/5 114/114/5 59/37/5
f 59/41/35 114/109/35 110/108/35 55/5/35
f 118/117/45 124/125/45 126/128/45 122/118/45
f 124/125/45 131/273/45 132/274/45 128/126/45
f 128/126/45 132/274/45 130/275/45 125/129/45
f 117/108/45 133/137/45 135/137/45 121/6/45
f 121/120/45 135/106/45 134/276/45 118/117/45
f 109/105/45 134/276/45 135/106/45 112/106/45
f 112/110/45 135/137/45 133/137/45 110/108/45
f 119/6/31 60/40/31 55/5/31 117/108/31
f 125/129/31 62/46/31 65/49/31 129/49/31
f 95/94/45 130/275/45 132/274/45 100/95/45
f 100/95/45 132/274/45 131/273/45 96/277/45
f 75/62/5 137/247/5 138/248/19 79/63/19
f 79/59/19 138/249/19 136/250/18 73/56/18
f 32/5/2 141/137/2 145/137/2 35/5/2
f 35/13/2 145/135/2 140/134/2 33/10/2
f 25/1/5 151/146/5 155/149/5 28/2/5
f 28/5/5 155/6/5 150/6/5 26/5/5
f 183/172/2 194/255/2 195/256/128 186/173/203
f 186/179/128 195/257/128 193/258/18 184/176/18
f 89/86/2 158/263/2 159/264/41 93/87/41
f 82/74/184 104/278/2 105/279/53 86/75/53
f 86/69/53 105/280/53 103/281/7 80/66/204
f 81/70/18 163/150/18 169/153/55 85/71/55
f 85/77/117 169/159/117 165/158/2 82/74/2
f 180/282/2 165/158/184 168/161/205 182/283/205
f 182/284/115 168/155/115 164/154/45 181/285/45
f 196/184/178 204/286/7 205/287/206 199/185/206
f 199/191/206 205/288/206 203/289/5 197/188/207
f 212/196/18 198/192/18 201/195/138 215/197/138
f 215/203/208 201/189/208 197/188/22 213/200/22
f 219/290/45 214/204/45 217/207/209 221/291/209
f 221/292/209 217/201/209 213/200/207 220/293/109
f 198/192/18 81/70/18 83/73/57 202/193/57
f 202/187/57 83/67/57 80/66/7 196/184/7
f 214/204/45 164/154/45 166/157/43 218/205/43
f 218/199/43 166/151/43 163/150/18 212/196/18
f 234/220/31 239/220/31 236/220/31 231/220/31
f 223/137/31 243/5/31 249/5/31 227/137/31
f 38/5/31 235/6/31 231/220/31 32/5/31
f 242/6/31 146/137/31 141/137/31 236/220/31
f 154/40/31 246/6/31 243/5/31 150/6/31
f 225/6/31 30/6/31 26/5/31 223/137/31
f 251/294/210 256/295/210 258/296/211 252/297/211
f 252/298/212 258/299/212 257/300/2 250/301/2
f 256/302/213 259/303/213 261/304/214 258/305/215
f 258/299/215 261/306/215 260/307/12 257/300/12
f 259/308/216 262/309/216 264/310/217 261/311/218
f 261/306/219 264/312/220 263/313/2 260/307/2
f 262/314/221 253/315/221 255/316/222 264/317/222
f 264/312/222 255/318/223 254/319/2 263/313/10
f 266/320/224 271/321/224 273/322/225 267/323/225
f 267/324/225 273/325/225 272/326/58 265/327/2
f 271/328/226 274/329/226 276/330/227 273/331/228
f 273/325/229 276/332/229 275/333/2 272/326/2
f 274/334/230 277/335/230 279/336/231 276/337/231
f 276/332/231 279/338/232 278/339/2 275/333/2
f 277/340/233 268/341/233 270/342/234 279/343/235
f 279/338/236 270/344/237 269/345/2 278/339/2
f 281/346/221 286/347/221 288/348/238 282/349/238
f 282/350/239 288/351/240 287/352/5 280/353/207
f 286/354/216 289/355/216 291/356/241 288/357/242
f 288/351/243 291/358/244 290/359/5 287/352/5
f 289/360/213 292/361/213 294/362/245 291/363/246
f 291/358/245 294/364/247 293/365/5 290/359/22
f 292/366/210 283/367/210 285/368/248 294/369/248
f 294/364/249 285/370/250 284/371/5 293/365/5
f 296/372/233 301/373/251 303/374/252 297/375/253
f 297/376/252 303/377/252 302/378/5 295/379/5
f 301/380/254 304/381/254 306/382/255 303/383/256
f 303/377/255 306/384/255 305/385/22 302/378/5
f 304/386/226 307/387/226 309/388/257 306/389/258
f 306/384/259 309/390/259 308/391/5 305/385/5
f 307/392/260 298/393/261 300/394/262 309/395/262
f 309/390/262 300/396/262 299/397/5 308/391/5
f 295/379/5 284/371/5 285/370/263 297/376/263
f 297/398/264 285/399/264 283/400/54 296/401/54
f 250/301/2 269/345/2 270/344/265 252/298/265
f 252/402/266 270/403/266 268/404/267 251/405/267
f 253/406/45 107/407/45 108/408/268 255/409/269
f 255/318/270 108/410/270 106/411/58 254/319/58
f 280/353/5 207/412/109 208/413/271 282/350/271
f 282/414/271 208/415/272 206/416/45 281/417/45
f 265/327/58 161/418/2 162/419/273 267/324/273
f 267/420/274 162/421/274 160/422/7 266/423/7
f 209/424/5 299/397/35 300/396/275 211/425/275
f 211/426/276 300/427/275 298/428/7 210/429/7
f 25/1/5 23/233/5 10/430/5 151/146/5
f 22/230/7 27/7/7 4/431/7 5/432/7
f 23/233/5 43/22/5 137/247/5 10/430/5
f 44/26/7 22/230/7 5/432/7 6/433/7
f 26/5/31 150/6/31 243/5/31 223/137/31
f 88/82/201 8/434/201 7/435/201 34/271/201
f 33/10/2 140/134/2 158/263/2 89/86/2
f 141/137/31 32/5/31 231/220/31 236/220/31
f 42/18/18 40/234/18 9/436/18 136/250/18
f 39/237/24 44/26/24 6/433/24 3/437/24
f 3/437/277 8/434/277 88/82/277 39/237/277
f 88/82/129 190/251/129 185/180/129 39/237/129
f 9/436/18 40/234/18 184/176/18 193/258/18
f 49/242/45 74/60/45 71/244/45 96/98/45 109/243/45
f 151/146/5 10/430/5 50/238/5 111/111/5 54/36/5
f 10/430/5 137/247/5 75/62/5 50/238/5
f 55/5/278 110/108/278 133/137/278 117/108/278
f 140/134/2 63/50/2 94/90/2 158/263/2
f 95/94/7 62/46/7 125/129/7 130/275/7
f 96/98/45 71/244/45 171/166/45 177/262/45
f 136/250/18 9/436/18 70/246/18 73/56/18
f 70/246/18 9/436/18 193/258/18 172/170/18
f 204/286/7 196/184/7 80/66/7 103/281/7
f 82/74/2 165/158/2 194/255/2 183/172/2
f 104/278/2 82/74/2 183/172/2 191/254/2
f 198/192/18 212/196/18 163/150/18 81/70/18
f 109/105/45 96/277/45 131/273/45 134/276/45
f 18/439/2 254/319/2 106/411/2 178/259/2 170/162/2
f 206/416/45 107/407/45 253/406/45 281/417/45
f 134/276/45 131/273/45 124/125/45 118/117/45
f 161/418/2 265/327/2 19/440/2 194/255/2 11/441/2
f 160/422/7 210/429/7 298/428/7 266/423/7
f 165/158/2 180/282/2 11/441/2 194/255/2
f 214/204/45 219/290/45 181/285/45 164/154/45
f 19/442/2 269/345/2 250/301/2 18/443/2 170/162/2 194/255/2
f 203/289/5 15/444/5 14/445/5 197/188/5
f 197/188/5 14/445/5 16/446/5 213/200/5
f 280/353/5 20/447/5 12/448/5 13/449/5 207/412/5
f 209/424/5 17/450/5 16/446/5 21/451/5 299/397/5
f 213/200/5 16/446/5 17/450/5 220/293/5
f 250/301/2 257/300/2 18/452/2
f 292/366/210 256/295/210 251/294/210 283/367/210
f 283/400/18 251/405/18 268/404/18 296/401/18
f 281/346/221 253/315/221 262/314/221 286/347/221
f 263/313/2 254/319/2 18/453/2
f 257/300/2 260/307/2 18/454/2
f 289/360/213 259/303/213 256/302/213 292/361/213
f 260/307/2 263/313/2 18/454/2
f 286/354/216 262/309/216 259/308/216 289/355/216
f 265/327/279 272/326/279 19/442/279
f 307/392/261 271/321/261 266/320/261 298/393/261
f 296/372/233 268/341/233 277/340/233 301/373/233
f 278/339/2 269/345/2 19/455/2
f 272/326/58 275/333/58 19/442/58
f 304/386/226 274/329/226 271/328/226 307/387/226
f 275/333/2 278/339/2 19/456/2
f 301/380/230 277/335/230 274/334/230 304/381/230
f 280/353/280 287/352/280 20/457/280
f 293/365/5 284/371/5 20/458/5
f 295/379/5 21/459/5 16/446/5 12/448/5 20/460/5 284/371/5
f 287/352/5 290/359/5 20/461/5
f 290/359/5 293/365/5 20/462/5
f 295/379/5 302/378/5 21/463/5
f 308/391/281 299/397/281 21/464/281
f 302/378/5 305/385/5 21/451/5
f 305/385/5 308/391/5 21/465/5
usemtl Floor
f 34/14/15 38/15/15 36/16/16 37/17/17
f 52/30/26 56/31/27 57/32/28 60/33/26
f 53/34/27 58/35/29 57/32/30 56/31/31
f 61/42/36 65/43/36 66/44/37 69/45/27
f 64/54/27 69/45/31 66/44/37 68/55/41
f 87/78/31 90/79/61 91/80/62 93/81/63
f 97/101/74 102/102/41 99/103/72 101/104/75
f 116/115/81 119/115/81 120/115/82 122/116/83
f 123/121/89 126/122/89 127/123/90 129/124/89
f 139/130/27 143/131/41 144/132/95 147/133/31
f 142/138/100 147/133/31 144/132/101 146/139/100
f 148/140/102 152/141/31 153/142/103 156/143/29
f 149/144/104 154/145/104 153/142/105 152/141/74
f 222/208/148 225/209/148 226/210/149 228/211/148
f 224/212/153 228/211/154 226/210/155 227/213/156
f 229/214/157 232/215/157 233/216/158 235/217/157
f 230/218/159 234/219/159 233/216/160 232/215/161
f 237/221/156 241/222/168 240/223/169 239/224/153
f 238/223/170 242/223/170 240/223/171 241/222/170
f 244/225/175 248/226/175 247/227/176 246/225/175
f 245/228/161 249/229/161 247/227/177 248/226/159
f 52/30/31 61/42/31 69/45/31 56/31/31
f 56/31/31 69/45/31 64/54/31 53/34/31
f 139/130/74 64/54/31 68/55/41 143/131/41
f 156/143/29 58/35/29 53/34/31 148/140/31
f 159/265/41 102/102/41 97/101/31 157/266/31
f 87/78/31 191/267/31 192/268/65 90/79/65
f 178/269/31 97/101/31 101/104/199 179/270/200
f 122/116/45 126/122/45 123/121/45 116/115/45
f 116/115/31 52/30/31 60/33/31 119/115/31
f 129/124/31 65/43/31 61/42/31 123/121/31
f 93/81/41 159/265/41 157/266/31 87/78/31
f 148/140/31 139/130/31 147/133/31 152/141/31
f 152/141/31 147/133/31 142/138/31 149/144/31
f 224/212/31 230/218/31 232/215/31 228/211/31
f 228/211/31 232/215/31 229/214/31 222/208/31
f 230/218/31 237/221/31 239/224/31 234/219/31
f 227/213/31 249/229/31 245/228/31 224/212/31
f 244/225/31 238/223/31 241/222/31 248/226/31
f 248/226/31 241/222/31 237/221/31 245/228/31
f 34/14/31 229/214/31 235/217/31 38/15/31
f 238/223/31 142/138/31 146/139/31 242/223/31
f 149/144/31 244/225/31 246/225/31 154/145/31
f 222/208/31 27/209/31 30/209/31 225/209/31
f 34/14/31 27/209/31 222/208/31 229/214/31
f 61/42/31 52/30/31 116/115/31 123/121/31
f 139/130/31 148/140/31 53/34/31 64/54/31
f 87/78/31 157/266/31 11/438/31 191/267/31
f 157/266/31 97/101/31 178/269/31 11/438/31
f 149/144/31 142/138/31 238/223/31 244/225/31
f 230/218/31 224/212/31 245/228/31 237/221/31
l 1 2
g Cube.001_Cube.001
v -11.794361 2.592366 -0.301459
v -11.794361 2.592366 1.498541
v -11.794361 2.592366 0.598541
v -13.494361 2.592366 -0.301459
v -13.494361 2.592366 1.498541
v -13.494361 2.592366 0.598541
v -11.794361 3.892366 -0.301459
v -11.794361 3.892366 1.498541
v -13.494361 3.892366 -0.301459
v -13.494361 3.892366 1.498541
v -13.494361 3.892366 0.598541
vn -0.0000 1.0000 -0.0000
vn 1.0000 -0.0000 -0.0000
vn -0.0000 -0.0000 1.0000
vn -0.0000 -0.0000 -1.0000
vt 0.893279 0.885789
vt 0.893279 0.937898
vt 0.794853 0.937898
vt 0.794853 0.885789
vt 0.893279 0.990006
vt 0.794853 0.990006
vt 0.179482 0.809226
vt 0.179482 0.861334
vt 0.104214 0.861334
vt 0.104214 0.809226
vt 0.179482 0.861334
vt 0.179482 0.913442
vt 0.104214 0.913442
vt 0.104214 0.861334
vt 0.904853 0.984220
vt 0.904853 0.885794
vt 0.980084 0.885788
vt 0.980084 0.984215
vt 0.400814 0.883109
vt 0.400814 0.981535
vt 0.325571 0.981530
vt 0.325571 0.883103
s 0
usemtl Wall
f 311/466/282 312/467/282 315/468/282 314/469/282
f 312/467/282 310/470/282 313/471/282 315/468/282
f 314/472/283 315/473/283 320/474/283 319/475/283
f 315/476/283 313/477/283 318/478/283 320/479/283
f 313/480/284 310/481/284 316/482/284 318/483/284
f 311/484/285 314/485/285 319/486/285 317/487/285
g Cube.002_Cube.002
v 1.000000 0.000000 2.000000
v -1.000000 0.000000 2.000000
v 0.975000 1.675000 -1.000000
v 1.000000 1.675000 -0.975000
v 0.975000 1.700000 -0.975000
v 0.992678 1.675000 -0.992678
v 0.989434 1.689434 -0.989434
v 0.992678 1.692678 -0.975000
v 0.975000 1.692678 -0.992678
v 0.975000 -0.400000 -0.975000
v 1.000000 -0.375000 -0.975000
v 0.975000 -0.375000 -1.000000
v 0.992678 -0.392678 -0.975000
v 0.989434 -0.389434 -0.989434
v 0.992678 -0.375000 -0.992678
v 0.975000 -0.392678 -0.992678
v 1.000000 1.675000 1.000000
v 0.975000 1.700000 1.000000
v 0.992678 1.692678 1.000000
v -0.975000 1.675000 -1.000000
v -0.975000 1.700000 -0.975000
v -1.000000 1.675000 -0.975000
v -0.975000 1.692678 -0.992678
v -0.989434 1.689434 -0.989434
v -0.992678 1.692678 -0.975000
v -0.992678 1.675000 -0.992678
v -1.000000 -0.375000 -0.975000
v -0.975000 -0.400000 -0.975000
v -0.975000 -0.375000 -1.000000
v -0.992678 -0.392678 -0.975000
v -0.989434 -0.389434 -0.989434
v -0.975000 -0.392678 -0.992678
v -0.992678 -0.375000 -0.992678
v -0.975000 1.700000 1.000000
v -1.000000 1.675000 1.000000
v -0.992678 1.692678 1.000000
v -1.000000 -0.375000 1.000000
v -0.975000 -0.400000 1.000000
v -0.992678 -0.392678 1.000000
v 0.975000 1.700000 2.000000
v 1.000000 1.675000 2.000000
v 0.992678 1.692678 2.000000
v -1.000000 1.675000 2.000000
v -0.975000 1.700000 2.000000
v -0.992678 1.692678 2.000000
v 1.000000 -0.375000 1.000000
v 0.975000 -0.400000 1.000000
v 0.992678 -0.392678 1.000000
v -0.975000 -0.400000 2.000000
v -1.000000 -0.375000 2.000000
v -0.992678 -0.392678 2.000000
v 1.000000 -0.375000 2.000000
v 0.975000 -0.400000 2.000000
v 0.992678 -0.392678 2.000000
vn -0.0000 -0.0000 1.0000
vn -0.7071 -0.0000 0.7071
vn -0.5774 -0.5773 0.5774
vn -0.0000 -0.7071 0.7071
vn -1.0000 -0.0000 -0.0000
vn -0.7071 -0.7071 -0.0000
vn -0.5774 -0.5774 0.5773
vn -0.0000 -1.0000 -0.0000
vn -0.5773 -0.5774 0.5773
vn -0.0000 1.0000 -0.0000
vn -0.7071 0.7071 -0.0000
vn -0.5773 0.5774 0.5773
vn -0.0000 0.7071 0.7071
vn -0.5774 0.5773 0.5773
vn -0.5773 0.5773 0.5774
vn 0.5773 -0.5773 0.5774
vn 0.7071 -0.0000 0.7071
vn 0.7071 -0.7071 -0.0000
vn 0.5773 -0.5774 0.5773
vn 1.0000 -0.0000 -0.0000
vn 0.5774 -0.5773 0.5773
vn 0.7071 0.7071 -0.0000
vn 0.5774 0.5774 0.5773
vn 0.5773 0.5774 0.5773
vn 0.5774 0.5773 0.5774
vt 0.796300 0.765702
vt 0.794853 0.765702
vt 0.794853 0.764867
vt 0.796300 0.764255
vt 0.706167 0.461737
vt 0.707615 0.461737
vt 0.707615 0.462573
vt 0.706168 0.463185
vt 0.114346 0.622336
vt 0.114346 0.620888
vt 0.115182 0.620888
vt 0.115794 0.622336
vt 0.557208 0.448336
vt 0.554436 0.448336
vt 0.554436 0.446736
vt 0.557208 0.445564
vt 0.587476 0.461737
vt 0.587476 0.463185
vt 0.586641 0.463185
vt 0.586029 0.461737
vt 0.796300 0.884335
vt 0.796300 0.885781
vt 0.795464 0.885781
vt 0.794853 0.884335
vt 0.909201 0.765710
vt 0.909201 0.764263
vt 0.910037 0.764263
vt 0.910649 0.765710
vt 0.001447 0.622336
vt 0.000000 0.622336
vt 0.000000 0.621500
vt 0.001447 0.620888
vt 0.908811 0.001447
vt 0.908811 0.000000
vt 0.909647 0.000000
vt 0.910258 0.001447
vt 0.790120 0.001447
vt 0.788672 0.001447
vt 0.788672 0.000612
vt 0.790120 0.000000
vt 0.773438 0.448336
vt 0.773438 0.445564
vt 0.775038 0.445564
vt 0.776210 0.448336
vt 0.909201 0.884342
vt 0.910649 0.884342
vt 0.910649 0.885178
vt 0.909201 0.885789
vt 0.790120 0.115796
vt 0.788672 0.115796
vt 0.776210 0.667338
vt 0.773438 0.667338
vt 0.706167 0.347389
vt 0.707615 0.347389
vt 0.115794 0.736685
vt 0.114346 0.736685
vt 0.908811 0.115796
vt 0.910258 0.115796
vt 0.000000 0.736685
vt 0.001447 0.736685
vt 0.114346 0.794583
vt 0.115794 0.794583
vt 0.707615 0.289491
vt 0.706167 0.289491
vt 0.001447 0.794583
vt 0.000000 0.794583
vt 0.910258 0.173694
vt 0.908811 0.173694
vt 0.557208 0.667338
vt 0.557208 0.778226
vt 0.554436 0.778226
vt 0.554436 0.667338
vt 0.586029 0.347389
vt 0.586029 0.289491
vt 0.587476 0.289491
vt 0.587476 0.347389
vt 0.773438 0.778226
vt 0.776210 0.778226
vt 0.788672 0.173694
vt 0.790120 0.173694
vt 0.609188 0.289491
vt 0.811832 0.173694
s 0
usemtl Wall
f 323/488/286 326/489/287 327/490/288 329/491/289
f 324/492/290 328/493/291 327/494/292 326/495/287
f 325/496/293 329/497/289 327/498/294 328/499/291
f 331/504/290 335/505/287 334/506/299 333/507/296
f 332/508/286 336/509/298 334/510/300 335/511/287
f 340/512/286 343/513/289 344/514/301 346/515/302
f 341/516/293 345/517/303 344/518/304 343/519/289
f 342/520/305 346/521/302 344/522/306 345/523/303
f 347/524/305 350/525/307 351/526/308 353/527/302
f 349/532/286 353/533/302 351/534/310 352/535/298
f 347/524/305 357/536/305 359/537/307 350/525/307
f 332/508/286 349/532/286 352/535/298 336/509/298
f 323/488/286 332/508/286 335/511/287 326/489/287
f 326/495/287 335/505/287 331/504/290 324/492/290
f 342/520/305 347/524/305 353/527/302 346/521/302
f 346/515/302 353/533/302 349/532/286 340/512/286
f 324/492/290 337/540/290 339/541/291 328/493/291
f 328/499/291 339/542/291 338/543/293 325/496/293
f 355/544/305 342/520/305 345/523/303 356/545/303
f 356/546/303 345/517/303 341/516/293 354/547/293
f 340/512/286 323/488/286 329/491/289 343/513/289
f 343/519/289 329/497/289 325/496/293 341/516/293
f 360/548/293 338/543/293 339/542/291 362/549/291
f 362/550/291 339/541/291 337/540/290 361/551/290
f 354/547/293 364/552/293 365/553/303 356/546/303
f 356/545/303 365/554/303 363/555/305 355/544/305
f 368/560/296 374/561/296 372/562/290 366/563/290
f 366/563/290 331/504/290 333/507/296 368/560/296
f 371/566/307 359/537/307 357/536/305 370/567/305
f 349/532/286 332/508/286 323/488/286 340/512/286
f 331/504/290 366/563/290 337/540/290 324/492/290
f 325/496/293 338/543/293 354/547/293 341/516/293
f 354/547/293 338/543/293 360/548/293 364/552/293
f 337/540/290 366/563/290 321/568/290 361/551/290
f 357/536/305 347/524/305 342/520/305 355/544/305
f 357/536/305 355/544/305 363/555/305 322/569/305
f 357/536/305 322/569/305 370/567/305
f 321/568/290 366/563/290 372/562/290
usemtl Floor
f 330/500/295 333/501/296 334/502/297 336/503/298
f 348/528/295 352/529/298 351/530/309 350/531/307
f 350/531/307 359/538/307 358/539/295 348/528/295
f 336/503/298 352/529/298 348/528/295 330/500/295
f 367/556/295 373/557/295 374/558/296 368/559/296
f 368/559/296 333/501/296 330/500/295 367/556/295
f 369/564/295 358/539/295 359/538/307 371/565/307
f 348/528/295 358/539/295 367/556/295 330/500/295
f 367/556/295 358/539/295 369/564/295 373/557/295
g Cube.003_Cube.003
v -1.000000 -0.400000 2.000000
v 1.000000 -0.400000 2.000000
v 1.000000 1.675000 2.000000
v 0.975000 1.700000 2.000000
v 0.992678 1.692678 2.000000
v 0.975000 0.000000 2.025000
v 1.000000 0.000000 2.000000
v 0.987500 0.000000 2.012500
v -0.975000 1.700000 2.000000
v -1.000000 1.675000 2.000000
v -0.992678 1.692678 2.000000
v -0.975000 0.000000 2.025000
v -1.000000 0.000000 2.000000
v -0.987500 0.000000 2.012500
v 0.987444 0.652908 3.772092
v 1.000000 0.684345 3.724662
v 0.975000 0.627908 3.747092
v 0.996257 0.662007 3.755673
v 0.992064 0.654531 3.749115
v 0.992689 0.657422 3.740507
v 0.981222 0.645586 3.754415
v 0.975000 0.472092 3.747092
v 1.000000 0.433307 3.724057
v 0.987444 0.447092 3.772092
v 0.992691 0.452018 3.740327
v 0.992064 0.449326 3.747700
v 0.996318 0.443057 3.749014
v 0.981222 0.454414 3.754415
v -0.975000 1.270861 3.245861
v -0.975000 1.245861 3.270861
v -1.000000 1.210697 3.238921
v -0.975000 1.253183 3.253183
v -0.989434 1.241495 3.250129
v -0.992565 1.235667 3.257176
v -0.992715 1.230009 3.243813
v -1.000000 3.100000 6.975000
v -1.000000 3.075000 7.000000
v -1.000000 3.092678 6.992678
v -0.975000 1.429139 6.754139
v -0.975000 1.454139 6.729139
v -1.000000 1.462416 6.762416
v -0.975000 1.446817 6.746817
v -0.989434 1.451754 6.751754
v -0.992772 1.456610 6.751439
v -0.992772 1.451439 6.756609
v -1.000000 3.075000 3.000000
v -1.000000 3.100000 3.025000
v -1.000000 3.092678 3.007322
v -0.975000 1.429139 3.245861
v -1.000000 1.462416 3.237584
v -0.975000 1.454139 3.270861
v -0.992772 1.451439 3.243390
v -0.989434 1.451754 3.248246
v -0.992772 1.456610 3.248561
v -0.975000 1.446817 3.253183
v 1.000000 1.700000 6.975000
v 0.975000 1.700000 7.000000
v 0.992678 1.700000 6.992678
v 0.975000 0.017893 7.000000
v 1.000000 0.025000 6.975000
v 0.975000 0.000000 6.975000
v 0.992678 0.021446 6.992678
v 0.989434 0.009064 6.989434
v 0.992678 0.008794 6.975000
v 0.975000 0.003769 6.992678
v -0.975000 1.245861 6.729139
v -0.975000 1.270861 6.754139
v -1.000000 1.210697 6.761078
v -0.975000 1.253183 6.746817
v -0.989434 1.241495 6.749871
v -0.992715 1.230009 6.756187
v -0.992565 1.235667 6.742824
v 1.000000 3.075000 6.975000
v 0.975000 3.075000 7.000000
v 0.975000 3.100000 6.975000
v 0.992678 3.075000 6.992678
v 0.989434 3.089434 6.989434
v 0.975000 3.092678 6.992678
v 0.992678 3.092678 6.975000
v 0.975000 3.075000 3.000000
v 1.000000 3.075000 3.025000
v 0.975000 3.100000 3.025000
v 0.992678 3.075000 3.007322
v 0.989434 3.089434 3.010566
v 0.992678 3.092678 3.025000
v 0.975000 3.092678 3.007322
v -1.000000 0.028665 3.000000
v -0.975000 0.000000 3.000000
v -0.992678 0.008396 3.000000
v -0.975000 1.700000 2.975000
v -1.000000 1.700000 3.000000
v -0.987500 1.700000 2.987500
v -0.228339 0.447092 6.970027
v -0.275943 0.433307 7.000000
v -0.253270 0.472092 6.975002
v -0.258725 0.442988 6.991318
v -0.254012 0.449324 6.988400
v -0.259780 0.452008 6.992692
v -0.245982 0.454414 6.972589
v -0.228339 0.652908 6.970027
v -0.253270 0.627908 6.975002
v -0.275338 0.684345 7.000000
v -0.245982 0.645586 6.972589
v -0.252455 0.654534 6.988400
v -0.259600 0.657441 6.992690
v -0.251356 0.662105 6.991207
v -0.625000 1.270861 3.245861
v -0.600000 1.270861 3.270861
v -0.625000 1.245861 3.270861
v -0.607322 1.270861 3.253183
v -0.610566 1.256427 3.256427
v -0.607322 1.253183 3.270861
v -0.625000 1.253183 3.253183
v -0.625000 1.429139 3.245861
v -0.625000 1.454139 3.270861
v -0.600000 1.429139 3.270861
v -0.625000 1.446817 3.253183
v -0.610566 1.443573 3.256427
v -0.607323 1.446817 3.270861
v -0.607323 1.429139 3.253183
v -0.625000 1.245861 6.729139
v -0.600000 1.270861 6.729139
v -0.625000 1.270861 6.754139
v -0.607322 1.253183 6.729139
v -0.610566 1.256427 6.743573
v -0.607322 1.270861 6.746817
v -0.625000 1.253183 6.746817
v -0.625000 1.429139 6.754139
v -0.600000 1.429139 6.729139
v -0.625000 1.454139 6.729139
v -0.607322 1.429139 6.746817
v -0.610566 1.443573 6.743573
v -0.607322 1.446817 6.729139
v -0.625000 1.446817 6.746817
v 0.975000 0.000000 3.000000
v 1.000000 0.025000 3.000000
v 0.992678 0.007322 3.000000
v 0.975000 1.700000 2.975000
v 1.000000 1.675000 3.025000
v 0.975000 1.725000 3.000000
v 0.992678 1.692678 3.000000
v 0.989434 1.700000 3.000000
v 0.992678 1.700000 3.007322
v 0.975000 1.707322 2.992678
v -0.975000 0.000000 6.975000
v -1.000000 0.028812 6.994314
v -0.970576 0.017608 7.000000
v -0.992623 0.008397 6.984059
v -0.988435 0.010257 6.993399
v -0.991526 0.025419 6.998293
v -0.972459 0.005265 6.992780
v 0.987942 0.447092 6.969828
v 1.000000 0.432875 6.975000
v 0.975000 0.432875 7.000000
v 0.996435 0.442955 6.972227
v 0.991815 0.441084 6.988305
v 0.992678 0.432875 6.992678
v 0.979668 0.442782 6.991369
v 0.975000 0.684098 7.000000
v 1.000000 0.684098 6.975000
v 0.987942 0.652908 6.969828
v 0.992678 0.684098 6.992678
v 0.992187 0.666090 6.988176
v 0.996324 0.661794 6.971577
v 0.981566 0.662032 6.991146
v -0.970747 1.659000 7.000000
v -1.000000 1.693572 6.993571
v -1.000000 1.700000 6.975000
v -1.000000 1.725000 7.000000
v -0.975000 1.700000 7.000000
v -0.991432 1.686108 6.998117
v 0.752556 0.652908 3.772092
v 0.765000 0.627908 3.747092
v 0.740000 0.627908 3.772092
v 0.758778 0.645586 3.754415
v 0.747937 0.642342 3.757658
v 0.749900 0.627908 3.754415
v 0.741100 0.645586 3.772092
v 0.765000 0.472092 3.747092
v 0.752556 0.447092 3.772092
v 0.740000 0.472092 3.772092
v 0.758778 0.454414 3.754415
v 0.747936 0.457658 3.757658
v 0.743812 0.454235 3.772092
v 0.747322 0.472092 3.754415
v -0.236890 0.447092 6.379392
v -0.261964 0.472092 6.374416
v -0.237326 0.472092 6.349419
v -0.254605 0.454414 6.376904
v -0.251591 0.457658 6.361035
v -0.254913 0.472092 6.355710
v -0.237183 0.454414 6.359228
v -0.236890 0.652908 6.379392
v -0.237326 0.627908 6.349419
v -0.261964 0.627908 6.374416
v -0.237125 0.645505 6.358133
v -0.251576 0.642342 6.361051
v -0.254898 0.627908 6.356740
v -0.254604 0.645586 6.376979
v 0.740000 0.472092 6.324419
v 0.752058 0.447092 6.379591
v 0.715000 0.472092 6.349419
v 0.743569 0.454363 6.359242
v 0.736969 0.457658 6.351989
v 0.732038 0.454469 6.358212
v 0.732678 0.472092 6.342096
v 0.740000 0.627908 6.324419
v 0.715000 0.627908 6.349419
v 0.752058 0.652908 6.379591
v 0.732678 0.627908 6.342096
v 0.736969 0.642342 6.351989
v 0.732038 0.645531 6.358212
v 0.743569 0.645637 6.359242
vn 0.0001 1.0000 -0.0000
vn -0.8943 0.4474 -0.0000
vn -0.8409 0.5359 -0.0748
vn -0.0000 0.7071 -0.7071
vn -1.0000 -0.0000 -0.0000
vn -0.6834 0.0006 -0.7301
vn -0.8410 0.5359 -0.0748
vn -0.8944 0.4474 0.0001
vn -0.0000 -0.0000 -1.0000
vn -0.8410 0.5359 -0.0749
vn -0.6833 0.0006 -0.7301
vn -0.7689 -0.5930 -0.2391
vn 0.0001 -0.7071 -0.7071
vn -0.7380 -0.6748 -0.0000
vn -0.7690 -0.5929 -0.2390
vn -0.6833 0.0007 -0.7301
vn 0.0001 -1.0000 -0.0001
vn -0.0000 -0.7071 -0.7071
vn -0.7689 -0.5930 -0.2390
vn -0.0000 -0.0001 -1.0000
vn 0.8002 -0.5453 -0.2496
vn 0.3726 -0.0020 -0.9280
vn -0.0000 -1.0000 -0.0000
vn 0.7856 -0.6188 -0.0000
vn 0.8002 -0.5451 -0.2502
vn -0.0001 -0.7071 -0.7071
vn 1.0000 -0.0000 -0.0000
vn 0.3727 -0.0021 -0.9280
vn 0.8002 -0.5453 -0.2495
vn 0.7856 -0.6187 -0.0000
vn -0.0000 -0.0000 1.0000
vn -0.0000 0.7071 0.7071
vn 0.6063 0.5623 0.5624
vn 0.3727 -0.0021 0.9280
vn -0.0000 1.0000 -0.0001
vn 0.3963 0.9181 -0.0000
vn 0.6063 0.5623 0.5623
vn 0.3726 -0.0021 0.9280
vn 0.6064 0.5623 0.5623
vn 0.3962 0.9182 -0.0000
vn 0.3727 -0.0021 -0.9279
vn 0.6063 0.5623 -0.5624
vn 0.6063 0.5623 -0.5623
vn 0.3726 -0.0021 -0.9280
vn -0.0001 1.0000 -0.0000
vn 0.6063 0.5624 -0.5623
vn 0.3962 0.9181 -0.0000
vn -0.7071 -0.0000 -0.7071
vn -0.6167 0.6198 -0.4853
vn 0.0003 0.7906 -0.6123
vn -0.7141 0.7001 -0.0001
vn -0.0000 1.0000 -0.0000
vn -0.7140 0.7001 -0.0002
vn -0.0000 -0.7071 0.7072
vn 0.8002 -0.5454 0.2495
vn -0.0000 -0.0001 1.0000
vn 0.3727 -0.0020 0.9280
vn 0.8002 -0.5453 0.2495
vn -0.0000 -0.7071 0.7071
vn -0.5774 -0.5773 -0.5774
vn -0.7071 -0.7071 -0.0000
vn -0.5773 -0.5774 -0.5773
vn -0.7071 -0.0000 0.7071
vn -0.5774 -0.5773 0.5774
vn -0.5774 -0.5773 0.5773
vn -0.5773 -0.5774 0.5773
vn -0.0001 -0.8676 -0.4973
vn -0.6417 -0.3271 -0.6937
vn -0.7071 -0.7071 0.0103
vn -0.7352 0.0007 -0.6778
vn -0.6417 -0.3270 -0.6937
vn -0.0002 -0.8675 -0.4974
vn -0.9999 -0.0000 0.0145
vn -0.7070 -0.7072 0.0103
vn -0.7352 0.0006 -0.6778
vn -0.7070 0.7071 0.0103
vn -0.5253 0.4201 -0.7400
vn -0.0000 0.6972 -0.7169
vn -0.9999 -0.0001 0.0145
vn -0.5253 0.4200 -0.7400
vn -0.7070 0.7072 0.0103
vn -0.0001 -0.0000 -1.0000
vn 0.7071 -0.0000 -0.7071
vn 0.5774 -0.5773 -0.5774
vn 0.7071 -0.7071 -0.0000
vn 0.5774 -0.5774 -0.5773
vn 0.5773 -0.5774 -0.5774
vn 0.5773 0.5774 -0.5774
vn 0.7071 0.7071 -0.0000
vn 0.5774 0.5774 -0.5773
vn 0.5774 0.5773 -0.5774
vn 0.5774 -0.5774 0.5773
vn 0.7071 -0.0000 0.7071
vn 0.5774 -0.5773 0.5774
vn 0.5773 -0.5774 0.5773
vn 0.5774 0.5773 0.5774
vn 0.5774 0.5774 0.5773
vn 0.5773 0.5773 0.5774
vn 0.0001 -1.0000 -0.0000
vn -0.7685 -0.4524 0.4524
vn 0.0035 -0.8848 0.4659
vn -0.7686 -0.4524 0.4524
vn 0.0001 -0.0000 1.0000
vn 0.7407 0.6719 -0.0000
vn 0.4013 0.6324 -0.6626
vn 0.0003 0.7907 -0.6123
vn 0.2713 -0.0002 -0.9625
vn 0.4013 0.6323 -0.6627
vn 0.2714 -0.0002 -0.9625
vn -0.5615 -0.6696 -0.4862
vn -0.0001 -0.8675 -0.4974
vn -0.6829 0.4214 -0.5968
vn -0.0000 0.6971 -0.7169
vn -0.8944 0.4474 -0.0000
vn -0.6829 0.4214 -0.5967
vn -0.8943 0.4474 0.0001
vn 0.4704 0.0551 -0.8807
vn 1.0000 0.0001 -0.0000
vn -0.6493 0.3998 -0.6470
vn -0.8604 0.5097 0.0004
vn -0.6953 0.0058 -0.7187
vn 0.0001 0.7071 -0.7071
vn -0.6953 0.0057 -0.7187
vn -0.6621 -0.4423 -0.6050
vn -0.8580 -0.5136 -0.0001
vn -0.6620 -0.4423 -0.6050
vn -0.7070 -0.7071 0.0102
vn -0.5546 -0.6309 -0.5426
vn -0.0003 -0.7565 -0.6540
vn -0.9999 -0.0000 0.0144
vn -0.7068 0.0023 -0.7074
vn -0.5547 -0.6308 -0.5426
vn -0.5546 -0.6308 -0.5426
vn -0.7068 0.0025 -0.7074
vn -0.0000 0.7508 -0.6606
vn -0.5697 0.6170 -0.5430
vn -0.7070 0.7071 0.0102
vn -0.7069 0.0024 -0.7073
vn -0.5697 0.6169 -0.5430
vn -0.7069 0.0023 -0.7074
vn -0.8580 -0.5136 -0.0000
vn -0.3391 -0.7697 -0.5409
vn -0.7071 0.0001 -0.7071
vn -0.0003 -0.7566 -0.6539
vn -0.8580 -0.5137 -0.0000
vn -0.0000 0.0001 -1.0000
vn -0.0004 -0.7565 -0.6540
vn -0.3391 0.7697 -0.5409
vn -0.8604 0.5096 0.0004
vn 0.0001 0.7508 -0.6606
vn 0.5116 0.8592 -0.0075
vn 0.5117 0.8592 -0.0075
vn 1.0000 -0.0001 -0.0000
vn -0.4673 0.8841 -0.0069
vn -0.4673 0.8841 -0.0088
vn -0.4672 0.8841 -0.0069
vn -0.0000 1.0000 -0.0028
vn 0.0035 -0.8848 0.4660
vn -0.0000 -1.0000 0.0001
vn 0.4673 -0.8841 0.0069
vn 0.4672 -0.8841 0.0069
vn 0.0001 -0.0000 -1.0000
vn 0.0003 0.7907 -0.6122
vn 0.7406 0.6719 -0.0000
vn 0.7407 0.6718 -0.0000
vn -1.0000 -0.0000 -0.0001
vn -0.7140 0.7001 -0.0001
vn -0.0000 1.0000 -0.0002
vn 1.0000 0.0001 -0.0001
vn 0.2714 -0.0001 -0.9625
vn 0.3727 -0.0021 0.9279
vn -0.0001 -1.0000 -0.0000
vn -0.0001 -0.0000 1.0000
vn -0.6834 0.0006 -0.7300
vn -0.0000 -1.0000 -0.0001
vn -0.0000 0.6971 -0.7170
vn -1.0000 -0.0001 -0.0000
vn -1.0000 0.0001 -0.0000
vn -0.8944 0.4473 0.0001
vn -0.7352 0.0007 -0.6779
vn -0.7353 0.0007 -0.6778
vn -0.0000 0.7507 -0.6606
vn 0.0001 0.7508 -0.6605
vn -0.8580 -0.5137 -0.0001
vn -0.8580 -0.5137 0.0001
vn -0.8603 0.5097 0.0004
vn -0.7069 0.0024 -0.7074
vn -0.7068 0.0024 -0.7074
vn -0.7071 0.7071 0.0103
vn -0.7071 -0.7071 0.0102
vt 0.409506 0.650064
vt 0.410233 0.651015
vt 0.410233 0.651395
vt 0.409146 0.651512
vt 0.648810 0.189636
vt 0.646990 0.188337
vt 0.646990 0.188337
vt 0.646990 0.187840
vt 0.874070 0.700587
vt 0.872623 0.700227
vt 0.872623 0.699599
vt 0.872623 0.699140
vt 0.883088 0.700588
vt 0.884250 0.699140
vt 0.884406 0.699141
vt 0.884535 0.700228
vt 0.634276 0.189671
vt 0.635074 0.188226
vt 0.635074 0.188302
vt 0.635359 0.188337
vt 0.188151 0.622336
vt 0.187791 0.620888
vt 0.188419 0.620888
vt 0.188878 0.621000
vt 0.399863 0.876347
vt 0.401310 0.876347
vt 0.401310 0.877183
vt 0.401310 0.877795
vt 0.390702 0.652959
vt 0.389255 0.652167
vt 0.389255 0.651759
vt 0.390702 0.651512
vt 0.881929 0.245426
vt 0.883965 0.245827
vt 0.883965 0.245827
vt 0.883965 0.246483
vt 0.411916 0.876346
vt 0.413363 0.876346
vt 0.413363 0.877182
vt 0.413207 0.877794
vt 0.817955 0.807622
vt 0.820727 0.810095
vt 0.820727 0.810130
vt 0.817955 0.810394
vt 0.896503 0.449429
vt 0.895867 0.448950
vt 0.895885 0.448950
vt 0.896024 0.448794
vt 0.390702 0.876347
vt 0.389411 0.877794
vt 0.389393 0.877794
vt 0.389255 0.876346
vt 0.896503 0.245348
vt 0.896023 0.245984
vt 0.896023 0.245965
vt 0.895867 0.245827
vt 0.817955 0.424143
vt 0.817955 0.421371
vt 0.819555 0.421371
vt 0.820727 0.421671
vt 0.015206 0.619324
vt 0.015590 0.620735
vt 0.014879 0.620823
vt 0.014179 0.619452
vt 0.610636 0.001447
vt 0.609188 0.001447
vt 0.609188 0.000612
vt 0.610430 0.000000
vt 0.335434 0.997228
vt 0.335434 1.000000
vt 0.333833 1.000000
vt 0.332661 0.997228
vt 0.390702 0.853187
vt 0.390702 0.854635
vt 0.389867 0.854635
vt 0.389255 0.853979
vt 0.402757 0.876347
vt 0.401310 0.877795
vt 0.401310 0.876347
vt 0.881929 0.449352
vt 0.883965 0.448295
vt 0.883965 0.448703
vt 0.883964 0.448950
vt 0.787225 0.001447
vt 0.787225 -0.000000
vt 0.788060 -0.000000
vt 0.788672 0.001447
vt 0.190786 0.597396
vt 0.192222 0.597216
vt 0.192326 0.598046
vt 0.190966 0.598832
vt 0.422546 0.001447
vt 0.422546 0.000000
vt 0.423382 0.000000
vt 0.423994 0.001447
vt 0.526744 0.001447
vt 0.526744 0.000000
vt 0.527579 0.000000
vt 0.528191 0.001447
vt 0.787225 0.230145
vt 0.788672 0.230145
vt 0.788672 0.230981
vt 0.787225 0.231592
vt 0.193849 0.001447
vt 0.192401 0.001447
vt 0.192401 0.000612
vt 0.193849 0.000000
vt 0.117761 0.807490
vt 0.116339 0.809225
vt 0.116339 0.809225
vt 0.116316 0.807645
vt 0.030084 0.544476
vt 0.031324 0.545665
vt 0.031170 0.545685
vt 0.031041 0.545701
vt 0.900736 0.750414
vt 0.902184 0.750281
vt 0.902184 0.751189
vt 0.901899 0.751862
vt 0.339115 0.464910
vt 0.337669 0.464756
vt 0.337682 0.463846
vt 0.337782 0.463175
vt 0.891715 0.750414
vt 0.890267 0.751862
vt 0.890267 0.751862
vt 0.890267 0.750281
vt 0.044507 0.542710
vt 0.042873 0.544313
vt 0.042865 0.544250
vt 0.042862 0.544224
vt 0.399863 0.856083
vt 0.399863 0.854635
vt 0.400698 0.854635
vt 0.401310 0.856083
vt 0.911706 0.233010
vt 0.910258 0.233010
vt 0.910258 0.232174
vt 0.911706 0.231563
vt 0.410966 0.652959
vt 0.410966 0.651512
vt 0.411802 0.651512
vt 0.412414 0.652959
vt 0.390702 0.856082
vt 0.389255 0.856082
vt 0.389255 0.855246
vt 0.390702 0.854635
vt 0.779144 0.424143
vt 0.776372 0.424143
vt 0.776372 0.422543
vt 0.779144 0.421371
vt 0.920870 0.233010
vt 0.920870 0.231563
vt 0.921705 0.231563
vt 0.922317 0.233010
vt 0.410966 0.853187
vt 0.412414 0.853187
vt 0.412414 0.854023
vt 0.410966 0.854635
vt 0.911706 0.433238
vt 0.911706 0.434685
vt 0.910870 0.434685
vt 0.910258 0.433238
vt 0.402757 0.856083
vt 0.401310 0.856083
vt 0.401310 0.855247
vt 0.402757 0.854635
vt 0.411916 0.856082
vt 0.411916 0.854635
vt 0.412752 0.854635
vt 0.413363 0.856082
vt 0.920870 0.433238
vt 0.922317 0.433238
vt 0.922317 0.434074
vt 0.920870 0.434685
vt 0.779144 0.807622
vt 0.779144 0.810394
vt 0.777544 0.810394
vt 0.776372 0.807622
vt 0.114346 0.851033
vt 0.115794 0.852481
vt 0.115794 0.852481
vt 0.114346 0.852481
vt 0.706167 0.230145
vt 0.707615 0.231592
vt 0.707615 0.231592
vt 0.448620 0.001447
vt 0.447173 0.001447
vt 0.447173 0.000612
vt 0.447173 0.000000
vt 0.551663 0.997228
vt 0.554436 0.998232
vt 0.554436 0.999268
vt 0.551382 1.000000
vt 0.813500 0.462856
vt 0.813303 0.463185
vt 0.812425 0.463185
vt 0.811831 0.462262
vt 0.001223 0.507550
vt 0.000198 0.507569
vt 0.000083 0.506651
vt 0.001460 0.505804
vt 0.188180 0.807479
vt 0.188878 0.807618
vt 0.188878 0.808548
vt 0.187701 0.809225
vt 0.634251 0.001447
vt 0.634251 0.000000
vt 0.634726 0.000000
vt 0.635074 0.001608
vt 0.039040 0.616347
vt 0.039890 0.616513
vt 0.039978 0.617211
vt 0.039220 0.617783
vt 0.053469 0.614545
vt 0.053648 0.615982
vt 0.052614 0.616111
vt 0.051725 0.615146
vt 0.648796 0.001447
vt 0.646990 0.001646
vt 0.646990 0.000685
vt 0.648796 0.000000
vt 0.409535 0.464922
vt 0.409166 0.463175
vt 0.409781 0.463175
vt 0.410233 0.464820
vt 0.907884 0.463185
vt 0.909454 0.463185
vt 0.909886 0.462813
vt 0.910258 0.461738
vt 0.910258 0.463185
vt 0.395907 0.650064
vt 0.396267 0.651512
vt 0.395639 0.651512
vt 0.395180 0.650064
vt 0.874070 0.712746
vt 0.874070 0.714193
vt 0.873234 0.714193
vt 0.872623 0.713106
vt 0.411680 0.464622
vt 0.410233 0.464622
vt 0.410233 0.463786
vt 0.411680 0.463175
vt 0.883088 0.712746
vt 0.884535 0.713107
vt 0.884535 0.713735
vt 0.883088 0.714194
vt 0.174552 0.622336
vt 0.173825 0.622336
vt 0.173825 0.621500
vt 0.174912 0.620888
vt 0.420702 0.464622
vt 0.420702 0.463175
vt 0.421538 0.463175
vt 0.422149 0.464622
vt 0.117266 0.773293
vt 0.115817 0.773155
vt 0.115804 0.772239
vt 0.117249 0.771558
vt 0.900736 0.715641
vt 0.900736 0.714194
vt 0.901572 0.714194
vt 0.902184 0.715791
vt 0.330649 0.820831
vt 0.332096 0.820823
vt 0.332096 0.821657
vt 0.330649 0.822278
vt 0.338619 0.499107
vt 0.338606 0.500842
vt 0.337769 0.500842
vt 0.337170 0.499240
vt 0.321631 0.820830
vt 0.321631 0.822277
vt 0.320795 0.822277
vt 0.320184 0.820818
vt 0.891715 0.715641
vt 0.890267 0.715796
vt 0.890267 0.714876
vt 0.891715 0.714194
vt 0.420702 0.612397
vt 0.422149 0.613845
vt 0.422149 0.613845
vt 0.420702 0.613845
vt 0.174523 0.773305
vt 0.173364 0.771558
vt 0.173650 0.771558
vt 0.173825 0.771558
vt 0.330649 0.765693
vt 0.330649 0.764246
vt 0.331485 0.764246
vt 0.332096 0.764707
vt 0.411680 0.612397
vt 0.411680 0.613845
vt 0.410845 0.613845
vt 0.410233 0.613845
vt 0.321631 0.765692
vt 0.320184 0.764706
vt 0.320184 0.764420
vt 0.321631 0.764245
vt 0.395878 0.499095
vt 0.395180 0.500842
vt 0.395180 0.500842
vt 0.394719 0.500842
vt 0.706167 0.289491
vt 0.707615 0.289491
vt 0.115794 0.794583
vt 0.114346 0.794583
vt 0.551663 0.556451
vt 0.551663 0.448336
vt 0.553584 0.446098
vt 0.554436 0.556451
vt 0.811831 0.231592
vt 0.811832 0.174418
vt 0.811832 0.173694
vt 0.813491 0.231592
vt 0.610636 0.231592
vt 0.609188 0.289491
vt 0.609188 0.288767
vt 0.609188 0.231592
vt 0.332661 0.556451
vt 0.333516 0.446095
vt 0.335434 0.448336
vt 0.335434 0.556451
vt 0.447165 0.115796
vt 0.447165 0.115072
vt 0.000482 0.852239
vt 0.001447 0.851033
vt 0.910258 0.231592
vt 0.908811 0.173694
vt 0.910258 0.173694
vt 0.910258 0.230869
vt 0.000000 0.794583
vt 0.001447 0.794583
vt 0.096839 0.493892
vt 0.095492 0.495767
vt 0.707615 0.001447
vt 0.707615 0.000000
vt 0.111995 0.608695
vt 0.111815 0.607258
vt 0.176607 0.483930
vt 0.178043 0.483751
vt 0.423994 0.115794
vt 0.422546 0.115794
vt 0.910258 0.230837
vt 0.910258 0.116489
vt 0.910258 0.115765
vt 0.910258 0.231561
vt 0.193849 0.115794
vt 0.192401 0.115794
vt 0.528183 0.115796
vt 0.526736 0.115796
vt 0.933410 0.115767
vt 0.933410 0.231563
vt 0.097816 0.495229
vt 0.099072 0.493613
s 0
usemtl Wall
f 389/570/311 392/571/312 393/572/313 395/573/314
f 390/574/315 394/575/316 393/576/317 392/577/318
f 391/578/319 395/579/314 393/580/320 394/581/321
f 396/582/319 399/583/321 400/584/322 402/585/323
f 397/586/315 401/587/324 400/588/325 399/589/326
f 398/590/327 402/591/328 400/592/329 401/593/324
f 403/594/330 406/595/328 407/596/331 409/597/332
f 404/598/333 408/599/334 407/600/335 406/601/336
f 405/602/337 409/603/338 407/604/339 408/605/340
f 413/606/341 416/607/342 417/608/343 419/609/344
f 415/614/337 419/615/348 417/616/349 418/617/350
f 423/618/330 426/619/351 427/620/352 429/621/314
f 424/622/337 428/623/350 427/624/353 426/625/354
f 433/630/319 436/631/358 437/632/359 439/633/360
f 434/634/315 438/635/361 437/636/359 436/637/358
f 440/642/333 443/643/364 444/644/365 446/645/334
f 441/646/366 445/647/367 444/647/368 443/648/369
f 442/649/337 446/650/340 444/651/368 445/652/344
f 447/653/315 450/654/358 451/655/370 453/656/371
f 448/657/319 452/658/328 451/659/370 450/660/358
f 449/661/333 453/662/371 451/663/372 452/664/328
f 454/665/341 457/666/373 458/667/374 460/668/369
f 455/669/315 459/670/371 458/671/375 457/672/373
f 456/673/333 460/674/369 458/675/376 459/676/371
f 467/677/327 470/678/377 471/679/378 473/680/379
f 468/681/319 472/682/380 471/683/381 470/684/382
f 469/685/383 473/686/384 471/687/378 472/688/385
f 474/689/362 477/690/386 478/691/387 480/692/388
f 475/693/389 479/694/380 478/695/390 477/696/391
f 476/697/392 480/698/388 478/699/387 479/700/380
f 481/701/319 484/702/393 485/703/394 487/704/328
f 482/705/337 486/706/395 485/707/396 484/708/393
f 483/709/333 487/710/328 485/711/397 486/712/395
f 488/713/319 491/714/314 492/715/398 494/716/393
f 490/721/337 494/722/393 492/723/401 493/724/399
f 495/725/333 498/726/395 499/727/402 501/728/369
f 496/729/337 500/730/403 499/731/404 498/732/395
f 497/733/366 501/734/369 499/735/405 500/736/403
f 502/737/341 505/738/403 506/739/406 508/740/342
f 503/741/337 507/742/399 506/743/407 505/744/403
f 512/749/409 515/750/371 516/751/410 518/752/411
f 513/753/315 517/754/373 516/755/412 515/755/371
f 514/756/413 518/757/411 516/758/410 517/759/373
f 520/764/337 524/765/417 523/766/418 522/767/414
f 521/768/319 525/769/360 523/770/418 524/771/419
f 526/772/333 529/773/324 530/774/420 532/775/382
f 527/776/315 531/777/358 530/778/420 529/779/324
f 528/780/319 532/781/421 530/782/420 531/783/358
f 533/784/319 536/785/358 537/786/422 539/787/423
f 534/788/315 538/789/424 537/790/425 536/791/358
f 535/792/362 539/793/423 537/794/425 538/795/426
f 540/796/319 545/797/427 541/798/337 542/799/428 543/800/319 544/800/319
f 546/801/362 549/802/314 550/803/429 552/804/430
f 547/805/319 551/806/431 550/807/429 549/808/432
f 548/809/315 552/810/430 550/811/429 551/812/433
f 553/813/319 556/814/328 557/815/434 559/816/431
f 554/817/333 558/818/435 557/819/436 556/820/328
f 555/821/315 559/822/431 557/823/434 558/824/435
f 560/825/333 563/826/437 564/827/438 566/828/439
f 561/829/440 565/830/441 564/831/442 563/832/437
f 562/833/319 566/834/439 564/835/443 565/836/444
f 567/837/362 570/838/445 571/839/446 573/840/447
f 568/841/319 572/842/448 571/843/446 570/844/445
f 569/845/383 573/846/447 571/847/449 572/848/450
f 574/849/315 577/850/451 578/851/452 580/852/453
f 575/853/333 579/854/454 578/855/452 577/856/455
f 576/857/456 580/858/358 578/859/452 579/860/457
f 581/861/315 584/862/358 585/863/458 587/864/459
f 582/865/330 586/866/445 585/867/458 584/868/358
f 583/869/362 587/870/430 585/871/458 586/872/460
f 377/873/315 513/753/315 515/755/371 379/874/371
f 379/875/371 515/750/371 512/749/333 378/876/333
f 463/881/462 388/882/461 387/883/337 461/884/463
f 510/885/315 381/886/315 382/887/464 511/888/465
f 514/756/341 465/893/341 466/894/468 518/757/468
f 518/752/411 466/895/411 464/896/469 512/749/333
f 465/897/337 384/898/337 385/899/470 466/900/470
f 466/895/471 385/901/471 383/902/333 464/896/409
f 391/578/319 547/805/319 549/808/314 395/579/314
f 395/573/314 549/802/314 546/801/362 389/570/362
f 521/768/319 433/630/472 439/633/360 525/769/360
f 522/767/475 463/881/414 461/884/337 520/764/337
f 434/634/315 510/885/476 511/888/361 438/635/361
f 520/764/337 541/798/479 545/797/419 524/765/480
f 524/771/417 545/903/417 540/904/319 521/768/319
f 447/653/315 430/905/315 432/906/358 450/654/358
f 450/660/358 432/907/358 431/908/319 448/657/319
f 454/665/341 514/756/341 517/759/373 457/666/373
f 457/672/373 517/754/373 513/753/315 455/669/315
f 448/657/319 411/909/319 412/910/328 452/658/328
f 452/664/328 412/911/328 410/912/333 449/661/333
f 449/661/333 456/673/333 459/676/371 453/662/371
f 453/656/371 459/670/371 455/669/315 447/653/315
f 405/602/428 424/622/337 426/625/351 409/603/338
f 409/597/332 426/619/332 423/618/319 403/594/319
f 442/649/337 405/602/337 408/605/340 446/650/340
f 446/645/334 408/599/334 404/598/333 440/642/333
f 441/646/341 413/606/341 419/609/348 445/647/348
f 445/652/481 419/615/481 415/614/428 442/649/337
f 424/622/337 415/614/337 418/617/346 428/623/346
f 481/701/319 488/713/319 494/716/393 484/702/393
f 484/708/393 494/722/393 490/721/337 482/705/337
f 495/725/333 483/709/333 486/712/395 498/726/395
f 498/732/395 486/706/395 482/705/337 496/729/337
f 496/729/337 503/741/337 505/744/403 500/730/403
f 500/736/403 505/738/403 502/737/341 497/733/341
f 493/724/399 507/742/399 503/741/337 490/721/337
f 413/606/341 502/737/341 508/740/342 416/607/342
f 488/713/319 423/618/392 429/621/314 491/714/314
f 403/594/319 481/701/319 487/704/328 406/595/328
f 406/601/328 487/710/328 483/709/333 404/598/482
f 497/733/341 441/646/483 443/648/369 501/734/369
f 501/728/369 443/643/369 440/642/333 495/725/333
f 390/574/315 397/586/315 399/589/484 394/575/484
f 394/581/316 399/583/316 396/582/319 391/578/319
f 467/677/485 526/772/485 532/775/377 470/678/377
f 470/684/421 532/781/382 528/780/319 468/681/319
f 535/792/362 474/689/362 480/692/388 539/793/388
f 539/787/486 480/698/486 476/697/319 533/784/319
f 526/772/333 398/590/333 401/593/324 529/773/324
f 529/779/324 401/587/324 397/586/487 527/776/315
f 534/788/315 390/574/488 392/577/489 538/789/489
f 538/795/312 392/571/426 389/570/362 535/792/311
f 468/681/319 476/697/319 479/700/385 472/682/490
f 472/688/380 479/694/491 475/693/440 469/685/383
f 527/776/315 434/634/315 436/637/358 531/777/358
f 531/783/358 436/631/358 433/630/319 528/780/319
f 430/905/315 534/788/315 536/791/358 432/906/358
f 432/907/358 536/785/358 533/784/319 431/908/319
f 581/861/315 574/849/315 580/852/358 584/862/358
f 584/868/358 580/858/358 576/857/319 582/865/319
f 547/805/319 553/813/319 559/816/433 551/806/431
f 551/812/431 559/822/433 555/821/315 548/809/315
f 562/833/319 576/857/319 579/860/439 566/834/439
f 566/828/439 579/854/439 575/853/333 560/825/333
f 582/865/319 568/841/319 570/844/492 586/866/492
f 586/872/493 570/838/460 567/837/362 583/869/345
f 574/849/315 555/821/487 558/824/435 577/850/435
f 577/856/494 558/818/495 554/817/333 575/853/469
f 583/869/311 546/801/345 552/804/496 587/870/430
f 587/864/459 552/810/459 548/809/315 581/861/315
f 561/829/383 569/845/383 572/848/497 565/830/448
f 565/836/498 572/842/498 568/841/319 562/833/319
f 569/845/383 475/693/383 477/696/499 573/846/499
f 573/840/386 477/690/447 474/689/362 567/837/362
f 398/590/333 554/817/333 556/820/328 402/591/328
f 402/585/328 556/814/328 553/813/319 396/582/319
f 560/825/333 467/677/333 473/680/437 563/826/437
f 563/832/500 473/686/437 469/685/389 561/829/440
f 388/913/362 382/914/362 381/915/319 387/916/319
f 456/673/333 421/917/333 422/918/369 460/674/369
f 460/668/369 422/919/369 420/920/341 454/665/341
f 377/873/315 381/886/315 510/885/315 513/753/315
f 383/902/333 378/876/333 512/749/333 464/896/333
f 376/921/319 375/922/319 387/916/319 381/915/319
f 387/883/337 384/898/337 465/897/337 461/884/337
f 391/578/319 396/582/319 553/813/319 547/805/319
f 390/574/315 534/788/315 430/905/315 513/753/315
f 397/586/315 390/574/315 513/753/315 510/885/315
f 535/792/362 389/570/362 546/801/362 583/869/362
f 398/590/333 526/772/333 575/853/333 554/817/333
f 527/776/315 397/586/315 510/885/315 434/634/315
f 403/594/319 423/618/319 488/713/319 481/701/319
f 405/602/337 442/649/337 520/764/337 461/884/337
f 424/622/337 405/602/337 461/884/337 465/897/337
f 440/642/333 404/598/333 483/709/333 495/725/333
f 431/908/319 544/923/319 543/924/319 411/909/319 448/657/319
f 421/917/333 456/673/333 449/661/333 410/912/333
f 413/606/341 441/646/341 497/733/341 502/737/341
f 415/614/337 424/622/337 465/897/337 542/799/337 541/798/337
f 442/649/337 415/614/337 541/798/337 520/764/337
f 465/893/341 514/756/341 454/665/341 420/920/341
f 533/784/319 476/697/319 540/904/319 544/923/319 431/908/319
f 513/753/315 430/905/315 447/653/315 455/669/315
f 468/681/319 528/780/319 433/630/319 521/768/319
f 526/772/333 467/677/333 560/825/333 575/853/333
f 469/685/383 475/693/383 569/845/383 561/829/383
f 476/697/319 468/681/319 521/768/319 540/904/319
f 474/689/362 535/792/362 583/869/362 567/837/362
f 482/705/337 490/721/337 503/741/337 496/729/337
f 548/809/315 555/821/315 574/849/315 581/861/315
f 582/865/319 576/857/319 562/833/319 568/841/319
usemtl Floor
f 414/610/345 418/611/346 417/612/347 416/613/342
f 425/626/355 429/627/314 427/628/356 428/629/357
f 435/638/362 439/639/360 437/640/359 438/641/363
f 489/717/362 493/718/399 492/719/400 491/720/314
f 504/745/362 508/746/342 506/747/408 507/748/399
f 519/760/362 522/761/414 523/762/415 525/763/416
f 462/877/362 386/878/362 388/879/461 463/880/461
f 511/889/466 382/890/466 380/891/355 509/892/467
f 525/763/473 439/639/473 435/638/345 519/760/362
f 519/760/362 462/877/362 463/880/474 522/761/474
f 438/641/477 511/889/363 509/892/362 435/638/478
f 428/629/350 418/611/350 414/610/362 425/626/362
f 489/717/362 504/745/362 507/748/399 493/718/399
f 416/613/342 508/746/342 504/745/362 414/610/362
f 491/720/314 429/627/314 425/626/362 489/717/355
f 386/878/362 380/891/362 382/890/362 388/879/362
f 509/892/362 380/891/362 386/878/362 462/877/362
f 425/626/362 414/610/362 504/745/362 489/717/362
f 509/892/362 462/877/362 519/760/362 435/638/362
g Cube.004_Cube.004
v -1.000000 3.075000 7.000000
v -1.000000 3.100000 6.975000
v -1.000000 3.092678 6.992678
v -1.000000 3.100000 3.025000
v -1.000000 3.075000 3.000000
v -1.000000 3.092678 3.007322
v -4.000000 3.075000 7.000000
v -4.000000 3.100000 6.975000
v -4.000000 3.092678 6.992678
v -4.000000 1.675000 6.975000
v -4.025000 1.725000 7.000000
v -3.975000 1.700000 6.975000
v -4.007322 1.700000 6.992678
v -4.000000 1.700000 6.989434
v -4.000000 1.707322 6.992678
v -3.992678 1.692678 6.975000
v -4.000000 3.100000 3.025000
v -4.000000 3.075000 3.000000
v -4.000000 3.092678 3.007322
v -4.000000 1.675000 3.025000
v -3.975000 1.700000 3.025000
v -4.025000 1.725000 3.000000
v -3.992678 1.692678 3.025000
v -4.000000 1.700000 3.010566
v -4.000000 1.707322 3.007322
v -4.007322 1.699999 3.007322
v -1.000000 1.725000 3.000000
v -1.000000 1.700000 3.025000
v -1.000000 1.707322 3.007322
v -7.000000 3.100000 6.975000
v -7.000000 3.075000 7.000000
v -7.000000 3.092678 6.992678
v -6.975000 2.195833 7.000000
v -7.000000 2.200000 6.975000
v -7.000000 2.225000 7.000000
v -6.992678 2.198780 6.992678
v -7.000000 3.075000 3.000000
v -7.000000 3.100000 3.025000
v -7.000000 3.092678 3.007322
v -7.000000 2.200000 3.025000
v -6.975000 2.195833 3.000000
v -7.000000 2.225000 3.000000
v -6.992678 2.198780 3.007322
v -4.000000 1.325000 3.025000
v -4.025000 1.325000 3.000000
v -4.025000 1.300000 3.025000
v -4.007322 1.325000 3.007322
v -4.010566 1.310566 3.010566
v -4.025000 1.307322 3.007322
v -4.007322 1.307322 3.025000
v -4.000000 1.325000 6.975000
v -4.025000 1.300000 6.975000
v -4.025000 1.325000 7.000000
v -4.007322 1.307322 6.975000
v -4.010566 1.310566 6.989434
v -4.025000 1.307322 6.992678
v -4.007322 1.325000 6.992678
v -7.000000 1.325000 3.025000
v -6.975000 1.300000 3.025000
v -6.975000 1.325000 3.000000
v -6.992678 1.307322 3.025000
v -6.989434 1.310566 3.010566
v -6.975000 1.307322 3.007322
v -6.992678 1.325000 3.007322
v -7.000000 1.325000 6.975000
v -6.975000 1.325000 7.000000
v -6.975000 1.300000 6.975000
v -6.992678 1.325000 6.992678
v -6.989434 1.310566 6.989434
v -6.975000 1.307322 6.992678
v -6.992678 1.307322 6.975000
v -1.000000 1.700000 6.975000
v -1.000000 1.725000 7.000000
v -1.000000 1.707322 6.992678
vn -1.0000 -0.0001 -0.0000
vn -0.7071 -0.0000 -0.7071
vn -0.4524 0.4524 -0.7685
vn -0.7071 0.7071 -0.0000
vn -0.0000 -0.0000 -1.0000
vn -0.0000 0.7071 -0.7071
vn -0.4524 0.4524 -0.7686
vn -0.0000 1.0000 0.0001
vn -0.7071 0.7072 0.0001
vn -1.0000 -0.0000 -0.0000
vn -0.4525 0.4524 0.7685
vn -0.7071 -0.0000 0.7071
vn -0.0000 1.0000 -0.0001
vn -0.0000 0.7071 0.7071
vn -0.4524 0.4524 0.7685
vn -0.0001 -0.0000 1.0000
vn -0.4524 0.4524 0.7686
vn 0.7071 -0.0000 -0.7071
vn 0.8770 0.3398 -0.3398
vn 1.0000 -0.0000 -0.0000
vn 0.7071 -0.0000 0.7071
vn 0.8770 0.3398 0.3398
vn -0.0000 -0.0000 1.0000
vn -0.5774 0.5773 0.5773
vn -0.5773 0.5774 0.5774
vn -0.0000 1.0000 -0.0000
vn -0.5773 0.5774 0.5773
vn -0.5774 0.5774 -0.5773
vn -0.5773 0.5774 -0.5773
vn -0.5774 0.5773 -0.5774
vn 0.7071 0.7071 -0.0000
vn 0.5774 0.5774 0.5773
vn 0.5773 0.5774 0.5773
vn 0.5773 0.5773 0.5774
vn 0.5774 0.5773 -0.5773
vn 0.5773 0.5773 -0.5774
vn 0.5773 0.5774 -0.5773
vn -0.0000 -1.0000 -0.0000
vn -0.0000 -0.7071 -0.7071
vn -0.0000 -0.7071 0.7071
vn 0.7072 -0.0000 -0.7071
vn 0.7072 -0.0000 0.7071
vn -0.7072 -0.0000 0.7071
vn -0.7072 -0.0000 -0.7071
vt 0.559512 0.827451
vt 0.558065 0.828898
vt 0.558065 0.827451
vt 0.077355 0.319824
vt 0.076099 0.321439
vt 0.076099 0.321439
vt 0.773600 0.440777
vt 0.776372 0.440777
vt 0.776372 0.442377
vt 0.776372 0.443549
vt 0.559512 0.598753
vt 0.558065 0.598753
vt 0.558065 0.597918
vt 0.558065 0.597306
vt 0.773600 0.002772
vt 0.776372 0.000000
vt 0.776372 0.000000
vt 0.776372 0.002772
vt 0.448600 0.290937
vt 0.447154 0.289490
vt 0.447154 0.289490
vt 0.447154 0.289490
vt 0.083218 0.146966
vt 0.083261 0.145929
vt 0.084714 0.145320
vt 0.083278 0.145500
vt 0.476077 0.463184
vt 0.476006 0.462760
vt 0.477523 0.463184
vt 0.475836 0.461736
vt 0.477523 0.463184
vt 0.579777 0.598753
vt 0.579777 0.597306
vt 0.580612 0.597306
vt 0.581224 0.598753
vt 0.425452 0.290937
vt 0.424006 0.290937
vt 0.424006 0.290102
vt 0.425453 0.289490
vt 0.002772 0.448336
vt -0.000000 0.448336
vt -0.000000 0.446736
vt 0.002772 0.445564
vt 0.579777 0.827451
vt 0.581224 0.827451
vt 0.581224 0.828286
vt 0.579777 0.828898
vt 0.002772 0.886341
vt 0.002772 0.889113
vt 0.001172 0.889113
vt 0.000000 0.886341
vt 0.054382 0.322693
vt 0.054562 0.324129
vt 0.053733 0.324233
vt 0.052946 0.322872
vt 0.338594 0.652959
vt 0.337147 0.652959
vt 0.337147 0.652124
vt 0.338594 0.651512
vt 0.329889 0.448336
vt 0.329889 0.445564
vt 0.331490 0.445564
vt 0.332661 0.448336
vt 0.425441 0.461736
vt 0.425441 0.463184
vt 0.424605 0.463184
vt 0.423994 0.461736
vt 0.338594 0.881657
vt 0.338594 0.883104
vt 0.337758 0.883104
vt 0.337147 0.881657
vt 0.033204 0.153212
vt 0.031768 0.153392
vt 0.031664 0.152562
vt 0.033024 0.151776
vt 0.329889 0.886341
vt 0.332661 0.886341
vt 0.332661 0.887941
vt 0.329889 0.889113
vt 0.422546 0.289484
vt 0.422546 0.115794
vt 0.423994 0.115794
vt 0.423994 0.289484
vt 0.156506 0.311397
vt 0.178043 0.483751
vt 0.176607 0.483930
vt 0.155070 0.311577
vt 0.443711 0.440776
vt 0.443711 0.443549
vt 0.097637 0.493793
vt 0.099072 0.493613
vt 0.526724 0.289490
vt 0.526736 0.115796
vt 0.528183 0.115796
vt 0.528171 0.289490
vt 0.192401 0.289484
vt 0.192401 0.115794
vt 0.193849 0.115794
vt 0.193849 0.289484
vt 0.448612 0.115796
vt 0.447165 0.115796
vt 0.443711 -0.000000
vt 0.443711 0.002772
vt 0.193849 0.463175
vt 0.192401 0.463175
vt 0.528159 0.463184
vt 0.526713 0.463184
vt 0.422546 0.463175
vt 0.423994 0.463175
vt 0.134968 0.139044
vt 0.133532 0.139224
vt 0.083208 0.145509
vt 0.389184 0.883104
vt 0.389255 0.881657
vt 0.475836 0.461736
vt 0.476006 0.463184
vt 0.389184 0.651512
vt 0.389255 0.652959
s 0
usemtl Wall
f 597/925/501 600/926/502 601/926/503 603/927/504
f 598/928/505 602/929/506 601/930/507 600/930/502
f 607/935/510 610/936/504 611/937/511 613/938/512
f 609/943/516 613/944/512 611/945/517 612/946/514
f 620/947/505 623/948/518 622/949/505
f 623/948/518 621/950/519 622/950/519
f 627/951/520 630/952/521 629/953/522
f 630/952/521 628/954/523 629/955/523
f 631/956/510 634/957/512 635/958/524 637/959/504
f 632/960/523 636/961/514 635/962/525 634/963/512
f 638/968/510 641/969/504 642/970/528 644/971/502
f 640/976/505 644/977/502 642/978/530 643/979/506
f 645/980/520 648/981/531 649/982/532 651/983/521
f 647/988/523 651/989/521 649/990/534 650/991/514
f 652/992/520 655/993/518 656/994/535 658/995/531
f 653/996/505 657/997/506 656/998/536 655/999/518
f 607/935/510 597/925/510 603/927/504 610/936/504
f 595/1004/538 589/1005/538 590/1006/539 596/1007/539
f 596/1008/539 590/1009/539 588/1010/505 594/1011/505
f 661/1014/506 602/929/506 598/928/505 660/1015/505
f 605/1016/523 592/1017/523 593/1018/540 606/1019/540
f 606/1020/540 593/1021/540 591/1022/538 604/1023/538
f 614/1024/523 609/943/523 612/946/514 616/1025/514
f 604/1023/538 625/1028/538 626/1029/540 606/1020/540
f 606/1019/540 626/1030/540 624/1031/523 605/1016/523
f 617/1032/538 595/1004/538 596/1007/539 619/1033/539
f 619/1034/539 596/1008/539 594/1011/505 618/1035/505
f 637/959/504 641/969/504 638/968/510 631/956/510
f 645/980/520 652/992/520 658/995/531 648/981/531
f 650/991/514 636/961/514 632/960/523 647/988/523
f 653/996/505 640/976/505 643/979/506 657/997/506
f 620/947/505 653/996/505 655/999/518 623/1036/518
f 623/1037/541 655/993/541 652/992/520 621/1038/520
f 647/988/523 628/1039/523 630/1040/521 651/989/521
f 651/983/542 630/1041/542 627/1042/520 645/980/520
f 609/943/523 632/960/523 634/963/512 613/944/512
f 613/938/543 634/957/543 631/956/510 607/935/510
f 640/976/505 598/928/505 600/930/502 644/977/502
f 644/971/544 600/926/544 597/925/510 638/968/510
f 588/1010/505 660/1015/505 598/928/505 594/1011/505
f 591/1022/538 589/1005/538 595/1004/538 604/1023/538
f 614/1024/523 592/1017/523 605/1016/523 609/943/523
f 594/1011/505 598/928/505 620/947/505 622/949/505 618/1035/505
f 604/1023/538 595/1004/538 617/1032/538 625/1028/538
f 620/947/505 598/928/505 640/976/505 653/996/505
f 597/925/510 607/935/510 631/956/510 638/968/510
f 609/943/523 605/1016/523 624/1031/523 629/953/523 628/1039/523
f 609/943/523 628/1039/523 647/988/523 632/960/523
f 627/1042/520 621/1038/520 652/992/520 645/980/520
usemtl Floor
f 599/931/508 603/932/509 601/933/503 602/934/506
f 608/939/513 612/940/514 611/941/515 610/942/504
f 633/964/526 637/965/504 635/966/527 636/967/514
f 639/972/526 643/973/506 642/974/529 641/975/504
f 646/984/526 650/985/514 649/986/533 648/987/531
f 654/1000/526 658/1001/531 656/1002/537 657/1003/506
f 610/942/504 603/932/504 599/931/526 608/939/526
f 659/1012/526 599/931/526 602/934/506 661/1013/506
f 616/1026/514 612/940/514 608/939/526 615/1027/526
f 633/964/526 639/972/526 641/975/504 637/965/504
f 648/987/531 658/1001/531 654/1000/526 646/984/526
f 646/984/526 633/964/526 636/967/514 650/985/514
f 657/1003/506 643/973/506 639/972/526 654/1000/526
f 659/1012/526 615/1027/526 608/939/526 599/931/526
f 639/972/526 633/964/526 646/984/526 654/1000/526
g Cube.005_Cube.006
v -9.314361 3.900000 5.971749
v -9.314361 3.875000 5.998540
v -9.314361 3.892678 5.990693
v -9.314361 2.225000 5.998540
v -9.314361 2.200000 5.971719
v -9.314361 2.207322 5.990685
v -9.314361 3.875000 3.998540
v -9.314361 3.900000 4.025326
v -9.314361 3.892678 4.006386
v -7.025000 3.125000 7.000000
v -7.000000 3.100000 6.975000
v -7.000000 3.075000 7.000000
v -7.007322 3.107322 6.992678
v -7.000000 2.200000 6.973178
v -7.000000 2.225000 7.000000
v -7.000000 2.207322 6.992144
v -7.000000 3.100000 3.025000
v -7.025000 3.125000 3.000000
v -7.000000 3.075000 3.000000
v -7.007322 3.107322 3.007322
v -7.000000 2.225000 3.000000
v -7.000000 2.200000 3.026816
v -7.000000 2.207322 3.007854
v -8.018595 4.071441 6.983290
v -8.000000 4.100000 6.973137
v -7.975000 4.075000 7.000000
v -8.012160 4.090478 6.981130
v -7.999175 4.088430 6.991405
v -7.987108 4.092654 6.992150
v -7.998125 4.073221 6.995106
v -8.018595 2.225000 6.983289
v -7.975000 2.225000 7.000000
v -8.000000 2.200000 6.973105
v -7.998125 2.225000 6.995106
v -7.999094 2.210567 6.991470
v -7.987102 2.207348 6.992141
v -8.011762 2.207258 6.981449
v -8.018619 4.071436 3.016684
v -7.975000 4.075000 3.000000
v -8.000000 4.100000 3.026857
v -7.998130 4.073218 3.004886
v -7.999179 4.088428 3.008588
v -7.987109 4.092654 3.007849
v -8.012173 4.090474 3.018847
v -8.018619 2.225000 3.016684
v -8.000000 2.200000 3.026889
v -7.975000 2.225000 3.000000
v -8.011772 2.207258 3.018527
v -7.999099 2.210566 3.008522
v -7.987103 2.207347 3.007858
v -7.998130 2.225000 3.004887
v -7.025000 4.100000 6.973208
v -7.000000 4.075000 6.975000
v -7.025000 4.075000 7.000000
v -7.007322 4.092679 6.974104
v -7.010566 4.089435 6.989056
v -7.007322 4.075001 6.993049
v -7.025000 4.092679 6.991782
v -7.025000 4.100000 3.026786
v -7.025000 4.075000 3.000000
v -7.000000 4.075000 3.025000
v -7.025000 4.092649 3.007824
v -7.010566 4.089435 3.010943
v -7.007322 4.075000 3.007322
v -7.007322 4.092679 3.025893
v -9.095766 3.878115 6.015251
v -9.139360 3.875000 5.998540
v -9.114361 3.900000 5.971677
v -9.116237 3.876558 6.003435
v -9.116704 3.890073 5.996731
v -9.127253 3.892653 5.990690
v -9.109470 3.893516 5.995026
v -9.114361 2.200000 5.971646
v -9.139360 2.225000 5.998540
v -9.095766 2.225000 6.015251
v -9.127259 2.207348 5.990682
v -9.116670 2.210566 5.996758
v -9.116237 2.225000 6.003435
v -9.109307 2.207291 5.995153
v -9.095742 3.878119 3.981857
v -9.114361 3.900000 4.025398
v -9.139360 3.875000 3.998540
v -9.109453 3.893519 4.002051
v -9.116697 3.890074 4.000351
v -9.127251 3.892653 4.006389
v -9.116231 3.876560 3.993654
v -9.095742 2.225000 3.981857
v -9.139360 2.225000 3.998540
v -9.114361 2.200000 4.025429
v -9.116231 2.225000 3.993654
v -9.116664 2.210567 4.000325
v -9.127258 2.207348 4.006398
v -9.109288 2.207291 4.001922
v -9.314361 2.200000 4.025356
v -9.314361 2.225000 3.998540
v -9.314361 2.207322 4.006394
vn -0.0000 -0.0000 -1.0000
vn -0.7052 0.0001 -0.7090
vn -0.7052 0.0002 -0.7090
vn -0.9239 -0.2706 -0.2706
vn -1.0000 -0.0000 -0.0000
vn -0.7071 -0.0000 0.7071
vn -0.9239 -0.2706 0.2706
vn -0.7071 -0.0001 0.7071
vn -0.0000 -0.0001 1.0000
vn -0.0000 -0.0000 1.0000
vn 0.6684 -0.0000 -0.7438
vn 0.5894 -0.6054 -0.5349
vn 0.3655 -0.4910 -0.7908
vn 0.3580 -0.0000 -0.9337
vn -0.0001 -1.0000 -0.0000
vn -0.0001 -0.7262 -0.6875
vn 0.3654 -0.4910 -0.7908
vn 0.5893 -0.6054 -0.5350
vn 0.3579 -0.0000 -0.9338
vn 0.3579 -0.0000 -0.9337
vn 0.3248 0.5202 -0.7899
vn 0.5077 0.6504 -0.5650
vn -0.0000 0.7246 -0.6891
vn 0.3579 0.0001 -0.9338
vn -0.0000 1.0000 -0.0000
vn 0.5077 0.6505 -0.5649
vn 0.3248 0.5202 -0.7898
vn 0.0001 0.7246 -0.6892
vn 0.6673 -0.0000 0.7448
vn 0.3572 -0.0000 0.9340
vn 0.3648 -0.4912 0.7910
vn 0.5885 -0.6057 0.5355
vn -0.0000 -0.7240 0.6898
vn 0.1767 -0.9843 -0.0000
vn 0.5067 0.6507 0.5655
vn 0.3241 0.5204 0.7900
vn 0.3573 -0.0000 0.9340
vn -0.0000 0.7246 0.6892
vn 0.3240 0.5205 0.7900
vn 0.3241 0.5204 0.7901
vn -0.0000 0.7245 0.6892
vn -0.0000 -1.0000 -0.0000
vn -0.7071 -0.7071 -0.0000
vn -0.5678 -0.5972 -0.5665
vn -0.0001 -0.7262 -0.6874
vn -0.5679 -0.5972 -0.5665
vn -0.5735 -0.5916 0.5667
vn -0.5735 -0.5917 0.5666
vn 0.6684 0.0001 -0.7438
vn 0.2641 -0.6867 -0.6773
vn -0.0001 -0.7243 -0.6895
vn 0.1766 -0.9843 -0.0001
vn 0.2641 -0.6867 -0.6772
vn -0.0001 0.7246 -0.6892
vn 0.2347 0.6722 -0.7021
vn 0.2347 0.6722 -0.7022
vn 0.6685 -0.0000 -0.7438
vn 0.2348 0.6722 -0.7022
vn 0.6674 -0.0000 0.7447
vn 0.2639 -0.6866 0.6774
vn -0.0000 -1.0000 0.0001
vn -0.0000 -0.7243 0.6895
vn 0.2638 -0.6867 0.6774
vn 0.5886 -0.6057 0.5355
vn 0.2344 0.6721 0.7023
vn -0.0001 0.7245 0.6892
vn 0.2344 0.6722 0.7023
vn -0.0000 0.7246 -0.6892
vn -0.0000 0.7245 0.6893
vn -1.0000 -0.0001 -0.0000
vn 0.1766 -0.9843 -0.0000
vn 0.5894 -0.6053 -0.5350
vn 0.5894 -0.6054 -0.5350
vn 0.6684 -0.0001 -0.7438
vn -0.0000 0.0002 -1.0000
vn 0.5077 0.6504 -0.5649
vn 0.0001 -0.0000 1.0000
vn -0.0001 -0.7242 0.6896
vn -0.0000 -0.7242 0.6896
vn -0.0001 -0.7243 0.6895
vn -0.0001 -0.7243 -0.6894
vn -0.0001 1.0000 -0.0000
vn -0.0001 0.7245 0.6893
vn 0.6673 0.0001 0.7447
vn -0.0000 -1.0000 -0.0001
vn -0.0002 -0.7262 -0.6875
vn -0.0000 -0.7241 0.6897
vn 0.6674 -0.0001 0.7447
vn 0.6673 -0.0000 0.7447
vt 0.136225 0.137429
vt 0.135336 0.138571
vt 0.133532 0.139224
vt 0.134968 0.139044
vt 0.133532 0.139224
vt 0.528159 0.463184
vt 0.528583 0.463608
vt 0.526713 0.463184
vt 0.529606 0.464631
vt 0.526712 0.463184
vt 0.183473 0.073551
vt 0.184951 0.073474
vt 0.184862 0.074317
vt 0.183684 0.074612
vt 0.500168 0.827343
vt 0.500914 0.828898
vt 0.500216 0.828898
vt 0.499197 0.828026
vt 0.183966 0.076036
vt 0.185315 0.075161
vt 0.077425 0.086795
vt 0.077535 0.087869
vt 0.076416 0.088035
vt 0.076006 0.087140
vt 0.077714 0.089306
vt 0.076192 0.088790
vt 0.440728 0.334677
vt 0.442143 0.332933
vt 0.443338 0.334262
vt 0.443711 0.336107
vt 0.584402 0.522162
vt 0.584475 0.521082
vt 0.585677 0.521059
vt 0.585878 0.522055
vt 0.584578 0.519634
vt 0.586025 0.520335
vt 0.500168 0.598861
vt 0.499196 0.598176
vt 0.499885 0.597559
vt 0.500914 0.597306
vt 0.477550 0.522162
vt 0.476098 0.521995
vt 0.476371 0.521194
vt 0.477519 0.521082
vt 0.003143 0.334677
vt 0.000162 0.336107
vt 0.000162 0.334777
vt 0.001726 0.332932
vt 0.477519 0.519634
vt 0.476073 0.520335
vt 0.556618 0.827347
vt 0.558065 0.827399
vt 0.558065 0.828265
vt 0.556617 0.828898
vt 0.821962 0.693330
vt 0.821962 0.694777
vt 0.821126 0.694777
vt 0.820514 0.693278
vt 0.190786 0.130615
vt 0.192222 0.130435
vt 0.192326 0.131264
vt 0.190966 0.132051
vt 0.556617 0.598857
vt 0.556618 0.597306
vt 0.557453 0.597306
vt 0.558065 0.598805
vt 0.584582 0.464631
vt 0.584582 0.463184
vt 0.585418 0.463184
vt 0.586029 0.464631
vt 0.821962 0.464632
vt 0.820514 0.464684
vt 0.820514 0.463819
vt 0.821962 0.463185
vt 0.166030 0.012721
vt 0.165831 0.011658
vt 0.166898 0.011453
vt 0.167182 0.011508
vt 0.165562 0.010233
vt 0.167085 0.010750
vt 0.435573 0.769360
vt 0.435591 0.770932
vt 0.435573 0.770916
vt 0.434828 0.770916
vt 0.329679 0.211109
vt 0.332662 0.209679
vt 0.332662 0.210853
vt 0.332772 0.211232
vt 0.070797 0.022068
vt 0.070976 0.023505
vt 0.069859 0.023644
vt 0.069448 0.022943
vt 0.071086 0.024579
vt 0.069547 0.023748
vt 0.574964 0.584646
vt 0.576263 0.585707
vt 0.575958 0.585726
vt 0.574904 0.585726
vt 0.435573 0.656674
vt 0.434827 0.655119
vt 0.435438 0.655119
vt 0.435592 0.655102
vt 0.574813 0.587174
vt 0.576260 0.586473
vt 0.479298 0.584646
vt 0.479328 0.585726
vt 0.478172 0.585796
vt 0.477880 0.585661
vt 0.479328 0.587174
vt 0.477882 0.586473
vt 0.113869 0.211109
vt 0.110775 0.211234
vt 0.110887 0.211109
vt 0.110887 0.209679
vt 0.084714 0.145320
vt 0.083278 0.145500
vt 0.443711 0.445564
vt 0.440736 0.445564
vt 0.477523 0.463184
vt 0.476077 0.463184
vt 0.000162 0.445564
vt 0.003135 0.445564
vt 0.135389 0.138992
vt 0.877988 0.694777
vt 0.878412 0.693330
vt 0.529606 0.464631
vt 0.528583 0.463184
vt 0.877988 0.463185
vt 0.878412 0.464632
vt 0.574812 0.597306
vt 0.576259 0.597306
vt 0.423994 0.655119
vt 0.423994 0.656670
vt 0.164306 0.000179
vt 0.165741 0.000000
vt 0.423994 0.770916
vt 0.423994 0.769364
vt 0.329687 0.188931
vt 0.332662 0.188931
vt 0.068105 0.012194
vt 0.069541 0.012014
vt 0.479328 0.597306
vt 0.477881 0.597306
vt 0.110887 0.188931
vt 0.113861 0.188931
s 0
usemtl Wall
f 671/1043/545 674/1044/546 673/1045/545
f 674/1044/547 672/1046/548 673/1047/548
f 678/1048/549 681/1049/550 680/1050/551
f 681/1049/552 679/1051/553 680/1052/554
f 685/1053/555 688/1054/556 689/1055/557 691/1056/558
f 686/1057/559 690/1058/560 689/1059/561 688/1060/562
f 687/1061/545 691/1056/563 689/1055/561 690/1062/560
f 692/1063/555 695/1064/564 696/1065/565 698/1066/566
f 693/1067/545 697/1068/567 696/1065/565 695/1064/568
f 699/1073/573 702/1074/574 703/1075/575 705/1076/576
f 700/1077/554 704/1078/577 703/1075/575 702/1074/574
f 701/1079/578 705/1080/576 703/1081/575 704/1082/577
f 706/1083/573 709/1084/579 710/1085/580 712/1086/581
f 708/1091/554 712/1086/574 710/1085/584 711/1092/585
f 713/1093/586 716/1094/587 717/1095/588 719/1096/589
f 714/1097/549 718/1098/546 717/1099/590 716/1100/587
f 715/1101/545 719/1102/560 717/1103/590 718/1104/547
f 720/1105/586 723/1106/577 724/1107/591 726/1108/587
f 721/1109/554 725/1110/550 724/1111/591 723/1112/577
f 722/1113/549 726/1114/587 724/1115/592 725/1116/550
f 727/1117/593 730/1118/563 731/1119/594 733/1120/556
f 728/1121/545 732/1122/595 731/1119/594 730/1118/563
f 729/1123/596 733/1124/556 731/1125/597 732/1126/595
f 735/1131/545 739/1132/563 738/1133/600 737/1134/598
f 736/1135/601 740/1136/566 738/1133/602 739/1132/564
f 741/1137/603 744/1138/576 745/1139/604 747/1140/574
f 742/1141/605 746/1142/606 745/1143/607 744/1144/608
f 743/1145/554 747/1140/574 745/1139/604 746/1146/606
f 748/1147/603 751/1148/574 752/1149/609 754/1150/579
f 749/1151/554 753/1152/610 752/1149/609 751/1148/581
f 708/1091/554 700/1077/554 702/1074/574 712/1086/574
f 712/1086/581 702/1074/581 699/1073/573 706/1083/573
f 687/1061/545 693/1067/545 695/1064/563 691/1056/563
f 691/1056/558 695/1064/558 692/1063/555 685/1053/555
f 693/1067/545 676/1157/545 677/1158/612 697/1068/612
f 682/1161/554 708/1091/554 711/1092/613 684/1162/613
f 713/1093/559 720/1105/559 726/1108/587 716/1094/587
f 716/1100/587 726/1114/587 722/1113/614 714/1097/614
f 729/1123/578 686/1057/615 688/1060/556 733/1124/556
f 733/1120/616 688/1054/617 685/1053/555 727/1117/618
f 671/1043/545 715/1101/619 718/1104/546 674/1165/546
f 674/1166/546 718/1098/546 714/1097/549 672/1167/549
f 721/1109/554 679/1168/554 681/1169/550 725/1110/550
f 725/1116/550 681/1170/550 678/1171/549 722/1113/549
f 736/1135/593 692/1063/555 698/1066/566 740/1136/566
f 743/1145/621 749/1151/621 751/1148/574 747/1140/574
f 747/1140/581 751/1148/581 748/1147/573 741/1137/573
f 735/1131/545 728/1121/545 730/1118/563 739/1132/563
f 739/1132/558 730/1118/558 727/1117/555 736/1135/555
f 668/1172/554 743/1145/554 746/1146/622 670/1173/623
f 670/1174/624 746/1142/624 742/1141/586 669/1175/559
f 728/1121/545 663/1176/545 664/1177/595 732/1122/595
f 732/1126/625 664/1178/625 662/1179/586 729/1123/586
f 737/1134/598 667/1182/612 665/1183/545 735/1131/545
f 749/1151/554 756/1184/554 757/1185/627 753/1152/627
f 706/1083/628 748/1147/603 754/1150/579 709/1084/579
f 686/1057/629 713/1093/586 719/1096/589 690/1058/589
f 690/1062/560 719/1102/630 715/1101/545 687/1061/545
f 700/1077/554 721/1109/554 723/1112/577 704/1078/577
f 704/1082/631 723/1106/631 720/1105/586 701/1079/586
f 741/1137/603 699/1073/632 705/1076/608 744/1138/576
f 744/1144/576 705/1080/576 701/1079/578 742/1141/615
f 728/1121/545 735/1131/545 665/1183/545 663/1176/545
f 742/1141/586 729/1123/586 662/1179/586 669/1175/586
f 749/1151/554 743/1145/554 668/1172/554 756/1184/554
f 671/1043/545 673/1045/545 676/1157/545 693/1067/545 687/1061/545
f 671/1043/545 687/1061/545 715/1101/545
f 678/1171/549 672/1167/549 714/1097/549 722/1113/549
f 682/1161/554 680/1050/554 679/1168/554 700/1077/554 708/1091/554
f 700/1077/554 679/1168/554 721/1109/554
f 736/1135/555 727/1117/555 685/1053/555 692/1063/555
f 729/1123/578 742/1141/578 701/1079/578 686/1057/578
f 720/1105/586 713/1093/586 686/1057/586 701/1079/586
f 741/1137/633 748/1147/633 706/1083/633 699/1073/633
usemtl Floor
f 694/1069/569 698/1070/570 696/1071/571 697/1072/572
f 707/1087/569 711/1088/582 710/1089/583 709/1090/579
f 734/1127/569 737/1128/598 738/1129/599 740/1130/566
f 750/1153/569 754/1154/579 752/1155/611 753/1156/610
f 697/1072/567 677/1159/612 675/1160/569 694/1069/569
f 684/1163/582 711/1088/582 707/1087/569 683/1164/569
f 740/1130/570 698/1070/620 694/1069/569 734/1127/569
f 734/1127/569 666/1180/626 667/1181/598 737/1128/598
f 753/1156/610 757/1186/610 755/1187/569 750/1153/569
f 709/1090/579 754/1154/579 750/1153/569 707/1087/569
f 734/1127/569 750/1153/569 755/1187/569 666/1180/569
f 675/1160/569 683/1164/569 707/1087/569 694/1069/569
f 750/1153/569 734/1127/569 694/1069/569 707/1087/569
g Cube.006_Cube.007
v -9.314361 3.900000 5.998540
v -9.314361 3.900000 3.998540
v -10.864361 3.900000 5.998541
v -10.868170 3.905384 4.002151
v -9.314361 3.900000 2.998540
v -10.868171 3.905384 3.002151
v -9.314362 2.092366 1.498541
v -10.864362 2.092366 1.498541
v -9.505921 1.992366 1.498541
v -9.505921 2.617710 1.498541
v -10.672754 1.992366 1.498541
v -10.675706 2.621479 1.522151
v -9.339360 2.200000 5.998540
v -9.314361 2.225000 5.998540
v -9.314361 2.200000 5.973540
v -9.321683 2.207322 5.998540
v -10.864361 2.225000 5.998541
v -10.839361 2.200000 5.998541
v -10.857038 2.207322 5.998541
v -10.256578 2.229172 3.553631
v -10.281578 2.229434 3.528808
v -10.309255 2.204478 3.574962
v -10.274256 2.229302 3.546434
v -10.282552 2.214957 3.552767
v -10.289666 2.211792 3.550878
v -10.284929 2.211699 3.559995
v -10.256578 2.229172 3.155359
v -10.309223 2.204478 3.148306
v -10.281578 2.229434 3.180535
v -10.291962 2.211747 3.153414
v -10.283998 2.214972 3.159414
v -10.289653 2.211799 3.165123
v -10.274256 2.229302 3.162806
v -9.314361 4.175000 5.998540
v -9.339360 4.200000 5.998540
v -9.321683 4.192678 5.998540
v -9.339360 4.200000 3.998540
v -9.314361 4.175000 3.998540
v -9.321683 4.192678 3.998540
v -10.839361 4.200000 5.998541
v -10.864361 4.175000 5.998541
v -10.857038 4.192678 5.998541
v -10.864684 4.175002 3.998847
v -10.839361 4.200000 3.998541
v -10.857132 4.192678 3.998631
v -10.864685 4.175002 2.998847
v -10.839362 4.200000 2.998541
v -10.857135 4.192678 2.998631
v -9.339360 4.200000 2.998540
v -9.314361 4.175000 2.998540
v -9.321683 4.192678 2.998540
v -9.314361 3.900000 1.823541
v -9.322343 3.846564 1.798541
v -9.316699 3.884346 1.805863
v -9.339360 2.067366 1.798541
v -9.314361 2.094608 1.823541
v -9.322998 2.092366 1.798541
v -9.321683 2.080987 1.805863
v -9.321469 2.086502 1.802748
v -9.316996 2.093102 1.805661
v -9.331179 2.079866 1.798541
v -10.864441 2.094713 1.823544
v -10.839362 2.067366 1.798541
v -10.856125 2.092366 1.786045
v -10.857063 2.081039 1.805864
v -10.857785 2.087652 1.800646
v -10.849936 2.085190 1.794772
v -10.861967 2.093403 1.802187
v -10.860498 3.854827 1.802009
v -10.868171 3.905384 1.827150
v -10.865923 3.890569 1.809432
v -10.839362 4.200000 1.823541
v -10.864685 4.175002 1.823846
v -10.858393 4.163478 1.798541
v -10.857135 4.192678 1.823694
v -10.857615 4.186585 1.809209
v -10.862847 4.167179 1.805994
v -10.847363 4.189448 1.806013
v -9.320328 4.163485 1.798541
v -9.314361 4.175000 1.823541
v -9.339360 4.200000 1.823541
v -9.316162 4.167046 1.805718
v -9.321201 4.186559 1.809106
v -9.321683 4.192678 1.823541
v -9.331358 4.189450 1.806012
v -9.339360 1.725000 2.998540
v -9.314361 1.725000 2.973540
v -9.339360 1.700000 2.973540
v -9.321682 1.725000 2.991218
v -9.324925 1.710566 2.987974
v -9.321682 1.707322 2.973540
v -9.339359 1.707322 2.991218
v -10.839549 1.724999 2.998719
v -10.839362 1.700000 2.973541
v -10.864551 1.724999 2.973719
v -10.839417 1.707322 2.991271
v -10.853875 1.710566 2.988050
v -10.857096 1.707322 2.973593
v -10.857227 1.724999 2.991397
v -9.339360 1.725000 1.798541
v -9.339360 1.700000 1.823541
v -9.314361 1.725000 1.823541
v -9.339359 1.707322 1.805863
v -9.324925 1.710566 1.809107
v -9.321682 1.707322 1.823541
v -9.321682 1.725000 1.805863
v -10.839362 1.725000 1.798541
v -10.864362 1.725000 1.823544
v -10.839362 1.700000 1.823541
v -10.857040 1.725000 1.805865
v -10.853797 1.710566 1.809108
v -10.857040 1.707322 1.823542
v -10.839363 1.707322 1.805862
v -9.975952 2.226216 3.551649
v -9.921376 2.200907 3.572243
v -9.950953 2.225951 3.526473
v -9.946708 2.208287 3.557612
v -9.949591 2.211559 3.550277
v -9.942323 2.208301 3.547721
v -9.958275 2.226083 3.544202
v -9.975952 2.226216 3.153376
v -9.950953 2.225951 3.178200
v -9.921292 2.200907 3.145994
v -9.958275 2.226083 3.160574
v -9.947916 2.211542 3.157208
v -9.942308 2.208314 3.163280
v -9.938636 2.208177 3.151044
v -9.339360 3.900000 6.998540
v -9.314361 3.900000 6.973540
v -9.321683 3.900000 6.991218
v -9.314361 2.225000 6.973540
v -9.339360 2.200000 6.973540
v -9.339360 2.225000 6.998540
v -9.321682 2.207323 6.973540
v -9.324925 2.210567 6.987974
v -9.339359 2.207323 6.991219
v -9.321682 2.225000 6.991219
v -10.864361 3.900000 6.973541
v -10.839361 3.900000 6.998541
v -10.857038 3.900000 6.991219
v -10.839361 2.200000 6.973541
v -10.864361 2.225000 6.973541
v -10.839361 2.225000 6.998541
v -10.857038 2.207323 6.973541
v -10.853795 2.210567 6.987975
v -10.857038 2.225000 6.991219
v -10.839361 2.207323 6.991219
v -9.339360 4.200000 6.973540
v -9.314361 4.175000 6.973540
v -9.339360 4.175000 6.998540
v -9.321682 4.192677 6.973540
v -9.324925 4.189434 6.987974
v -9.321682 4.175000 6.991219
v -9.339359 4.192677 6.991219
v -10.839361 4.200000 6.973541
v -10.839361 4.175000 6.998541
v -10.864361 4.175000 6.973541
v -10.839361 4.192677 6.991219
v -10.853795 4.189434 6.987975
v -10.857038 4.175000 6.991219
v -10.857038 4.192677 6.973541
v -9.314361 2.225000 3.998540
v -9.342277 2.200042 3.978935
v -9.339360 2.200087 3.998599
v -9.314361 2.200000 4.023540
v -9.322537 2.207335 3.992798
v -10.841679 2.205338 4.002117
v -10.868170 2.230384 4.002151
v -10.860411 2.212693 4.002141
v -9.342394 2.200042 3.005351
v -9.314361 2.225000 2.973540
v -9.339360 2.175086 2.998599
v -9.322544 2.207370 2.988656
v -9.325681 2.200034 2.994555
v -9.321683 2.200043 2.991235
v -9.341449 2.192940 3.000654
v -10.842980 2.180298 3.001914
v -10.868359 2.230384 2.977329
v -10.841620 2.205341 3.009094
v -10.860846 2.205264 2.994811
v -10.857221 2.205335 2.998246
v -10.860463 2.212712 2.992800
v -10.842054 2.198169 3.004168
v -9.975952 2.282879 3.551649
v -9.950953 2.282617 3.526473
v -9.975951 2.307881 3.526649
v -9.958275 2.282694 3.544202
v -9.961518 2.297162 3.540981
v -9.958274 2.300372 3.526524
v -9.975951 2.300558 3.544326
v -10.256578 2.285835 3.553631
v -10.256579 2.310837 3.528631
v -10.281578 2.286100 3.528808
v -10.256578 2.303514 3.546309
v -10.271011 2.300422 3.543167
v -10.274256 2.303701 3.528756
v -10.274255 2.286022 3.546434
v -9.975952 2.282879 3.153376
v -9.975951 2.307881 3.178377
v -9.950953 2.282617 3.178200
v -9.975952 2.300558 3.160699
v -9.961519 2.297163 3.163841
v -9.958275 2.300373 3.178252
v -9.958276 2.282694 3.160573
v -10.256578 2.285835 3.155359
v -10.281578 2.286100 3.180535
v -10.256579 2.310837 3.180359
v -10.274255 2.286022 3.162806
v -10.271011 2.300422 3.166027
v -10.274256 2.303701 3.180484
v -10.256578 2.303514 3.162681
v -10.680715 2.670163 1.798688
v -10.673021 2.618051 1.773542
v -10.675165 2.633180 1.791262
v -10.672754 3.002709 1.773541
v -10.647755 3.027709 1.773541
v -10.678698 3.064071 1.798541
v -10.665432 3.020387 1.773541
v -10.668251 3.032468 1.787975
v -10.660810 3.038237 1.791092
v -10.674505 3.044816 1.791249
v -9.497305 1.996863 1.798541
v -9.505920 1.992366 1.773541
v -9.503397 1.993683 1.791218
v -9.497960 2.670995 1.798541
v -9.505920 2.617710 1.773541
v -9.503588 2.633325 1.791218
v -9.530920 3.027709 1.773541
v -9.505920 3.002709 1.773541
v -9.499979 3.064071 1.798541
v -9.513243 3.020387 1.773541
v -9.510425 3.032468 1.787975
v -9.504169 3.044816 1.791249
v -9.517865 3.038237 1.791092
v -10.647755 3.027709 1.498541
v -10.672935 3.002710 1.499994
v -10.665485 3.020387 1.498966
v -9.505921 3.002709 1.498541
v -9.530921 3.027709 1.498541
v -9.513244 3.020387 1.498541
v -10.672754 1.992366 1.773541
v -10.681371 1.996863 1.798541
v -10.675279 1.993683 1.791218
vn 0.0017 1.0000 0.0013
vn -0.7071 0.7071 -0.0000
vn -0.7071 0.7071 0.0001
vn -0.8629 0.3574 -0.3574
vn 0.0071 -0.0000 1.0000
vn -0.7046 -0.0001 0.7096
vn -0.4772 0.7697 0.4240
vn 0.0118 0.6624 0.7491
vn -1.0000 -0.0001 -0.0000
vn -0.6812 0.7321 -0.0000
vn -0.4773 0.7698 0.4239
vn -0.7046 -0.0000 0.7096
vn 0.0046 1.0000 -0.0003
vn -0.4772 0.7698 0.4239
vn -0.0070 -0.0000 -1.0000
vn -0.0026 0.3567 -0.9342
vn -0.5681 0.7557 -0.3259
vn -0.7096 -0.0000 -0.7046
vn 0.0016 1.0000 -0.0000
vn -0.5681 0.7558 -0.3258
vn -0.0027 0.3568 -0.9342
vn -0.7096 -0.0000 -0.7047
vn -0.5681 0.7557 -0.3258
vn 0.0001 -0.0001 1.0000
vn -0.7071 -0.0000 0.7071
vn -0.7608 0.3657 0.5361
vn -0.0026 0.2674 0.9636
vn -1.0000 -0.0000 0.0001
vn -0.9177 0.0001 0.3974
vn -0.7070 -0.0000 0.7072
vn -0.0000 1.0000 -0.0000
vn -0.0027 0.2674 0.9636
vn -0.7609 0.3657 0.5360
vn -0.9177 0.0002 0.3972
vn 1.0000 0.0044 0.0016
vn 0.7065 0.0001 0.7077
vn 0.7578 0.5609 0.3333
vn 0.9601 0.0006 0.2795
vn -0.0000 -0.0000 1.0000
vn 0.7577 0.5610 0.3334
vn 0.7066 0.0001 0.7076
vn -0.0500 -0.0066 0.9987
vn 0.9602 0.0005 0.2795
vn 0.7578 0.5610 0.3333
vn -0.0000 -1.0000 -0.0000
vn 0.7025 -0.7117 -0.0000
vn 0.6849 -0.5512 0.4766
vn -0.0000 -0.6088 0.7933
vn 0.9999 -0.0130 -0.0000
vn 0.9378 -0.0058 0.3471
vn 0.6850 -0.5511 0.4765
vn -0.0000 0.0001 1.0000
vn 0.6849 -0.5511 0.4766
vn -0.9391 0.0024 0.3436
vn -0.6884 -0.5473 0.4760
vn -1.0000 -0.0000 -0.0000
vn -0.7071 -0.7071 -0.0000
vn -0.6883 -0.5473 0.4761
vn -0.0012 0.0036 -1.0000
vn -0.7076 0.0001 -0.7066
vn -0.5774 0.5773 -0.5774
vn -0.0001 0.7084 -0.7058
vn -0.5774 0.5774 -0.5773
vn -0.7076 -0.0000 -0.7067
vn -0.0001 0.7084 -0.7059
vn -0.0000 0.7084 -0.7058
vn 0.5749 0.5822 -0.5749
vn 0.7066 0.0103 -0.7075
vn 0.7058 0.7084 0.0001
vn 1.0000 0.0044 0.0015
vn 0.7066 0.0104 -0.7075
vn -0.0000 0.7071 0.7071
vn -0.5774 0.5773 0.5774
vn -0.5773 0.5774 0.5773
vn -0.5774 0.5774 0.5773
vn -0.7071 0.7071 -0.0001
vn 0.5774 0.5773 0.5773
vn 1.0000 0.0045 0.0015
vn 0.7058 0.7084 -0.0000
vn 0.0071 -0.0001 1.0000
vn 0.4902 0.7721 0.4045
vn 0.7096 -0.0001 0.7046
vn 0.6649 0.7470 -0.0000
vn 0.4902 0.7721 0.4044
vn 1.0000 -0.0000 -0.0001
vn 0.4903 0.7721 0.4044
vn 0.6649 0.7469 0.0001
vn 0.7046 -0.0001 -0.7096
vn 0.5687 0.7675 -0.2958
vn -0.0027 0.3567 -0.9342
vn 1.0000 -0.0000 -0.0000
vn 0.5688 0.7675 -0.2958
vn 0.0047 1.0000 0.0008
vn 0.5687 0.7675 -0.2957
vn 0.6648 0.7470 0.0001
vn -0.7072 -0.0000 -0.7071
vn -0.0000 0.7071 -0.7071
vn -0.5773 0.5774 -0.5773
vn -0.0000 -0.0000 -1.0000
vn -0.7071 -0.0000 -0.7071
vn 0.7071 0.7071 -0.0000
vn 0.5774 0.5774 -0.5773
vn 0.7071 -0.0000 -0.7071
vn 0.5774 0.5773 -0.5773
vn -0.0001 -1.0000 -0.0000
vn -0.7072 -0.7071 -0.0000
vn -0.5774 -0.5773 -0.5773
vn -0.0000 -0.7071 -0.7071
vn -0.5774 -0.5774 -0.5773
vn -0.7071 -0.7071 0.0001
vn 0.5774 -0.5774 -0.5773
vn 0.7071 -0.7071 -0.0000
vn 0.5774 -0.5773 -0.5773
vn -0.6071 0.7465 0.2724
vn 0.0047 1.0000 -0.0003
vn 0.0018 1.0000 0.0014
vn 0.0018 1.0000 0.0013
vn -0.6782 0.7349 -0.0000
vn -0.5240 0.0044 -0.8517
vn -0.0010 0.3491 -0.9371
vn -0.7075 -0.0000 -0.7067
vn -0.5239 0.0044 -0.8518
vn -0.6781 0.7349 -0.0000
vn -0.0012 0.0035 -1.0000
vn -0.5239 0.0044 -0.8517
vn -0.7075 0.0001 -0.7067
vn 0.5659 0.0669 -0.8218
vn -0.0010 0.3490 -0.9371
vn 1.0000 -0.0000 -0.0002
vn 0.6917 0.7222 -0.0003
vn 0.5658 0.0669 -0.8219
vn 0.7065 0.0103 -0.7077
vn 0.6917 0.7222 -0.0001
vn 0.7096 -0.0000 0.7046
vn 0.5831 0.5741 0.5747
vn 0.0124 0.7070 0.7071
vn 0.7108 0.7034 0.0001
vn 0.5831 0.5741 0.5748
vn 0.0105 0.9999 0.0001
vn 0.0125 0.7070 0.7071
vn 0.5832 0.5741 0.5747
vn 0.7109 0.7033 -0.0000
vn 0.0070 0.0001 1.0000
vn 0.0124 0.7071 0.7070
vn -0.5715 0.5805 0.5800
vn 0.0105 0.9999 -0.0000
vn -0.7034 0.7108 -0.0000
vn -0.7045 -0.0000 0.7097
vn -0.5715 0.5805 0.5801
vn 0.0025 0.7071 -0.7071
vn 0.5785 0.5754 -0.5782
vn 0.7046 -0.0000 -0.7096
vn 0.0106 0.9999 -0.0000
vn 0.7108 0.7034 -0.0000
vn 0.7045 -0.0000 -0.7097
vn -0.0071 -0.0000 -1.0000
vn -0.5762 0.5793 -0.5765
vn -1.0000 -0.0000 -0.0001
vn -0.7034 0.7108 -0.0001
vn -0.5761 0.5793 -0.5766
vn -0.7095 -0.0000 -0.7047
vn 0.0024 0.7071 -0.7071
vn 1.0000 -0.0042 -0.0054
vn 0.7059 -0.7084 -0.0002
vn 0.2320 -0.5425 0.8074
vn 0.9386 -0.0019 0.3450
vn -0.0000 -1.0000 -0.0001
vn -0.0000 -0.6097 0.7927
vn 0.2319 -0.5426 0.8073
vn 0.7058 -0.7084 -0.0003
vn 0.0404 0.0049 0.9992
vn 0.9386 -0.0020 0.3449
vn -0.0000 -0.6096 0.7927
vn 0.0001 -1.0000 -0.0000
vn -0.2319 -0.5426 0.8073
vn -0.9366 -0.0018 0.3505
vn -0.7071 -0.7071 -0.0001
vn -0.2319 -0.5425 0.8074
vn -0.9365 -0.0017 0.3505
vn 1.0000 -0.0000 -0.0019
vn 1.0000 -0.0000 -0.0006
vn 0.7001 0.7141 0.0007
vn 0.7001 0.7141 -0.0004
vn 0.7000 0.7141 0.0007
vn 0.7000 0.7141 0.0018
vn 0.0018 1.0000 0.0023
vn 0.0001 1.0000 -0.0000
vn 0.0014 1.0000 -0.0000
vn 0.0015 1.0000 -0.0000
vn -0.6782 0.7349 0.0001
vn 1.0000 -0.0064 -0.0010
vn 1.0000 -0.0064 -0.0044
vn 0.7048 -0.7094 -0.0000
vn 0.7048 -0.7094 -0.0001
vn 0.7048 -0.7094 -0.0018
vn 0.9999 -0.0129 -0.0000
vn 0.9999 -0.0129 -0.0043
vn 0.7025 -0.7116 -0.0000
vn 0.7025 -0.7116 0.0043
vn 0.7025 -0.7117 -0.0018
vn -0.0000 -1.0000 0.0018
vn -0.9177 0.0001 0.3972
vn -0.9176 0.0001 0.3974
vn 0.0001 -0.0000 1.0000
vn -0.0000 -0.0001 1.0000
vn -0.0000 -0.6089 0.7933
vn -0.0001 -0.0000 1.0000
vn 0.7025 -0.7117 -0.0030
vn 0.7026 -0.7116 -0.0000
vn 0.7026 -0.7116 0.0043
vn 0.9999 -0.0130 -0.0030
vn 1.0000 0.0010 0.0017
vn 0.9601 0.0005 0.2795
vn -0.0499 -0.0067 0.9987
vn -0.0000 1.0000 -0.0001
vn -0.0011 1.0000 -0.0000
vn -0.0000 0.7084 -0.7059
vn -0.0027 0.7083 -0.7059
vn -0.0000 0.0036 -1.0000
vn 1.0000 0.0045 -0.0024
vn 0.7057 0.7085 0.0001
vn 0.7057 0.7085 -0.0010
vn -0.7076 -0.0000 -0.7066
vn -0.0011 0.0036 -1.0000
vn 0.7067 0.0089 -0.7075
vn -0.0012 0.0087 -1.0000
vn 1.0000 0.0045 0.0016
vn 1.0000 0.0001 0.0015
vn 0.7066 -0.0000 0.7076
vn -0.7072 -0.0000 0.7070
vn 1.0000 -0.0001 -0.0001
vn 1.0000 -0.0001 -0.0003
vn 0.6917 0.7222 -0.0000
vn 0.6916 0.7223 -0.0001
vn 0.6916 0.7223 -0.0004
vn 0.0017 1.0000 -0.0000
vn -0.7072 -0.0000 -0.7070
vn 0.0001 -0.0000 -1.0000
vn 0.7072 -0.0000 -0.7071
vn -0.0001 1.0000 -0.0000
vn 0.0117 0.6624 0.7491
vn 0.0118 0.6624 0.7490
vn 0.6649 0.7469 -0.0000
vn 0.0070 -0.0000 1.0000
vn -0.0070 0.0001 -1.0000
vn 0.0024 0.7071 -0.7072
vn 0.0105 0.9999 -0.0001
vn 1.0000 0.0001 -0.0000
vn -0.7033 0.7109 -0.0000
vn -0.7047 -0.0000 0.7095
vn -0.7097 -0.0000 -0.7046
vn 1.0000 -0.0041 -0.0054
vn 1.0000 -0.0041 -0.0055
vn 0.9386 -0.0020 0.3450
vn 0.9386 -0.0020 0.3451
vn 0.0403 0.0049 0.9992
vn -0.9186 -0.0003 0.3952
vn -0.9186 -0.0003 0.3951
vn -0.9186 -0.0004 0.3951
vn -0.9366 -0.0017 0.3505
vn 1.0000 -0.0042 -0.0055
vn 0.7058 -0.7084 -0.0002
vn 0.7058 -0.7084 -0.0004
vn 0.0404 0.0050 0.9992
vn 0.9378 -0.0058 0.3472
vn 0.9378 -0.0058 0.3470
vn -0.0499 -0.0066 0.9987
vn 0.9210 -0.0002 0.3896
vn 1.0000 0.0027 -0.0050
vn 1.0000 0.0010 0.0016
vn -0.0500 -0.0067 0.9987
vn 1.0000 0.0027 -0.0051
vt 0.332662 0.186159
vt 0.332662 0.188119
vt 0.329890 0.188931
vt 0.332662 0.188931
vt 0.419705 0.802269
vt 0.419713 0.800821
vt 0.420543 0.800830
vt 0.421152 0.800837
vt 0.419708 0.780117
vt 0.421156 0.781394
vt 0.421156 0.781504
vt 0.419716 0.781564
vt 0.063918 0.078610
vt 0.061572 0.081678
vt 0.061572 0.081678
vt 0.061247 0.081679
vt 0.416427 0.783060
vt 0.414980 0.781628
vt 0.414980 0.781628
vt 0.416419 0.781613
vt 0.016607 0.078613
vt 0.018472 0.081679
vt 0.017839 0.081679
vt 0.017408 0.081679
vt 0.419708 0.759952
vt 0.419716 0.758505
vt 0.420545 0.758505
vt 0.421156 0.759060
vt 0.578716 0.830346
vt 0.579504 0.828898
vt 0.579823 0.828898
vt 0.580163 0.829872
vt 0.314300 0.464622
vt 0.314387 0.463175
vt 0.314429 0.463175
vt 0.315088 0.463175
vt 0.777330 0.232863
vt 0.778237 0.232863
vt 0.777160 0.232863
vt 0.776372 0.232863
vt 0.707921 0.762807
vt 0.708713 0.764255
vt 0.708330 0.764255
vt 0.707997 0.764255
vt 0.578716 0.917193
vt 0.580163 0.917805
vt 0.580163 0.918260
vt 0.579507 0.918640
vt 0.967683 0.585154
vt 0.968163 0.585093
vt 0.968163 0.585153
vt 0.967327 0.585153
vt 0.732222 0.464632
vt 0.730774 0.464641
vt 0.730774 0.463803
vt 0.731758 0.463185
vt 0.587476 0.762790
vt 0.587933 0.764232
vt 0.586808 0.764246
vt 0.586029 0.762799
vt 0.967809 0.465298
vt 0.967170 0.463185
vt 0.967764 0.463185
vt 0.968179 0.465087
vt 0.878758 0.465298
vt 0.878413 0.465092
vt 0.878412 0.463963
vt 0.879396 0.463185
vt 0.193849 0.464622
vt 0.192401 0.464622
vt 0.192401 0.463786
vt 0.194309 0.463175
vt 0.819067 0.464632
vt 0.819530 0.463185
vt 0.820118 0.463185
vt 0.820514 0.464632
vt 0.529664 0.917413
vt 0.529664 0.918860
vt 0.528829 0.918860
vt 0.528217 0.917413
vt 0.335699 0.531205
vt 0.337147 0.531205
vt 0.337147 0.532041
vt 0.335699 0.532652
vt 0.906664 0.418599
vt 0.909437 0.418599
vt 0.909437 0.420200
vt 0.906664 0.421371
vt 0.529657 0.830555
vt 0.528211 0.830563
vt 0.528211 0.829725
vt 0.529651 0.829107
vt 0.906664 0.252268
vt 0.906670 0.249496
vt 0.908273 0.249496
vt 0.909436 0.252262
vt 0.729327 0.696215
vt 0.729333 0.694767
vt 0.730171 0.694773
vt 0.730774 0.696222
vt 0.558903 0.830347
vt 0.557456 0.830347
vt 0.557456 0.829512
vt 0.558903 0.828900
vt 0.779144 0.418599
vt 0.779144 0.421371
vt 0.777544 0.421371
vt 0.776372 0.418599
vt 0.335699 0.464622
vt 0.335699 0.463175
vt 0.336535 0.463175
vt 0.337147 0.464622
vt 0.558903 0.917194
vt 0.558903 0.918642
vt 0.558068 0.918642
vt 0.557456 0.917194
vt 0.729327 0.762807
vt 0.730774 0.762808
vt 0.730774 0.763643
vt 0.729327 0.764255
vt 0.779144 0.252268
vt 0.776372 0.252268
vt 0.776372 0.250667
vt 0.779144 0.249496
vt 0.419706 0.818518
vt 0.421152 0.819981
vt 0.419698 0.819965
vt 0.063616 0.121621
vt 0.060897 0.118341
vt 0.061180 0.118341
vt 0.061313 0.118341
vt 0.419708 0.736893
vt 0.419701 0.735446
vt 0.420541 0.735446
vt 0.421156 0.735663
vt 0.416427 0.799308
vt 0.416434 0.800756
vt 0.415593 0.800765
vt 0.414980 0.800771
vt 0.419708 0.757057
vt 0.421156 0.757921
vt 0.421156 0.758273
vt 0.419701 0.758505
vt 0.016351 0.121630
vt 0.017150 0.118342
vt 0.018268 0.118341
vt 0.306750 0.762797
vt 0.308198 0.762797
vt 0.308198 0.763633
vt 0.306750 0.764245
vt 0.440777 0.186159
vt 0.443549 0.186159
vt 0.443549 0.187760
vt 0.440777 0.188931
vt 0.998553 0.114312
vt 1.000000 0.114312
vt 1.000000 0.115147
vt 0.998553 0.115759
vt 0.440777 0.019828
vt 0.440777 0.017056
vt 0.442377 0.017056
vt 0.443549 0.019828
vt 0.700378 0.464632
vt 0.700378 0.463185
vt 0.701213 0.463185
vt 0.701825 0.464632
vt 0.911706 0.114318
vt 0.911706 0.115765
vt 0.910870 0.115765
vt 0.910258 0.114318
vt 0.819067 0.762808
vt 0.820514 0.762808
vt 0.820514 0.763643
vt 0.819067 0.764255
vt 0.193849 0.762797
vt 0.193849 0.764245
vt 0.193013 0.764245
vt 0.192401 0.762797
vt 0.998553 0.001447
vt 0.998553 0.000000
vt 0.999388 0.000000
vt 1.000000 0.001447
vt 0.732221 0.762808
vt 0.732221 0.764255
vt 0.731386 0.764255
vt 0.730774 0.762808
vt 0.911706 0.001453
vt 0.910258 0.001453
vt 0.910258 0.000618
vt 0.911706 0.000006
vt 0.587476 0.464632
vt 0.586029 0.464632
vt 0.586029 0.463797
vt 0.587476 0.463185
vt 0.306750 0.590550
vt 0.308182 0.590230
vt 0.308195 0.589415
vt 0.308193 0.590550
vt 0.308198 0.590550
vt 0.000755 0.185823
vt 0.000000 0.188931
vt 0.000000 0.188931
vt 0.000007 0.185930
vt 0.306750 0.531205
vt 0.308198 0.532652
vt 0.308198 0.532652
vt 0.308198 0.532652
vt 0.555714 0.917413
vt 0.557162 0.917293
vt 0.557159 0.918205
vt 0.557157 0.918860
vt 0.556005 0.830357
vt 0.557443 0.828898
vt 0.557447 0.828898
vt 0.557451 0.830412
vt 0.700066 0.696006
vt 0.701514 0.694568
vt 0.701514 0.694568
vt 0.701527 0.694568
vt 0.001170 0.019577
vt 0.000394 0.019531
vt 0.000398 0.017848
vt 0.000400 0.016633
vt 0.416427 0.818483
vt 0.416422 0.819930
vt 0.415585 0.819921
vt 0.414980 0.818475
vt 0.416427 0.736893
vt 0.414980 0.736890
vt 0.414980 0.736053
vt 0.416423 0.735446
vt 0.773600 0.851805
vt 0.773586 0.854577
vt 0.771979 0.854566
vt 0.770828 0.851791
vt 0.416427 0.802234
vt 0.414980 0.802226
vt 0.414980 0.801393
vt 0.416431 0.800786
vt 0.804719 0.852025
vt 0.807491 0.852039
vt 0.807491 0.853637
vt 0.804704 0.854797
vt 0.416427 0.780117
vt 0.416432 0.781564
vt 0.415598 0.781564
vt 0.414980 0.780114
vt 0.419706 0.799275
vt 0.421153 0.799261
vt 0.421153 0.800098
vt 0.419711 0.800722
vt 0.773600 0.813186
vt 0.770828 0.813172
vt 0.770828 0.811574
vt 0.773597 0.810414
vt 0.416427 0.757057
vt 0.416423 0.758505
vt 0.415585 0.758505
vt 0.414980 0.757054
vt 0.419706 0.783027
vt 0.419702 0.781579
vt 0.420535 0.781571
vt 0.421153 0.783013
vt 0.416427 0.759952
vt 0.414980 0.759949
vt 0.414980 0.759112
vt 0.416432 0.758505
vt 0.804719 0.813406
vt 0.804716 0.810634
vt 0.806315 0.810645
vt 0.807491 0.813420
vt 0.853806 0.696225
vt 0.853806 0.694777
vt 0.854641 0.694777
vt 0.855253 0.694777
vt 0.836436 0.760886
vt 0.837884 0.761642
vt 0.837884 0.762073
vt 0.836436 0.762333
vt 0.957409 0.528921
vt 0.957065 0.531025
vt 0.957065 0.531025
vt 0.956374 0.531025
vt 0.836436 0.696225
vt 0.836436 0.694777
vt 0.837272 0.694777
vt 0.837884 0.695469
vt 0.856701 0.696225
vt 0.855253 0.694777
vt 0.855253 0.694777
vt 0.856701 0.694777
vt 0.889164 0.528921
vt 0.890200 0.531025
vt 0.889769 0.531025
vt 0.889508 0.531025
vt 0.700066 0.636670
vt 0.700378 0.521083
vt 0.701825 0.521083
vt 0.701514 0.636670
vt 0.111287 0.016633
vt 0.332661 0.017056
vt 0.332662 0.019829
vt 0.111284 0.019571
vt 0.108713 0.185836
vt 0.110250 0.188931
vt 0.819067 0.706357
vt 0.819067 0.590561
vt 0.820514 0.590561
vt 0.820514 0.706357
vt 0.192401 0.706347
vt 0.192401 0.590550
vt 0.193849 0.590550
vt 0.193849 0.706347
vt 0.587476 0.521083
vt 0.587476 0.636862
vt 0.586029 0.636876
vt 0.586029 0.521083
vt 0.730774 0.706357
vt 0.730774 0.590564
vt 0.732221 0.590561
vt 0.732222 0.706357
vt 0.819067 0.532663
vt 0.820514 0.532663
vt 0.192401 0.532652
vt 0.193849 0.532652
vt 0.587476 0.694760
vt 0.586029 0.694775
vt 0.730774 0.532665
vt 0.732221 0.532663
vt 0.209771 0.464622
vt 0.210556 0.463175
vt 0.878421 0.585110
vt 0.878414 0.481328
vt 0.878876 0.483638
vt 0.878921 0.585153
vt 0.947334 0.231477
vt 0.946647 0.232863
vt 0.603087 0.762599
vt 0.603839 0.764048
vt 0.968375 0.480995
vt 0.967932 0.483154
vt 0.209771 0.762797
vt 0.209771 0.764245
vt 1.000000 0.017364
vt 0.998553 0.017364
vt 0.911706 0.017370
vt 0.910258 0.017370
vt 0.603398 0.463185
vt 0.603398 0.464632
vt 0.306750 0.706347
vt 0.308198 0.706347
vt 0.853806 0.718496
vt 0.855253 0.718170
vt 0.957067 0.554423
vt 0.957528 0.551716
vt 0.889013 0.590680
vt 0.889048 0.551668
vt 0.889510 0.554421
vt 0.889512 0.590864
vt 0.855253 0.754645
vt 0.855253 0.718167
vt 0.856701 0.718515
vt 0.856701 0.754722
vt 0.872623 0.696225
vt 0.872623 0.694777
vt 0.820514 0.694777
vt 0.820514 0.696225
vt 0.837968 0.696225
vt 0.837908 0.694777
vt 0.820539 0.762333
vt 0.820514 0.760886
vt 0.957568 0.590680
vt 0.957069 0.590864
vt 0.853806 0.754722
vt 0.209771 0.706347
vt 0.113659 0.188931
vt 0.110894 0.186159
vt 0.603398 0.521083
vt 0.603087 0.636670
vt 0.209771 0.590550
vt 0.209771 0.532652
vt 0.603087 0.694568
vt 0.776372 0.199597
vt 0.948247 0.199597
vt 0.839251 0.718297
vt 0.837884 0.754722
vt 0.872623 0.718516
vt 0.872623 0.754722
s 0
usemtl Wall
f 777/1192/638 780/1193/639 781/1194/640 783/1195/641
f 778/1196/642 782/1197/643 781/1198/644 780/1199/645
f 784/1204/648 787/1205/649 788/1206/650 790/1207/651
f 786/1212/642 790/1213/655 788/1214/656 789/1215/643
f 812/1216/657 815/1217/658 816/1218/659 818/1219/660
f 813/1220/661 817/1221/662 816/1222/659 815/1223/663
f 819/1228/668 822/1229/669 823/1230/670 825/1231/671
f 820/1232/672 824/1233/665 823/1234/673 822/1235/674
f 821/1236/675 825/1237/676 823/1238/677 824/1239/660
f 829/1240/678 832/1241/679 833/1242/680 835/1243/681
f 830/1244/682 834/1245/683 833/1246/684 832/1247/679
f 831/1248/685 835/1249/681 833/1250/686 834/1251/683
f 836/1252/672 839/1253/687 840/1254/688 842/1255/681
f 837/1256/689 841/1257/690 840/1258/688 839/1259/687
f 838/1260/678 842/1261/681 840/1262/691 841/1263/690
f 843/1264/692 846/1265/693 847/1266/694 849/1267/695
f 844/1268/689 848/1269/635 847/1270/696 846/1271/697
f 850/1276/692 853/1277/699 854/1278/700 856/1279/701
f 852/1284/703 856/1285/704 854/1286/700 855/1287/702
f 857/1288/672 860/1289/705 861/1290/706 863/1291/658
f 859/1296/689 863/1297/658 861/1298/708 862/1299/709
f 864/1300/672 867/1301/674 868/1302/710 870/1303/705
f 865/1304/711 869/1305/712 868/1306/710 867/1307/674
f 871/1312/713 874/1313/641 875/1313/714 877/1314/715
f 873/1319/718 877/1320/715 875/1321/719 876/1322/720
f 878/1323/648 881/1324/721 882/1325/722 884/1326/723
f 879/1327/724 883/1328/716 882/1329/725 881/1330/721
f 888/1334/661 891/1335/636 892/1336/696 894/1337/729
f 890/1342/732 894/1343/733 892/1344/696 893/1345/730
f 899/1350/724 903/1351/736 902/1352/737 901/1353/734
f 900/1354/732 904/1355/730 902/1356/735 903/1357/736
f 905/1358/738 908/1359/739 909/1360/740 911/1361/741
f 906/1362/661 910/1363/733 909/1364/742 908/1365/743
f 907/1366/732 911/1367/741 909/1368/742 910/1369/733
f 912/1370/678 915/1371/741 916/1372/744 918/1373/745
f 913/1374/732 917/1375/736 916/1376/746 915/1377/741
f 914/1378/724 918/1379/745 916/1380/746 917/1381/736
f 919/1382/642 923/1383/747 920/1384/748 921/1385/749 922/1386/750
f 928/1391/661 932/1392/754 931/1393/755 930/1394/756
f 929/1395/757 933/1396/753 931/1397/758 932/1398/759
f 934/1399/692 937/1400/704 938/1401/760 940/1402/761
f 935/1403/762 939/1404/763 938/1405/764 937/1406/765
f 941/1411/638 944/1412/767 945/1413/768 947/1414/769
f 942/1415/724 946/1416/770 945/1417/771 944/1418/767
f 948/1423/776 951/1424/777 952/1425/778 954/1426/645
f 950/1431/661 954/1432/781 952/1433/782 953/1434/780
f 955/1435/648 958/1436/783 959/1437/784 961/1438/785
f 957/1443/718 961/1444/788 959/1445/784 960/1446/787
f 962/1447/789 965/1448/651 966/1449/790 968/1450/783
f 963/1451/791 967/1452/792 966/1453/793 965/1454/794
f 972/1459/796 975/1460/797 976/1461/798 978/1462/799
f 973/1463/800 977/1464/801 976/1465/802 975/1466/803
f 974/1467/804 978/1468/805 976/1469/802 977/1470/806
f 985/1471/807 988/1472/690 989/1473/808 991/1474/806
f 986/1475/689 990/1476/809 989/1477/808 988/1478/810
f 987/1479/672 991/1480/806 989/1481/811 990/1482/812
f 925/1483/813 774/1484/814 776/1485/815 926/1486/816
f 774/1484/724 899/1350/724 901/1353/734 776/1485/734
f 929/1395/692 934/1399/692 940/1402/761 933/1396/761
f 930/1394/751 923/1383/823 919/1382/689 928/1391/689
f 792/1493/678 794/1494/678 796/1495/690 793/1496/690
f 793/1497/690 796/1498/690 795/1499/689 791/1500/689
f 798/1501/824 800/1502/825 802/1503/826 799/1504/827
f 799/1505/827 802/1506/828 801/1507/678 797/1508/678
f 794/1494/678 806/1509/678 808/1510/690 796/1495/690
f 796/1498/690 808/1511/690 807/1512/689 795/1499/689
f 800/1502/829 803/1513/830 805/1514/831 802/1503/832
f 802/1506/679 805/1515/833 804/1516/678 801/1507/834
f 813/1220/689 809/1517/689 811/1518/835 817/1221/835
f 817/1519/836 811/1520/836 810/1521/837 814/1522/837
f 818/1219/660 824/1233/660 820/1232/672 812/1216/672
f 831/1248/838 836/1252/838 842/1255/681 835/1249/681
f 835/1243/839 842/1261/681 838/1260/678 829/1240/678
f 836/1252/840 810/1521/840 811/1520/687 839/1253/687
f 839/1259/687 811/1518/687 809/1517/661 837/1256/661
f 829/1240/678 804/1516/834 805/1515/679 832/1241/841
f 832/1247/842 805/1514/843 803/1513/829 830/1244/844
f 837/1256/689 807/1512/689 808/1511/690 841/1257/690
f 841/1263/690 808/1510/690 806/1509/678 838/1260/678
f 827/1525/845 819/1228/845 825/1231/846 828/1526/676
f 828/1527/846 825/1237/846 821/1236/847 826/1528/847
f 849/1267/850 853/1277/851 850/1276/692 843/1264/852
f 857/1288/672 864/1300/672 870/1303/705 860/1289/705
f 862/1299/635 848/1269/635 844/1268/689 859/1296/689
f 865/1304/711 852/1284/853 855/1287/702 869/1305/702
f 928/1391/689 844/1268/689 846/1271/856 932/1392/856
f 932/1398/759 846/1265/759 843/1264/692 929/1395/857
f 852/1284/711 935/1403/703 937/1406/701 856/1285/858
f 856/1279/701 937/1400/701 934/1399/857 850/1276/859
f 819/1228/860 865/1304/861 867/1307/674 822/1229/674
f 822/1235/674 867/1301/862 864/1300/672 820/1232/672
f 859/1296/689 813/1220/689 815/1223/863 863/1297/863
f 863/1291/658 815/1217/658 812/1216/672 857/1288/672
f 935/1403/864 925/1483/865 926/1486/866 939/1404/866
f 886/1529/689 888/1334/689 894/1337/729 887/1530/870
f 887/1531/733 894/1343/733 890/1342/732 885/1532/732
f 896/1533/871 900/1354/871 903/1357/736 897/1534/736
f 897/1535/736 903/1351/736 899/1350/718 895/1536/718
f 900/1354/732 890/1342/732 893/1345/730 904/1355/730
f 907/1366/732 913/1374/732 915/1377/741 911/1367/741
f 911/1361/741 915/1371/741 912/1370/678 905/1358/678
f 885/1532/732 907/1366/732 910/1369/733 887/1531/733
f 887/1530/870 910/1363/729 906/1362/689 886/1529/689
f 895/1536/724 914/1378/724 917/1381/872 897/1535/872
f 897/1534/736 917/1375/736 913/1374/732 896/1533/732
f 888/1334/689 771/1537/689 773/1538/635 891/1335/635
f 791/1500/642 906/1362/642 908/1365/690 793/1497/690
f 793/1496/690 908/1359/690 905/1358/678 792/1493/678
f 914/1378/724 798/1501/724 799/1504/745 918/1379/745
f 918/1373/745 799/1505/745 797/1508/678 912/1370/678
f 871/1312/638 777/1192/638 783/1195/641 874/1313/874
f 884/1326/723 787/1205/723 784/1204/789 878/1323/789
f 879/1327/724 873/1319/724 876/1322/720 883/1328/876
f 789/1215/643 782/1197/643 778/1196/689 786/1212/689
f 947/1414/773 951/1424/769 948/1423/877 941/1411/638
f 955/1435/878 962/1447/878 968/1450/795 958/1436/879
f 960/1446/787 946/1416/787 942/1415/881 957/1443/724
f 963/1451/689 950/1431/689 953/1434/780 967/1452/780
f 878/1323/789 955/1435/789 961/1438/785 881/1324/785
f 881/1330/785 961/1444/785 957/1443/724 879/1327/724
f 941/1411/638 871/1312/638 877/1314/767 944/1412/767
f 944/1418/767 877/1320/767 873/1319/724 942/1415/724
f 950/1431/689 778/1196/689 780/1199/883 954/1432/883
f 954/1426/645 780/1193/645 777/1192/638 948/1423/638
f 962/1447/789 784/1204/648 790/1207/651 965/1448/651
f 965/1454/884 790/1213/651 786/1212/689 963/1451/689
f 970/1539/885 972/1459/886 978/1462/887 971/1540/887
f 971/1541/888 978/1468/888 974/1467/889 969/1542/889
f 979/1543/672 982/1544/685 984/1545/890 981/1546/890
f 981/1547/891 984/1548/892 983/1549/689 980/1550/689
f 973/1463/678 985/1471/678 991/1474/801 977/1464/801
f 977/1470/806 991/1480/806 987/1479/672 974/1467/672
f 986/1475/689 983/1549/689 984/1548/809 990/1476/893
f 990/1482/809 984/1545/809 982/1544/840 987/1479/840
f 995/1551/689 986/1475/689 988/1478/690 997/1552/690
f 997/1553/690 988/1472/690 985/1471/678 996/1554/678
f 972/1459/886 993/1555/894 994/1556/895 975/1460/896
f 975/1466/895 994/1557/895 992/1558/678 973/1463/678
f 826/1528/897 831/1248/804 834/1251/898 828/1527/898
f 828/1526/899 834/1245/899 830/1244/829 827/1525/829
f 969/1542/900 999/1559/847 1000/1560/901 971/1541/901
f 971/1540/901 1000/1547/901 998/1561/902 970/1539/902
f 758/1562/689 771/1537/689 888/1334/689 886/1529/689
f 760/1565/813 774/1484/813 925/1483/813 761/1566/813
f 774/1484/724 760/1565/724 895/1536/724 899/1350/724
f 777/1192/638 871/1312/638 941/1411/638 948/1423/638
f 786/1212/689 778/1196/689 950/1431/689 963/1451/689
f 878/1323/789 784/1204/789 962/1447/789 955/1435/789
f 794/1494/678 792/1493/678 797/1508/678 801/1507/678
f 791/1500/689 758/1562/689 886/1529/689 906/1362/689
f 797/1508/678 792/1493/678 905/1358/678 912/1370/678
f 759/1567/689 758/1562/689 791/1500/689 795/1499/689
f 794/1494/678 801/1507/678 804/1516/678 806/1509/678
f 762/1568/689 759/1567/689 795/1499/689 807/1512/689
f 760/1565/824 761/1566/824 800/1502/824 798/1501/824
f 760/1565/724 798/1501/724 914/1378/724 895/1536/724
f 761/1566/829 763/1569/829 803/1513/829 800/1502/829
f 803/1513/829 763/1569/829 827/1525/829 830/1244/829
f 806/1509/678 804/1516/678 829/1240/678 838/1260/678
f 762/1568/689 807/1512/689 837/1256/689 809/1517/689
f 814/1522/672 810/1521/672 982/1544/672 979/1543/672
f 928/1391/689 762/1568/689 809/1517/689 813/1220/689
f 810/1521/672 836/1252/672 987/1479/672 982/1544/672
f 812/1216/672 820/1232/672 864/1300/672 857/1288/672
f 928/1391/689 813/1220/689 859/1296/689 844/1268/689
f 819/1228/703 935/1403/703 852/1284/703 865/1304/703
f 763/1569/903 935/1403/903 819/1228/903 827/1525/903
f 826/1528/904 821/1236/904 999/1559/904 969/1542/904
f 831/1248/804 826/1528/804 969/1542/804 974/1467/804
f 836/1252/672 831/1248/672 974/1467/672 987/1479/672
f 934/1399/692 929/1395/692 843/1264/692 850/1276/692
f 873/1319/724 879/1327/724 957/1443/724 942/1415/724
f 885/1532/732 890/1342/732 900/1354/732 896/1533/732
f 885/1532/732 896/1533/732 913/1374/732 907/1366/732
f 919/1382/689 759/1567/689 762/1568/689 928/1391/689
f 761/1566/864 925/1483/864 935/1403/864 763/1569/864
f 970/1539/886 769/1572/886 993/1555/886 972/1459/886
f 970/1539/905 998/1561/905 768/1573/905 769/1572/905
f 985/1471/678 973/1463/678 992/1558/678 996/1554/678
f 980/1550/689 983/1549/689 767/1574/689 766/1575/689
f 983/1549/689 986/1475/689 995/1551/689 767/1574/689
usemtl Floor
f 770/1188/634 773/1189/635 772/1190/634
f 773/1189/636 771/1191/637 772/1191/637
f 779/1200/646 783/1201/641 781/1202/647 782/1203/643
f 785/1208/652 789/1209/643 788/1210/653 787/1211/654
f 814/1224/664 818/1225/665 816/1226/666 817/1227/667
f 845/1272/664 849/1273/698 847/1274/696 848/1275/635
f 851/1280/664 855/1281/702 854/1282/700 853/1283/695
f 858/1292/664 862/1293/635 861/1294/707 860/1295/705
f 866/1308/664 870/1309/705 868/1310/710 869/1311/712
f 872/1315/652 876/1316/716 875/1317/717 874/1318/641
f 880/1331/726 884/1332/654 882/1332/727 883/1333/728
f 889/1338/664 893/1339/730 892/1340/731 891/1341/635
f 898/1346/664 901/1347/734 902/1348/735 904/1349/730
f 927/1387/652 930/1388/751 931/1389/752 933/1390/753
f 936/1407/726 940/1408/753 938/1409/760 939/1410/766
f 943/1419/772 947/1420/773 945/1421/774 946/1422/775
f 949/1427/779 953/1428/780 952/1429/778 951/1430/773
f 956/1439/786 960/1440/787 959/1441/784 958/1442/783
f 964/1455/786 968/1456/795 966/1457/793 967/1458/780
f 926/1487/817 776/1488/818 775/1489/750 924/1490/819
f 776/1488/734 901/1347/734 898/1346/820 775/1489/820
f 933/1390/753 940/1408/753 936/1407/726 927/1387/726
f 927/1387/821 920/1491/822 923/1492/756 930/1388/756
f 814/1224/664 821/1523/664 824/1524/660 818/1225/660
f 845/1272/848 851/1280/849 853/1283/699 849/1273/699
f 860/1295/705 870/1309/705 866/1308/664 858/1292/664
f 858/1292/664 845/1272/664 848/1275/635 862/1293/635
f 869/1311/854 855/1281/855 851/1280/664 866/1308/664
f 939/1410/867 926/1487/868 924/1490/869 936/1407/869
f 904/1349/730 893/1339/730 889/1338/664 898/1346/664
f 891/1341/635 773/1191/635 770/1188/873 889/1338/873
f 874/1318/875 783/1201/875 779/1200/646 872/1315/646
f 880/1331/726 785/1208/726 787/1211/654 884/1332/654
f 883/1333/728 876/1316/716 872/1315/822 880/1331/822
f 785/1208/652 779/1200/652 782/1203/643 789/1209/643
f 943/1419/786 949/1427/779 951/1430/777 947/1420/777
f 958/1442/783 968/1456/783 964/1455/779 956/1439/880
f 956/1439/786 943/1419/786 946/1422/787 960/1440/787
f 967/1458/882 953/1428/882 949/1427/779 964/1455/779
f 770/1188/750 772/1190/750 922/1563/750 921/1564/750 924/1490/750 775/1489/750
f 770/1188/664 775/1489/664 898/1346/664 889/1338/664
f 779/1200/652 785/1208/652 936/1407/652 924/1490/652
f 872/1315/748 779/1200/748 924/1490/748 921/1564/748 920/1491/748
f 785/1208/726 880/1331/726 927/1387/726 936/1407/726
f 821/1523/664 814/1224/664 764/1570/664 765/1571/664
f 851/1280/664 845/1272/664 858/1292/664 866/1308/664
f 880/1331/822 872/1315/822 920/1491/822 927/1387/822
f 949/1427/779 943/1419/779 956/1439/779 964/1455/779
